sample_id,subject,task,repeat_id,label_task,window_id,window_start_sec,window_end_sec,progress_end_ratio,task_required_time_min,elapsed_required_ratio,anchor_source,task_difficulty,nasa_tlx_weighted_task_label,hr_n,hr_mean,hr_std,hr_min,hr_max,hr_slope_bpm_per_min,eeg_frontal_delta_power,eeg_frontal_theta_power,eeg_frontal_alpha_power,eeg_frontal_beta_power,eeg_frontal_gamma_power,eeg_frontal_theta_alpha,eeg_frontal_beta_alpha,eeg_central_delta_power,eeg_central_theta_power,eeg_central_alpha_power,eeg_central_beta_power,eeg_central_gamma_power,eeg_central_theta_alpha,eeg_central_beta_alpha,eeg_parietal_delta_power,eeg_parietal_theta_power,eeg_parietal_alpha_power,eeg_parietal_beta_power,eeg_parietal_gamma_power,eeg_parietal_theta_alpha,eeg_parietal_beta_alpha,eeg_occipital_delta_power,eeg_occipital_theta_power,eeg_occipital_alpha_power,eeg_occipital_beta_power,eeg_occipital_gamma_power,eeg_occipital_theta_alpha,eeg_occipital_beta_alpha,eye_n,eye_pupil_filtered_mean,eye_pupil_filtered_std,eye_valid_ratio,eye_fixation_ratio,eye_saccade_ratio,eye_eyes_not_found_ratio,eye_aoi_interval_n,eye_aoi_unique_hit_n,eye_aoi_total_fix_ms,eye_aoi_fixation_n,eye_aoi_fixation_density_per_sec,eye_aoi_coverage_ratio,eye_aoi_max_share,eye_aoi_entropy,eye_aoi_pupil_weighted_mean
subject_03_task_1,3,1,,1,1,0.0,30.0,0.019922592427339608,30.0,0.016666666666666666,eye,中,5.533333333333333,0,,,,,,8.554564365088593,1.755901497627991,1.4396011313181332,7.087506998767653,6.261524817239205,1.21971389118057,4.92324356002566,8.906794996874375,3.6752901600541357,2.1479543580608222,3.917366640059058,2.417729758274975,1.7110652962720285,1.8237662384947813,7.313533495397813,3.028637274063031,2.607462040718258,6.261313744944186,4.370157669360212,1.1615268896603976,2.401305808931135,11.985398375856107,7.211762515806799,7.537976332353556,21.02974637268872,16.361338912028327,0.9567239531986028,2.7898397985713332,2994,3.1616375545851527,0.18814169934580588,0.9729458917835672,0.9024716098864396,0.07715430861723446,0.015364061456245824,0,0,0.0,0.0,,,,,
subject_03_task_1,3,1,,1,2,5.0,35.0,0.023243024498562876,30.0,0.019444444444444445,eye,中,5.533333333333333,1,74.0,,74.0,74.0,,7.522419283168329,1.7289290684293397,1.3741628332467808,6.643718438937626,5.463450705473101,1.2581689932221065,4.834738852047314,8.756020629514337,3.6219106720902907,2.0880316925260196,3.852208511014689,2.0544083642602904,1.7346052193818207,1.8448994451585343,6.682569662139871,3.3287626875276977,2.5789230810613852,6.155577972721283,4.33303133887056,1.290756871336274,2.3868792434816957,12.909869896523347,8.657700579982986,7.705243068721327,21.6994736562534,16.989825985113367,1.1236116113102346,2.816195863351835,2994,3.1763902847571193,0.17852654889100844,0.9809619238476954,0.908817635270541,0.07748830995323981,0.01002004008016032,0,0,0.0,0.0,,,,,
subject_03_task_1,3,1,,1,3,10.0,40.0,0.026563456569786145,30.0,0.022222222222222223,eye,中,5.533333333333333,2,74.5,0.7071067811865476,74.0,75.0,14.99999999999968,6.406673283011986,1.8650020513921162,1.4782942983378355,6.754488816516848,5.337228561741488,1.261590505685564,4.569109699003413,8.12616308727587,4.1018877086802235,2.3988825116187216,3.619678444082453,2.006379446868235,1.7099160499996082,1.508901926855918,7.0557004849693445,3.5711507462545153,2.64027086673925,6.178021494319404,4.157311523607519,1.3525698409363989,2.3399195787624993,10.936760082112563,9.585725918772354,8.4083457962056,22.675691597082203,18.029965935695902,1.1400251786859272,2.696807689250241,2994,3.1222371859296483,0.16888368507914592,0.9849699398797596,0.9178356713426854,0.072812291249165,0.008350033400133601,3,3,452.27749453750914,0.7892599025155472,0.026308663417184908,0.015075916484583639,0.6111964260784588,0.9233953920475455,3.008972378891526
subject_03_task_1,3,1,,1,4,15.0,45.0,0.029883888641009413,30.0,0.025,eye,中,5.533333333333333,3,76.33333333333333,3.214550253664318,74.0,80.0,33.870967741935246,6.652203508765588,1.9439864952320096,1.5770024233432418,6.406081543935857,5.050089410963134,1.2327098972433805,4.0621887760673046,8.530309909794939,4.256270623372203,2.4507994167934957,3.702116940797104,1.8915289177772345,1.736686647714686,1.5105752496223335,6.657576725595625,3.813419970900289,2.835665056410986,6.220856163008162,4.2044856069923595,1.3448062077285028,2.1937908882940174,11.073993004334445,10.78080364165517,9.949134521844742,24.123082446637156,18.26025951090857,1.0835921072314763,2.4246412985643615,2995,3.088927997320831,0.16636060559905524,0.9886477462437395,0.9268781302170284,0.0664440734557596,0.006010016694490818,3,3,1121.1291575625153,1.9564588118848862,0.06521529372949621,0.03737097191875051,0.6111964260784587,0.9233953920475455,3.0089723788915257
subject_03_task_1,3,1,,1,5,20.0,50.0,0.03320432071223268,30.0,0.027777777777777776,eye,中,5.533333333333333,4,77.25,3.2015621187164243,74.0,80.0,29.20570264765776,6.7325546506990435,2.0527316278416117,1.5827868910200116,6.298915003669595,4.790763583508326,1.2969096721029505,3.979635565221494,8.426297905119581,4.378346781827401,2.5161914456429595,3.7206142820133543,1.800733542192577,1.7400690195529247,1.4786689973276774,7.044063275650517,4.035074459261714,2.798900049358923,6.258885071744653,3.7101091689868984,1.4416643638939275,2.2361945626383575,11.357510970256486,11.32151302407263,10.683557067567856,24.910544413778307,18.120748600088984,1.059713815583147,2.3316713952321564,2995,3.074522438044206,0.17500488530788258,0.9863105175292154,0.9242070116861436,0.0687813021702838,0.006343906510851419,3,3,1789.9808205875215,3.123657721254226,0.10412192404180752,0.059666027352917386,0.6111964260784587,0.9233953920475455,3.0089723788915257
subject_03_task_1,3,1,,1,6,25.0,55.0,0.03652475278345595,30.0,0.030555555555555555,eye,中,5.533333333333333,5,78.4,3.7815340802378072,74.0,83.0,29.27958833619202,8.3558630744236,2.42834680002392,1.6428403259434639,6.406162561173343,4.965510344100381,1.478139269943565,3.899443214296775,12.604606476011101,5.086403249987543,2.699263681160089,3.944596940238439,1.790021339307961,1.8843669425439422,1.4613603582970933,7.470351598937848,4.190185489642415,2.8858827666216293,6.071717688503933,3.685370848609404,1.4519597047068107,2.103937747828826,12.854494446419343,11.716736091865476,11.060675022100853,25.55574214417025,17.975541602486743,1.05931474059709,2.31050474705261,2995,3.0289425709515863,0.17610817192046738,0.9859766277128548,0.9262103505843072,0.0681135225375626,0.00333889816360601,3,3,2458.8324836125275,4.290856630623564,0.1430285543541188,0.08196108278708425,0.6111964260784587,0.9233953920475455,3.0089723788915252
subject_03_task_1,3,1,,1,7,30.0,60.0,0.039845184854679215,30.0,0.03333333333333333,eye,中,5.533333333333333,6,79.83333333333333,4.875106836436168,74.0,87.0,31.218568665377163,7.365118569947317,2.4085052663006685,1.6185427473013836,6.17860482900889,4.809171494255456,1.4880702226224172,3.8173874859410137,11.37839905646184,4.909329315203687,2.6381686847300228,3.621497994858998,1.7314552802481942,1.8608852965389828,1.3727317801248196,7.275703380047384,4.104826437720304,2.90767623357007,5.923530388215852,3.2651588408014414,1.4117206002266498,2.037204252601016,12.427311641093675,11.249019063764981,10.766998771451332,24.880133417212836,17.526784113484506,1.044768305685306,2.3107770275949546,2995,2.9898247078464113,0.1294218258585348,0.986644407345576,0.9275459098497496,0.0681135225375626,0.002003338898163606,3,3,3127.6841466375336,5.458055539992904,0.18193518466643013,0.10425613822125111,0.6111964260784588,0.9233953920475455,3.008972378891526
subject_03_task_1,3,1,,1,8,35.0,65.0,0.043165616925902484,30.0,0.03611111111111111,eye,中,5.533333333333333,5,81.0,4.415880433163924,75.0,87.0,32.93838862559238,7.950666535298917,2.6303661942390564,1.5526424704077444,6.161039802335277,4.81187664825662,1.6941222750066134,3.968099494738996,12.256416617010531,5.325481060924358,2.515583268638754,3.667313507824851,1.7191206281294233,2.116996534090526,1.457838249102892,7.159468930443173,4.143758334913541,2.8627317932859073,5.778369946057039,3.127248090116492,1.4474839538346145,2.018481074479037,12.607730746558573,11.69493015730398,10.732454809811129,25.341522341736702,17.5379319509937,1.0896789564502056,2.361204662941662,2995,3.014573622704508,0.20839398169960455,0.9813021702838064,0.9215358931552587,0.07145242070116861,0.00333889816360601,3,3,3796.5358096625396,6.625254449362243,0.22084181497874145,0.12655119365541798,0.6111964260784588,0.9233953920475455,3.0089723788915266
subject_03_task_1,3,1,,1,9,40.0,70.0,0.04648604899712575,30.0,0.03888888888888889,eye,中,5.533333333333333,6,82.0,2.6832815729997477,80.0,87.0,3.1912717354245985,7.221771619020503,2.3737255229634076,1.5930384713995245,5.959789146185162,4.648495505960111,1.4900616435697436,3.7411457746838575,11.733760759539104,4.904750401422695,2.3545027417640543,3.6726936633144622,1.6889364436597354,2.0831364153553413,1.5598595823094201,6.8970884180964,3.6955933210757426,2.7370351535873843,5.642995904696777,2.966535218070656,1.3502177040846526,2.0617184610510395,12.77861150430512,10.34596342196969,10.269199863804024,25.944813502182722,17.788470909862188,1.0074751255388685,2.5264688433643916,2995,3.025612687813022,0.2064396042260473,0.9796327212020033,0.9262103505843072,0.0667779632721202,0.00333889816360601,3,3,4013.109978150037,7.003193456216035,0.23343978187386785,0.13377033260500124,0.6111964260784587,0.9233953920475455,3.0089723788915252
subject_03_task_1,3,1,,1,10,45.0,75.0,0.04980648106834902,30.0,0.041666666666666664,eye,中,5.533333333333333,5,82.4,2.792848008753788,80.0,87.0,-0.4488778054863226,8.536263328104678,2.6297309741980905,1.476219392006828,5.927419290202543,4.624873637859421,1.7813957657222856,4.015269899784061,13.667758827786656,5.336388596367829,2.3695389487324525,3.5235220965125644,1.7225249185270144,2.2520788692764246,1.4870074612605195,6.8950772862011425,3.7226189280480932,2.771375051891603,5.405567003919939,3.022160165923148,1.3432389547951002,1.950499987444993,12.243192333008622,11.560295453434245,10.233686713722388,25.775399441607163,18.76839999803836,1.129631556722662,2.518681699239907,2994,3.0521232464929864,0.21072671223870396,0.979625918503674,0.9328657314629258,0.058450233800935204,0.00501002004008016,3,3,4013.109978150037,7.003193456216035,0.23343978187386785,0.13377033260500124,0.6111964260784587,0.9233953920475455,3.0089723788915252
subject_03_task_1,3,1,,1,11,50.0,80.0,0.05312691313957229,30.0,0.044444444444444446,eye,中,5.533333333333333,6,81.83333333333333,2.857738033247041,79.0,87.0,-13.344792024750655,7.135008985184039,2.359311143230648,1.488395750576878,5.832950187324764,4.609006397026352,1.5851369787344647,3.9189511156989045,12.17551231770446,4.709331823011088,2.364146254651583,3.36905542837035,1.6664538551602985,1.991979901304849,1.4250621854470955,6.7614076259356075,3.3457011742711567,2.669191382079831,5.354100618121121,2.9590323882170115,1.2534512125032375,2.005888620076846,10.689441050442284,10.262074025975735,12.094849184597878,26.257375854178893,19.577885760834977,0.8484664727398106,2.1709552102242173,2994,3.0583653974615896,0.2116827353362046,0.9826319305277221,0.9408817635270541,0.04976619906479626,0.004676018704074816,3,3,4013.109978150037,7.003193456216035,0.23343978187386785,0.13377033260500124,0.6111964260784587,0.9233953920475455,3.0089723788915252
subject_03_task_1,3,1,,1,12,55.0,85.0,0.05644734521079556,30.0,0.04722222222222222,eye,中,5.533333333333333,6,82.0,2.9664793948382653,79.0,87.0,-7.346938775510135,6.659319663365204,2.2117696548680446,1.4596370427402445,5.652150096803738,4.4732767168741425,1.5152874242734937,3.872298339450672,8.761709753718337,4.595812209319335,2.2230304443335673,3.295520787615406,1.606897772994466,2.067363594157656,1.482445189185592,6.549222216862061,3.5817907862588485,2.6786694762538557,5.301091566505699,3.0745989664972124,1.3371529477642075,1.979001744522555,9.598663901139744,10.977532294098403,12.173211000301457,26.32453281006543,19.781156852354858,0.9017778705903114,2.1624970444867446,2994,3.0693804275217103,0.20727950473103024,0.9832999331997327,0.9478957915831663,0.043754175016700064,0.0056780227120908485,3,3,4013.109978150037,7.003193456216035,0.23343978187386785,0.13377033260500124,0.6111964260784587,0.9233953920475455,3.0089723788915252
subject_03_task_1,3,1,,1,13,60.0,90.0,0.059767777282018826,30.0,0.05,eye,中,5.533333333333333,6,81.5,2.073644135332772,79.0,84.0,9.12778904665303,6.920338801091147,2.1003792833981936,1.558978547995157,6.059508329376985,5.077767075931972,1.3472791438338114,3.886845227709836,10.28438553805623,4.199112300164905,2.406868956607705,3.908628076628272,2.353597166796471,1.7446368605307154,1.6239471891054593,7.250222697438154,3.3393627463836717,2.667879986293899,5.349804822980747,3.2473815672395423,1.2516915166872131,2.0052644236116706,12.065635531006244,10.367699145942808,13.804417275632174,28.047620810166325,20.398504183351033,0.7510421438972344,2.0317859312813247,2994,3.0758336673346696,0.2057195379348216,0.9876419505678022,0.9555778223112893,0.03774215096860387,0.004008016032064128,3,3,4013.109978150037,7.003193456216035,0.23343978187386785,0.13377033260500124,0.6111964260784587,0.9233953920475455,3.0089723788915252
subject_03_task_1,3,1,,1,14,65.0,95.0,0.0630882093532421,30.0,0.05277777777777778,eye,中,5.533333333333333,7,82.0,2.309401076758503,79.0,85.0,10.65789473684204,7.4267510555448775,2.137440136769689,1.6644793212335272,6.497830074837809,5.474292848992961,1.284149409069051,3.903821448513004,9.670150061409506,4.114706108090829,2.6742803425533275,4.543933439168497,3.280684140153907,1.5386218275688417,1.6991238229085877,7.459451859161855,3.2977700317264502,2.828275590318157,5.618282821110702,3.526490489349667,1.1660002451725289,1.9864693668266933,11.246985565808673,10.540600299330253,14.561814381421806,27.949376995470274,21.207901822488257,0.7238521260632272,1.9193608889238785,2994,3.060387775551102,0.14204467092238662,0.9869739478957916,0.9589178356713427,0.03373413493653975,0.0056780227120908485,3,3,4013.109978150037,7.003193456216035,0.23343978187386785,0.13377033260500124,0.6111964260784587,0.9233953920475455,3.0089723788915252
subject_03_task_1,3,1,,1,15,70.0,100.0,0.06640864142446536,30.0,0.05555555555555555,eye,中,5.533333333333333,5,82.4,2.701851217221259,79.0,85.0,22.011834319526603,8.036198673299014,1.8963213331845878,1.5759038092559428,6.812177012332891,6.155337632790125,1.2033230213968003,4.322711178386729,10.914399114971474,3.5883989176127264,2.634730937620006,4.8041817737090255,3.7742976304156985,1.361960292178519,1.8234050790965088,7.82645976526252,3.2090803466311986,2.798994686942348,5.723865879959614,3.739970036755845,1.1465117678150483,2.0449720418056336,12.378753543104446,10.207604076403102,15.647171020419096,29.239324930639786,21.453786029898243,0.6523609963157225,1.8686652617577535,2995,3.0833646076794663,0.13626838994303364,0.9886477462437395,0.9602671118530884,0.032387312186978295,0.005676126878130217,3,3,4013.109978150037,7.003193456216035,0.23343978187386785,0.13377033260500124,0.6111964260784587,0.9233953920475455,3.0089723788915252
subject_03_task_1,3,1,,1,16,75.0,105.0,0.06972907349568863,30.0,0.058333333333333334,eye,中,5.533333333333333,6,82.16666666666667,2.48327740429189,79.0,85.0,7.2551928783383834,7.277889141529229,1.9613086509557331,1.6536339503008584,6.923921067714455,6.311313009196974,1.186059738673663,4.187094167034205,9.725872904456972,3.710279328805122,2.7851441942996136,4.8603431602969005,3.8892062118246504,1.332167769409926,1.7450957010572812,7.5646974474738835,3.241411310542225,3.1025218752525734,5.960360300422657,4.030663769711022,1.0447666256272068,1.9211340129350192,11.467547636528806,9.189444772982258,16.044670154554655,28.547450044689413,20.887543568864317,0.5727412707436443,1.77924817211562,2995,3.0730183639398994,0.12851852792769805,0.9886477462437395,0.9619365609348914,0.03138564273789649,0.005008347245409015,3,3,4013.109978150037,7.003193456216035,0.23343978187386785,0.13377033260500124,0.6111964260784587,0.9233953920475455,3.0089723788915252
subject_03_task_1,3,1,,1,17,80.0,110.0,0.0730495055669119,30.0,0.06111111111111111,eye,中,5.533333333333333,5,82.8,2.16794833886788,80.0,85.0,-13.426294820717185,9.755595346712333,2.187636496784614,1.6993190418504158,7.1528006500865535,6.585176515620162,1.2873606679546539,4.209215852897025,12.118353954512566,4.075375344337188,2.7867901799483774,5.19088225897035,4.141606265851795,1.4623904496508169,1.8626742322834318,8.444764070712603,3.5896699180896556,3.1508335550460025,6.295403831906265,4.103577008499752,1.1392762757464179,1.9980121837360436,14.576834839691776,10.698709026725806,16.96933398087182,29.43130720805837,21.005351162472888,0.6304731251553897,1.734381988193169,2995,3.1161024782317486,0.1318491151266684,0.9849749582637729,0.9519198664440734,0.039065108514190316,0.008013355592654424,3,3,4013.109978150037,7.003193456216035,0.23343978187386785,0.13377033260500124,0.6111964260784587,0.9233953920475455,3.0089723788915252
subject_03_task_1,3,1,,1,18,85.0,115.0,0.07636993763813517,30.0,0.06388888888888888,eye,中,5.533333333333333,6,81.5,2.4289915602982237,79.0,85.0,-12.889165628891575,8.597359468401127,2.059782676857617,1.7115559579710466,7.49622961013721,6.738579009166434,1.203456227805355,4.3797747746580065,11.125528487084187,3.890604648653667,3.0404994139068733,5.112585645507761,4.154060923673748,1.2795939479082008,1.6814953563626482,7.925870731957304,3.4042047218244287,3.3098537215183867,6.382088889408339,4.2127702809916485,1.0285060936961161,1.9282087446694087,12.944868825654497,10.548525232263843,17.768264593995383,30.50443788524977,22.69152354807262,0.5936722281718282,1.7167933156262463,2995,3.11414266577361,0.13280980118669605,0.986644407345576,0.9472454090150251,0.04340567612687813,0.008347245409015025,3,3,4013.109978150037,7.003193456216035,0.23343978187386785,0.13377033260500124,0.6111964260784587,0.9233953920475455,3.0089723788915252
subject_03_task_1,3,1,,1,19,90.0,120.0,0.07969036970935843,30.0,0.06666666666666667,eye,中,5.533333333333333,6,81.0,2.0976176963403033,79.0,85.0,-9.271978021978065,9.646556295532235,2.2758885547789833,1.6607482954933854,6.836376111459208,6.263796938035304,1.3703994524364984,4.116443250316999,11.659604152525423,4.15949649732847,2.7561706907473726,4.553295090977353,3.0977213190041435,1.5091578004555903,1.652036684905994,7.458290735285599,3.6405832480344613,3.282556481664911,6.205565143675797,3.8478916426619123,1.1090694915287365,1.8904671338749781,13.036416491531563,10.817172418985416,16.352291977156536,30.296565157527596,22.349098561359956,0.6615080279936629,1.8527412059331267,2995,3.0919045545880777,0.14604175740938607,0.9836393989983305,0.9358931552587646,0.05275459098497496,0.009348914858096828,3,3,4013.109978150037,7.003193456216035,0.23343978187386785,0.13377033260500124,0.6111964260784587,0.9233953920475455,3.0089723788915252
subject_03_task_1,3,1,,1,20,95.0,125.0,0.08301080178058169,30.0,0.06944444444444445,eye,中,5.533333333333333,6,80.33333333333333,0.816496580927726,79.0,81.0,1.2050739957717154,7.923062795256028,2.076576789173357,1.6395766517604526,6.683442787993888,5.868899055431253,1.2665323008495437,4.0763222511236155,10.092832409368961,3.73450158784415,2.8290956713121482,4.166782647479503,2.5149444982960327,1.3200336862811255,1.4728320041389513,7.110218434649509,3.372387363865068,3.2966036532584604,6.12959483004239,3.8372954906143484,1.022988420379775,1.8593666314674249,12.065062278828046,9.64878116228593,17.44187588715788,29.62341084957097,21.88235689815849,0.5531962975031913,1.6984073869819312,2995,3.0818938885157827,0.14180733506554352,0.9843071786310518,0.9328881469115192,0.05509181969949917,0.009682804674457429,3,3,4013.109978150037,7.003193456216035,0.23343978187386785,0.13377033260500124,0.6111964260784587,0.9233953920475455,3.0089723788915252
subject_03_task_1,3,1,,1,21,100.0,130.0,0.08633123385180497,30.0,0.07222222222222222,eye,中,5.533333333333333,7,80.14285714285714,0.8997354108424375,79.0,81.0,-1.4264705882352808,8.51844196327331,2.214476426231611,1.5917784198848648,6.655161510129142,5.364863764833064,1.3911964118672915,4.180959753563261,10.558735965193476,3.9800382060142208,2.556650382172316,3.9987154911752736,2.0443673049921585,1.556739331183989,1.5640447043751342,7.302476011122089,3.5505003855132564,3.1076721628803092,5.976614388941634,3.4626072749816728,1.1424951537431531,1.9231804629617943,12.894266754384853,10.48553896634026,15.839251085913682,27.83934928449015,20.572846446771653,0.6619971430129902,1.757617777096072,2994,3.098155607948804,0.1600378894123193,0.9789579158316634,0.91750167000668,0.0644622578490314,0.014028056112224449,3,3,4013.109978150037,7.003193456216035,0.23343978187386785,0.13377033260500124,0.6111964260784587,0.9233953920475455,3.0089723788915252
subject_03_task_1,3,1,,1,22,105.0,135.0,0.08965166592302823,30.0,0.075,eye,中,5.533333333333333,7,79.85714285714286,0.8997354108424372,79.0,81.0,-1.3935281837161462,7.046983185024366,2.0270437777595918,1.5799489814532055,6.409904252233889,5.267797454090722,1.2829805275706798,4.0570324279320635,8.680481128060231,3.673811165116918,2.5234284668605915,4.201931743768977,2.2915684889035233,1.4558808436077932,1.6651677663748554,6.693387149829348,3.5564336855536256,2.968241105882257,5.691900724152354,3.20571421230899,1.1981619951646545,1.9176005321375458,12.877551246080971,9.269903234387863,15.78493906524166,27.896795147538956,19.84884131643909,0.5872625289254447,1.7673045826934821,2994,3.082246547659144,0.16830622393682837,0.9802939211756847,0.9134936539746159,0.06947227788911156,0.013026052104208416,3,3,4013.109978150037,7.003193456216035,0.23343978187386785,0.13377033260500124,0.6111964260784587,0.9233953920475455,3.0089723788915252
subject_03_task_1,3,1,,1,23,110.0,140.0,0.0929720979942515,30.0,0.07777777777777778,eye,中,5.533333333333333,7,79.57142857142857,1.1338934190276817,78.0,81.0,-3.820459290187896,6.466766042803146,2.062198939251955,1.6093301582769404,6.928491333839885,5.4942109473663585,1.2814020346576287,4.305201948901526,9.445133603815163,3.822433131527944,2.339968047965862,4.867887206104444,3.076024034791164,1.6335407378108393,2.0803220840285004,6.459300925949114,3.5060116186436296,2.8374127835636553,5.783086594770532,3.20693542549588,1.2356367881871055,2.038154838897727,12.767001504835404,9.750014052681314,13.683962060090517,26.72887317740168,20.01634251844335,0.7125139641476629,1.9532992754603469,2994,3.030550705171256,0.15752041402381953,0.9819639278557114,0.9118236472945892,0.07247828991315965,0.012024048096192385,3,3,4013.109978150037,7.003193456216035,0.23343978187386785,0.13377033260500124,0.6111964260784587,0.9233953920475455,3.0089723788915252
subject_03_task_1,3,1,,1,24,115.0,145.0,0.09629253006547477,30.0,0.08055555555555556,eye,中,5.533333333333333,6,79.66666666666667,1.2110601416389968,78.0,81.0,-5.4020979020978315,6.210277920228926,1.8823549372245816,1.53670064950597,6.6882731005673905,5.380291435533561,1.2249327400425938,4.352359129097516,8.667357553418059,3.4664513162762716,2.2520479753508917,5.222415913968116,3.3589976893183877,1.5392439922316323,2.3189629932969837,6.615791489361886,3.2827953969656334,2.7939009336963414,5.582583242544029,3.0778948735059743,1.1749863273149355,1.9981321367605724,11.334961433575266,8.294838606281962,11.767155555436764,26.186483921468778,18.496052796073347,0.7049145026768604,2.2253877581630057,2994,3.0494254533243788,0.16000735407880678,0.9819639278557114,0.916499665998664,0.06913827655310621,0.011022044088176353,3,3,3840.9475600873993,6.702756456944366,0.22342521523147887,0.12803158533624664,0.6111964260784587,0.9233953920475455,3.008972378891526
subject_03_task_1,3,1,,1,25,120.0,150.0,0.09961296213669804,30.0,0.08333333333333333,eye,中,5.533333333333333,6,79.66666666666667,1.2110601416389968,78.0,81.0,0.8759124087591217,6.141482143634863,1.8029183180004535,1.579110711728969,7.224145839899567,5.254276897742526,1.1417301552127637,4.574819096749617,8.264314303112936,3.560667184291663,2.30792602446319,5.316502807446737,3.6884528971800346,1.5427995293392704,2.303584582475222,6.39076392613525,3.2130817899421675,2.812709018131738,5.637470246374004,3.2061771768706344,1.142344184638184,2.004284911817339,11.008895053845293,9.084314760060336,11.169503941727918,26.2702160298153,18.614983406663608,0.813314074416719,2.351959063434585,2995,3.0745254123190846,0.15661142248782461,0.9823038397328882,0.927212020033389,0.05709515859766277,0.012687813021702838,3,3,3172.095897062393,5.535557547575026,0.18451858491916753,0.10573652990207977,0.6111964260784588,0.9233953920475455,3.008972378891526
subject_03_task_1,3,1,,1,26,125.0,155.0,0.1029333942079213,30.0,0.08611111111111111,eye,中,5.533333333333333,6,79.66666666666667,1.2110601416389968,78.0,81.0,6.541353383458604,6.454513918155957,1.9819776287119426,1.5818244761054123,7.341232080215814,5.621398468227266,1.2529693772293509,4.640990319160163,9.354610948474127,4.150122642450499,2.3489189028218718,5.591627945729972,3.902429702258985,1.7668224464730358,2.3805112807481237,6.390264009400369,3.4298077426599605,2.863788763011582,6.100758008523629,3.664097010297077,1.1976469029276966,2.13031005894025,11.338939197889479,9.205931884361675,11.042616473394952,29.65505222509201,20.55228395996982,0.833673061682581,2.6855095707199577,2995,3.054896609600537,0.1591792900855131,0.9876460767946578,0.9412353923205342,0.04674457429048414,0.009348914858096828,6,3,2915.2795936628636,4.858002559329249,0.1619334186443083,0.09717598645542878,0.5695448322396538,0.9653685574174684,3.0200458099996546
subject_03_task_1,3,1,,1,27,130.0,160.0,0.10625382627914458,30.0,0.08888888888888889,eye,中,5.533333333333333,6,80.0,1.2649110640673518,78.0,81.0,6.6088117489986855,5.851035909752827,1.9386265221148489,1.568754238347229,7.671037988448682,5.893838702142092,1.2357745239670563,4.889891482639468,9.040590106636325,4.134138496475425,2.388326525359709,5.735200219822015,4.003913836860076,1.730977089011218,2.401346783584472,6.656700485781557,3.4306305716472165,2.9033353093342606,6.3059024121949285,3.878674989685709,1.1816170735146212,2.1719511321759395,10.986817927402384,9.405751119630596,10.91977175521275,29.96127024742604,21.638880977443304,0.8613505236627854,2.743763415487461,2995,3.0221814529628386,0.13546286116752176,0.9903171953255425,0.9465776293823038,0.04574290484140234,0.00667779632721202,6,3,3141.767695143461,4.754784356443098,0.1584928118814366,0.10472558983811536,0.4885645146901344,1.0267756630781992,3.0415751174006966
subject_03_task_1,3,1,,1,28,135.0,165.0,0.10957425835036784,30.0,0.09166666666666666,eye,中,5.533333333333333,6,80.16666666666667,1.1690451944500122,78.0,81.0,4.896142433234477,6.775075067863156,1.9728538460584173,1.5416228359272617,7.746071571605277,6.1608156375498115,1.279725364778848,5.024621711020606,11.130359923094815,4.037814611753785,2.439222241703239,5.738749255063081,4.315634761902477,1.655369708720881,2.3526963459696386,7.4808477246400695,3.4066053149094815,3.0932370549024677,6.738728781449601,4.205361313425772,1.1013075475448468,2.178536161905017,10.518019365574235,8.754722841362186,10.035245354865777,30.049018081705498,20.603601740478798,0.8723974882305487,2.99434812195555,2995,3.0495363240709743,0.1340979448415579,0.9903171953255425,0.9475792988313857,0.044741235392320534,0.00667779632721202,6,3,3368.2557966240593,4.651566153556949,0.15505220511856496,0.11227519322080197,0.4184747467226682,1.0586429704198896,3.0602090794040744
subject_03_task_1,3,1,,1,29,140.0,170.0,0.11289469042159112,30.0,0.09444444444444444,eye,中,5.533333333333333,5,80.6,0.5477225575051661,80.0,81.0,0.5084745762711163,6.729193016461569,1.9237249460738357,1.5556149280185825,7.836790426837077,6.28759033451933,1.2366331226482394,5.037744422277403,10.522841547070696,3.9340297779735303,2.3764205608094655,5.606561706977447,4.3386019468633,1.6554434189180327,2.3592464227239804,7.652695678957478,3.410006072845455,3.0765388752221137,6.561876820037773,4.156876487419025,1.1083903734514866,2.13287628928922,10.507447551292636,9.216252160804551,9.437108994229343,29.322918170238676,20.253890081381712,0.976596981812985,3.1071929113215946,2995,3.0723475773889635,0.15265779995938844,0.9686143572621035,0.9262103505843072,0.04641068447412354,0.022036727879799666,6,3,3594.743898104656,4.548347950670799,0.1516115983556933,0.11982479660348853,0.41457863505183234,1.0699318950023884,3.0764949627699565
subject_03_task_1,3,1,,1,30,145.0,175.0,0.11621512249281438,30.0,0.09722222222222222,eye,中,5.533333333333333,6,79.0,2.756809750418044,75.0,81.0,-15.321756894790605,6.869292043474548,2.090753255361899,1.6628034152065532,7.817992504556208,6.335968584496865,1.2573664669206768,4.701693797991783,11.684071020366693,4.170238012957789,2.380190515451609,5.549125079519506,4.538199450545148,1.7520605959420614,2.3313785360860635,7.980496720815475,3.561963060299643,3.222242715717933,6.6566616380745005,4.253881224242345,1.105429781228016,2.0658473694745743,11.438653318938497,9.090584745881372,9.913154023038315,27.90281645356717,19.443670828228342,0.9170224456065871,2.8147264118685755,2995,3.0764434724091516,0.1507333129746416,0.9676126878130217,0.9235392320534224,0.048080133555926545,0.022036727879799666,3,3,3993.394417647891,4.745566747056317,0.15818555823521058,0.1331131472549297,0.4414735591206179,1.0684422941574916,3.0873203822539117
subject_03_task_1,3,1,,1,31,150.0,180.0,0.11953555456403765,30.0,0.1,eye,中,5.533333333333333,6,77.83333333333333,3.1885210782848317,74.0,81.0,-17.415832575068194,6.709147720442714,2.085089519966812,1.6313646816952116,7.470590985179872,6.29188961095396,1.2781259416503474,4.579350692707718,11.737424762426372,4.191241750396695,2.4153011373619404,5.723693043668881,4.8154230081925204,1.735287449487349,2.3697637346871203,7.817851011472422,3.664018249324095,3.07848650746556,6.438195553542842,3.99122985527145,1.1902011720495045,2.0913509082887765,11.771375035512742,9.732053500243888,9.873922414253203,26.943524153392833,18.91248552267893,0.9856319598172532,2.7287559110753516,2994,3.078451158106747,0.16435422976610484,0.9676018704074816,0.9195056780227121,0.052772211088844355,0.020708082832331328,3,3,4888.734182153495,5.809547453539507,0.19365158178465022,0.16295780607178315,0.441473559120618,1.0684422941574916,3.087320382253912
subject_03_task_1,3,1,,1,32,155.0,185.0,0.12285598663526091,30.0,0.10277777777777777,eye,中,5.533333333333333,5,77.2,3.1144823004794877,74.0,81.0,-19.62515114873041,6.798785342109209,2.0963810652971535,1.764289875293125,7.195518987131186,6.255073832372505,1.1882293803612367,4.078422195749266,11.456835456362557,4.12197504605907,2.520016129027418,5.524518855638751,4.683179380210591,1.6356939142488411,2.192255355830162,7.708250164042833,3.818934150406329,3.24982824328924,5.950141274732379,3.4790659821324144,1.1751187645969505,1.8309094602212206,11.864858526545225,9.305517556163478,10.367755058192387,25.1878127544434,18.51587400759261,0.8975441167285727,2.429437483145448,2994,3.102732796240349,0.1600474359939458,0.9619238476953907,0.9081496325985304,0.06078824315297261,0.023046092184368736,3,3,5372.038587033621,6.3838842388991335,0.2127961412966378,0.1790679529011207,0.4414735591206179,1.0684422941574916,3.0873203822539117
subject_03_task_1,3,1,,1,33,160.0,190.0,0.1261764187064842,30.0,0.10555555555555556,eye,中,5.533333333333333,6,75.83333333333333,2.1369760566432805,74.0,80.0,-10.443385855624745,7.056232401104885,2.0596525498332463,1.688609120285679,6.447045214307679,5.4498065958286475,1.2197331668354332,3.8179618579917225,10.744521077981943,4.161952373826283,2.4762913227723433,4.726179508521303,3.7804628400485663,1.6807200088100904,1.9085716874499594,7.661678353159362,3.536152306275424,3.092874112272421,5.2952664060667,3.0334708907334846,1.1433224172442358,1.7120859801746409,12.26953457797351,10.284302750051715,9.709330776561595,24.074052584949584,18.185547182775583,1.0592184967967213,2.4794759946859104,2994,3.0961550855991944,0.15654219714308518,0.9629258517034068,0.9101536406145625,0.05978623914495658,0.02137608550434202,3,3,5372.038587033621,6.3838842388991335,0.2127961412966378,0.1790679529011207,0.4414735591206179,1.0684422941574916,3.0873203822539117
subject_03_task_1,3,1,,1,34,165.0,195.0,0.12949685077770745,30.0,0.10833333333333334,eye,中,5.533333333333333,6,75.66666666666667,1.7511900715418263,74.0,79.0,7.147826086956555,6.7891401977103705,2.3149443379921033,1.7428130509623003,5.853368551919315,5.031738716857745,1.328280354977775,3.3585751200837963,9.764991937781211,4.490229133113451,2.561615761040801,4.408750986995656,3.350173344273862,1.752889407304803,1.721082081882707,7.220102595266705,3.6710977175360475,2.9021389571011884,5.012168838981703,2.652007430462182,1.2649627642926293,1.727060252134903,11.734523151126398,10.119245022563371,10.303335425042524,23.895715107272537,18.292913166298266,0.9821329312416912,2.3192213124687155,2994,3.069283501683502,0.1648320877165133,0.9592518370073481,0.9048096192384769,0.06078824315297261,0.024382097528390115,3,3,5372.038587033621,6.3838842388991335,0.2127961412966378,0.1790679529011207,0.4414735591206179,1.0684422941574916,3.0873203822539117
subject_03_task_1,3,1,,1,35,170.0,200.0,0.1328172828489307,30.0,0.1111111111111111,eye,中,5.533333333333333,6,75.66666666666667,1.7511900715418263,74.0,79.0,7.147826086956555,6.791323986837788,2.933896439244837,1.7515470023255664,5.805646364686838,4.872913601859915,1.675031520906627,3.314582113399502,9.640624529585393,5.092852759919589,2.5127759092622424,4.389352363799083,2.9609354600462083,2.0267835031158286,1.7468140901939038,7.019093968278689,3.6303620447725398,2.777723283583512,4.6600516385524395,2.4233022302231824,1.3069559758627387,1.6776515018949458,11.110276566519275,9.893936814415165,10.403469208225433,23.512090148939023,18.467696569217775,0.9510228382848089,2.260024005295209,2994,3.057627688172043,0.1475137862561613,0.9762859051436206,0.9238476953907816,0.05744822979291917,0.013026052104208416,3,3,5372.038587033621,6.3838842388991335,0.2127961412966378,0.1790679529011207,0.4414735591206179,1.0684422941574916,3.0873203822539117
subject_03_task_1,3,1,,1,36,175.0,205.0,0.13613771492015397,30.0,0.11388888888888889,eye,中,5.533333333333333,5,76.2,2.16794833886788,74.0,79.0,14.22451994091586,6.807448903774412,2.858364291219542,1.760727336486957,5.5732297863595495,4.629564584814655,1.6233997348633296,3.165299743388652,9.539059341681947,4.958464527663179,2.645701822504459,3.834791893584254,2.362542919058562,1.8741584881131563,1.4494422088556396,8.304519203693774,3.6867783217658427,2.8113222980198787,4.594745844186658,2.2979746081703936,1.311403649578912,1.6343717856266116,10.884164111904752,9.998806388170676,10.990718051613273,24.467598116333182,18.89548244553661,0.9097500582960547,2.2262056038041758,2995,3.040417534430635,0.137627050301525,0.9759599332220368,0.925542570951586,0.05308848080133556,0.015025041736227046,3,3,5372.038587033621,6.3838842388991335,0.2127961412966378,0.1790679529011207,0.4414735591206179,1.0684422941574916,3.0873203822539117
subject_03_task_1,3,1,,1,37,180.0,210.0,0.13945814699137726,30.0,0.11666666666666667,eye,中,5.533333333333333,6,76.83333333333333,1.602081978759722,75.0,79.0,5.713210387655306,7.189487471752153,2.915722234256147,1.787899037646099,5.429173625731662,4.39191270066637,1.6308092195714308,3.0366220415217455,8.85944097776274,4.819572280602373,2.445892578326594,3.6147622526653596,2.057200284739012,1.9704758595325473,1.477890846350444,10.11132089033751,3.5072973054418854,2.8568688926377215,4.564939293124251,2.199976016028847,1.2276717753763033,1.5978819696235633,11.189822080845026,8.628680475831436,10.642634345276859,25.53963006189348,19.124766403254423,0.8107654736499329,2.3997470206451115,2995,3.0197398921832885,0.11485249871022238,0.9756260434056762,0.925542570951586,0.051085141903171954,0.01669449081803005,3,3,5209.265817846504,6.190452546460493,0.20634841821534977,0.1736421939282168,0.4414735591206179,1.0684422941574916,3.0873203822539117
subject_03_task_1,3,1,,1,38,185.0,215.0,0.14277857906260052,30.0,0.11944444444444445,eye,中,5.533333333333333,7,76.85714285714286,1.4638501094227998,75.0,79.0,3.8999999999999972,6.503596619319528,2.87801790076755,1.7214393794918375,5.487162603619235,4.233928847704152,1.6718671218135666,3.1875433250742904,8.61487046810441,4.736311382812411,2.547220936876865,3.3512683945670747,1.961079592726147,1.859403444060718,1.315656740273205,7.4618731489808,3.4863034655177487,2.892005568903588,4.514374240716835,2.150155789115413,1.205496802289862,1.5609839376721244,9.689817809552993,8.77803403632671,10.730245861548019,25.991126969390475,18.834069979724273,0.8180645764868179,2.42223032955191,2995,3.01634332884097,0.11287087263216566,0.9792988313856428,0.9335559265442404,0.04540901502504174,0.015692821368948246,3,3,4313.926053340901,5.126471839977304,0.17088239466591013,0.14379753511136334,0.441473559120618,1.0684422941574916,3.087320382253912
subject_03_task_1,3,1,,1,39,190.0,220.0,0.1460990111338238,30.0,0.12222222222222222,eye,中,5.533333333333333,5,77.6,0.8944271909999159,77.0,79.0,-6.789168278529934,6.628490789153563,2.841948514970513,1.6615026038094725,5.450677988758056,4.2480811650691885,1.710468890301182,3.2805714395275754,8.600312363682034,4.475992711531899,2.4086655693668555,3.2568139627967203,1.8745847203130124,1.8582873307349443,1.3521237668759511,9.12151497078723,3.315751856335967,2.923024250596461,4.3072492917976,2.152429685478022,1.134356601954078,1.4735592053054911,9.52227128968656,8.223095404215933,10.418844045636952,25.6125951782653,19.424557406122545,0.7892521826986629,2.4582952836299494,2995,3.0173928571428568,0.12954425822638432,0.9782971619365609,0.9415692821368948,0.03739565943238731,0.016360601001669448,3,3,3418.5862888352967,4.062491133494114,0.13541637111647048,0.1139528762945099,0.4414735591206179,1.0684422941574916,3.087320382253912
subject_03_task_1,3,1,,1,40,195.0,225.0,0.14941944320504705,30.0,0.125,eye,中,5.533333333333333,6,76.83333333333333,0.7527726527090811,76.0,78.0,-5.027932960893822,5.967971512292315,2.4861943426699926,1.651764717474909,5.326844271144146,3.968658597827766,1.5051746270925894,3.224941309611829,8.548986890523313,3.9077688489457656,2.4236113381710482,3.0563146144983953,1.7427651049471429,1.612374388335186,1.2610580609037791,7.531750659550739,3.2992788841630487,2.923672909279561,4.134584375320157,2.160414322145699,1.1284705870110632,1.4141747396561486,10.300451604814684,9.026673698234871,10.932943530291773,25.17415350023317,18.85851809647634,0.8256398355323776,2.3025961334642817,2995,3.0224652334564994,0.1287934740409305,0.9799666110183639,0.9502504173622704,0.03138564273789649,0.015025041736227046,3,3,2523.246524329694,2.9985104270109253,0.09995034756703085,0.08410821747765646,0.4414735591206179,1.0684422941574916,3.0873203822539117
subject_03_task_1,3,1,,1,41,200.0,230.0,0.15273987527627034,30.0,0.12777777777777777,eye,中,5.533333333333333,6,76.83333333333333,0.7527726527090811,76.0,78.0,-5.027932960893822,6.911959367506774,1.9355766139533854,1.6042575984233434,5.303630132277525,3.866630302703606,1.2065248223574947,3.305971645382828,9.71033678972122,3.5088309825390662,2.3943088778673403,3.173358494892501,1.6641667660082902,1.465488022441137,1.3253755704732115,9.495580645727902,3.243389874989912,3.0214724294290045,4.23828490911004,2.2587372593882438,1.0734467881948688,1.402721688879017,10.804853265271488,9.938696347108754,11.485372471032852,25.357929619688846,19.52884656686818,0.8653351358151462,2.2078456474654033,2995,3.0327712659075683,0.12606348773363948,0.9839732888146911,0.9632721202003339,0.02337228714524207,0.01001669449081803,3,3,1627.90675982409,1.934529720527736,0.0644843240175912,0.054263558660803,0.4414735591206179,1.0684422941574916,3.0873203822539117
subject_03_task_1,3,1,,1,42,205.0,235.0,0.1560603073474936,30.0,0.13055555555555556,eye,中,5.533333333333333,6,76.83333333333333,0.752772652709081,76.0,78.0,0.6696428571429306,6.589661230135712,1.9035346984644639,1.4924274955644523,5.168975043543536,3.9353442615946292,1.2754620938851882,3.4634681141334602,9.445849287319708,3.429372611948749,2.3557796421307713,3.1695939521978844,1.6135175951889404,1.4557272465632343,1.3454543436545827,6.755498109892483,3.209384951485546,3.0162078748483334,4.213495033508494,2.295955099443784,1.064046340521847,1.396951141413078,10.259673936983907,10.50166687320491,11.447809425676098,23.279641235193424,18.254315494760974,0.9173516506704679,2.0335454906315884,2994,3.0302156533422906,0.13679140921096908,0.9789579158316634,0.947561790247161,0.03473613894455578,0.010354041416165664,6,3,732.5669953184864,0.8705490140445471,0.02901830046815157,0.024418899843949547,0.4414735591206179,1.0684422941574916,3.0873203822539117
subject_03_task_1,3,1,,1,43,210.0,240.0,0.15938073941871686,30.0,0.13333333333333333,eye,中,5.533333333333333,6,76.66666666666667,0.816496580927726,76.0,78.0,0.32301480484513306,6.448831228824891,1.9107193351339014,1.4542965696601065,5.191404031270977,3.851112941798608,1.3138443526552968,3.5697010771910818,9.628762946109367,3.4933121357122334,2.354377424124194,3.214961673789658,1.5882352988985653,1.4837519676827993,1.3655251876132788,7.018380567219129,3.140926863463267,3.023997035761628,4.235722444647962,2.273694284184213,1.0386673089685052,1.4007032396383112,9.703425342261697,10.030392825153678,10.918291008173947,23.297192826331848,17.857474949480537,0.9186779155862812,2.1337765048477344,2994,3.0390823844608175,0.14935218877741266,0.9789579158316634,0.9452237808951236,0.0394121576486306,0.009018036072144289,3,0,0.0,0.0,0.0,0.0,,,
subject_03_task_1,3,1,,1,44,215.0,245.0,0.16270117148994012,30.0,0.1361111111111111,eye,中,5.533333333333333,6,76.66666666666667,0.816496580927726,76.0,78.0,1.750098541584601,6.376093355516469,1.8680948053931925,1.4314007942914688,5.098847052374474,3.845184551076198,1.3050815766229078,3.5621379230115346,9.37165340294098,3.4931632371241963,2.2834599985886013,3.1248212057541807,1.5101223766741931,1.5297676505317843,1.3684589209732694,7.419684790138433,3.2130796060798863,3.135696805324935,4.106412683255908,2.1901237108527747,1.0246780239159419,1.3095694316754527,10.157928327752039,10.2602542781486,11.383858139290837,22.578786437236744,17.6286384329044,0.901298501141351,1.9834037073342607,2994,3.031447756195579,0.14715858690025957,0.9812959251837008,0.945557782231129,0.04041416165664663,0.007682030728122912,3,0,0.0,0.0,0.0,0.0,,,
subject_03_task_1,3,1,,1,45,220.0,250.0,0.16602160356116338,30.0,0.1388888888888889,eye,中,5.533333333333333,7,76.71428571428571,0.7559289460184545,76.0,78.0,1.5036976170912486,6.656221870209281,1.7992186947202835,1.402441895344153,5.205162323476083,3.837591854041677,1.2829185299536157,3.711499450177762,9.425722357601305,3.487006126051259,2.208523611204193,3.119795532277593,1.5233850294197355,1.5788855995748108,1.4126158835026132,6.72909853378798,3.1546577481437597,3.0315006257106614,4.159737654951975,2.155900558635759,1.0406257948253688,1.3721711352036505,9.019745458104738,9.540963571435762,10.581359411960356,22.82873342882121,17.432299961595124,0.9016765426804603,2.157448068819717,2994,3.0354701942397857,0.13392766597807235,0.9822979291917168,0.9448897795591182,0.04041416165664663,0.008350033400133601,3,0,0.0,0.0,0.0,0.0,,,
subject_03_task_1,3,1,,1,46,225.0,255.0,0.16934203563238667,30.0,0.14166666666666666,eye,中,5.533333333333333,6,77.0,0.6324555320336759,76.0,78.0,-1.556943777030245,5.5169721162077,1.7666747587194473,1.3809872992999468,5.023960364318181,3.784728053152864,1.279283857002171,3.637948275748038,7.063334505167525,3.5281586338781064,2.181967441772633,3.0761135070935057,1.5184087710557457,1.6169620895038774,1.4097889126129524,6.753160270607468,3.312333343623096,3.250512252267856,4.1657771261397665,2.1131334197145635,1.0190188765823318,1.2815755803514777,8.4621674616881,9.20604610406533,11.200474141850151,23.69189778167345,17.88702063056999,0.8219336063343322,2.115258468670497,2995,3.041544660846206,0.12857745562930528,0.9809682804674458,0.9432387312186978,0.04073455759599332,0.009682804674457429,3,0,0.0,0.0,0.0,0.0,,,
subject_03_task_1,3,1,,1,47,230.0,260.0,0.17266246770360993,30.0,0.14444444444444443,eye,中,5.533333333333333,7,77.57142857142857,1.618347187425374,76.0,81.0,5.050738007380163,5.560551689579088,1.6759749659986845,1.3885218873310277,5.0683655214870775,3.7903391473411836,1.2070209200808422,3.6501877051641785,7.198581781778873,3.2027054674860476,2.047783359004326,3.127492168440725,1.5859267122270493,1.5639864702500894,1.5272573413045876,6.119994654095346,3.0054136341637894,2.944534500281958,4.334789273001831,2.157517714364179,1.020675299907677,1.4721475576485,7.0100132053229425,8.225499893524896,9.517982067616407,23.63105015625283,18.552403679757376,0.8642062818663003,2.4827794366890172,2995,3.0445409670920083,0.11956486652311182,0.9826377295492488,0.9459098497495826,0.039065108514190316,0.008681135225375626,3,0,0.0,0.0,0.0,0.0,,,
subject_03_task_1,3,1,,1,48,235.0,265.0,0.1759828997748332,30.0,0.14722222222222223,eye,中,5.533333333333333,6,77.5,1.760681686165901,76.0,81.0,8.849999999999973,5.217532098990194,1.6310482062637977,1.3128650920162659,4.909346012487199,3.6997828236306542,1.242357814357661,3.7394139293836703,6.969049939180802,3.1404903515980234,2.0183295821371643,3.1217041449719845,1.4791245515174865,1.5559848992911396,1.546677100013805,5.97489022882978,2.9838617505986824,3.218229832007058,4.1155757750063415,2.063955534025527,0.9271748465328807,1.2788321499212663,7.282940711714784,8.38143715554645,9.850193815049186,23.751075001564715,18.811441947369357,0.8508905827559697,2.4112292049804824,2995,3.0683412592096446,0.11428746743051134,0.9849749582637729,0.9626043405676127,0.027045075125208682,0.009348914858096828,3,0,0.0,0.0,0.0,0.0,,,
subject_03_task_1,3,1,,1,49,240.0,270.0,0.17930333184605646,30.0,0.15,eye,中,5.533333333333333,6,78.66666666666667,1.8618986725025255,77.0,81.0,9.877641824249146,6.120784077094094,1.6497861992323115,1.4409069621837207,5.085390678312623,3.861103804717386,1.144963722523785,3.5292984292376666,7.477012615914698,3.3761159648204573,2.072662018212363,3.1245646163844243,1.6056511807544283,1.6288791588569282,1.5075128452825657,6.083366554973177,3.1065517653849604,3.1048678698217076,4.478665412557758,2.1796228736589276,1.0005423404904343,1.4424657023536847,7.782126462345538,9.029282136137017,9.844399452886064,23.85332698341261,19.405613706728303,0.9171998941479278,2.423035259547455,2995,3.068331212324179,0.10244362330954394,0.9859766277128548,0.9692821368948247,0.021702838063439065,0.008681135225375626,3,0,0.0,0.0,0.0,0.0,,,
subject_03_task_1,3,1,,1,50,245.0,275.0,0.18262376391727975,30.0,0.1527777777777778,eye,中,5.533333333333333,6,79.0,1.6733200530681511,77.0,81.0,6.822580645161226,6.512268189117663,2.0194451208852877,1.5913073285372217,6.80454723320299,6.455544512447258,1.2690478354936148,4.276073585017633,8.049647741156384,4.233604247701655,2.658839978935847,7.552795331944229,8.14931014402462,1.5922749323921628,2.840635537219167,6.703719389423674,3.354624924622984,3.153360263210617,5.3978130061390885,3.878014649074665,1.0638254574843433,1.7117654043890518,10.579047956266075,9.790838091465051,10.639488582308175,24.601485850282277,20.006273719629476,0.9202357816094376,2.312280863874486,2995,3.071003348961822,0.10582100174772137,0.9819699499165275,0.9612687813021703,0.027378964941569283,0.011018363939899833,6,1,213.5572129137714,0.45341234164282673,0.015113744721427558,0.00711857376379238,1.0,-1.000088900581841e-12,3.15555
subject_03_task_1,3,1,,1,51,250.0,280.0,0.185944195988503,30.0,0.15555555555555556,eye,中,5.533333333333333,6,79.33333333333333,1.3662601021279461,77.0,81.0,1.9200000000000204,6.359221461123625,2.0201867653212524,1.656679032142919,7.401899631026997,7.286150243151466,1.219419529145688,4.467914114572102,7.714506930394354,4.240988340106909,2.632264657974429,8.210354497660058,9.650779930388973,1.6111557503379692,3.1191219594074027,6.45558880787194,3.359391383811414,3.0644768229947728,5.582832995256901,4.022125374198394,1.0962365120870565,1.8217899229536525,9.933295122924859,9.848049034318853,11.24780517535487,24.52096196728765,20.830393706574373,0.8755529528460334,2.1800663849526547,2995,3.0573384873949587,0.12358992998872433,0.9792988313856428,0.9505843071786311,0.0337228714524207,0.01335559265442404,3,1,454.15794850837705,0.9642419288925203,0.03214139762975068,0.015138598283612569,1.0,-1.000088900581841e-12,3.15555
subject_03_task_1,3,1,,1,52,255.0,285.0,0.18926462805972627,30.0,0.15833333333333333,eye,中,5.533333333333333,6,79.66666666666667,0.816496580927726,79.0,81.0,-5.4596622889305015,7.7269561682301,2.202008003242818,1.6286339145904536,7.704178066752906,7.612676215027057,1.3520583008346285,4.730454154081794,9.719189059908866,4.635819524930452,2.6626102257289195,8.738228912496915,9.924270257269804,1.7410807936266166,3.281828045298942,6.964668509363826,3.446688992203776,3.134871600324224,5.579500476308253,4.10012108280857,1.099467356764246,1.7798178642248674,11.276011131088756,11.39211086184064,10.621571435633712,24.61798024633867,19.55693970676821,1.0725447671162753,2.3177342821184816,2994,3.088049279249079,0.13598643972612287,0.9829659318637275,0.947561790247161,0.03974615898463594,0.010354041416165664,3,1,471.0000000000005,1.000000000000001,0.03333333333333337,0.015700000000000016,1.0,-1.000088900581841e-12,3.15555
subject_03_task_1,3,1,,1,53,260.0,290.0,0.19258506013094953,30.0,0.16111111111111112,eye,中,5.533333333333333,6,79.16666666666667,0.7527726527090811,78.0,80.0,-4.702194357366702,7.460834298198334,2.231256710848237,1.724289643336329,7.772043928305343,8.009225044014322,1.2940150278528477,4.507388859140399,8.267360628768307,4.761602313211944,2.8441466172280205,9.083551684736415,11.10979299048101,1.6741761076483201,3.193770542529021,7.080135002908563,3.5711673861701856,3.1416428485537002,5.6094659070089286,4.043569126225303,1.1367197222352066,1.78551992617217,11.21418373510443,11.405734779890807,11.88653401495464,23.537421276129535,18.293900404481388,0.9595509309560776,1.9801753182649144,2994,3.0620804713804715,0.15212930116604914,0.9769539078156313,0.9305277221108884,0.04976619906479626,0.016366065464261857,3,1,471.0000000000005,1.000000000000001,0.03333333333333337,0.015700000000000016,1.0,-1.000088900581841e-12,3.15555
subject_03_task_1,3,1,,1,54,265.0,295.0,0.19590549220217282,30.0,0.1638888888888889,eye,中,5.533333333333333,7,78.85714285714286,1.0690449676496976,77.0,80.0,-5.813953488372187,7.374750354676627,2.3682485240868085,1.69173383656887,7.906900163754912,7.913180787550203,1.3998942817683588,4.6738440721806915,9.041017468578888,4.850313005705613,2.987234108733046,9.399209114561295,10.989964153469254,1.6236802437163993,3.146458821919288,7.219556687497499,3.6678506546476566,2.91698875507456,5.438323805522835,4.008860006685678,1.2574099397081508,1.864362279786652,13.325465313435444,12.27259995658685,11.987926102163295,22.513029308429484,17.62588836462307,1.0237467141520153,1.8779753158777706,2994,3.0405877192982453,0.14720573671233084,0.9799599198396793,0.9258517034068137,0.056112224448897796,0.01503006012024048,12,1,471.0000000000005,1.000000000000001,0.03333333333333337,0.015700000000000016,1.0,-1.000088900581841e-12,3.15555
subject_03_task_1,3,1,,1,55,270.0,300.0,0.19922592427339608,30.0,0.16666666666666666,eye,中,5.533333333333333,6,78.16666666666667,0.9831920802501751,77.0,79.0,-5.667613636363688,6.672594050392288,2.0963350890794334,1.693048901767894,8.290742018480522,8.314272108225307,1.2382011452182067,4.896930035407287,8.23598248734289,4.213010075367383,2.945114992668426,9.807973901642713,11.716753476501433,1.4305078361474024,3.330251594949161,6.623240461603477,3.5397521043087616,3.0806706504196217,5.405041221248868,3.808767503817174,1.1490199719423457,1.754501481848649,11.114760074345236,11.481765936474536,11.789238649742032,22.68479687322808,16.693265791409473,0.9739192052682534,1.9241952383179945,2994,3.013754812563323,0.15367368243659013,0.9752839011356046,0.908817635270541,0.06880427521710086,0.017034068136272545,21,2,560.6889040341825,1.0972764685837126,0.036575882286123754,0.01868963013447275,0.8400380257414295,0.43960681866762163,3.17616909848193
subject_03_task_1,3,1,,1,56,275.0,305.0,0.20254635634461934,30.0,0.16944444444444445,eye,中,5.533333333333333,6,77.83333333333333,0.9831920802501751,77.0,79.0,-5.78233785269333,7.1095913910060915,2.120173060515407,1.7250456162068764,6.22426509564903,5.448173305593739,1.2290533308779152,3.6081742054655233,9.140194610757948,3.899730944225175,2.7079903661294638,5.5767229671137395,4.718158082120095,1.440083019866525,2.0593584958297178,6.988238525955371,3.45598466572393,3.0591045847925566,4.512711951017737,2.1258425151377693,1.129737336508319,1.4751741321468261,11.02792107771829,10.844794598849518,10.856642342207998,21.464222695648278,14.953795656584736,0.9989087101716136,1.977059022401482,2994,3.0128537656197234,0.149412974852345,0.9792919171676687,0.916499665998664,0.06346025384101536,0.014696058784235137,21,2,467.9736529018471,0.77492916141099,0.025830972047033,0.015599121763394903,0.5501223957585177,0.6881142222050217,3.213539223186727
subject_03_task_1,3,1,,1,57,280.0,310.0,0.2058667884158426,30.0,0.17222222222222222,eye,中,5.533333333333333,5,77.6,0.8944271909999159,77.0,79.0,-5.80086580086581,6.5556494418575,1.9963993067161576,1.724595524021731,6.17883679275086,5.325139624831149,1.1576043651444625,3.582774457364881,7.605576142013831,3.6790503916654154,2.6205293117335393,5.282774760489687,4.411431654139556,1.4039340736210428,2.0159189736347627,6.63277792850435,3.2575069758905597,2.9200908568463735,4.424827529659124,1.985464646457563,1.1155498700504776,1.5153047444687489,10.638029942891741,10.404885466411686,10.405662672127272,20.94610443851865,14.698828567354054,0.9999253093493345,2.012952475830792,2995,3.0521638076017488,0.15956558120666342,0.9813021702838064,0.9198664440734557,0.06410684474123539,0.012687813021702838,21,2,348.21487908867743,0.39516460863140057,0.013172153621046685,0.011607162636289248,0.9516331653153327,0.19367811720006844,3.2782155150091463
subject_03_task_1,3,1,,1,58,285.0,315.0,0.20918722048706587,30.0,0.175,eye,中,5.533333333333333,6,77.16666666666667,0.408248290463863,77.0,78.0,-1.684981684981617,6.386417481696133,2.054264953740257,1.7834234797374664,6.122778452042497,5.162618458043827,1.1518660470045288,3.4331601672889365,7.8098131589859605,3.602110372716058,2.6995261303233793,4.996627802848419,3.937248158637836,1.3343491408562722,1.8509277412513385,6.620295051171752,3.1370219212145476,2.948972256651564,4.34861468837229,1.924815656085774,1.0637678649362765,1.4746204134554872,10.941612473915972,9.420334291795418,10.118907288944294,21.195603660331933,15.036562161869554,0.9309635934789005,2.0946534102046575,2995,3.0191619433198382,0.14529025990904165,0.9772954924874792,0.9085141903171954,0.07111853088480802,0.015692821368948246,18,1,452.2147893784899,0.49047157199402375,0.016349052399800793,0.01507382631261633,1.0,-1.000088900581841e-12,3.28445
subject_03_task_1,3,1,,1,59,290.0,320.0,0.21250765255828916,30.0,0.17777777777777778,eye,中,5.533333333333333,6,77.16666666666667,0.408248290463863,77.0,78.0,1.7142857142856678,5.785026438773433,1.9889121954796414,1.6475385845804138,6.0635108531702695,4.922673673875411,1.2072021948949783,3.6803452798736678,7.807289378936315,3.318815715332132,2.441120365475052,4.641260685396317,3.3201470951554,1.3595461175411057,1.9012830137497578,6.613204741950285,3.075013192041523,2.999344421668852,4.298819579296753,1.8252723329088207,1.025228436529663,1.4332530629826319,11.103758081704528,9.041691808123813,9.700090380685706,20.77046523744473,13.52239972523954,0.9321244909353772,2.141265124580875,2995,3.050374200067363,0.14253906551073253,0.9803005008347245,0.9145242070116861,0.06844741235392321,0.01302170283806344,18,1,573.0567511599259,0.6215366064641278,0.020717886882137593,0.019101891705330862,1.0,-1.000088900581841e-12,3.28445
subject_03_task_1,3,1,,1,60,295.0,325.0,0.21582808462951242,30.0,0.18055555555555555,eye,中,5.533333333333333,6,77.66666666666667,1.2110601416389968,77.0,80.0,6.467065868263468,5.999901794870202,2.0782825680372397,1.655254606896583,5.819707474417345,4.879133103001935,1.2555667021726564,3.515898672125519,7.523711871397488,3.59335524257524,2.3890527528012213,4.259360179145397,2.916876495386522,1.5040920458378098,1.7828656877296643,6.808367249007437,3.2022437339354353,3.05769501711341,3.9666125950969215,1.740319374494969,1.047273752291517,1.2972557998415313,10.24829314635782,8.782253403205411,9.391688100905098,20.390197554980766,13.65699689971593,0.9351091421316521,2.171089726991223,2995,3.061974376264329,0.15891752297061215,0.9716193656093489,0.9035058430717863,0.07512520868113523,0.015358931552587647,9,1,693.8987129413617,0.7526016409342319,0.025086721364474394,0.02312995709804539,1.0,-1.000088900581841e-12,3.2844499999999996
subject_03_task_1,3,1,,1,61,300.0,330.0,0.21914851670073568,30.0,0.18333333333333332,eye,中,5.533333333333333,6,79.0,3.1622776601683795,77.0,85.0,16.7120418848167,5.833244373107265,2.12155185139127,1.6111450250934334,5.6062516847215536,4.749825308280851,1.3167975684052633,3.479669177761596,7.473497013506981,3.5135167646832683,2.0895895676347602,4.012699930171051,2.7848310229277637,1.6814386993041288,1.9203292322678898,6.888826468476735,3.047344021095271,2.910910153311365,4.0265864881572,1.685420671205717,1.046869831289263,1.383274053847617,10.137599936573768,8.55881744514263,9.160448301135457,19.821027832516354,13.11010230144735,0.934322989856484,2.163761770268328,2995,3.1241327046143486,0.1543996041911619,0.9762938230383973,0.917195325542571,0.0667779632721202,0.012353923205342237,9,1,725.0517706886156,0.7863902068206243,0.02621300689402081,0.024168392356287188,1.0,-1.000088900581841e-12,3.28445
subject_03_task_1,3,1,,1,62,305.0,335.0,0.22246894877195894,30.0,0.18611111111111112,eye,中,5.533333333333333,6,80.33333333333333,3.777124126457412,77.0,85.0,24.333895446880298,5.631715610895909,2.045684571414556,1.4961905296272722,5.3636788602907925,4.3765135613160915,1.367262077192918,3.5848902623564802,7.778493832800578,3.803970460816719,2.1509008319649423,3.791923857445586,2.3864824612469917,1.7685475798257166,1.7629468551469651,6.591349870670607,3.483168108754365,2.93532094344212,3.7626078286846694,1.5669798550766785,1.18663961313539,1.2818386476922783,10.617179100399513,8.756336298010753,9.616231919374549,19.19427746852281,13.115373441767757,0.9105787351455928,1.9960289674223277,2995,3.1462108454024924,0.15994467331284162,0.9739565943238732,0.9065108514190318,0.07545909849749582,0.013689482470784642,9,1,711.469134184382,0.7716584969461844,0.025721949898206146,0.023715637806146068,1.0,-1.000088900581841e-12,3.2844499999999996
subject_03_task_1,3,1,,1,63,310.0,340.0,0.22578938084318223,30.0,0.18888888888888888,eye,中,5.533333333333333,7,80.71428571428571,3.5923198500080566,77.0,85.0,19.429245283018847,5.53735853106922,2.2048302159356163,1.4116241785372392,5.0368426554492505,4.111590169634062,1.5619102091466848,3.568118718870737,7.803818949658097,3.8953672980481113,2.0742220661770285,3.44037596191821,2.1119419836378914,1.8779895178859087,1.6586343468320737,6.498395593155923,3.3454804743294155,2.9031490762161494,3.5338312308950783,1.4948640338902384,1.1523626195213452,1.2172407059099202,10.711344119210736,9.418673521580283,10.444504440451334,19.1467927758203,12.701807650667567,0.9017827102549709,1.8331930332343194,2994,3.1414282345013476,0.1611856000985197,0.9729458917835672,0.9104876419505677,0.0704742818971276,0.014362057448229793,12,1,590.627172402946,0.6405934624760803,0.02135311541586934,0.019687572413431536,1.0,-1.000088900581841e-12,3.28445
subject_03_task_1,3,1,,1,64,315.0,345.0,0.2291098129144055,30.0,0.19166666666666668,eye,中,5.533333333333333,5,82.2,3.1144823004794873,78.0,85.0,21.480730223123675,5.640811113776306,2.0853563669312476,1.3563359444723408,5.038216558004622,4.1378057219835895,1.537492518302698,3.7145786621209496,7.7921913089682375,3.9892754526570884,2.034402116826702,3.445112774609567,1.9967442138732523,1.960908032714611,1.6934276395579637,6.240387864786608,3.4713011655555066,2.8935847205639766,3.509375029120476,1.519838913187578,1.1996542354145863,1.212812261614541,9.695675768665614,9.645233527630314,9.93451795758527,20.37145428827981,13.865021418398578,0.9708808790532127,2.050572999641685,2994,3.16108599261001,0.15836056498903525,0.9712758851035405,0.91750167000668,0.06312625250501001,0.01503006012024048,12,1,469.78521062151003,0.5095284280059762,0.01698428093353254,0.015659507020717,1.0,-1.000088900581841e-12,3.28445
subject_03_task_1,3,1,,1,65,320.0,350.0,0.23243024498562875,30.0,0.19444444444444445,eye,中,5.533333333333333,5,82.0,3.4641016151377544,77.0,85.0,-12.096774193548532,6.014785916678967,2.0242270792191834,1.3449085067490647,5.13419330249172,4.311106124399081,1.505103930164126,3.817503775704548,8.529555701000083,3.928909071957601,1.9411745608318738,3.473423945277272,2.1942959781632774,2.023985452536479,1.7893413685520203,5.976233974443123,3.3498906004645788,2.7840677970848486,4.05847613951682,2.025874723474189,1.2032360002052371,1.4577504699297852,10.628938012463616,9.755969219809446,10.60286097453045,22.103176754670063,16.274184125986555,0.9201261096646125,2.08464270235788,2994,3.157650921273032,0.17175356459296828,0.9722778891115564,0.9258517034068137,0.05644622578490314,0.013360053440213761,12,1,348.94324884007415,0.37846339353587216,0.01261544645119574,0.011631441628002472,1.0,-1.000088900581841e-12,3.2844499999999996
subject_03_task_1,3,1,,1,66,325.0,355.0,0.23575067705685201,30.0,0.19722222222222222,eye,中,5.533333333333333,6,80.33333333333333,4.457203906785808,76.0,85.0,-25.955497382198832,6.202512693472595,1.9134752687807952,1.3557824563820062,5.4301333471671285,5.157199478517959,1.4113438773112823,4.005165667697009,9.454008118775342,3.9925158137271564,2.071396504609873,3.768112211891648,2.2813073198369316,1.927451265289794,1.8191168149148416,6.181701097425437,3.429029784956986,2.739955152779439,5.3183752623769305,3.9228850267054387,1.2514912083427872,1.9410446397204404,10.68060300661383,10.297656295744977,11.674168064577005,25.534756516925217,18.293402450297876,0.8820890909555443,2.187287040556275,2994,3.213258851035404,0.18040433518397847,0.9836339345357381,0.9462257849031396,0.04241816967267869,0.009018036072144289,15,1,228.1012870586382,0.24739835906576813,0.008246611968858937,0.00760337623528794,1.0,-1.000088900581841e-12,3.28445
subject_03_task_1,3,1,,1,67,330.0,360.0,0.2390711091280753,30.0,0.2,eye,中,5.533333333333333,6,79.0,3.9496835316262997,76.0,85.0,-20.059594755661486,5.901073825134526,2.043975233656985,1.330855470472544,5.971658875646515,6.882529240140691,1.5358356177709027,4.4870829388605,9.371471115547823,4.055130347118842,2.03863435955898,3.6166849299412114,2.4980824869246807,1.9891405872292338,1.7740723896773785,5.637357804738765,3.40197631083169,2.7550005503581136,7.103526169673253,6.057354335338689,1.2348368897383626,2.5784118877035755,11.404319087448267,10.710301456593967,10.960415285057534,26.67997338204565,21.70333850902649,0.9771802598753215,2.4342119060414413,2995,3.2396053422370614,0.204826074054876,0.9826377295492488,0.9492487479131887,0.03739565943238731,0.010684474123539232,15,1,107.25932527720227,0.11633332459566406,0.0038777774865221353,0.003575310842573409,1.0,-1.000088900581841e-12,3.28445
subject_03_task_1,3,1,,1,68,335.0,365.0,0.24239154119929857,30.0,0.20277777777777778,eye,中,5.533333333333333,6,77.66666666666667,2.6583202716502514,76.0,83.0,-12.0221811460259,6.100610918800754,1.9282957920148158,1.3870924980027066,7.065019398124348,9.959086787915714,1.3901710194463566,5.093401779836143,10.243974004545976,4.0537812417532075,2.086363955055536,3.908558015080892,2.7783048299435333,1.9429885336785844,1.873382640459225,5.977880299330719,3.1599655929418393,2.729985878261166,9.231300408439248,9.016537988756728,1.1575025417181073,3.381446212578587,11.286737447346267,10.562011177917588,12.188484875165281,30.090521972468064,23.960468087045665,0.8665565315208518,2.4687664037536923,2995,3.2950193656093485,0.24510504126756436,0.9823038397328882,0.9555926544240401,0.03138564273789649,0.009348914858096828,9,0,0.0,0.0,0.0,0.0,,,
subject_03_task_1,3,1,,1,69,340.0,370.0,0.24571197327052183,30.0,0.20555555555555555,eye,中,5.533333333333333,6,76.66666666666667,0.5163977794943223,76.0,77.0,1.6729222520107736,6.180403976629724,1.9620966788575562,1.470456294264147,8.119379284199582,14.545312979998961,1.3343454589647892,5.521673317235669,9.762463222826364,4.051396154571279,2.1310416888242227,4.1793440577272465,3.8926345823296167,1.9011341616721675,1.961174236827413,5.931947765907586,3.2531734139982555,2.8750771703903926,12.895683722844014,13.500846556836027,1.1315082069802402,4.485334813149719,11.156273885777004,9.939594022885844,10.935249123591191,31.976176267183614,27.536540203969764,0.9089499389129263,2.9241378871012382,2995,3.3221846410684472,0.23289655194021444,0.9856427378964941,0.9582637729549248,0.03138564273789649,0.007011686143572621,12,0,0.0,0.0,0.0,0.0,,,
subject_03_task_1,3,1,,1,70,345.0,375.0,0.2490324053417451,30.0,0.20833333333333334,eye,中,5.533333333333333,7,76.71428571428571,0.48795003647426655,76.0,77.0,1.4003849855630326,6.572618926302019,1.973602080456834,1.6822269746647518,11.673281576694038,19.5624685177071,1.173207961934001,6.939183447002082,10.178448519082915,4.08132459025788,2.4528490409982573,8.085574587885567,10.843307939244076,1.663911851907881,3.2964012267933582,6.39827813107033,3.294760742722535,2.888067293087273,14.821024216041591,16.51855664957921,1.140818550387902,5.131814016770461,11.832338961098776,9.513574670860924,12.038456554889914,34.04217123948742,29.4478803556059,0.7902653157805845,2.827785363038071,2995,3.3490734557595987,0.2141293316852073,0.9909849749582638,0.9592654424040067,0.0333889816360601,0.00333889816360601,9,0,0.0,0.0,0.0,0.0,,,
subject_03_task_1,3,1,,1,71,350.0,380.0,0.2523528374129684,30.0,0.2111111111111111,eye,中,5.533333333333333,6,76.66666666666667,0.5163977794943223,76.0,77.0,2.8695652173912025,7.1887113759893815,2.3194982775944,1.7852023640455645,12.828789307532007,21.090442666233326,1.2992915113208974,7.186182119129533,10.377470748999514,4.780327144102864,2.632157402209081,8.56099250874401,12.537916287076037,1.8161251071424893,3.2524622203668585,6.614627413684886,3.443451814179353,2.9751862894903063,15.917021861264205,17.448314014902184,1.157390320849209,5.349924445904538,11.69242800793065,10.282829607661016,11.507168177703733,34.06102413669003,30.679271334316045,0.8936020964380279,2.9599831696808434,2995,3.403226282266175,0.16860186720269596,0.9886477462437395,0.9515859766277128,0.038397328881469114,0.005676126878130217,9,0,0.0,0.0,0.0,0.0,,,
subject_03_task_1,3,1,,1,72,355.0,385.0,0.2556732694841916,30.0,0.21388888888888888,eye,中,5.533333333333333,6,77.0,0.0,77.0,77.0,0.0,7.836100335938838,2.153521397676722,1.7884908701615048,12.881021700176293,20.433117584570468,1.2040997433116636,7.20217358392951,11.117110902823176,4.428499513804227,2.5891135622093446,8.445261664887537,11.328564022271772,1.7104307738534636,3.261835165577295,7.204874776562043,3.2995232319247316,3.0152713174978727,14.977361739680546,15.771195389530652,1.094270758580603,4.967168842407533,13.067051725220148,9.683596674907387,12.29605948841004,34.47675768356293,29.181303753387215,0.7875365830845975,2.8038867017567592,2995,3.3751364398256793,0.17685141132162052,0.9859766277128548,0.9452420701168615,0.041736227045075125,0.008013355592654424,15,0,0.0,0.0,0.0,0.0,,,
subject_03_task_1,3,1,,1,73,360.0,390.0,0.2589937015554149,30.0,0.21666666666666667,eye,中,5.533333333333333,6,77.16666666666667,0.408248290463863,77.0,78.0,1.6162943495401616,7.644582625620127,2.218052793583985,1.816685062387875,13.232105704751554,19.000709490442052,1.2209341285982431,7.28365415597082,10.366712760373654,4.603013971723484,2.6428529842625283,8.835499051192334,12.59373828896694,1.7416837028518732,3.3431670637017388,7.192080545303483,3.6903061352074786,3.138674993350495,14.311023182013168,14.980120852418192,1.175752871203821,4.559574728932458,11.81859828230013,10.542157405426112,11.787868017553244,33.49396969043528,26.86041114795599,0.8943226535729657,2.841393341065544,2994,3.3162837022132803,0.1996439668883174,0.9869739478957916,0.9225116900467601,0.06078824315297261,0.006680026720106881,15,0,0.0,0.0,0.0,0.0,,,
subject_03_task_1,3,1,,1,74,365.0,395.0,0.2623141336266382,30.0,0.21944444444444444,eye,中,5.533333333333333,6,77.16666666666667,0.408248290463863,77.0,78.0,0.9855453350853449,8.597627953240881,2.205487262557948,1.772426705733369,12.276965284174135,14.656860987041581,1.244331997156065,6.926642012592758,10.467702087077905,4.506358757403644,2.589429863634874,8.35189435081278,10.689087066809046,1.7402899459411927,3.2253796359206777,7.1370683879063,3.5665417652331692,3.1411968206207126,11.612926140747067,10.89894993992706,1.135408562055149,3.6969750079055244,12.579044657150257,9.47981570340749,11.287617597335421,30.09347539571203,23.508935396694216,0.8398420323563509,2.666060852629873,2994,3.255214357937311,0.16000021880079426,0.9843019372077488,0.9148296593186372,0.06513026052104208,0.01169004676018704,12,0,0.0,0.0,0.0,0.0,,,
subject_03_task_1,3,1,,1,75,370.0,400.0,0.2656345656978614,30.0,0.2222222222222222,eye,中,5.533333333333333,6,77.33333333333333,0.5163977794943222,77.0,78.0,2.1562891767655787,11.780604230737982,2.858194168745281,1.8065800254645492,10.010462767678662,9.721128868688035,1.5821021645638513,5.541112282089216,11.617772517323223,4.409304491833319,2.27437754122875,5.21146106975969,4.281112023314822,1.938686261143415,2.2913790587925686,6.66119411162704,3.3080861079081827,2.898060413057798,9.072491890212163,7.448580484403032,1.1414827975990187,3.1305392563019785,10.389234547028302,8.227624082572252,9.465390048110667,27.125337956266936,20.82095875018094,0.8692324395247211,2.8657390575976605,2994,3.251827877151536,0.16267133201978018,0.9826319305277221,0.9091516366065464,0.06780227120908483,0.013026052104208416,12,0,0.0,0.0,0.0,0.0,,,
subject_03_task_1,3,1,,1,76,375.0,405.0,0.2689549977690847,30.0,0.225,eye,中,5.533333333333333,5,77.4,0.5477225575051661,77.0,78.0,2.495667244367436,11.184179678255129,2.291026830577683,1.6386336149019278,8.948444644523306,8.14924150496686,1.398132449952701,5.460918513537799,11.74956346576065,3.8228739922547113,2.1692119926006783,4.567258316395171,3.290688396949165,1.7623330524147849,2.105491916868606,6.776474562852816,3.067482902608705,3.076890440409466,8.1092161778037,5.929592628416618,0.9969425177844458,2.635523212430191,11.200934289605895,7.2816542193089715,8.652183167355993,24.86817505411625,18.56272102627958,0.8415973261849194,2.8742081129236747,2994,3.2471783417935702,0.1589504794371362,0.9799599198396793,0.9158316633266533,0.05978623914495658,0.01569806279225117,12,0,0.0,0.0,0.0,0.0,,,
subject_03_task_1,3,1,,1,77,380.0,410.0,0.27227542984030795,30.0,0.22777777777777777,eye,中,5.533333333333333,7,77.85714285714286,0.8997354108424375,77.0,79.0,4.241260084517967,11.26820389538574,2.5447350062160883,1.7056321554100886,8.597588795945416,7.54653521889906,1.4919600326157385,5.040705153614017,9.619869376173297,3.4046831771142707,2.0595942032518946,4.332299737336739,3.13931394450084,1.6530844628221493,2.10347248525776,5.805666168275084,2.7513190673824273,2.954141600313827,7.304174940213702,5.170074516368048,0.9313429888026176,2.472520254085911,8.376112875183347,5.218251067587915,6.818103539853645,22.87363447689911,15.50965359911239,0.7653522767857421,3.35483823957741,2994,3.24535187057634,0.1626662940258676,0.9826319305277221,0.9245156980627922,0.05410821643286573,0.013360053440213761,9,0,0.0,0.0,0.0,0.0,,,
subject_03_task_1,3,1,,1,78,385.0,415.0,0.27559586191153124,30.0,0.23055555555555557,eye,中,5.533333333333333,6,78.5,1.0488088481701516,77.0,80.0,6.000000000000092,9.88949289175714,2.0906448162895868,1.6116467918514432,8.229848547053457,7.2503179051894335,1.2972102987205252,5.106483994299453,9.66971456180659,3.1246549098604013,2.073816185114315,4.1838813303996965,2.8661552534736376,1.5067173900410855,2.017479350595901,5.72720456057412,2.5268371514112005,2.8297765321433666,6.6124132631974035,4.530741849840878,0.8929458290112012,2.3367263061542682,9.086248673206335,5.10992300957664,6.448768135068048,19.907552265931283,14.750815332837078,0.7923874610701475,3.0870317941305885,2995,3.2641384770889488,0.1884874319255931,0.9826377295492488,0.9275459098497496,0.05208681135225376,0.01302170283806344,9,0,0.0,0.0,0.0,0.0,,,
subject_03_task_1,3,1,,1,79,390.0,420.0,0.2789162939827545,30.0,0.23333333333333334,eye,中,5.533333333333333,6,78.66666666666667,1.0327955589886446,77.0,80.0,5.87734241908,10.210401324825618,2.460276979441827,1.7426085677890757,8.159366777401292,7.486330529657561,1.4118356955878444,4.682271697856645,9.143213112555076,2.9624850163879994,2.1780137536923942,3.9113476337255104,2.80359661362009,1.3601773686532916,1.795832384939989,5.22929332099463,2.3116271195812756,2.69281626008512,6.162149630165256,4.222531339352875,0.8584422018857703,2.2883661694654465,8.768882898831285,3.905721908958158,5.7792765969889155,18.481718229808596,13.43202847062336,0.6758150165356498,3.1979293462849365,2995,3.295072272880783,0.1654275301992961,0.9816360601001669,0.9479131886477462,0.035058430717863104,0.015025041736227046,9,0,0.0,0.0,0.0,0.0,,,
subject_03_task_1,3,1,,1,80,395.0,425.0,0.28223672605397776,30.0,0.2361111111111111,eye,中,5.533333333333333,6,78.83333333333333,0.752772652709081,78.0,80.0,0.22658610271894372,7.283949651719859,1.8066207802445193,1.7410083972402193,8.025149668401756,7.152075260356741,1.0376864253545854,4.609483607961294,8.719164584987448,2.979863589604472,2.336760687582139,4.20292826086151,2.900980114697099,1.2752112809154434,1.7986130471966755,5.477153398937401,2.443306641901438,2.833818515034401,5.574973277069686,3.670905340609417,0.8621958777313506,1.9673007454402949,9.052866951873934,4.650147740075371,6.071262811187189,17.99641419893043,13.161454495177344,0.7659275977160459,2.9641962073803505,2995,3.2833511424731183,0.1708619178659937,0.9856427378964941,0.9612687813021703,0.02637729549248748,0.01001669449081803,18,0,0.0,0.0,0.0,0.0,,,
subject_03_task_1,3,1,,1,81,400.0,430.0,0.28555715812520105,30.0,0.2388888888888889,eye,中,5.533333333333333,6,78.83333333333333,0.752772652709081,78.0,80.0,-3.862660944205863,6.100850227062603,1.7770611977762372,1.6896492962738132,7.390907577959593,6.5706496019001515,1.0517337542738565,4.374225819676767,7.541791482588036,3.0948268394536793,2.4073942032877387,4.11855613339288,2.8377290127834773,1.2855505073606663,1.7107942387533521,5.407074211073134,2.7883418846245758,2.8442808112926956,5.147614347855213,3.147498725812728,0.9803328396950032,1.8098122827456256,9.40266759402982,6.395658104454649,7.038837841144956,17.68234002253572,11.47690340024542,0.9086241576797448,2.512110723616196,2995,3.2485328859060405,0.18334163102817164,0.9823038397328882,0.9569282136894824,0.030717863105175294,0.011686143572621035,18,0,0.0,0.0,0.0,0.0,,,
subject_03_task_1,3,1,,1,82,405.0,435.0,0.2888775901964243,30.0,0.24166666666666667,eye,中,5.533333333333333,7,78.42857142857143,1.2724180205607036,76.0,80.0,-6.372549019607752,5.3346354296496195,1.775441962877144,1.6877939638095851,7.038203176129585,5.890150092017174,1.0519305086680872,4.170060639536466,7.534119621914972,3.34523612080134,2.331125967745869,4.2054278296383325,2.7695379607362884,1.4350301815890654,1.8040328527183191,5.936916279200972,3.085771791945297,2.7373888612974615,4.780198295296075,2.5963977801376554,1.1272683379308812,1.746262053915996,9.59324991179839,7.328242548657417,7.0244201811687725,17.32578791454046,11.344033693411626,1.0432523054789828,2.4665079063732307,2995,3.235434738955823,0.18323412523741875,0.9853088480801335,0.9565943238731218,0.0340567612687813,0.009015025041736227,21,2,29.752348058757867,0.034565609130128225,0.001152186971004274,0.0009917449352919289,0.8787878787878788,0.36933312164365273,3.048416666666667
subject_03_task_1,3,1,,1,83,410.0,440.0,0.2921980222676476,30.0,0.24444444444444444,eye,中,5.533333333333333,6,77.83333333333333,1.602081978759722,76.0,80.0,-10.349761526232076,5.60593417274688,1.7375914661953193,1.6167392382491368,6.5360028436094,5.451880842164644,1.0747505999032105,4.042706881220763,7.368879595271539,3.2607664883323224,2.317410549810376,4.051769737129491,2.8240065297567942,1.4070732907464916,1.7484039405365743,5.716034501633589,3.224630616612493,2.770198116504103,4.595118690179533,2.3844240164429724,1.1640433214509107,1.6587689749707935,8.711592783275256,8.005310067879686,8.23709460953363,16.9422058206106,11.36039158429242,0.9718608863147358,2.056818165109049,2995,3.1893087248322147,0.16410771887639886,0.9829716193656094,0.9402337228714525,0.048414023372287146,0.01001669449081803,21,2,734.784292579044,0.8536558728771931,0.028455195762573104,0.0244928097526348,0.8787878787878788,0.36933312164365273,3.0484166666666663
subject_03_task_1,3,1,,1,84,415.0,445.0,0.29551845433887086,30.0,0.24722222222222223,eye,中,5.533333333333333,5,77.4,1.3416407864998738,76.0,79.0,-10.423280423280408,5.689095286858294,1.8061104158175643,1.6000036407084905,6.070224283645445,4.901940714244794,1.1288164413287263,3.7938815445179337,6.957962018325077,3.4655866933464528,2.2311743963490316,4.231598473559865,2.9009817982970403,1.5532567508023327,1.8965789857055617,5.988227123616854,3.169782959162853,2.8080198428422705,4.480451638263999,2.1007567377299536,1.128832108235534,1.595591159971611,8.994070636941393,7.938110361934014,7.726134215271075,17.535130693179855,11.853980284044944,1.0274362495857188,2.2695866010871035,2994,3.1552957368244376,0.11436346811566094,0.9822979291917168,0.9392117568470274,0.04876419505678023,0.010354041416165664,21,2,1439.8162370993302,1.6727461366242584,0.055758204554141946,0.047993874569977675,0.8787878787878788,0.36933312164365273,3.0484166666666668
subject_03_task_1,3,1,,1,85,420.0,450.0,0.2988388864100941,30.0,0.25,eye,中,5.533333333333333,5,77.0,1.0,76.0,78.0,-4.031117397454141,5.5986505005479135,1.7072560293152823,1.4650530568013131,5.484059692953307,4.373547519468364,1.1653202738218758,3.7432498894796287,6.933677416691272,3.1792159371168247,2.1779133098765215,4.053137749768339,2.7467292341979097,1.4597532062913343,1.861018862131907,6.03028991283964,3.1374111022230453,2.812799558258444,4.238802357260935,1.9366678605568688,1.1154051460977852,1.506969220332716,8.769421920942849,7.75046232978185,7.709544072816744,16.049535874568786,11.567385337785998,1.0053074807768958,2.0817749691785545,2994,3.1179785666443403,0.12442421711674131,0.9812959251837008,0.935871743486974,0.05177020708082832,0.010354041416165664,12,2,2144.8481816196163,2.491836400371323,0.08306121334571076,0.07149493938732054,0.8787878787878789,0.3693331216436526,3.0484166666666668
subject_03_task_1,3,1,,1,86,425.0,455.0,0.3021593184813174,30.0,0.25277777777777777,eye,中,5.533333333333333,6,76.16666666666667,1.1690451944500122,75.0,78.0,-5.138539042821158,5.712015535475427,1.7518332684343891,1.426796643933988,5.160777957123457,3.90971188211503,1.2278086550611758,3.617038194661064,7.214197516217607,3.239207945793709,2.1914558921028204,3.880464720572222,2.626605139010136,1.4781077536018823,1.7707245373068887,6.288474178339701,3.1802993542637203,2.6780404602435657,4.2170876953953265,1.8541439906410302,1.187547164233088,1.5746915545151194,8.82084851947178,8.055717433951441,7.7272355653770335,15.882071044059273,10.752661442664383,1.0425096227228037,2.055336725493542,2994,3.1005874079035496,0.12679114004858472,0.9799599198396793,0.9288577154308617,0.05711422845691383,0.012358049432197728,12,2,2849.8801261399026,3.3109266641183885,0.11036422213727962,0.09499600420466342,0.8787878787878788,0.36933312164365273,3.0484166666666663
subject_03_task_1,3,1,,1,87,430.0,460.0,0.3054797505525407,30.0,0.25555555555555554,eye,中,5.533333333333333,5,75.8,0.8366600265340756,75.0,77.0,-2.927864214992957,5.691410148588414,1.5456808771020663,1.366389759290083,5.232020049001141,4.065246126565521,1.1312152089789775,3.829083183204968,6.803178677249639,2.8417054751672954,2.1724180835511864,3.8019812019467065,2.5311318678098225,1.3080840638750553,1.750114874633948,5.989089508611347,2.769427132765403,2.6557958419137093,4.139135832644712,1.8361920438131354,1.0427861543641146,1.5585293746307471,8.926232462304506,6.550601504336147,7.704624416788156,14.48908446875204,9.688641308378534,0.8502168502935165,1.8805698610279744,2994,3.085297387809779,0.15010635862962926,0.9809619238476954,0.9265197060788243,0.05744822979291917,0.012024048096192385,3,2,3554.9120706601884,4.130016927865453,0.13766723092884844,0.11849706902200628,0.8787878787878788,0.36933312164365273,3.0484166666666668
subject_03_task_1,3,1,,1,88,435.0,465.0,0.3088001826237639,30.0,0.25833333333333336,eye,中,5.533333333333333,6,75.16666666666667,1.3291601358251257,73.0,77.0,-6.220344491387748,5.540005367444206,1.6997293877330661,1.3578025128955529,5.3260489903990065,4.012281079923259,1.2518237163284847,3.9225505475321696,6.827489215686046,3.1210046073903004,2.188184306485648,3.7125963100987516,2.408187468885643,1.4262987802900462,1.6966561267690463,5.966424996226397,3.0608429355019835,2.447425699117095,3.930244076235067,1.7210260874018208,1.2506377360531018,1.6058685980346195,9.494581141811304,7.4463026040171725,6.767458733532997,13.881371804593208,8.510707116430035,1.100310012548799,2.0511941559112166,2995,3.071795112152662,0.14311678261377722,0.9803005008347245,0.9275459098497496,0.05609348914858097,0.012020033388981636,3,2,4230.191667121717,4.914541582482389,0.16381805274941297,0.14100638890405723,0.8787878787878789,0.3693331216436526,3.0484166666666668
subject_03_task_1,3,1,,1,89,440.0,470.0,0.3121206146949872,30.0,0.2611111111111111,eye,中,5.533333333333333,5,75.0,1.4142135623730951,73.0,77.0,-9.628378378378315,5.505515531224758,1.7311953220788445,1.3783565920794443,5.586391723214737,4.173178756864053,1.255985085446643,4.0529364863318,6.513889091265156,2.9894375204494956,2.290482799356822,3.8426658487761816,2.2733355769125105,1.3051560663493929,1.677666319893439,6.2538997343523945,2.9220490857320764,2.538415701321946,3.866154574176753,1.6547370324217168,1.1511310319307997,1.5230580917709233,9.191922072725196,6.731616413189156,6.7291070483284185,12.426820926657475,7.316180404884837,1.00037291201384,1.8467265920140814,2995,3.071440066777963,0.15115586499274722,0.9826377295492488,0.9362270450751252,0.047746243739565944,0.011352253756260434,3,2,4230.191667121717,4.914541582482389,0.16381805274941297,0.14100638890405723,0.8787878787878789,0.3693331216436526,3.0484166666666668
subject_03_task_1,3,1,,1,90,445.0,475.0,0.31544104676621043,30.0,0.2638888888888889,eye,中,5.533333333333333,7,74.42857142857143,1.5118578920369088,73.0,77.0,-8.22603056970814,5.895382042027957,1.8139128748091826,1.3805117851062105,5.797976709148532,4.409373506965831,1.3139423323862665,4.199874837506339,7.147256774199494,3.0637853188611976,2.2577890843837496,3.774138535601806,2.1635551241669324,1.356984733451061,1.671608106224827,6.411303780776716,2.974594328581141,2.4567763190836622,3.86219066595718,1.5573820207792828,1.210771328865062,1.5720562901704112,10.363687380301874,6.916956474464233,6.449621098080651,12.162351217378925,6.329588926235885,1.0724593537010503,1.8857466248673633,2995,3.0716617696160267,0.19465270477226185,0.9823038397328882,0.932220367278798,0.05175292153589316,0.011352253756260434,3,2,4230.191667121717,4.914541582482389,0.16381805274941297,0.14100638890405723,0.8787878787878789,0.3693331216436526,3.0484166666666668
subject_03_task_1,3,1,,1,91,450.0,480.0,0.3187614788374337,30.0,0.26666666666666666,eye,中,5.533333333333333,7,74.14285714285714,1.0690449676496976,73.0,75.0,-2.905500705218677,6.679174810709243,1.783740835316044,1.3666003114602492,6.295040388287776,4.663802823857549,1.3052395937258854,4.606350763641607,7.969284060120906,2.849755552054932,2.1878388661088612,3.7675191108113686,2.0119007559568285,1.3025436179051477,1.7220276909661163,6.383501300527902,2.786835242893103,2.592981100003846,3.881800286067893,1.4904649651277393,1.0747611090913733,1.4970414886796264,10.453659936306785,6.048782893799255,5.845147484340907,11.890856719895007,5.820292775655202,1.03483836977662,2.034312521925323,2995,3.077971953255425,0.18898211297918285,0.9836393989983305,0.9282136894824707,0.05676126878130217,0.010684474123539232,3,2,4230.191667121717,4.914541582482389,0.16381805274941297,0.14100638890405723,0.8787878787878789,0.3693331216436526,3.0484166666666668
subject_03_task_1,3,1,,1,92,455.0,485.0,0.322081910908657,30.0,0.26944444444444443,eye,中,5.533333333333333,6,74.33333333333333,1.632993161855452,73.0,77.0,6.726840855106969,6.523866676987434,1.7960978270508872,1.3822310164352818,6.1112043641631555,4.720370388147045,1.299419420990097,4.421261201274231,7.889963866704856,2.886095375255057,2.026186650928761,3.618416510827928,1.8973078521323472,1.4243975864376224,1.785825856255307,6.328333952509877,2.7715463914175285,2.515294365510897,3.794265102544127,1.4548305301028712,1.1018775493716746,1.5084775581618457,9.939460697294201,7.055497893203484,5.948465651370831,10.950096455994602,5.637096858567442,1.186103830250333,1.8408270464621646,2995,3.085859390693003,0.19157365289172987,0.9823038397328882,0.9335559265442404,0.05075125208681135,0.011352253756260434,3,2,4230.191667121717,4.914541582482389,0.16381805274941297,0.14100638890405723,0.8787878787878789,0.3693331216436526,3.0484166666666668
subject_03_task_1,3,1,,1,93,460.0,490.0,0.32540234297988024,30.0,0.2722222222222222,eye,中,5.533333333333333,7,74.85714285714286,2.0354009783964297,73.0,78.0,9.525547445255384,6.561219081633974,1.9280347330931618,1.5640119751183663,8.926250796844702,8.035724701630322,1.2327493419270308,5.707277782300325,8.02660298446556,3.052239909907182,2.4747828141805894,10.018689082774252,10.007253087973139,1.2333364739797545,4.048310431673771,6.556924831658026,2.8915459780114046,2.7076629775330883,4.957959592983382,3.0900405761228047,1.067912071038416,1.8310844570104163,10.352187783751653,6.680325334874696,6.086318101011938,11.977651912305292,6.543121696376494,1.0975971390263015,1.9679635065925714,2995,3.096446267157684,0.16829481687532566,0.9863105175292154,0.9435726210350585,0.04574290484140234,0.008681135225375626,3,2,4230.191667121717,4.914541582482389,0.16381805274941297,0.14100638890405723,0.8787878787878789,0.3693331216436526,3.0484166666666668
subject_03_task_1,3,1,,1,94,465.0,495.0,0.32872277505110353,30.0,0.275,eye,中,5.533333333333333,6,76.16666666666667,3.125166662222459,73.0,81.0,20.792079207920697,6.735253568404172,1.869639142106002,1.7033788866290593,8.791779118672698,8.350704154208076,1.0976061502123977,5.161376125819777,8.113875343475835,3.0901610093806458,2.6448568069074327,9.526202265764647,10.970828045117623,1.1683660912417775,3.6017837490806945,6.504649187248919,2.831505013473338,2.922144131946346,5.005430922276021,3.3255080663066052,0.9689819822772957,1.7129308809767931,9.780490738874063,7.053721683460959,6.596671541830989,11.10932584956288,6.482561492805542,1.0692849626863656,1.6840804910652485,2994,3.1030974135035265,0.17693274661470948,0.9826319305277221,0.9288577154308617,0.05477621910487642,0.012024048096192385,3,2,4230.191667121717,4.914541582482389,0.16381805274941297,0.14100638890405723,0.8787878787878789,0.3693331216436526,3.0484166666666668
subject_03_task_1,3,1,,1,95,470.0,500.0,0.33204320712232677,30.0,0.2777777777777778,eye,中,5.533333333333333,6,76.16666666666667,3.125166662222459,73.0,81.0,20.792079207920697,6.2310491995957085,1.755697212503882,1.6277302631474424,8.501740845383765,7.779446623601499,1.078616802951736,5.223064925354689,8.181697258318337,3.131428985757125,2.605381323247,10.028772015657939,10.494787880007749,1.2019081267745213,3.8492530541208514,6.420268064273837,2.770002903685114,2.855526071476588,4.670843113658476,3.054997338642968,0.9700499432851439,1.6357207032059036,11.635335138804876,7.665987372999578,6.622623214019907,11.340857707479953,6.44098983920949,1.1575454506865042,1.7124419344092652,2994,3.103940978077572,0.1709127247185035,0.9812959251837008,0.9315297261189045,0.05143620574482298,0.014028056112224449,3,2,4230.191667121717,4.914541582482389,0.16381805274941297,0.14100638890405723,0.8787878787878789,0.3693331216436526,3.0484166666666668
subject_03_task_1,3,1,,1,96,475.0,505.0,0.33536363919355006,30.0,0.28055555555555556,eye,中,5.533333333333333,6,77.66666666666667,1.96638416050035,75.0,81.0,5.340636768230091,6.097960163932971,1.88110394246842,1.6206798937113112,7.90826632145281,7.85027445526281,1.1606881468497428,4.879597971282968,7.87059304094381,3.369058446115643,2.637862220811166,9.371907437640262,11.1348190801897,1.277192728087075,3.5528419049719426,6.3808765664829785,3.103177047736318,2.6617726988618693,4.462248262166269,3.228579214361487,1.1658309701137088,1.6764197273772676,10.059877243335377,9.49644937098156,6.806494193327699,10.282526446367871,6.350231939847794,1.3952042125138053,1.5106934868831114,2994,3.0758187352045994,0.12025977582446129,0.9819639278557114,0.9338677354709419,0.04909819639278557,0.014362057448229793,3,2,4230.191667121717,4.914541582482389,0.16381805274941297,0.14100638890405723,0.8787878787878789,0.3693331216436526,3.0484166666666668
subject_03_task_1,3,1,,1,97,480.0,510.0,0.33868407126477335,30.0,0.2833333333333333,eye,中,5.533333333333333,6,77.83333333333333,1.7224014243685084,76.0,81.0,-3.437185929648225,6.483136982421872,2.0714616872758116,1.5768892216123809,7.990353882488582,7.555432669971568,1.313638053253815,5.067162469611141,7.572461916631311,3.5986590946227808,2.5817357066228523,9.87129101602037,10.561049631749642,1.3938913597512108,3.8235095059102413,6.246734476497685,3.2633095213462493,2.66825672253972,4.3970766291586765,2.9762105195610697,1.2230118240797092,1.6479211284337807,10.339957568137601,9.631546323337977,6.498343412484009,9.950501327556092,5.749115606571014,1.4821540986637844,1.5312366084624152,2994,3.0551238127544096,0.130189832696769,0.9806279225116901,0.9208416833667334,0.055444221776887105,0.01603206412825651,3,2,3953.9601512586682,4.593622017146289,0.1531207339048763,0.13179867170862228,0.8787878787878788,0.36933312164365273,3.0484166666666663
subject_03_task_1,3,1,,1,98,485.0,515.0,0.3420045033359966,30.0,0.2861111111111111,eye,中,5.533333333333333,5,78.0,1.8708286933869707,76.0,81.0,-7.935483870967786,5.7909604772273555,2.0454213147368643,1.571735025341832,7.7594106658558655,7.594452366109653,1.3013779560533822,4.936844023163697,8.0608893935024,3.8679033295031533,2.7839989515243686,8.52920596903971,10.092993000164999,1.3893336157275837,3.063652723133956,6.5766236957996345,3.3541127348294903,2.6125607744941446,4.194795105714457,2.963710615185205,1.2838410373358409,1.6056258467429037,9.264638383854207,10.46498751224614,7.124361953875758,8.872833208507608,5.232371356603308,1.4689017177956591,1.2454214519070939,2994,3.0211542625169145,0.1439077558190332,0.9846359385437542,0.916499665998664,0.0614562458249833,0.013360053440213761,6,2,3344.976226012554,3.934789850074705,0.13115966166915685,0.1114992075337518,0.8774693835586497,0.3719369278661223,3.0486387876974184
subject_03_task_1,3,1,,1,99,490.0,520.0,0.34532493540721987,30.0,0.28888888888888886,eye,中,5.533333333333333,6,77.0,2.280350850198276,75.0,81.0,-14.45841784989847,6.5983587517310385,2.0448227504047605,1.3792527355619175,5.054895814339221,3.886569211651085,1.4825584156421374,3.664952538433661,8.356994216091778,3.721791292535981,2.3492870628213622,3.106380458985751,1.7985355858350782,1.5842215927696455,1.3222651706323032,6.951819355716468,3.4132226844719202,2.5646248657472235,2.8357168068528784,1.1287186213805054,1.330885748656052,1.1057043253094523,9.752697685097422,10.203234520547937,6.3399955358644915,7.88248663103879,3.8694056380906425,1.6093441174886685,1.2432952967314626,2995,3.003400405816706,0.15751911188413376,0.9776293823038398,0.9085141903171954,0.06410684474123539,0.01736227045075125,6,2,2888.902340782501,3.531091231417018,0.11770304104723393,0.09629674469275004,0.8733041360657364,0.38005706348600743,3.04934048842864
subject_03_task_1,3,1,,1,100,495.0,525.0,0.34864536747844316,30.0,0.2916666666666667,eye,中,5.533333333333333,6,76.0,1.2649110640673518,75.0,78.0,-8.683068017366265,5.83386358715952,2.0177028473995064,1.3536416245305507,5.0560784294630645,4.012143607361503,1.4905738792564505,3.7351676675992707,8.507349350622851,3.764002169193978,2.285276644175077,3.3790938822310133,2.021057275404894,1.6470663098001779,1.4786366853413386,6.9201090189581445,3.469861044478793,2.3574272968860734,2.8288936143916734,1.0935309327658027,1.4718846469039082,1.199991880185811,10.265396094402307,10.785157277827999,6.333028993478813,7.899652541582228,3.6154924640641752,1.703001405636006,1.2473735000608057,2995,2.9874973027646665,0.13833884089428294,0.9796327212020033,0.9145242070116861,0.06310517529215359,0.014691151919866445,6,2,2432.828455552449,3.127392612759331,0.10424642042531103,0.0810942818517483,0.8675771996648345,0.3909665353198561,3.0503052799487134
subject_03_task_1,3,1,,1,101,500.0,530.0,0.3519657995496664,30.0,0.29444444444444445,eye,中,5.533333333333333,7,76.0,1.1547005383792515,75.0,78.0,-4.934210526315641,9.08404450294783,1.9601595984980267,1.2824563562301659,5.2493592346213935,4.2196121032000775,1.5284415637035773,4.093206922106967,9.949647043961296,3.6027009240809114,2.1146603458397997,3.230469459714199,1.9810786339837367,1.7036782910165948,1.5276540585203415,6.751020955660996,3.397875385761992,2.269251463725602,2.843699062510412,1.1151163282621017,1.497355158772683,1.2531440908896434,8.848791140723796,8.891088738581217,5.388899569346219,7.787760451156907,3.313704454597404,1.6498894856301587,1.4451485597275135,2995,2.982343854936199,0.13106589702370558,0.9803005008347245,0.9118530884808014,0.0664440734557596,0.01302170283806344,6,2,1976.7545703223973,2.723693994101645,0.09078979980338817,0.06589181901074657,0.8592076427039117,0.4063992401497935,3.051715262008476
subject_03_task_1,3,1,,1,102,505.0,535.0,0.3552862316208897,30.0,0.2972222222222222,eye,中,5.533333333333333,6,75.33333333333333,0.5163977794943223,75.0,76.0,-0.5564924114671337,7.025234432085607,1.7227200632114208,1.2223009361681685,5.539535847842778,4.364471738359786,1.4094074644269134,4.5320556369766445,8.821796806658147,3.133666463891059,1.9446483105995729,3.185074673998829,1.9491679234919719,1.6114309445109327,1.6378666808996474,6.374706779967434,2.778137565396428,2.0535700573238573,2.8810089233701497,1.0841701585689834,1.3528331090962644,1.402927021211335,8.483381415984885,7.014946022275894,5.097118993369547,7.47122383032946,3.2742511004384425,1.3762570643143905,1.465773869522804,2995,3.0177827841291194,0.15367790115009888,0.9789649415692822,0.9145242070116861,0.06243739565943239,0.014357262103505844,6,2,1520.6806850923451,2.3199953754439577,0.07733317918146526,0.05068935616974484,0.8458177860860748,0.42989548616782697,3.053970991636948
subject_03_task_1,3,1,,1,103,510.0,540.0,0.3586066636921129,30.0,0.3,eye,中,5.533333333333333,6,75.5,0.8366600265340756,75.0,77.0,3.914712153518195,9.736235470350879,1.7055620383538181,1.2333175690884266,5.640229250980447,4.527108600194651,1.3829058152592753,4.573217306187627,9.52262182367218,2.935199620373325,1.9419046413724252,3.183984069737411,2.0062196655134077,1.5115055383455371,1.6396191666173454,7.016497231848032,2.6401137482235155,2.099325881557878,2.796668660460976,1.0852529072314052,1.2576007238401343,1.332174620924318,8.221027028166946,5.916614190230422,4.396617878034916,7.6709541622860975,3.125864928297279,1.345719449440731,1.7447397920591312,2995,3.0587448739495797,0.16168354913317093,0.9792988313856428,0.9368948247078465,0.04574290484140234,0.013689482470784642,3,2,1340.8383157253418,2.237216322122372,0.07457387740407907,0.04469461052417806,0.8328698553948831,0.451306375080178,3.0561522719688545
subject_03_task_1,3,1,,1,104,515.0,545.0,0.3619270957633362,30.0,0.30277777777777776,eye,中,5.533333333333333,6,75.5,0.8366600265340756,75.0,77.0,3.914712153518195,7.609927451750857,1.6640765115513694,1.1681848478190782,5.681271599386609,4.347955476659029,1.4244975995520635,4.863332725118938,7.8535003456857915,2.908718448702959,1.7877232228762845,3.219272945720658,1.9776555693344688,1.6270518900700384,1.8007669780902325,6.515444922545715,2.5263214999560852,1.9562335288054387,2.807443671414577,1.0348329439525532,1.29142122489781,1.4351270592570429,9.592573535736967,5.321970068026496,3.9041924472008276,7.378560596102482,3.047106111225389,1.3631423501785027,1.88990698995708,2995,3.1111989915966385,0.15201334113594653,0.9756260434056762,0.9398998330550918,0.041402337228714524,0.016026711185308847,3,2,1493.7483557414048,2.4923498705362706,0.08307832901787568,0.04979161185804683,0.8328698553948832,0.451306375080178,3.0561522719688545
subject_03_task_1,3,1,,1,105,520.0,550.0,0.3652475278345595,30.0,0.3055555555555556,eye,中,5.533333333333333,5,77.0,2.9154759474226504,75.0,82.0,16.625155666251487,9.698181039821215,1.6942515339068056,1.168853371134691,5.864430583771814,4.705546226563027,1.4494987786723603,5.017250861909894,8.760768543082277,2.819702817721824,1.7711430926927598,2.9389740445743335,1.7258004778135758,1.5920242860981293,1.6593656699448605,6.231889943845126,2.3848162401140374,1.9485749276999602,2.8267213825184294,1.0607386012542768,1.2238771043456889,1.4506608610914475,9.532439689401036,4.680488819616966,4.027886059311481,7.161606415384791,2.7865018439583658,1.1620211571766854,1.7780062072085978,2994,3.1237228590694537,0.12931478540171826,0.9789579158316634,0.9478957915831663,0.036072144288577156,0.014696058784235137,3,2,1493.7483557414048,2.4923498705362706,0.08307832901787568,0.04979161185804683,0.8328698553948832,0.451306375080178,3.0561522719688545
subject_03_task_1,3,1,,1,106,525.0,555.0,0.3685679599057827,30.0,0.30833333333333335,eye,中,5.533333333333333,5,78.2,3.1144823004794873,75.0,82.0,18.792029887920275,6.734798485564074,1.6094436964735233,1.0387849344813178,5.966989146826645,4.697256008560881,1.5493521739195655,5.7442006990658365,8.201723759692317,2.7854267910169654,1.5577590191997022,2.8284466458459643,1.562939734067095,1.7880986447107698,1.8157151465565433,6.586148560164858,2.354744053633604,1.728880794751678,2.8239557585731996,1.0988623567156817,1.362004865102235,1.6334010807140749,10.073072829450862,4.194965129373167,3.6160397793101517,7.115617493275946,3.3534489232866207,1.160099275836357,1.9677929247319907,2994,3.1192360544217688,0.13670192459719865,0.9709418837675351,0.948563794255177,0.027722110888443553,0.022712090848363394,3,2,1493.7483557414048,2.4923498705362706,0.08307832901787568,0.04979161185804683,0.8328698553948832,0.451306375080178,3.0561522719688545
subject_03_task_1,3,1,,1,107,530.0,560.0,0.371888391977006,30.0,0.3111111111111111,eye,中,5.533333333333333,5,78.8,2.8635642126552705,75.0,82.0,13.092182030338439,7.292077189351362,1.7285120486850067,1.3263945266802075,6.014016388593989,4.664731650015673,1.3031658484080502,4.53410826690177,7.40887679282487,2.6877462081395165,1.7568510558639492,2.880483532546465,1.5065559451476178,1.5298657214955482,1.639571848126851,6.692211657528603,2.333633068197158,1.8802744751864773,2.8127448503684533,1.1449997927664328,1.2411129858930403,1.4959224770040542,9.829788041491163,4.539674170778301,3.835616839563412,7.423364816310694,3.410074822617238,1.183557785009367,1.9353770532396704,2994,3.1202817717206135,0.1435417374619241,0.9716098864395457,0.957247828991316,0.02004008016032064,0.022044088176352707,3,2,1493.7483557414048,2.4923498705362706,0.08307832901787568,0.04979161185804683,0.8328698553948832,0.451306375080178,3.0561522719688545
subject_03_task_1,3,1,,1,108,535.0,565.0,0.37520882404822925,30.0,0.3138888888888889,eye,中,5.533333333333333,6,79.16666666666667,1.9407902170679514,77.0,82.0,-1.1986923356339059,6.035137575917921,1.6617286922353633,1.2752831745575348,5.977793758252068,4.624165318636614,1.303027222022205,4.687424626554876,7.353281297046828,2.6481303537701075,1.7406279634490975,2.9601906702716883,1.4920783188237905,1.5213649380438377,1.7006452455273653,7.32721786062642,2.3045524321781823,1.9803785115336012,2.9942161873540467,1.1466888070008319,1.1636929095910769,1.5119413636917982,11.218947020157403,4.260240799470153,3.853319511281404,7.571439825799864,3.6122255144515854,1.105602789230792,1.9649135774058912,2994,3.108996606718697,0.1428396690975986,0.9746158984635939,0.960253841015364,0.021042084168336674,0.018036072144288578,3,2,1493.7483557414048,2.4923498705362706,0.08307832901787568,0.04979161185804683,0.8328698553948832,0.451306375080178,3.0561522719688545
subject_03_task_1,3,1,,1,109,540.0,570.0,0.37852925611945254,30.0,0.31666666666666665,eye,中,5.533333333333333,6,79.16666666666667,1.9407902170679514,77.0,82.0,-13.248175182481823,6.407646761651884,1.726957090878995,1.2803912613207205,6.039941950424808,4.777692092957385,1.3487729439028215,4.717262709364809,8.057379861936004,2.6693968340740977,1.8391169050589131,3.048676688037805,1.5393983393761876,1.4514557648463287,1.6576850985664477,6.486861604562653,2.216475040053229,2.0979489428658606,3.0317084253240134,1.2264784281359087,1.0564961781317035,1.4450820815413217,9.226851697029668,3.7571706421844753,3.8285124307394844,7.64700107138664,3.8326536585504676,0.9813656635976419,1.99738180552534,2995,3.101736252545825,0.13643427874641834,0.9712854757929883,0.9565943238731218,0.022036727879799666,0.020701168614357262,3,2,1493.7483557414048,2.4923498705362706,0.08307832901787568,0.04979161185804683,0.8328698553948832,0.451306375080178,3.0561522719688545
subject_03_task_1,3,1,,1,110,545.0,575.0,0.38184968819067583,30.0,0.3194444444444444,eye,中,5.533333333333333,7,78.85714285714286,1.9518001458970664,77.0,82.0,-11.88918205804756,7.468662461502962,1.8160899297720503,1.3945113878824076,5.986491533505586,4.9484795053286295,1.3023127279941527,4.292895408044096,8.815939477821209,2.802727681600151,2.0176841932643512,3.025232381872582,1.5913520690813694,1.3890814484033307,1.4993587162806428,6.938957426430983,2.137061276568482,2.125566117073933,3.0046651478659676,1.2406233926853356,1.0054080460740376,1.4135834795871736,10.203796274778275,3.9356984051466157,4.121016570031096,7.758663761442741,4.4136933132104685,0.9550309585668368,1.8827062763749567,2995,3.0994171758316367,0.11902092993509834,0.9749582637729549,0.9649415692821369,0.016026711185308847,0.018363939899833055,3,2,1493.7483557414048,2.4923498705362706,0.08307832901787568,0.04979161185804683,0.8328698553948832,0.451306375080178,3.0561522719688545
subject_03_task_1,3,1,,1,111,550.0,580.0,0.38517012026189906,30.0,0.32222222222222224,eye,中,5.533333333333333,6,78.33333333333333,1.505545305418162,77.0,81.0,-10.621118012422217,6.960207824480067,1.8179897319022094,1.4258513185750437,5.410986505378944,4.2694574575687945,1.2750205496314004,3.7949163667264654,8.65389531633046,3.24867007971471,2.0735262880783623,2.9304940071417978,1.4735073696493732,1.5667368667534043,1.4132900190320852,6.395679200521326,2.5358599998071183,2.237882564801746,3.098064267003046,1.220466671179998,1.1331515065589557,1.384373029992976,9.21962014420973,5.200782145727934,4.6126644328157065,8.015329841503217,4.4886156139701825,1.12750064989081,1.7376789398509145,2995,3.0959185967302454,0.1340111942546591,0.9716193656093489,0.9595993322203673,0.01702838063439065,0.021702838063439065,3,2,1493.7483557414048,2.4923498705362706,0.08307832901787568,0.04979161185804683,0.8328698553948832,0.451306375080178,3.0561522719688545
subject_03_task_1,3,1,,1,112,555.0,585.0,0.38849055233312235,30.0,0.325,eye,中,5.533333333333333,7,77.85714285714286,0.6900655593423543,77.0,79.0,-1.588235294117571,7.588319135538898,2.0652131678809145,1.4626329267103892,5.407871106464411,4.358040469071055,1.411983232543376,3.6973535927618317,8.816127352229522,3.68777145293029,2.282008392919519,3.4597429152238868,2.223389845097948,1.6160201094669457,1.5160956138279653,6.726272236221657,2.5617662894928825,2.3344606286963225,3.1625648525846572,1.2629981257786174,1.0973696698939397,1.3547304305366628,10.55449025668144,5.876557354824217,5.304744794931026,8.971686755693092,4.967600956190267,1.1077926614753624,1.6912569977477576,2995,3.110313977042539,0.1261117798636661,0.9796327212020033,0.9619365609348914,0.02303839732888147,0.01335559265442404,3,2,1493.7483557414048,2.4923498705362706,0.08307832901787568,0.04979161185804683,0.8328698553948832,0.451306375080178,3.0561522719688545
subject_03_task_1,3,1,,1,113,560.0,590.0,0.39181098440434564,30.0,0.3277777777777778,eye,中,5.533333333333333,6,77.66666666666667,0.5163977794943223,77.0,78.0,0.1410105757931702,6.693344713501585,2.2095276957203356,1.443534783434133,5.814315121796923,4.880698471961283,1.5306369621824594,4.027831673002582,8.85948862943654,4.223974322123991,2.364104288194571,4.209850592490961,3.290267123469059,1.7867123473430915,1.7807381059766854,6.408276064208073,2.9185563262966268,2.4646132765220656,3.355243924450514,1.5882498543857868,1.18418429134454,1.3613673010742116,9.941540497884711,7.314798949876848,5.791478859356253,9.583834100382722,5.687831776734221,1.2630278254507723,1.654816383366373,2995,3.115811257162117,0.11858675890558446,0.9823038397328882,0.9602671118530884,0.027045075125208682,0.011686143572621035,3,2,1259.329447113722,2.1012170975201143,0.07004056991733715,0.04197764823712406,0.8328698553948831,0.45130637508017807,3.056152271968854
subject_03_task_1,3,1,,1,114,565.0,595.0,0.3951314164755689,30.0,0.33055555555555555,eye,中,5.533333333333333,6,76.83333333333333,1.1690451944500122,75.0,78.0,-3.750000000000027,6.323399317124323,2.1196288599823734,1.4867791538881059,5.352839926897216,4.576770558641119,1.4256514522949084,3.6002925605318703,9.37390160813189,4.336199194759273,2.416732154431362,4.2104407205815875,3.401987124798189,1.7942407009433559,1.7422041217357291,6.175918158286863,3.0255194279908286,2.3395482988310263,3.208594981611123,1.4862263800887845,1.2932066542514011,1.3714591757794967,11.257467573411398,7.564078809423933,6.481326804668751,11.005111288570577,6.032976777769444,1.167057153170433,1.6979719770716033,2995,3.1021755982473875,0.11610081116181718,0.9836393989983305,0.9602671118530884,0.027045075125208682,0.011686143572621035,12,2,1010.3713878234877,1.685825452430736,0.056194181747691196,0.03367904626078292,0.8328698553948832,0.451306375080178,3.056152271968854
subject_03_task_1,3,1,,1,115,570.0,600.0,0.39845184854679216,30.0,0.3333333333333333,eye,中,5.533333333333333,5,76.8,1.3038404810405297,75.0,78.0,-5.309405940594025,6.3323345380227805,2.354259089168501,1.496947055675193,5.180320428201052,4.258793044158229,1.5727069840199661,3.4605902784347213,9.15455059038132,4.898152501687163,2.464288269429978,4.406260781538499,3.7853677207206355,1.9876540267020666,1.788045999406443,6.8887552516164305,3.423253848685154,2.5366564885708742,3.328845968491491,1.548123946039889,1.3495141593309623,1.3122967116319828,11.379809505548309,9.012679948173071,7.125942210751657,11.646914393767998,6.231241289865731,1.264770283230012,1.634438513435469,2994,3.082142473118279,0.11940450224665897,0.9906479625918504,0.9552438209752839,0.03740814963259853,0.006346025384101536,12,2,761.4133285332534,1.2704338073413572,0.04234779357804524,0.02538044428444178,0.8328698553948832,0.451306375080178,3.056152271968854
subject_03_task_1,3,1,,1,116,575.0,605.0,0.4017722806180154,30.0,0.33611111111111114,eye,中,5.533333333333333,6,76.83333333333333,1.1690451944500122,75.0,78.0,-3.1820110309716263,5.8778863797326935,2.294669039978,1.5959799913676573,4.850294036386611,4.0179636823468226,1.4377805814542879,3.039069451134037,9.02768216371612,5.064362589613546,2.731544707823685,4.490963038075815,3.8074037604901867,1.85402881201549,1.6441111233555166,6.493661633257304,3.655043916057825,2.6011227804579633,3.310561731425103,1.53011171401836,1.4051793108414146,1.272743353868991,11.771857535356196,11.134051621057836,8.95168212763589,14.295330567265857,7.5659681751000365,1.243794346392671,1.5969434977067498,2994,3.062097446236559,0.11347866010558308,0.9906479625918504,0.9522378089512358,0.04041416165664663,0.006346025384101536,15,2,728.7099111528238,0.9598166980609927,0.03199388993536642,0.024290330371760795,0.882468013757702,0.3619786332430628,3.011515371172478
subject_03_task_1,3,1,,1,117,580.0,610.0,0.4050927126892387,30.0,0.3388888888888889,eye,中,5.533333333333333,7,76.85714285714286,1.0690449676496976,75.0,78.0,-1.6487762988407257,6.0447536458036355,2.3291118508757003,1.5888566854458235,4.61895399153061,3.9613772980254205,1.4659043022638418,2.9070929013553917,9.026107101184595,4.946366303083811,2.5988488846080897,4.233022072995074,3.4340598033971634,1.9032912349691045,1.6288065451075353,6.622347226482671,3.92319632339552,2.642544408187317,3.3653476706302836,1.5370818586700556,1.4846283420026538,1.2735254931586115,12.186130847464689,11.764209464272492,8.6152434411693,15.678009927468693,8.699848158023858,1.3655109741943403,1.8197988291948721,2994,3.0521857047428194,0.10407851059454436,0.9976619906479626,0.9529058116232465,0.04676018704074816,0.00033400133600534405,15,2,1392.2186953639161,0.9865117019548151,0.03288372339849384,0.04640728984546387,0.9683682406010626,0.1403693577073375,2.934207663980114
subject_03_task_1,3,1,,1,118,585.0,615.0,0.408413144760462,30.0,0.3416666666666667,eye,中,5.533333333333333,6,76.83333333333333,1.3291601358251257,75.0,79.0,8.23140495867769,6.400801516713736,2.302563198687618,1.5785333089911047,4.392239266139478,3.7367105755431353,1.4586725446796343,2.782481206523738,9.658880918929077,4.897629902241143,2.6863798129904466,3.9825690467590342,3.124386353128348,1.823133824397362,1.4825040850518025,6.477656521556407,3.9880731961346068,2.693482370459833,3.3628623909976114,1.3910507100028995,1.4806383141292885,1.24851843393484,13.763846947966107,12.566717298483633,9.638801282734773,15.567732473265856,8.152121005527178,1.3037635002387076,1.615110843829835,2994,3.0447234468937876,0.09978698497402605,1.0,0.9555778223112893,0.044422177688710755,0.0,15,2,2055.7274795750077,1.0132067058486371,0.033773556861621236,0.06852424931916692,0.9988179705837419,0.009148826386645492,2.906803792115142
subject_03_task_1,3,1,,1,119,590.0,620.0,0.4117335768316852,30.0,0.34444444444444444,eye,中,5.533333333333333,7,77.28571428571429,1.7043362064926935,75.0,80.0,9.40757238307352,6.178846420910124,2.22711069656509,1.4767457016608103,3.8256986243578703,3.0747202499116106,1.5081206561565663,2.5906279057087005,9.708793404422133,4.873595967588533,2.483892517242699,3.3774215035109605,2.1261747611976545,1.962080055299083,1.359729328087088,6.534929359347337,3.824409166878655,2.680981721167945,3.2921952094501705,1.152065120831189,1.4264958006549133,1.2279812217503505,12.147966568396585,11.73753944104863,8.453347337463596,15.210129857387791,8.463913060010013,1.3885078859861977,1.7993026017018663,2995,3.024274457429049,0.09171274677586239,0.9973288814691152,0.9435726210350585,0.05275459098497496,0.001669449081803005,12,1,2063.99999999999,0.9999999999999951,0.03333333333333317,0.06879999999999967,1.0,-1.000088900581841e-12,2.90574
subject_03_task_1,3,1,,1,120,595.0,625.0,0.4150540089029085,30.0,0.3472222222222222,eye,中,5.533333333333333,6,78.16666666666667,1.3291601358251257,77.0,80.0,7.0353982300884885,6.312667373472276,2.139354882434791,1.4666068401401453,3.901241742134314,3.0377641459250007,1.4587105581959237,2.660046056897922,10.66418541415351,4.483791448056686,2.519630818082809,3.108163276398519,1.7554629768125356,1.7795430250644457,1.2335788457943713,6.237687703269861,3.5267167678298623,2.5782736487934144,3.164538241191598,1.109003002078461,1.3678597574312186,1.2273864888905586,12.50584820376413,11.839680594752055,8.901253990635679,14.680191991345373,8.306138518204612,1.3301137802839542,1.649227401755895,2995,3.030215338245144,0.10529331216703643,0.9929883138564274,0.9368948247078465,0.05575959933222037,0.004674457429048414,15,1,2123.9069520302405,1.112819118701032,0.03709397062336773,0.07079689840100802,1.0,-1.000088900581841e-12,2.910635436019187
subject_03_task_1,3,1,,1,121,600.0,630.0,0.41837444097413173,30.0,0.35,eye,中,5.533333333333333,7,78.28571428571429,1.2535663410560174,77.0,80.0,5.9282233052724145,5.7386129066714595,1.7790528289313323,1.3891391812000307,3.824534515706622,2.9851195824102987,1.2806872435881251,2.75316870149954,9.101557875666282,3.693298071184716,2.197795797555693,2.8398168697882458,1.4047384801231904,1.6804555160639878,1.2921204385532925,5.28136039302775,3.0862055508533013,2.338080721563554,3.1123129168175225,1.0224436421490473,1.3199739095361305,1.3311400620660407,10.633754050864423,9.531746645196272,6.604063733905701,13.350661802527151,8.011965586559528,1.4433153629725972,2.0215828224043277,2995,3.0346671131949097,0.10738291525789848,0.9913188647746244,0.9442404006677796,0.048080133555926545,0.004674457429048414,6,1,2189.5224526110183,1.2363887996441159,0.0412129599881372,0.07298408175370061,1.0,-1.000088900581841e-12,2.9156899673315477
subject_03_task_1,3,1,,1,122,605.0,635.0,0.421694873045355,30.0,0.3527777777777778,eye,中,5.533333333333333,5,78.8,1.0954451150103321,77.0,80.0,5.548780487804924,6.397280587606722,1.7489597828933776,1.2624756143286717,4.122897065287819,3.0816024436998286,1.3853414379202853,3.265724120525046,10.396133809186777,3.3915935719191643,1.947933775521954,2.7995337088336503,1.270941437050613,1.7411236534519137,1.4371811526721476,5.627692244456483,2.6515182373644275,2.2056569826166816,3.0563053898052757,1.0245965427830668,1.2021444214860637,1.3856666806728157,10.434405614455008,7.543530192340487,5.756582176131791,12.3622823980036,7.5434636440188285,1.310418224136159,2.1475038520705345,2995,3.0681152042866713,0.1535991066087195,0.9876460767946578,0.9422370617696161,0.04674457429048414,0.007345575959933222,6,1,2038.8833112819912,1.2551839447781858,0.041839464825939525,0.06796277704273304,1.0,-1.000088900581841e-12,2.9220106237146606
subject_03_task_1,3,1,,1,123,610.0,640.0,0.4250153051165783,30.0,0.35555555555555557,eye,中,5.533333333333333,6,79.66666666666667,0.816496580927726,79.0,81.0,3.525371995421578,5.767719652952341,1.585572914245659,1.1262580750513018,4.179269736818559,3.044656730174184,1.4078237922275807,3.7107567345327936,9.346906737034615,3.006586654804893,1.7360166325923798,2.6384029993665825,1.1364889015576614,1.7318881618750284,1.519802834738211,5.225375487643797,2.08138398392027,2.08464266502143,2.942099900302713,1.0940832291243003,0.998436815500403,1.4113209662589672,8.644722477125981,5.678347634855936,4.474082276827516,10.98090729480524,7.298661824640711,1.2691647769343977,2.4543373624750564,2995,3.1239578030810446,0.16767199243252942,0.9876460767946578,0.9545909849749583,0.0343906510851419,0.007345575959933222,6,1,1192.0319683614425,0.936666976738069,0.031222232557935634,0.039734398945381416,1.0,-1.000088900581841e-12,2.9431233341886154
subject_03_task_1,3,1,,1,124,615.0,645.0,0.42833573718780155,30.0,0.35833333333333334,eye,中,5.533333333333333,5,79.8,0.8366600265340756,79.0,81.0,3.616071428571275,6.15910132663126,1.4112615324759303,1.1288277111330531,4.458219424496426,3.1231760299726887,1.2502009992821546,3.9494241508489534,9.565790830642555,2.7728055123722055,1.6849875998818973,2.741122870710882,1.1510623315251804,1.6455940165770684,1.6267911235091643,5.438123298005296,2.2006124895848034,2.105973294469523,2.92261941273633,1.1472138499345985,1.044938459269076,1.3877761035296097,7.960914470800642,5.121147099377844,4.289656068933564,10.712601781040547,6.89951368575604,1.1938362929527342,2.4973101826561517,2995,3.1928131279303416,0.21329025663715498,0.9853088480801335,0.9555926544240401,0.03138564273789649,0.009015025041736227,6,1,345.1806254408937,0.6181500086979521,0.020605000289931737,0.011506020848029791,1.0,-1.000088900581841e-12,3.0678300815221156
subject_03_task_1,3,1,,1,125,620.0,650.0,0.43165616925902484,30.0,0.3611111111111111,eye,中,5.533333333333333,6,82.5,4.324349662087931,79.0,88.0,24.820702402957437,5.847962124367786,1.5681791892953623,1.0871901918221067,4.492139669603396,3.164372351496,1.4424147689072955,4.131880238980696,8.808400010100636,2.872546210136976,1.6783849880847843,2.7475012718126686,1.1639540866845033,1.7114942224399043,1.636991090433822,5.097819770269684,2.3208368526159333,2.2193219212504394,2.9895500737491947,1.155349674696299,1.0457414178598736,1.3470556232170154,7.522076304216611,4.940730261454447,4.232293263580986,11.007958262586058,7.101101327807932,1.167388447291586,2.6009441163517373,2994,3.2309326633165827,0.19612107235555362,0.9849699398797596,0.9662658650634602,0.022712090848363394,0.009018036072144289,3,1,387.9844549341381,0.7306675234164559,0.024355584113881865,0.01293281516447127,1.0,-1.000088900581841e-12,3.0793000000000004
subject_03_task_1,3,1,,1,126,625.0,655.0,0.4349766013302481,30.0,0.3638888888888889,eye,中,5.533333333333333,6,83.5,4.03732584763727,79.0,88.0,20.501432664756503,6.216355048066716,1.6208296859656939,1.1168905643947715,4.577131142080282,3.387935427337913,1.4511982978780025,4.098101719178342,8.418044214014015,3.0778121075489047,1.7659633847590788,2.7482027272192595,1.1602585584249676,1.7428515982333317,1.5562059502123724,5.5539237935950005,2.6911089110947906,2.4285340178109998,3.119706178925785,1.1656489589523602,1.1081207392435322,1.2846046858086777,7.784235372772119,6.2645136222144915,4.9282544335016265,11.107676368663187,6.490445568097648,1.271142492081811,2.2538764015824064,2994,3.2383423513694054,0.1903338636426269,0.9836339345357381,0.9649298597194389,0.02237808951235805,0.011022044088176353,3,1,393.693003484665,0.7414180856585028,0.02471393618861676,0.013123100116155499,1.0,-1.000088900581841e-12,3.0793
subject_03_task_1,3,1,,1,127,630.0,660.0,0.43829703340147136,30.0,0.36666666666666664,eye,中,5.533333333333333,6,84.16666666666667,3.4302575219167823,80.0,88.0,9.164265129682919,6.086756455100991,1.8315776223113522,1.21492224628132,4.412953242880915,3.185491660165057,1.5075677706268975,3.632292730162979,8.679033604170838,3.8926190748728104,1.91084750625882,2.788972710939594,1.1171918346317729,2.0371165475648185,1.4595475053893883,6.106172415563708,3.3024597602787225,2.5716244634763923,3.1583053667788,1.1048222121240592,1.2841920767133965,1.228136305138938,8.645154688627121,9.347378824911496,5.405949396714758,10.533098117601492,5.568179487144859,1.7290910696633564,1.9484270651890576,2994,3.2495363727790814,0.1810385900696801,0.9782899131596526,0.957247828991316,0.024382097528390115,0.016366065464261857,3,1,393.693003484665,0.7414180856585028,0.02471393618861676,0.013123100116155499,1.0,-1.000088900581841e-12,3.0793
subject_03_task_1,3,1,,1,128,635.0,665.0,0.44161746547269465,30.0,0.36944444444444446,eye,中,5.533333333333333,7,83.71428571428571,3.3523268393901033,80.0,88.0,1.4953683281869703,5.90901477347879,1.92907217587469,1.2707898624954888,4.402300568835141,3.1874181778283903,1.518010359389012,3.4642238648254633,8.322464210847983,4.0673252521812175,2.014940899378248,2.7915528777921925,1.0761193823363822,2.0185829040624843,1.385426678595677,6.1792301157321345,3.4015715896929013,2.7060478094895757,3.220412447249751,1.0985275247164292,1.2570256806861508,1.1900796563742888,8.650755365388372,10.010459344641118,6.193489891797701,10.866050251830353,5.40635365497855,1.6162873467991592,1.7544309333935817,2994,3.203800201139792,0.19443584053133103,0.9819639278557114,0.9515698062792252,0.03206412825651302,0.013694054776219105,3,1,339.8620468081955,0.6400415194127975,0.021334717313759917,0.011328734893606517,1.0,-1.000088900581841e-12,3.0793
subject_03_task_1,3,1,,1,129,640.0,670.0,0.4449378975439179,30.0,0.37222222222222223,eye,中,5.533333333333333,6,84.33333333333333,3.204163957519444,81.0,88.0,-22.204081632653104,5.904436575718225,2.0685316024491636,1.314641326659296,4.243033211158057,3.18746064484325,1.573457003444139,3.2275215491211213,8.584413183651252,4.2376958790595465,2.1624970256452745,2.690754721663938,1.0639134623993742,1.959630847489858,1.2442813514904303,6.253622721750288,3.459355058620529,2.7113211444800926,3.1986337603815276,1.1063115518919728,1.2758927748796334,1.1797325325675794,8.726044211442384,9.204490988013598,6.1515071910077905,11.243654043327126,5.66741143681694,1.4962985008728638,1.8277884905609771,2994,3.1306513576935973,0.22498115981334865,0.979625918503674,0.9468937875751503,0.03674014696058784,0.013694054776219105,6,2,860.6391731411894,1.0378255854479501,0.03459418618159834,0.02868797243803965,0.9529009890641964,0.1898831993318103,3.0969348434777744
subject_03_task_1,3,1,,1,130,645.0,675.0,0.44825832961514117,30.0,0.375,eye,中,5.533333333333333,6,84.33333333333333,3.204163957519444,81.0,88.0,-22.204081632653104,5.885587504501045,1.958381399881832,1.2507285463828584,4.033632338661033,2.9210210059484054,1.5657925179252727,3.2250262059872306,8.647537915585316,4.0682603630745975,2.1095751611231166,2.7744240130274638,0.9319942413297184,1.928473769528409,1.315157698173877,6.395389446747066,3.3809559314841353,2.5717381768328123,3.1740288133916836,1.0598299141026222,1.3146579080020906,1.234195938756337,9.21246042257876,9.457255198900631,6.655245406329288,11.531211324794304,5.4325419733404985,1.4210227604689931,1.7326500558233153,2995,3.1222138069705094,0.21350173177451828,0.9819699499165275,0.9502504173622704,0.035392320534223705,0.012020033388981636,6,2,1550.2949591572424,1.5857573818081163,0.052858579393603874,0.05167649863857474,0.9401762270205003,0.22648235205705136,3.1016992574744586
subject_03_task_1,3,1,,1,131,650.0,680.0,0.45157876168636446,30.0,0.37777777777777777,eye,中,5.533333333333333,6,80.66666666666667,3.204163957519444,77.0,85.0,-21.217105263158054,6.5031852092773414,1.9967236558107535,1.2715752818496666,3.8885482266979525,2.7904818069476645,1.5702756134943636,3.058055847894093,9.138435578793699,4.220587962559891,2.0302313133485064,2.767673082146056,0.9568523610602874,2.0788704887024823,1.3632304181050534,6.867118124910284,3.336705606881307,2.4778176738411277,3.039822389037219,1.079179681282989,1.3466308042386048,1.226814394428331,9.804090274779837,9.330044306655706,6.429524976425374,11.514855692069235,5.755537073335991,1.4511249805958348,1.7909341256608904,2995,3.127682032301481,0.22551658377877157,0.9632721202003339,0.9248747913188647,0.04106844741235392,0.021368948247078464,6,2,2239.9507451732957,2.1336891781682827,0.07112297260560943,0.07466502483910986,0.9352870888520369,0.23974299794496817,3.1035298518888412
subject_03_task_1,3,1,,1,132,655.0,685.0,0.4548991937575877,30.0,0.38055555555555554,eye,中,5.533333333333333,5,79.8,2.6832815729997477,77.0,83.0,-21.32854578096958,7.410500644233268,1.849459032706102,1.2918107406018997,3.891355767367966,2.5647970434038743,1.4316795599983745,3.012326531326754,11.920982114779784,3.549701767424178,1.9875644414629015,2.7956319519660586,0.9160455017216433,1.7859555611749127,1.4065616659495064,6.908239985065197,2.9437412394580953,2.344140839081353,2.982688537136715,1.0353936687139762,1.255786849655211,1.2724015926899694,9.242526286191586,6.915286403358993,6.432827881727365,11.340607407637341,5.8032584480546126,1.0749994451121667,1.7629272251867123,2995,3.1417291386271873,0.22338862008354934,0.9686143572621035,0.9278797996661102,0.04340567612687813,0.016360601001669448,6,2,2929.6065311893485,2.681620974528449,0.08938736581761497,0.09765355103964495,0.9326998450783431,0.24659862326351992,3.1044985694496012
subject_03_task_1,3,1,,1,133,660.0,690.0,0.458219625828811,30.0,0.38333333333333336,eye,中,5.533333333333333,6,76.66666666666667,4.0824829046386295,71.0,81.0,-23.876765083440333,7.7208014268451075,1.8472016518392256,1.1826451895856576,3.9190483699974643,2.7315825656838815,1.5619237858536397,3.3137989352246144,13.631763981059505,3.646056376730062,1.9407419685189458,2.690148558944637,1.0710130513214395,1.8786919826918087,1.3861443729160925,7.135954533049042,2.7934338899984246,2.203903969151605,2.980554057532178,1.0887182062241303,1.2674934702684706,1.3523974271345156,9.5431702536683,6.007710795067879,5.815303581938918,11.23631623347422,5.976815212745584,1.033086357473501,1.9321977047547099,2995,3.1397616493462954,0.22331917194810194,0.9732888146911519,0.9342237061769616,0.04106844741235392,0.01302170283806344,6,2,3619.2623172054014,3.229552770888615,0.1076517590296205,0.12064207724018004,0.9310986075578461,0.25078787537268366,3.105098105883247
subject_03_task_1,3,1,,1,134,665.0,695.0,0.4615400579000342,30.0,0.3861111111111111,eye,中,5.533333333333333,6,74.83333333333333,4.215052391924288,70.0,81.0,-25.01308900523558,8.681317607935512,1.9914651194942716,1.3418143444207429,4.036725062219493,2.9099496978576673,1.4841584663144893,3.0084080402062887,14.637706387293322,3.87695050944529,2.189187553926347,2.9853521238972505,1.4917181313741656,1.7709540246982995,1.3636803838679643,7.4692015839767105,3.089125854820126,2.239713471654624,3.0948943503971806,1.131967977223265,1.3792504683815583,1.3818260190714389,10.80892412795538,6.730819018982467,6.601704537873647,10.52828915255571,5.365787342573437,1.0195577491188974,1.5947834520850555,2995,3.149225276567214,0.21898509776460465,0.9702838063439065,0.9252086811352254,0.04908180300500835,0.014691151919866445,3,2,4362.749059897924,3.8788611334944867,0.1292953711164829,0.14542496866326413,0.9308735274505446,0.2513735194851709,3.1051823805290066
subject_03_task_1,3,1,,1,135,670.0,700.0,0.4648604899712575,30.0,0.3888888888888889,eye,中,5.533333333333333,5,73.6,3.2863353450309964,70.0,77.0,-24.792993630573296,9.044165704918656,2.0150935621660526,1.3382560214789008,3.983342114992207,2.9312600362040158,1.505760878205638,2.976517236657178,14.81477492035321,3.9329659012175515,2.029864768436888,2.9731404307612017,1.3698516542238295,1.9375506991267013,1.464698770574106,7.6245234922719165,3.009441553587939,2.0456006357822796,3.0435121926711233,1.1174825124693601,1.4711774629641072,1.4878330302763236,10.733713433556282,6.868745797743931,6.119351553565788,10.794886984142485,5.655947378115993,1.1224630155039002,1.7640573334689735,2995,3.212217230975528,0.1726885183142995,0.9726210350584307,0.9235392320534224,0.05075125208681135,0.014691151919866445,3,2,3912.6073730862277,3.4786462530217626,0.11595487510072541,0.13042024576954092,0.9308735274505445,0.25137351948517095,3.105182380529006
subject_03_task_1,3,1,,1,136,675.0,705.0,0.4681809220424808,30.0,0.39166666666666666,eye,中,5.533333333333333,7,73.14285714285714,2.794552524023087,70.0,77.0,-12.170604725670715,8.619333306076589,2.0143328631526085,1.434469618873315,4.0783361699970335,3.0134808868837073,1.4042352913230323,2.8430969302788776,14.486891671948705,3.989003189674209,2.0804613738424163,3.012330974823794,1.504954772389176,1.9173646960370603,1.4479148772948869,7.284412272286282,3.312570724883476,2.0446705715033513,3.276310288381322,1.177081503674364,1.6200999667383567,1.602365845160281,11.928157339013447,8.202427761257104,6.103272093611735,10.525058713809665,5.396657834122294,1.3439393878314134,1.7244944273132101,2994,3.1682900737759896,0.14023270553920703,0.9726118904475618,0.9128256513026052,0.0614562458249833,0.014696058784235137,6,5,3158.005697748344,2.8082970074816958,0.09360990024938985,0.10526685659161147,0.9306761486443311,0.25351578245127454,3.1051676807519333
subject_03_task_1,3,1,,1,137,680.0,710.0,0.47150135411370403,30.0,0.39444444444444443,eye,中,5.533333333333333,6,71.83333333333333,1.1690451944500122,70.0,73.0,2.2600243013365797,8.318707214445553,2.405170945490892,1.4799997570435264,4.019606485874495,3.0481856896687347,1.6251157704887085,2.7159507741434576,14.141411608095686,4.57134517236202,2.2438448488549603,2.9210975615985326,1.3532973699649042,2.0372822009929914,1.3018268901654124,7.341051541259421,3.6387836023257156,2.170624599734271,3.250883547368857,1.1383633248968796,1.676376284858827,1.4976719363481055,11.413600116803103,9.907759267545968,6.3319324073309,10.649349401074124,5.2227115851102335,1.564729158522775,1.6818482441070697,2994,3.121219772879092,0.14651828628417585,0.9943219772879092,0.9348697394789579,0.06078824315297261,0.003674014696058784,6,5,2681.7391023808354,2.616892098173837,0.08722973660579457,0.08939130341269451,0.833794208935408,0.6530071870847463,3.0979524029648173
subject_03_task_1,3,1,,1,138,685.0,715.0,0.4748217861849273,30.0,0.3972222222222222,eye,中,5.533333333333333,6,71.83333333333333,1.1690451944500122,70.0,73.0,2.2600243013365797,6.724502836530473,2.2469589193224504,1.380132968585975,4.153136183362684,3.2534470188208835,1.6280742294161614,3.0092290220541646,9.35368847328216,4.348307653074807,2.077895952491618,2.977069275841601,1.566403674557147,2.092649368636925,1.4327326025500837,6.805760794314791,3.454256233966849,2.1658065464114173,3.3818890963857466,1.2007104384756144,1.5949052512055144,1.5614917694238615,11.482327809307918,9.389186499304195,6.174236164481473,10.053017562517555,5.205868979345355,1.520704140427502,1.628220446174305,2994,3.1038450233800936,0.1463503319989193,0.9923179692718771,0.9295257181028724,0.06412825651302605,0.005344021376085505,6,5,2205.4725070133263,2.425487188865978,0.08084957296219926,0.07351575023377754,0.6950694156601491,0.9806193676199408,3.08762088067647
subject_03_task_1,3,1,,1,139,690.0,720.0,0.4781422182561506,30.0,0.4,eye,中,5.533333333333333,5,71.8,1.0954451150103321,70.0,73.0,5.704225352112615,6.062123203593881,2.2285466587985856,1.377935919438739,3.9542648742772593,2.9796596825626884,1.6173079076901613,2.869701572107875,8.060398988964716,4.149081080785567,2.044769840690716,2.823141231922578,1.1913512864141156,2.0291188759826495,1.3806645499861885,6.101713178636837,3.3072334172269766,2.1854839038502174,3.19459943011411,1.0887663169256214,1.5132728323464415,1.4617355106052763,10.121551529796852,9.294871894146043,6.074582088338171,10.037622466785107,4.905955582251424,1.5301253253273346,1.6523972054069498,2994,3.1080006680026724,0.15759663373246124,0.9923179692718771,0.930193720774883,0.06379425517702071,0.004676018704074816,6,5,1729.205911645817,2.234082279558119,0.07446940931860398,0.057640197054860565,0.47992806083915146,1.256322954049255,3.071598238652644
subject_03_task_1,3,1,,1,140,695.0,725.0,0.48146265032737384,30.0,0.4027777777777778,eye,中,5.533333333333333,6,71.83333333333333,0.752772652709081,71.0,73.0,-3.217993079584883,5.611103909385496,2.081261981312541,1.2673395252173871,3.7671195542793896,2.8652330764131544,1.6422292052759433,2.9724627689120755,7.463937236658038,4.003498966597058,1.9611768778012173,2.5493493910287137,0.9755541213218999,2.0413757738596225,1.2999079378739815,6.2463840744683425,3.2194630458472524,2.261039744474909,3.1742903382964647,0.9886434884001828,1.4238860921018095,1.4039073599007628,9.753950003704617,9.51993638414576,5.922509936791638,9.917380845526706,4.656948431244946,1.6074158567478796,1.6745232935648198,2995,3.1218013355592653,0.1546511738376336,0.9896494156928214,0.9392320534223706,0.05175292153589316,0.007679465776293823,6,5,1252.9393162783083,2.04267737025026,0.06808924567500867,0.041764643875943606,0.5069724606652953,1.1698000099069652,3.043394561096872
subject_03_task_1,3,1,,1,141,700.0,730.0,0.48478308239859713,30.0,0.40555555555555556,eye,中,5.533333333333333,7,72.14285714285714,1.0690449676496976,71.0,74.0,0.9899175068744173,4.96408344672274,2.0456184824985453,1.2935024729984161,3.689293354118401,2.855676346168801,1.5814569552052569,2.8521734060286703,7.020705857507463,3.7887327696798203,2.0053262703725196,2.5521385710471027,0.9731417227245353,1.8893348307734512,1.2726799667233224,6.049454353130368,2.8649021209784498,2.1711710532263715,3.069516899273677,0.8601359173230214,1.3195193058240116,1.4137609723160038,9.229104079246925,8.35147256894228,5.379763626623485,8.611700298277267,3.8378757131443457,1.5523865263544925,1.6007581180071755,2995,3.1059986644407345,0.1617485471853944,0.9896494156928214,0.9358931552587646,0.05509181969949917,0.007679465776293823,3,3,1395.693067405555,2.401635071740139,0.08005450239133796,0.046523102246851834,0.5688298918387414,0.8960184769223833,3.035855619469027
subject_03_task_1,3,1,,1,142,705.0,735.0,0.48810351446982037,30.0,0.4083333333333333,eye,中,5.533333333333333,5,72.2,1.3038404810405297,71.0,74.0,1.610337972167011,4.74966650689692,1.8962484009768217,1.258362526387777,3.772254673168754,2.971038872163206,1.5069174114872472,2.9977487362066406,6.992030827174777,3.533194707045513,1.9973694043705628,2.5557662469739197,1.0121746736909814,1.7689240154146348,1.2795661340268334,6.013971376324731,2.7435454798796948,2.225725243586206,2.8471053559179493,0.8146132523756905,1.2326523625437025,1.2791809609574913,9.273734160896872,6.991284463944748,4.656626126676456,7.314402395840627,3.192833858695812,1.5013626333223775,1.5707514833408127,2995,3.1053344492802144,0.16912037597239793,0.9823038397328882,0.9345575959933222,0.05008347245409015,0.012687813021702838,3,3,1674.0281473759294,2.8805794079723466,0.09601931359907821,0.055800938245864316,0.5688298918387413,0.8960184769223833,3.0358556194690265
subject_03_task_1,3,1,,1,143,710.0,740.0,0.49142394654104365,30.0,0.4111111111111111,eye,中,5.533333333333333,5,73.4,3.361547262794322,71.0,79.0,23.080724876441444,4.574775243379704,1.4308847343968438,1.2335992519959527,3.828183651433681,2.8192234903561677,1.1599267201902765,3.1032635965364874,6.465039694199888,2.6788971548121747,1.9733729138309497,2.7134990792189098,0.9912815080127548,1.357522005109301,1.3750564123995894,5.688673634280509,2.1689725520827157,2.109092075706533,2.764600057099898,0.771845828488775,1.028391589473932,1.3108010261589806,8.47283994436674,4.87410254066828,4.049328202006623,6.721466796750684,2.883093817851906,1.2036817707818654,1.659896768412078,2995,3.1315386675594246,0.14945491750247664,0.9823038397328882,0.9362270450751252,0.048414023372287146,0.012687813021702838,3,3,1674.0281473759294,2.8805794079723466,0.09601931359907821,0.055800938245864316,0.5688298918387413,0.8960184769223833,3.0358556194690265
subject_03_task_1,3,1,,1,144,715.0,745.0,0.49474437861226694,30.0,0.41388888888888886,eye,中,5.533333333333333,7,75.0,3.872983346207417,71.0,79.0,20.766267123287715,4.900833812993679,1.5809770282011613,1.3485260597481654,3.7666441108225377,2.9988199107947935,1.172374101911242,2.7931563380584215,7.048018690381801,2.930983474357682,2.125821990148683,2.6697668195652704,1.0504540961681208,1.3787530131592463,1.2558750600649038,5.839069420880768,2.4148624097914775,2.17366942103964,2.6533605404942757,0.7927653578505642,1.1109612098404908,1.2206826460415519,9.901147891783728,5.134397142237688,4.107524777629315,6.758179119439004,2.686982834951397,1.2499978503358022,1.6453167017386883,2995,3.1458307588985894,0.14799754501237258,0.9809682804674458,0.9465776293823038,0.03706176961602671,0.014023372287145243,3,3,1674.0281473759294,2.8805794079723466,0.09601931359907821,0.055800938245864316,0.5688298918387413,0.8960184769223833,3.0358556194690265
subject_03_task_1,3,1,,1,145,720.0,750.0,0.4980648106834902,30.0,0.4166666666666667,eye,中,5.533333333333333,7,76.0,3.872983346207417,71.0,79.0,19.5944881889764,5.006031694541846,1.6364362407278297,1.283176527313426,4.147569319846694,3.3360271618523,1.2753009472157506,3.23226713672079,6.953673190882866,2.962681529350336,2.007187617042882,2.8136943774636904,1.231739083934072,1.4760361732976157,1.4018093543288224,5.65644603677023,2.3042938098327257,1.9921185927402698,2.6248452403977387,0.8838775821344754,1.1567051370486139,1.3176149502159498,9.381940131259258,5.094232232975649,3.8209609924723362,6.464932745517093,3.0479150018513033,1.3332332476075472,1.691965125593702,2995,3.133409565510273,0.14741922267144267,0.9792988313856428,0.9492487479131887,0.0330550918196995,0.015692821368948246,3,3,1674.0281473759294,2.8805794079723466,0.09601931359907821,0.055800938245864316,0.5688298918387413,0.8960184769223833,3.0358556194690265
subject_03_task_1,3,1,,1,146,725.0,755.0,0.5013852427547134,30.0,0.41944444444444445,eye,中,5.533333333333333,6,78.16666666666667,2.0412414523193148,74.0,79.0,9.521896343913314,5.403042259042229,1.7451767725158547,1.3187167735934215,4.604909305090257,3.7667954991907084,1.3233901376414254,3.4919623358867002,7.192299845511285,2.976504667690991,2.0090129603861437,2.9743456939964186,1.4619343059005014,1.4815756425577713,1.48050099857232,5.212959262907183,2.5458751256104133,2.089441775792336,2.6301820768291035,1.0634246970822412,1.2184475083757687,1.2587965394880236,10.268394792791534,4.5586601384854,3.404331180810526,6.742366446784842,3.4373820333262066,1.3390765752114762,1.9805260089823498,2994,3.0948754678462063,0.17203634862693284,0.9739478957915831,0.9452237808951236,0.032732130928523714,0.020708082832331328,3,3,1674.0281473759294,2.8805794079723466,0.09601931359907821,0.055800938245864316,0.5688298918387413,0.8960184769223833,3.0358556194690265
subject_03_task_1,3,1,,1,147,730.0,760.0,0.5047056748259368,30.0,0.4222222222222222,eye,中,5.533333333333333,6,79.16666666666667,0.408248290463863,79.0,80.0,1.8941751889729144,5.589345893830389,1.7039747020355147,1.3563611477258357,5.183191533831063,4.642656207153873,1.2562839217950992,3.8213948715071515,6.833233775760847,2.943449093319526,2.1676662538542097,4.062054690536383,2.8521724863385884,1.3578885070918731,1.8739299388519166,5.335798437425383,2.265286456745015,2.0972862543115074,2.9548947676194404,1.4197202665137119,1.0801036110774769,1.4089134287438825,9.365426174483964,4.567999942323066,3.7892299311147917,7.759257374156078,4.447763679978583,1.2055219728983722,2.0477135236481425,2994,3.0738291182501705,0.16737129261872621,0.966933867735471,0.9458917835671342,0.026052104208416832,0.026720106880427523,3,3,1674.0281473759294,2.8805794079723466,0.09601931359907821,0.055800938245864316,0.5688298918387413,0.8960184769223833,3.0358556194690265
subject_03_task_1,3,1,,1,148,735.0,765.0,0.50802610689716,30.0,0.425,eye,中,5.533333333333333,6,79.16666666666667,0.408248290463863,79.0,80.0,1.8941751889729144,5.973460913489548,1.9028161302757358,1.4226263127421712,5.942537717169117,5.688805253588942,1.3375375622063244,4.1771599920112745,7.89055200367745,3.3710836757254774,2.31622721206933,5.662096047885323,4.924635924098959,1.455420115159485,2.4445339465754636,5.754232333181493,2.6973929493995294,2.1365242619114793,3.186903263993486,1.7353117646109655,1.2625145417193901,1.4916298030438777,10.788477487114548,5.90672514612999,4.745847335254432,8.021630830755852,4.789292177898761,1.2446091770066012,1.6902420714563084,2994,3.0462103092783512,0.1546802635864828,0.9622578490313961,0.9395457581830328,0.026052104208416832,0.03206412825651302,3,3,1674.0281473759294,2.8805794079723466,0.09601931359907821,0.055800938245864316,0.5688298918387413,0.8960184769223833,3.0358556194690265
subject_03_task_1,3,1,,1,149,740.0,770.0,0.5113465389683832,30.0,0.42777777777777776,eye,中,5.533333333333333,7,80.42857142857143,2.1491969707422394,79.0,84.0,10.456484641638168,5.873992480440243,1.8823366419465768,1.3597431973844445,6.705867672718021,7.1643681690874,1.384332457457684,4.9317162870291975,7.802556659214223,3.5400281035386185,2.268483048197866,7.485191466319957,7.005150055822256,1.56052658464911,3.2996461984877348,5.58350433747294,2.6988620626659254,2.0903532146424872,3.793701668159634,2.1887418729883446,1.29110336174813,1.8148615466446276,10.83596614656326,6.576205067335775,5.029647432071966,8.932527125200966,5.2401727397954465,1.3074882794770175,1.775974806552436,2994,3.022300930713547,0.14988578903387034,0.9589178356713427,0.9352037408149633,0.026052104208416832,0.03507014028056112,3,3,1674.0281473759294,2.8805794079723466,0.09601931359907821,0.055800938245864316,0.5688298918387413,0.8960184769223833,3.0358556194690265
subject_03_task_1,3,1,,1,150,745.0,775.0,0.5146669710396066,30.0,0.4305555555555556,eye,中,5.533333333333333,5,81.0,2.345207879911715,79.0,84.0,17.091836734693672,6.020147895944213,1.920014771182822,1.4213628088735286,7.474181679003839,8.159250834282382,1.350826656780537,5.258461549959468,8.459216427200124,3.6629457685996787,2.377617365137986,9.11762815577386,9.346758345070487,1.5405951446636992,3.8347752205471943,6.149310526524266,2.7214743834021897,2.1882438087313743,4.080257111118224,2.550272562185281,1.2436796907836123,1.8646263706253725,12.37504935518003,6.7620074665990595,5.152520325497565,9.453380829031289,5.579295907525957,1.3123689067536226,1.834710050972657,2994,2.9864168384879726,0.15913613839989724,0.9599198396793587,0.9275217100868404,0.033066132264529056,0.03373413493653975,3,3,1674.0281473759294,2.8805794079723466,0.09601931359907821,0.055800938245864316,0.5688298918387413,0.8960184769223833,3.0358556194690265
subject_03_task_1,3,1,,1,151,750.0,780.0,0.5179874031108298,30.0,0.43333333333333335,eye,中,5.533333333333333,6,82.33333333333333,2.2509257354845507,79.0,84.0,13.386837881219966,6.358720037227347,1.8220264614567216,1.490167207537743,7.444845606494021,8.117809057295274,1.222699340208487,4.995980027500006,8.781336986926162,3.5210391382005244,2.3763802346485066,9.77806233032175,10.061921423208567,1.481681713583738,4.1146876193270625,5.969532303059734,2.751327434217327,2.2934640678444165,4.205944824583266,2.5163038115792338,1.1996383430603503,1.8338830259225967,13.72341809061872,7.15291552625159,5.11687664674587,9.423738860294291,5.0916417140449255,1.3979065785767104,1.841697486744656,2995,3.0166486301369866,0.17558374572387297,0.9639398998330551,0.927212020033389,0.03639398998330551,0.030717863105175294,3,3,1556.288167677155,2.67797865627829,0.08926595520927633,0.051876272255905166,0.5688298918387414,0.8960184769223833,3.0358556194690265
subject_03_task_1,3,1,,1,152,755.0,785.0,0.521307835182053,30.0,0.4361111111111111,eye,中,5.533333333333333,6,82.5,1.9748417658131499,80.0,84.0,0.7401315789473977,7.233930448679463,1.8134426029422006,1.487862293953408,7.706385608743464,8.368529867797445,1.2188242220479228,5.179501920346929,9.670931056532366,3.421281829822471,2.400695503556603,10.455559859919875,11.321120159830334,1.425121105427107,4.35522116171338,6.421373350039368,2.781070388111903,2.248685172057468,4.158797500821286,2.48127441107823,1.2367540030369488,1.8494351955085522,13.333693847828359,7.0646959971002445,5.103278519586337,9.095427899130984,4.791035621857408,1.3843445875011533,1.7822715072718083,2995,3.0660379789759236,0.1734671086117881,0.9722871452420702,0.9308848080133556,0.04006677796327212,0.02270450751252087,6,5,1468.4666357956048,2.6145847023800473,0.08715282341266824,0.04894888785985349,0.4947725770845241,1.2166659590206148,3.0383522784082557
subject_03_task_1,3,1,,1,153,760.0,790.0,0.5246282672532764,30.0,0.4388888888888889,eye,中,5.533333333333333,6,82.5,1.9748417658131499,80.0,84.0,-10.623946037099518,7.3667741744907085,1.9459732611164178,1.31490439987591,7.038632634809347,7.454675327225205,1.4799351658569726,5.352961504633794,9.763585114277896,3.8533918662296878,2.087225797770649,9.429927029177316,10.049064923178937,1.846178726971211,4.517923762368859,5.708067289360358,2.911213250321288,2.2559461866194637,3.9792687307796895,2.1524659595926723,1.290462187257996,1.7639023281590884,13.859733641753264,7.488633425442461,4.750442536462514,8.47183758243425,4.276514886320924,1.5764075384477718,1.7833786047105677,2995,3.0775678595543554,0.16436457206433444,0.9766277128547579,0.9282136894824707,0.04641068447412354,0.019031719532554257,6,5,1436.8521611136046,2.6736995915496977,0.08912331971832325,0.04789507203712015,0.39520475995293375,1.356270342931922,3.041708960749846
subject_03_task_1,3,1,,1,154,765.0,795.0,0.5279486993244996,30.0,0.44166666666666665,eye,中,5.533333333333333,6,82.5,1.9748417658131499,80.0,84.0,-10.623946037099518,6.887183910535772,1.874270894396552,1.2684846171640323,6.612552662254931,7.138819526140379,1.477566908605391,5.212954554418406,9.51940533211149,3.6116233303087726,2.0399749153937186,8.830188812900467,9.878757434257109,1.7704253631039004,4.328577153703003,6.059261512829735,2.728382324233235,2.2470965648633583,3.815226225308977,1.9740239129846604,1.214181164661761,1.6978470284569072,12.215302286065345,6.367713960291208,4.322892255917495,8.538131086869333,4.177697933426707,1.473021667744462,1.9750968984206598,2995,3.1018148024112526,0.161515694157587,0.9849749582637729,0.9425709515859766,0.041736227045075125,0.011018363939899833,6,5,1405.237686431604,2.732814480719349,0.0910938160239783,0.046841256214386805,0.42420336000072895,1.3410292430893627,3.045216677681427
subject_03_task_1,3,1,,1,155,770.0,800.0,0.5312691313957228,30.0,0.4444444444444444,eye,中,5.533333333333333,6,80.0,3.5777087639996634,76.0,84.0,-23.216444981862058,6.6646875212799666,1.9250695501031818,1.2635790500699033,5.880066912610122,5.849073048696096,1.523505434817619,4.653501426986168,8.69113070050386,3.70410486057607,1.945349571223453,7.141261364936903,8.092838167632948,1.9040818757558906,3.6709399023054146,5.081615819699251,2.9354380127888406,2.1145713992285393,3.368427411002385,1.5602839502922206,1.3881952691972372,1.592959884083976,10.945082932754422,6.967908417705225,4.234037854830222,8.24983994547052,3.5109077001007165,1.6456887388846044,1.9484568226188719,2995,3.124898861352981,0.15170910348131736,0.9849749582637729,0.9472454090150251,0.03772954924874791,0.011018363939899833,6,5,1373.6232117496036,2.791929369888999,0.0930643123296333,0.04578744039165345,0.5904749928639763,1.1782715489114974,3.0488858575632203
subject_03_task_1,3,1,,1,156,775.0,805.0,0.5345895634669461,30.0,0.44722222222222224,eye,中,5.533333333333333,6,80.0,3.5777087639996634,76.0,84.0,-23.216444981862058,6.885825293775773,1.8512702577537452,1.1741567926708547,5.71125682778366,5.568849825169792,1.5766806182185094,4.864134724964852,8.46592684255654,3.440476293201827,1.9642405014921553,6.57458535391746,7.133247836960734,1.7515555201047093,3.3471386772256295,5.534229475636639,2.7272717976819907,2.084978364124697,3.2262077011376844,1.412037591875264,1.3080576012724896,1.5473578798943994,9.763595900973996,6.044481118822522,3.907857878233711,7.632525105977012,3.290348392745129,1.5467504978851816,1.9531224890468102,2995,3.1143824514400538,0.1411033469461854,0.9856427378964941,0.9449081803005008,0.04240400667779633,0.009348914858096828,6,5,1342.0087370676033,2.85104425905865,0.09503480863528833,0.04473362456892011,0.7645805394452162,0.816542865158744,3.052727911423062
subject_03_task_1,3,1,,1,157,780.0,810.0,0.5379099955381694,30.0,0.45,eye,中,5.533333333333333,5,77.4,2.4083189157584592,75.0,80.0,-15.960170697012973,6.116163227426821,1.8810685967258785,1.1699263237141113,5.516392047425074,5.469768665173777,1.6078521857292145,4.715161917130335,8.293294960691242,3.480660737473473,1.9933584222832283,6.129084797753603,6.4817021794528245,1.7461288941136144,3.0747530043960887,5.881769451030571,2.7906479019530197,2.100194623700522,3.1625760206600657,1.429159688841799,1.3287568068505604,1.5058490222623455,10.539461873421526,5.823291302453419,3.9841007043363237,7.147509352707509,3.036148025977399,1.461632557659827,1.7940082048950492,2994,3.0851587939698493,0.13622226300015283,0.9829659318637275,0.9378757515030061,0.047428189712758854,0.011356045424181697,3,2,1428.1342420843773,3.112759899922357,0.10375866333074524,0.04760447473614591,0.8690061028770707,0.38827170608834183,3.0550323103748918
subject_03_task_1,3,1,,1,158,785.0,815.0,0.5412304276093927,30.0,0.4527777777777778,eye,中,5.533333333333333,5,76.4,2.073644135332772,75.0,80.0,-12.007926023778106,5.758651101777474,2.0075751111315707,1.1407055110398718,5.441272455188232,5.3519986234171935,1.7599416253380393,4.770093948461724,7.338545447236946,3.6106099240047747,2.037290497612584,5.765321319767257,5.657069409779871,1.7722607199296803,2.829896534894458,5.718785066558977,2.6688676255655794,1.9852723517028597,3.0047436029341457,1.362201163759515,1.3443332464064028,1.513517075053626,9.343924459244763,5.546869433869053,4.09435473620358,7.049013240176884,2.9268190725281027,1.3547603447307284,1.7216420399159065,2994,3.0566448911222786,0.1295406293782573,0.9822979291917168,0.9428857715430862,0.04241816967267869,0.012024048096192385,3,2,1484.3412992839271,3.235268742990251,0.10784229143300837,0.04947804330946424,0.8690061028770706,0.38827170608834194,3.0550323103748913
subject_03_task_1,3,1,,1,159,790.0,820.0,0.5445508596806159,30.0,0.45555555555555555,eye,中,5.533333333333333,6,75.33333333333333,0.5163977794943223,75.0,76.0,-2.7609890109889723,5.363982465921205,1.8767329820282468,1.1602158000461962,5.503406203382715,5.080238553464173,1.6175723360718939,4.743433250231195,6.753278034031916,3.411118430617227,2.040339927651637,5.4224115036788625,5.004619256043401,1.671838297328872,2.657602015326866,6.135717397866105,2.585052298423903,2.0125424574523585,2.9516677384067855,1.3633426761433403,1.2844709381665789,1.466636257772792,9.78996573787712,5.888620472555772,3.958160170433526,6.952710118485236,2.8620861257110817,1.4877165700727084,1.7565509780074728,2994,3.025428091397849,0.14053177589961238,0.978623914495658,0.9418837675350702,0.04041416165664663,0.01503006012024048,3,2,1484.3412992839271,3.235268742990251,0.10784229143300837,0.04947804330946424,0.8690061028770706,0.38827170608834194,3.0550323103748913
subject_03_task_1,3,1,,1,160,795.0,825.0,0.5478712917518392,30.0,0.4583333333333333,eye,中,5.533333333333333,7,75.28571428571429,0.48795003647426655,75.0,76.0,-2.3974082073434317,5.2127995808179755,1.7028639613092675,1.2013078755529845,5.39913446102207,4.934428271587436,1.4175083639782244,4.494380309075014,6.511578382121126,2.8724425994621954,2.0745447017321443,4.973084723904667,4.158314642530376,1.38461349956154,2.397193331024577,5.43768474404021,2.212452192797908,1.8991553967094421,2.798240230217212,1.3110725692152903,1.1649663827569336,1.4734129893033305,9.111359834203377,4.22320817486468,3.6808843660369988,7.000437422315301,2.914118995498138,1.1473351930942537,1.901835734615124,2994,2.9973966216216215,0.13216273669740328,0.9736138944555778,0.9385437541750167,0.041082164328657314,0.018036072144288578,3,2,1484.3412992839271,3.235268742990251,0.10784229143300837,0.04947804330946424,0.8690061028770706,0.38827170608834194,3.0550323103748913
subject_03_task_1,3,1,,1,161,800.0,830.0,0.5511917238230625,30.0,0.46111111111111114,eye,中,5.533333333333333,6,75.66666666666667,1.632993161855452,75.0,79.0,8.34990059642155,5.424835102937989,1.684303492767192,1.1887533693516554,5.375080991684447,4.597180365021073,1.4168653786325829,4.521611572479504,7.80913407552121,3.1071804075717697,2.0770565717311844,4.412507604771446,3.5779535356367997,1.4959536730297134,2.124404151926257,5.672033096112989,2.496577989937826,1.8861495561702317,2.692209162964171,1.3121415077852872,1.323637344541782,1.4273572072569995,10.242036751122887,5.0363396849178175,4.089461621806211,6.695002761392627,3.007473100383931,1.231541007271611,1.6371354913059717,2995,2.947881836596894,0.12485595975574347,0.9729549248747913,0.9402337228714525,0.04006677796327212,0.017696160267111852,3,2,1484.3412992839271,3.235268742990251,0.10784229143300837,0.04947804330946424,0.8690061028770706,0.38827170608834194,3.0550323103748913
subject_03_task_1,3,1,,1,162,805.0,835.0,0.5545121558942857,30.0,0.4638888888888889,eye,中,5.533333333333333,7,75.85714285714286,1.5735915849388864,75.0,79.0,6.875934230194363,5.379488423760203,1.657082356144676,1.2909034603734806,5.35613548152352,4.554130025761312,1.2836609452307561,4.14913713220189,7.424257009048407,2.898265842448892,2.179484643798817,4.319706745620486,3.473929198993334,1.3297941101329567,1.98198540095758,5.405778713755895,2.436054455681287,1.7934119039804215,2.7056439220710065,1.2821034545832675,1.3583351656552187,1.5086572783786674,9.515731547240394,4.65706392570448,4.129218119238389,6.851429079162904,2.8705609794162044,1.1278319021237486,1.659255791608948,2995,2.9500047586675735,0.11357586762165237,0.9666110183639399,0.9449081803005008,0.02938230383973289,0.024707846410684475,3,2,1484.3412992839271,3.235268742990251,0.10784229143300837,0.04947804330946424,0.8690061028770706,0.38827170608834194,3.0550323103748913
subject_03_task_1,3,1,,1,163,810.0,840.0,0.557832587965509,30.0,0.4666666666666667,eye,中,5.533333333333333,6,76.0,1.6733200530681511,75.0,79.0,8.813559322033946,5.1523127921039,1.4616263008015453,1.3044941741687328,5.334988091875556,4.320074322531479,1.120454448739062,4.089698672111885,7.301034127117013,2.6886501228003468,2.224166174277951,4.151618909296018,3.480926947382079,1.2088350924018458,1.8665956515788626,5.085788345397768,2.2256374242548436,1.8618794555413776,2.730914943078494,1.2491034860445702,1.1953713854196304,1.4667517464413007,9.218293324524515,4.303059793447416,4.446357617887472,6.816282462616898,3.0779561885026894,0.9677718625547402,1.5330036511672698,2995,2.9140041025641024,0.10230161802334642,0.9606010016694491,0.9472454090150251,0.02337228714524207,0.028380634390651086,3,2,1484.3412992839271,3.235268742990251,0.10784229143300837,0.04947804330946424,0.8690061028770706,0.38827170608834194,3.0550323103748913
subject_03_task_1,3,1,,1,164,815.0,845.0,0.5611530200367323,30.0,0.46944444444444444,eye,中,5.533333333333333,7,75.42857142857143,1.9880595947760098,73.0,79.0,-2.887236679058191,5.336887322791764,1.4394986718455725,1.4136179554718633,5.095518291551433,4.2427976224438755,1.0183081406638403,3.6045936399064464,7.563506477191322,2.6112060144178577,2.3376676392840774,4.1016818370117205,3.3816768739644782,1.117013372875176,1.7546043620930996,5.302267804692181,2.3084339259615017,2.016433798315708,2.8137387509872838,1.2041866026671348,1.1448101732324147,1.39540348576658,9.685137715592587,4.288896869679984,4.676072505206266,7.052653505877278,3.0227043411092764,0.917200677471274,1.5082429748522856,2995,2.912443567753002,0.1018036340861261,0.9599332220367279,0.9442404006677796,0.025375626043405677,0.02938230383973289,3,2,1484.3412992839271,3.235268742990251,0.10784229143300837,0.04947804330946424,0.8690061028770706,0.38827170608834194,3.0550323103748913
subject_03_task_1,3,1,,1,165,820.0,850.0,0.5644734521079555,30.0,0.4722222222222222,eye,中,5.533333333333333,6,75.16666666666667,2.401388487243717,73.0,79.0,-9.639889196675794,5.8569803794216435,1.376197526626198,1.3511507789256167,5.0035024299094815,4.103753298874039,1.01853734467777,3.7031414316972637,7.956088287609892,2.526441708965038,2.302839176903963,3.992967409588296,3.22923248269071,1.097098631247752,1.7339323777514566,5.31922902901853,2.2409683007513443,2.1470713257255367,2.769220408233549,1.1427067859939608,1.043732583031017,1.2897663785332218,9.578276142599202,3.9210411664038465,4.834648356941986,6.849603250714686,2.8333596442409736,0.8110292366504159,1.416773826141763,2995,2.9292585499316006,0.1637800968638164,0.9616026711185309,0.9499165275459098,0.021035058430717863,0.02671118530884808,3,2,1484.3412992839271,3.235268742990251,0.10784229143300837,0.04947804330946424,0.8690061028770706,0.38827170608834194,3.0550323103748913
subject_03_task_1,3,1,,1,166,825.0,855.0,0.5677938841791789,30.0,0.475,eye,中,5.533333333333333,5,75.2,2.6832815729997477,73.0,79.0,-20.49403747870524,6.831487216966078,1.6245663722587742,1.4849313081116164,4.869336841923019,3.9672538621245184,1.0940346960053873,3.2791663933029622,7.846098533491549,2.854757143329906,2.36535399906206,4.240342029290117,3.3180038952944577,1.2069048203617345,1.7926881265855137,5.499379478172633,2.5192918195573477,2.1518065402232933,2.8411114282855987,1.0803465350117032,1.170779887719795,1.320337760471151,9.438538953761585,4.888455994829947,4.957580522908221,6.5974997543279885,2.712058298107065,0.9860568017485828,1.3307902360520323,2995,2.9299250000000003,0.16512132694535844,0.9609348914858097,0.9485809682804675,0.02036727879799666,0.028714524207011687,3,2,1484.3412992839271,3.235268742990251,0.10784229143300837,0.04947804330946424,0.8690061028770706,0.38827170608834194,3.0550323103748913
subject_03_task_1,3,1,,1,167,830.0,860.0,0.5711143162504021,30.0,0.4777777777777778,eye,中,5.533333333333333,6,74.33333333333333,1.505545305418162,73.0,77.0,-3.140910720688463,6.725204571678315,1.6433239626528588,1.4183762257955346,5.10651133249546,4.592628413303643,1.158595253337073,3.600251639603826,7.175676870881483,2.9543710226522406,2.2201577445046445,5.082957383452112,4.6447186200738315,1.3307032033939605,2.289457763095211,5.452365915722636,2.654076499320408,2.3264901368595936,3.070226371897642,1.293941846172856,1.1408071142321738,1.3196816626276262,9.237904329961038,5.67018035563206,4.919819563325125,7.548309368165692,3.346026201386677,1.1525179496216715,1.53426548900994,2994,2.9504099760847278,0.16152117792691753,0.9612558450233801,0.9392117568470274,0.03072812291249165,0.026052104208416832,3,2,1484.3412992839271,3.235268742990251,0.10784229143300837,0.04947804330946424,0.8690061028770706,0.38827170608834194,3.0550323103748913
subject_03_task_1,3,1,,1,168,835.0,865.0,0.5744347483216253,30.0,0.48055555555555557,eye,中,5.533333333333333,6,74.16666666666667,1.1690451944500122,73.0,76.0,6.0979228486645995,6.954019207209938,1.9370654837539378,1.705556809912949,9.5469910792993,11.566005742586038,1.1357378848335196,5.597580229407061,7.695655553830903,3.7736214479196906,2.8237676693412266,14.48730079073639,18.065483285573563,1.336378162017862,5.130486104799202,6.241284971821725,2.895883240958381,2.3471636760630776,5.41565393166621,4.8283117152487955,1.2337798469238739,2.307318397475349,10.741034480596278,6.405226570341284,5.187917966427669,8.219716678150855,4.510745576667735,1.2346429939315016,1.5843960392864194,2994,3.010557516118086,0.20441028802961037,0.9696058784235136,0.9382097528390113,0.03907815631262525,0.01903807615230461,3,2,1484.3412992839271,3.235268742990251,0.10784229143300837,0.04947804330946424,0.8690061028770706,0.38827170608834194,3.0550323103748913
subject_03_task_1,3,1,,1,169,840.0,870.0,0.5777551803928486,30.0,0.48333333333333334,eye,中,5.533333333333333,7,74.57142857142857,1.511857892036909,73.0,77.0,7.518703241895155,6.53398737294116,1.9706101150083322,1.7131367557682313,10.151066410151426,12.401196520029718,1.1502935234873533,5.925426779836574,7.482677474353484,3.718181498611466,2.7656041436728707,15.469118689425398,19.17430160694791,1.3444373473036244,5.59339583172651,6.102184209789424,2.988591050312527,2.3507665581811787,5.687787304676839,5.41231910228845,1.2713261722698839,2.4195457796020206,9.818123953640155,6.693382111389056,4.9502569399875,8.916619401351454,5.117827270778186,1.3521282213294483,1.801243755515844,2994,3.0811843707713127,0.20900296269561117,0.9722778891115564,0.9328657314629258,0.045090180360721446,0.01837007348029392,3,2,1484.3412992839271,3.235268742990251,0.10784229143300837,0.04947804330946424,0.8690061028770706,0.38827170608834194,3.0550323103748913
subject_03_task_1,3,1,,1,170,845.0,875.0,0.5810756124640719,30.0,0.4861111111111111,eye,中,5.533333333333333,5,75.0,1.5811388300841898,73.0,77.0,11.538461538461577,6.905981677225805,2.090904521920263,1.7705372946070936,10.032367785697097,12.433466456578891,1.1809435069732679,5.666284362523647,7.766332803114526,4.081876618162187,2.870089491178419,15.989774481682103,19.8204089655531,1.422212314531776,5.57117627545367,6.190790935024971,3.158676846535129,2.3703062521984037,5.607327969429372,5.136528237822397,1.3326028413440372,2.3656554777378265,10.281180556305925,7.315349504151313,5.025462351816009,8.923343449987456,5.240632198837855,1.455657010644568,1.775626365355797,2994,3.1389949426837496,0.22421852214802926,0.9762859051436206,0.9318637274549099,0.049432197728790914,0.01503006012024048,3,2,1428.1342420843773,3.112759899922357,0.10375866333074524,0.04760447473614591,0.8690061028770707,0.38827170608834183,3.0550323103748918
subject_03_task_1,3,1,,1,171,850.0,880.0,0.5843960445352951,30.0,0.4888888888888889,eye,中,5.533333333333333,6,76.0,1.2649110640673518,74.0,77.0,8.066783831282956,5.705882003490307,2.082663477407216,1.7061904585624232,10.564803775307153,13.17386924674289,1.220651227391106,6.192042466471586,7.542030567753939,3.8761862513640293,2.859914501297464,16.538748966797623,20.515098521040404,1.3553503958266973,5.782952238360431,6.116836019780855,3.218057447229104,2.405511388536499,5.840285656097798,5.66777545452096,1.3377851639218195,2.4278769512086984,10.601717413171096,6.999293564819599,4.713009668958023,9.14857317038967,5.489564769269421,1.4851006164744491,1.9411318484335476,2994,3.1805691166554277,0.1802079923765491,0.9782899131596526,0.9268537074148296,0.05444221776887107,0.014362057448229793,6,5,1210.926643610924,2.6299078272675533,0.08766359424225177,0.04036422145369747,0.8473459309373521,0.521219054840308,3.0544467572312706
subject_03_task_1,3,1,,1,172,855.0,885.0,0.5877164766065184,30.0,0.49166666666666664,eye,中,5.533333333333333,7,76.14285714285714,1.2149857925879117,74.0,77.0,6.766345666497745,5.296711336754448,1.8542504505585873,1.6633347142065775,10.45538287941452,13.07150904768843,1.1147789045231813,6.28579611193999,7.357151441775571,3.5163376851544474,2.863010309667914,16.522815838764227,20.961439323944987,1.2281959562913045,5.771133894617634,6.763910129799331,2.815484075352839,2.3165071937016606,5.673363990493206,5.24559636024966,1.2154005318903582,2.449102686112301,11.926480230231917,6.087389552309503,4.660746567497484,8.729847140653364,4.993208380219014,1.3060975241093258,1.8730576773971044,2995,3.1674104452628056,0.19975526787607478,0.9846410684474124,0.9215358931552587,0.06410684474123539,0.009348914858096828,6,5,1335.2435461999523,2.784777460130169,0.0928259153376723,0.04450811820666508,0.607447351806319,1.1969766929135417,3.047961427033927
subject_03_task_1,3,1,,1,173,860.0,890.0,0.5910369086777417,30.0,0.49444444444444446,eye,中,5.533333333333333,6,76.5,0.8366600265340756,75.0,77.0,-2.2314049586776035,4.865320564003934,1.8165186245618818,1.4986566096021754,7.209669738665326,7.514222855837005,1.2120979635515599,4.810754973802279,6.87524933602299,3.404857623762718,2.537001812397014,9.692436056031081,10.130447502395269,1.3420793028703968,3.8204292991314253,5.847286260090569,2.7998591587550363,2.1449279659895404,3.684235172618595,2.1503305440718368,1.3053394813952879,1.717649837680638,10.4653805463851,6.2853227665817135,4.447485855067139,8.085314821830492,3.8308948706202393,1.4132305242569074,1.817951778895188,2995,3.1789002686366685,0.18877165246722014,0.9849749582637729,0.932220367278798,0.05242070116861436,0.012353923205342237,6,5,1459.5604487889807,2.9396470929927827,0.09798823643309276,0.04865201495963269,0.40841511475494957,1.4265350059972928,3.0425808625392583
subject_03_task_1,3,1,,1,174,865.0,895.0,0.594357340748965,30.0,0.49722222222222223,eye,中,5.533333333333333,6,76.16666666666667,1.3291601358251257,74.0,77.0,-7.4999999999999805,5.265414994563219,1.651744181822747,1.3832430962707267,5.553395013368483,5.324986982496596,1.194109832375747,4.014764308848268,7.08723100646143,2.9642777835159992,2.2743876505147376,6.37344118961779,6.55114830027938,1.3033300558262908,2.802266881890322,5.939338464290307,2.6302728635838415,2.223917146442213,3.1477196460404278,1.4032663474960498,1.1827207087241132,1.4153942969845341,10.309493117411487,5.804927570637261,4.16284314673254,7.854136603555918,3.288738326678697,1.39446223795235,1.8867241274081423,2995,3.1297248231727854,0.19535806866735952,0.9789649415692822,0.9242070116861436,0.054090150250417364,0.017696160267111852,6,5,1583.8773513780093,3.094516725855398,0.10315055752851326,0.052795911712600306,0.31730463434694306,1.451570856694545,3.0380449279795725
subject_03_task_1,3,1,,1,175,870.0,900.0,0.5976777728201882,30.0,0.5,eye,中,5.533333333333333,6,75.33333333333333,2.065591117977289,72.0,77.0,-12.631578947368421,5.3743207306112,1.6584321375691498,1.322137564883252,5.518913985001562,5.019613254243,1.2543567187092164,4.174235822040874,8.10874539406268,2.8669746869307207,2.3804905726801366,5.81439193876242,5.886882711819585,1.2043629661187287,2.4425183638581425,5.33944128715801,2.4861825535747544,2.1079758979914214,2.9850033480924436,1.2659226899827205,1.1794169733836644,1.4160519344346847,10.427094291386403,5.337559820151409,3.856539853529911,7.359774186552063,2.9772719787559474,1.3840281762590663,1.9083879503580454,2995,3.0708979110512127,0.19847853716684574,0.9806343906510852,0.925542570951586,0.05375626043405676,0.016360601001669448,6,5,1708.1942539670376,3.249386358718012,0.10831287862393374,0.05693980846556792,0.3896984657570149,1.3200682651370441,3.034169214976653
subject_03_task_1,3,1,,1,176,875.0,905.0,0.6009982048914115,30.0,0.5027777777777778,eye,中,5.533333333333333,7,75.0,2.0816659994661326,72.0,77.0,-11.537439078422592,5.21644150082722,1.5045316167476714,1.307015202929728,5.342067485379258,4.681195036295069,1.1511202114368695,4.08722673875927,7.810915633226995,2.6007235724962006,2.313196338807141,5.268267888962034,5.39111734446075,1.1242986723026418,2.277484103091202,5.445254375954876,2.225663164245571,2.115678526449287,2.866656304122609,1.1420505733197062,1.051985515011522,1.354958358883416,9.996241236722446,4.206770028586804,3.661682278187037,6.886016890782552,2.72716120243626,1.1488626562842175,1.880561001101368,2995,3.022015835579515,0.15781637059255393,0.9779632721202003,0.9312186978297162,0.04540901502504174,0.018363939899833055,3,3,1888.7182137556156,3.526764834648521,0.11755882782161736,0.06295727379185385,0.4388106865843149,1.0428118648839892,3.0315399181269753
subject_03_task_1,3,1,,1,177,880.0,910.0,0.6043186369626348,30.0,0.5055555555555555,eye,中,5.533333333333333,6,74.5,1.8708286933869707,72.0,77.0,-4.63259977620288,5.414906908228208,1.4880708831618557,1.2933204416065383,4.98522974445474,4.277366791154046,1.1505817392891449,3.8545975027365853,7.619312530882252,2.7207201959216487,2.4337784095698036,4.830217641876675,4.611078546263233,1.117899717255921,1.9846579388180485,5.126766905672112,2.3074024027023894,2.1493023902067585,2.7132039845434344,1.057629681443053,1.0735587571185932,1.262364940785475,9.152509149099268,4.512677960311562,3.858829498075815,6.6470398209843795,2.5563942137168,1.169442174773927,1.722553386797445,2995,2.9683604729729733,0.12334537926950007,0.9776293823038398,0.9358931552587646,0.042070116861435726,0.019031719532554257,3,3,2230.2427148180973,4.164486540165939,0.1388162180055313,0.07434142382726991,0.4388106865843149,1.0428118648839892,3.031539918126975
subject_03_task_1,3,1,,1,178,885.0,915.0,0.607639069033858,30.0,0.5083333333333333,eye,中,5.533333333333333,6,74.83333333333333,2.48327740429189,72.0,79.0,10.754444978375794,6.06996687059249,1.5256540564883838,1.3276042214428214,4.733877396812274,3.95029354493241,1.1491783709683634,3.565729394613979,8.37937646228708,2.8302928340988043,2.1849404668209504,4.489022882808062,3.874280829126471,1.2953638220710104,2.054528693561848,5.354936660335851,2.3500740173757912,2.2131096729115805,2.692047287197852,0.9654905424410334,1.0618877347745805,1.216409344800422,9.888219289559975,4.573685993119997,3.6091473903125326,6.633495004969151,2.4682761076343955,1.2672483272355193,1.8379673334412443,2994,2.9989587698546805,0.11334819380647143,0.9772879091516367,0.9445557782231129,0.03507014028056112,0.017034068136272545,3,3,2230.2427148180973,4.164486540165939,0.1388162180055313,0.07434142382726991,0.4388106865843149,1.0428118648839892,3.031539918126975
subject_03_task_1,3,1,,1,179,890.0,920.0,0.6109595011050813,30.0,0.5111111111111111,eye,中,5.533333333333333,6,76.0,3.847076812334269,72.0,82.0,23.05349472862163,5.645421560843261,1.5001648839959052,1.2816173157804616,4.54786036953445,3.798235944948497,1.1705248247854356,3.548532244014632,8.026775709913833,2.8897175122651397,2.3240339136882793,4.539800332954474,3.684538764966394,1.2434059138487834,1.9534139782623645,5.8857049225574185,2.3367581615867334,2.315190700180192,2.7378779197012264,0.9744074334304111,1.0093156306324411,1.1825712324639766,9.464212047330498,4.531931733482456,4.036976830393355,6.734999622066421,2.444433056073119,1.1226053365881898,1.6683275394003625,2994,2.990780660377358,0.11870388141389984,0.9779559118236473,0.9382097528390113,0.041750167000668005,0.01603206412825651,3,3,2230.2427148180973,4.164486540165939,0.1388162180055313,0.07434142382726991,0.4388106865843149,1.0428118648839892,3.031539918126975
subject_03_task_1,3,1,,1,180,895.0,925.0,0.6142799331763046,30.0,0.5138888888888888,eye,中,5.533333333333333,6,77.33333333333333,4.366539438350085,72.0,82.0,27.913446676970686,5.6737755279324285,1.5738375990152635,1.286206489444419,4.56846313217309,3.7110742601242617,1.223627475006045,3.5518893503223206,8.540240966557969,3.19723477675504,2.194816190673474,4.559882380028156,3.4970582072636756,1.4567209729640167,2.0775691374087075,6.932692987091144,2.5839697310610448,2.3181125318945686,2.8042972557211026,0.9994031237590777,1.1146869254656908,1.2097330121541514,9.218742497617974,5.7723508574303795,4.3180165990860715,7.080460862394747,2.792598240252262,1.3368060832957716,1.639748412244029,2994,2.9859355055424928,0.12580682839277865,0.9829659318637275,0.9432197728790915,0.041416165664662656,0.01068804275217101,3,3,2230.2427148180973,4.164486540165939,0.1388162180055313,0.07434142382726991,0.4388106865843149,1.0428118648839892,3.031539918126975
subject_03_task_1,3,1,,1,181,900.0,930.0,0.6176003652475278,30.0,0.5166666666666667,eye,中,5.533333333333333,5,78.4,3.9115214431215892,73.0,82.0,28.208955223880608,5.416149705761084,1.5312455125187079,1.22397844564905,4.4307738377863375,3.8568920531159643,1.2510396060992077,3.619977013105645,7.708361083480664,3.0774280535014213,2.1294851507740833,4.7751602220351845,3.5760859237606604,1.4451512152516086,2.2424012772755795,7.383665291474512,2.704336295191436,2.3888911448842416,2.8620990094028027,1.0044044566164978,1.1320466824043922,1.1980868259869963,8.811362994049743,5.639101664714186,4.627155396169638,7.162529598708431,2.8079403804217247,1.2186972733576742,1.547933662361454,2994,2.9871450100468846,0.12315852731800153,0.9873079492317969,0.9468937875751503,0.041750167000668005,0.0070140280561122245,3,3,2230.2427148180973,4.164486540165939,0.1388162180055313,0.07434142382726991,0.4388106865843149,1.0428118648839892,3.031539918126975
subject_03_task_1,3,1,,1,182,905.0,935.0,0.620920797318751,30.0,0.5194444444444445,eye,中,5.533333333333333,6,78.66666666666667,2.804757862395017,76.0,82.0,-2.876318312559867,5.44095493223465,1.6885315680052764,1.2745732516183748,4.347360939947911,3.7806442609255972,1.324781895321656,3.4108364775644704,7.337324741722636,3.511278126225094,2.0905133984452045,4.789118459933996,3.9460929696367324,1.6796247892199911,2.2908814951847947,7.550087339714038,3.2096829389238373,2.4224311220942383,2.9629133955462352,1.117573015866675,1.3249841903240596,1.2231156413581492,8.692116109562807,7.751654008920494,4.984441388126786,7.793918138605247,3.1617954403482273,1.5551700592538535,1.5636492701410412,2995,2.9885872112487446,0.12353062704300859,0.9886477462437395,0.9445742904841402,0.04574290484140234,0.005008347245409015,3,3,2230.2427148180973,4.164486540165939,0.1388162180055313,0.07434142382726991,0.4388106865843149,1.0428118648839892,3.031539918126975
subject_03_task_1,3,1,,1,183,910.0,940.0,0.6242412293899744,30.0,0.5222222222222223,eye,中,5.533333333333333,6,78.5,3.0166206257996713,75.0,82.0,-13.518696069031499,5.161150881363953,1.7730761025313375,1.2603479903864645,4.357230549655473,3.728014084389986,1.4068147178841088,3.457164674273334,7.526008583676716,3.621513955099278,2.0212258161447556,5.048690841168143,4.1337425887367685,1.7917413908787683,2.4978361155102955,7.5699595501860655,3.4503567028031936,2.35805042834742,3.0141931838164124,1.1136841611427764,1.4632243065392323,1.2782564560881056,8.8146907506342,8.622925502482415,5.5165054317331945,8.400207314193805,3.262404008710488,1.5631137518472877,1.5227406948377824,2995,2.9990507512520868,0.11789349365831782,0.991652754590985,0.9415692821368948,0.051419031719532556,0.002337228714524207,3,3,2230.2427148180973,4.164486540165939,0.1388162180055313,0.07434142382726991,0.4388106865843149,1.0428118648839892,3.031539918126975
subject_03_task_1,3,1,,1,184,915.0,945.0,0.6275616614611976,30.0,0.525,eye,中,5.533333333333333,5,78.4,3.361547262794322,75.0,82.0,-24.249628528974775,5.265352311898751,1.8288742845361432,1.3239783757155692,4.414834968377694,3.822416973064565,1.3813475492359861,3.33452195999169,7.468978987018661,3.7282902249883265,2.282385012078158,5.014162587086958,4.3185879228977955,1.6335062687752415,2.196896036625066,7.078048131270467,3.550501933801473,2.358246717511581,3.1006923132244535,1.2629489901712165,1.505568483329835,1.3148294833613932,8.082059177741732,8.228801269806258,6.348562973216652,9.235687319836538,4.388965706295659,1.2961675428789103,1.4547681670324606,2995,2.9869769616026707,0.11285216446972207,0.994991652754591,0.9385642737896495,0.05609348914858097,0.002003338898163606,3,3,2230.2427148180973,4.164486540165939,0.1388162180055313,0.07434142382726991,0.4388106865843149,1.0428118648839892,3.031539918126975
subject_03_task_1,3,1,,1,185,920.0,950.0,0.6308820935324209,30.0,0.5277777777777778,eye,中,5.533333333333333,5,76.8,3.1144823004794877,74.0,82.0,-19.875466998754902,5.562160731094318,2.1680432010050072,1.3108284288868444,4.303681842020344,3.733630269660699,1.653948871742208,3.2831770712167354,8.231634308595105,4.178575583317461,2.2341704895988874,5.023518037940824,4.226682949918229,1.870302916796499,2.248493595868202,6.772902996531775,3.6446032415019074,2.293949736199157,3.190133597324697,1.3010416081190694,1.588789494376911,1.3906728412499683,9.889113955125561,8.783298495834758,6.243918573950268,9.64132881594461,4.874204190528349,1.4066965146660986,1.544115078016615,2995,2.9977866444073453,0.11089716520765663,0.9976627712854758,0.930550918196995,0.06544240400667779,0.0,3,3,2230.2427148180973,4.164486540165939,0.1388162180055313,0.07434142382726991,0.4388106865843149,1.0428118648839892,3.031539918126975
subject_03_task_1,3,1,,1,186,925.0,955.0,0.6342025256036442,30.0,0.5305555555555556,eye,中,5.533333333333333,6,74.66666666666667,1.7511900715418263,72.0,77.0,-10.797731568998115,6.087251030729423,2.418174401447308,1.4385998153688453,4.137842158849286,3.55922574112216,1.680922224244348,2.8762982690835233,7.797949413448603,4.366393632095985,2.5175944088572657,4.913666843868068,4.280104714391545,1.734351497101508,1.9517309168550219,6.094076910804942,3.9811148773824057,2.3834678364184807,3.1699183708251675,1.3970687308505356,1.6703035872993488,1.329960623923689,10.936480636123285,9.650111821291867,7.25476038781935,10.464871364236364,5.692548337827797,1.330176505552724,1.4424833908790082,2995,3.034866110183639,0.11842883607955536,0.9976627712854758,0.9375626043405676,0.05943238731218698,0.0,3,3,2230.2427148180973,4.164486540165939,0.1388162180055313,0.07434142382726991,0.4388106865843149,1.0428118648839892,3.031539918126975
subject_03_task_1,3,1,,1,187,930.0,960.0,0.6375229576748674,30.0,0.5333333333333333,eye,中,5.533333333333333,7,74.42857142857143,1.7182493859684491,72.0,77.0,-9.24366136656637,6.136897933218211,2.480653919162461,1.4101415741109802,4.201263189565655,3.7014671482284234,1.759152389168004,2.9793201382735837,7.74878274778582,4.923949659093427,2.58164760918279,5.0846161685711095,4.3702810175582245,1.9072896089997673,1.9695237066768476,6.140464236070482,4.138710556370755,2.4471010395894206,3.42515914973798,1.49077780556752,1.691270809588294,1.399680313287211,11.180979497984941,10.637837864581675,8.161224356464226,11.121615088219636,6.359693230434047,1.303461024957096,1.3627385552034954,2995,3.034830717863105,0.11446237370700243,0.9976627712854758,0.9415692821368948,0.05542570951585977,0.0,3,3,2230.2427148180973,4.164486540165939,0.1388162180055313,0.07434142382726991,0.4388106865843149,1.0428118648839892,3.031539918126975
subject_03_task_1,3,1,,1,188,935.0,965.0,0.6408433897460907,30.0,0.5361111111111111,eye,中,5.533333333333333,6,73.5,1.0488088481701516,72.0,75.0,-5.450081833060542,6.736607158330838,2.5029426229280904,1.474234581808969,4.6327968293400685,4.018747940920613,1.6977912835668518,3.1425099414337203,8.406478611612718,4.748330030387199,2.7507982119349577,5.186461736666293,4.715674971593358,1.726164431031509,1.885438820689813,6.581662032651945,4.096665997254938,2.489413824048058,3.695799329732681,1.8284062617022465,1.6456347906806883,1.484606253098936,12.274861409618312,10.739127275821579,9.27444215499027,11.452807542482931,7.335993993883338,1.1579270317668875,1.2348783194815178,2994,3.029401803607214,0.11416916662057283,0.998997995991984,0.938877755511022,0.05911823647294589,0.0,3,3,2230.2427148180973,4.164486540165939,0.1388162180055313,0.07434142382726991,0.4388106865843149,1.0428118648839892,3.031539918126975
subject_03_task_1,3,1,,1,189,940.0,970.0,0.644163821817314,30.0,0.5388888888888889,eye,中,5.533333333333333,6,73.5,1.0488088481701516,72.0,75.0,1.343283582089544,6.8313030663005225,2.4875785726327533,1.4433344347500274,4.829714995556869,4.296910702514255,1.7234942316494926,3.346220307141312,7.518696185751356,4.907117591401352,2.741616407859892,5.407212102986299,4.795502485961687,1.7898629353593094,1.9722715721588393,6.439102309191979,3.9711688299465027,2.618215525357509,3.8800575122939884,1.7993880408415373,1.516746345549323,1.4819473319577765,11.791306751557704,10.69072458494295,9.23890391662112,12.306603448427714,7.8585633191725135,1.1571420897353366,1.33204150183743,2994,3.039231128924516,0.1157055580513631,0.9966599866399466,0.9315297261189045,0.06379425517702071,0.0016700066800267202,3,3,2230.2427148180973,4.164486540165939,0.1388162180055313,0.07434142382726991,0.4388106865843149,1.0428118648839892,3.031539918126975
subject_03_task_1,3,1,,1,190,945.0,975.0,0.6474842538885373,30.0,0.5416666666666666,eye,中,5.533333333333333,7,73.85714285714286,1.3451854182690985,72.0,76.0,4.367088607594841,7.076114534517528,2.5327883547147487,1.4828254397467417,4.910249918052889,4.719024974169309,1.708082615002434,3.31141467258043,7.5640190929244255,4.620800065541123,2.730077640025883,5.268159787161879,5.063607544590633,1.6925526211398567,1.9296739806681589,6.394440917250972,4.01933960460835,2.621641908165554,3.963364460166897,2.2398979923114517,1.5331382947798575,1.5117871162428085,11.59596457667629,11.24876215229265,8.925847066874423,12.379154144397845,7.625748301106166,1.2602458980099516,1.386888443376912,2994,3.0626242484969937,0.18160588754065318,0.9886439545758183,0.9208416833667334,0.0704742818971276,0.004008016032064128,3,3,2099.6248331535876,3.920586445130227,0.13068621483767423,0.06998749443845292,0.4388106865843149,1.0428118648839892,3.0315399181269753
subject_03_task_1,3,1,,1,191,950.0,980.0,0.6508046859597605,30.0,0.5444444444444444,eye,中,5.533333333333333,7,74.57142857142857,2.370453040886408,72.0,79.0,12.337801608579118,6.854932322377875,2.167973190613499,1.4466580200152952,5.179130905817626,5.252511995126954,1.4986079367883902,3.58006580281003,7.214762098169797,4.4684472533353725,2.622293761239322,5.918125711358505,5.561028601116804,1.7040223789509916,2.256850776536013,6.138526639723704,3.943381540785089,2.7541508044857683,4.2989040262614235,2.2582918402443104,1.4317957950459304,1.5608818584878028,11.341829661697133,11.011154641515013,8.841717069146958,12.818181271101013,7.790022471993566,1.2453638309620059,1.449738910536944,2994,3.1041569806279226,0.20170764490320445,0.9886439545758183,0.9305277221108884,0.06212424849699399,0.004008016032064128,6,5,2186.9067832987002,3.778506641069452,0.12595022136898174,0.07289689277662334,0.34671288426176183,1.4148652543460187,3.080890870473019
subject_03_task_1,3,1,,1,192,955.0,985.0,0.6541251180309838,30.0,0.5472222222222223,eye,中,5.533333333333333,6,75.66666666666667,2.503331114069145,73.0,79.0,15.291683905668075,6.3729840427817,2.114013862739471,1.4050290923187545,5.3002279647603485,5.359731849773223,1.5046050464696508,3.7723261345523103,7.287485543790289,4.092759420130937,2.530828879162939,5.907116765586502,5.53775483115367,1.6171616555460677,2.3340640745099512,6.285850984168101,3.418178203744805,2.4567705358567498,4.242853896062851,2.3551258847247283,1.391329859201842,1.7270045509493381,11.25818359296523,9.8204505976587,8.103504426205006,12.338302164890257,7.578013431426868,1.2118769955750819,1.5225884402544185,2994,3.1163146292585173,0.20781006454590892,0.9879759519038076,0.9215096860387442,0.07181028724114896,0.004008016032064128,6,5,3019.2105948808894,4.5324242650749165,0.15108080883583055,0.10064035316269632,0.4845637473850073,1.358795060652077,3.16105558583755
subject_03_task_1,3,1,,1,193,960.0,990.0,0.6574455501022071,30.0,0.55,eye,中,5.533333333333333,6,76.83333333333333,2.6394443859772205,73.0,80.0,15.558901016183714,5.2849275290912905,1.9786127978486894,1.335554421614261,5.190919590124256,4.928303933886835,1.4814917054875048,3.886715139507444,6.8544018262534125,3.767050371031828,2.3685244208726197,5.891252377877684,5.213330105215396,1.5904629641285095,2.487309113624089,6.224634696215852,3.308255904528207,2.4634193204116457,4.182949686677148,2.074918738470062,1.3429528124247179,1.6980258504987948,10.227527549131215,9.017777928423925,7.898785390045258,12.677795088169695,7.467503151193277,1.1416664060513557,1.6050309588291087,2995,3.150093155258764,0.19659866668260245,0.9879799666110184,0.9175292153589315,0.07579298831385643,0.004006677796327212,15,8,2653.2591646067685,3.8469414553911916,0.12823138184637306,0.08844197215355895,0.5513973227778628,1.2935173419404018,3.1789802352378214
subject_03_task_1,3,1,,1,194,965.0,995.0,0.6607659821734303,30.0,0.5527777777777778,eye,中,5.533333333333333,6,78.16666666666667,2.3166067138525404,75.0,81.0,13.425655976676438,5.724813513115898,2.331548050560001,1.3380569622839316,5.0511379257153015,4.801495891452263,1.7424878882437693,3.7749797415900037,6.977039703920819,4.111506462790875,2.361962265505822,5.61353072827237,5.032584416431475,1.7407164046756618,2.376638615380341,5.809440116136922,3.469376377783586,2.404368172995035,4.003237097861591,2.069483919185261,1.4429472227882258,1.6649850646105095,9.29794503533495,9.263790894628661,7.350803201814652,12.56170688360478,7.343653056625501,1.2602419953702149,1.7088890205227831,2995,3.143820367278798,0.20727974552524103,0.9829716193656094,0.9125208681135225,0.07579298831385643,0.008013355592654424,15,8,2616.185118855742,3.6527603853595365,0.12175867951198455,0.08720617062852473,0.5592111924556328,1.5084052385863163,3.184676334183406
subject_03_task_1,3,1,,1,195,970.0,1000.0,0.6640864142446535,30.0,0.5555555555555556,eye,中,5.533333333333333,6,79.33333333333333,2.1602468994692865,76.0,82.0,11.592396385166683,5.298285873124061,2.806541356704008,1.3466714522332248,4.664057167934548,4.215735643199512,2.08405795790045,3.4633964804110198,6.988292193536945,4.799868866771798,2.356039537511314,5.4315184341484155,4.564134415754,2.037261595296445,2.305359629017827,5.9555570424802,3.596696386118163,2.4159679602120328,3.8680546396686175,1.7217790197093077,1.4887185779576753,1.6010372253981155,8.995636895837917,9.572480407960944,8.051773878931682,12.177322819091918,7.298980385358049,1.1888660252877135,1.51237764524848,2995,3.173733889816361,0.20463716600236664,0.9853088480801335,0.9235392320534224,0.0674457429048414,0.006343906510851419,15,8,2579.1110731047156,3.45857931532788,0.115285977177596,0.08597036910349053,0.5672497067909728,1.4658127244320305,3.190536192988046
subject_03_task_1,3,1,,1,196,975.0,1005.0,0.6674068463158769,30.0,0.5583333333333333,eye,中,5.533333333333333,6,80.33333333333333,1.632993161855452,78.0,82.0,8.79018892940012,5.043122587581332,3.044117137030742,1.3804269885485667,4.516809460213758,3.7837433772315734,2.2051996681341635,3.2720379257166674,6.662526411072999,5.063407031425098,2.4400636087515677,4.8655066365465,3.7253320997343327,2.075112719711326,1.9940081148277458,5.97771181928433,3.639240240027457,2.325162382519776,3.715912377081275,1.635099803064554,1.56515530587744,1.5981302660910697,8.97613420536635,9.46999067370594,8.56587930573115,11.532876109755934,6.594534963362961,1.1055479928802965,1.3463738745466172,2995,3.1453188647746244,0.16931460568848053,0.993322203672788,0.9315525876460768,0.06243739565943239,0.004006677796327212,12,5,2672.654909018198,3.5082983403319363,0.11694327801106455,0.08908849696727326,0.5473957730433052,1.290082365363112,3.188501780990725
subject_03_task_1,3,1,,1,197,980.0,1010.0,0.6707272783871001,30.0,0.5611111111111111,eye,中,5.533333333333333,5,80.6,1.6733200530681511,78.0,82.0,11.679389312977122,5.033197622913866,2.817690358862798,1.3203302654839706,4.214002062116337,3.290385271871256,2.134079959024469,3.191627255906069,6.46959421154953,4.86036258084023,2.271177370060735,4.144197775411659,2.9811139369613997,2.140018936834623,1.8246913825584814,5.629966620083978,3.605383039572439,2.266705236850209,3.4948691255057343,1.4682911908659926,1.590583098745756,1.5418277898198043,7.966945341947152,10.012901372016342,8.254916512072747,11.610926147675466,6.550346733069351,1.21296216107971,1.406546768909726,2995,3.1014784641068447,0.17168477444782154,0.9909849749582638,0.9262103505843072,0.0657762938230384,0.005676126878130217,12,5,2548.2989131220593,3.4561970743610555,0.11520656914536852,0.08494329710406864,0.41565416594614885,1.4216845806140306,3.1575121105748347
subject_03_task_1,3,1,,1,198,985.0,1015.0,0.6740477104583233,30.0,0.5638888888888889,eye,中,5.533333333333333,6,81.66666666666667,1.0327955589886446,80.0,83.0,5.669291338582726,5.046599534937246,3.0149652480951215,1.4596243139975738,4.206658974957613,3.2960304937240616,2.065576202850327,2.8820148682208138,6.661711176305661,5.052077999116884,2.385901117834968,3.6519205308654983,2.61597722680462,2.1174716593876606,1.530625265048432,5.526340310532353,3.9796757026306193,2.521278755481825,3.4315365692127235,1.5024888020317186,1.57843542447574,1.3610302160170884,8.808138891065346,10.140906361640324,8.589244661356405,11.555737141933308,6.26790325520201,1.1806517058787427,1.345372916657428,2995,3.062938230383973,0.15563003117676819,0.9926544240400668,0.9278797996661102,0.0637729549248748,0.005676126878130217,9,3,1678.9210557888432,2.5080983803239363,0.08360327934413121,0.05596403519296144,0.4759486106961458,1.054817096300488,3.059737490289812
subject_03_task_1,3,1,,1,199,990.0,1020.0,0.6773681425295467,30.0,0.5666666666666667,eye,中,5.533333333333333,6,82.16666666666667,0.7527726527090811,81.0,83.0,4.267782426778228,4.941613859778018,3.005642278989446,1.4400844529095531,3.834518321676572,3.0531124377329553,2.0871291769846088,2.662703783746359,7.005854973453759,5.48972497336646,2.3561757290976804,3.3802904132517106,2.1239439104144417,2.3299301939031527,1.4346512322942162,5.885775199894336,4.178813905007574,2.5484476671340404,3.449699022351511,1.4637732680873436,1.6397487611378057,1.3536471895579514,9.941869230053962,11.610264930365213,8.44247724180785,11.360774099027145,5.813276270037281,1.3752201632087575,1.3456683119935042,2994,3.060255177020708,0.15261619941870658,0.9909819639278558,0.9188376753507014,0.0704742818971276,0.0070140280561122245,9,3,2007.7984403119378,2.999400119976005,0.09998000399920018,0.0669266146770646,0.4759486106961458,1.054817096300488,3.0597374902898116
subject_03_task_1,3,1,,1,200,995.0,1025.0,0.6806885746007699,30.0,0.5694444444444444,eye,中,5.533333333333333,6,82.5,0.5477225575051661,82.0,83.0,3.1399594320486672,4.508280283586452,2.6133011314467667,1.4411389942444657,3.9651298464670597,3.1776213788321295,1.8133581437207735,2.751386134372019,6.547362645007776,4.810140170443276,2.3586121525753025,3.144379082919207,1.8834599785605626,2.039394296002087,1.3331480037894095,5.827661500433736,4.048285581059632,2.6800180556234223,3.419123825157487,1.457285441675566,1.5105441444938046,1.2757838768971035,10.023955466283018,9.957388624924775,8.467371064623551,11.201672037730797,6.157019196335138,1.175971685772279,1.3229220678105253,2994,3.0657802271209085,0.14609921772478698,0.9959919839679359,0.9208416833667334,0.07114228456913828,0.003006012024048096,9,3,2007.7984403119378,2.999400119976005,0.09998000399920018,0.0669266146770646,0.4759486106961458,1.054817096300488,3.0597374902898116
subject_03_task_1,3,1,,1,201,1000.0,1030.0,0.6840090066719932,30.0,0.5722222222222222,eye,中,5.533333333333333,6,82.66666666666667,0.5163977794943223,82.0,83.0,2.925555071832755,5.058517334211904,2.273637033222271,1.398969543760761,3.9351980045013297,3.0911445195350193,1.6252226814818262,2.81292614414077,6.72700493821169,4.431836906980094,2.193329627698969,3.1494551263879704,1.758616094301859,2.0205977482871793,1.435924216138947,5.897045680958666,3.8958062544816947,2.8704828208394098,3.5823621876425404,1.4425563386489244,1.3571954607073564,1.2479998701385564,10.001768067663408,10.655875282691323,8.052099998632753,11.481441103213008,6.056992196079062,1.3233659895556054,1.4258940034478653,2994,3.0382859051436206,0.12817897410915047,0.9959919839679359,0.9211756847027388,0.07080828323313293,0.003006012024048096,9,3,2007.7984403119378,2.999400119976005,0.09998000399920018,0.0669266146770646,0.4759486106961458,1.054817096300488,3.0597374902898116
subject_03_task_1,3,1,,1,202,1005.0,1035.0,0.6873294387432165,30.0,0.575,eye,中,5.533333333333333,5,82.8,0.4472135954999579,82.0,83.0,2.721382289416965,5.420969157310216,2.2082990851562947,1.542825902844879,4.102985490715786,3.265187106410432,1.4313339444744366,2.6593962955574737,7.493880745307336,4.345922228502581,2.305233657260302,3.1262944941264874,1.8330120079768577,1.8852415306427435,1.3561725009004035,6.7660361917612555,4.116155551152382,3.0482954539500327,3.5430584434501586,1.422873612595704,1.3503138436986475,1.1623080823281102,11.03762451105039,10.066470169771051,7.7420275171266475,10.859014102607981,6.097292886606989,1.3002369401945875,1.4026059812608573,2994,3.049817635270541,0.12762120858098708,0.9929859719438878,0.9191716766867067,0.07181028724114896,0.004676018704074816,9,3,2007.7984403119378,2.999400119976005,0.09998000399920018,0.0669266146770646,0.4759486106961458,1.054817096300488,3.0597374902898116
subject_03_task_1,3,1,,1,203,1010.0,1040.0,0.6906498708144397,30.0,0.5777777777777777,eye,中,5.533333333333333,7,83.71428571428571,1.7043362064926932,82.0,87.0,8.275862068965552,6.484467182328939,2.3938799110179576,1.5770834215606422,3.970819464358397,3.1038484555739103,1.517915842808768,2.5178246185791324,9.150243336234832,5.129500950633506,2.296827174189039,3.159636699948829,1.8026357649786429,2.2332986165772897,1.375652785484145,7.3059407761055715,4.012831193164979,2.8961151040367845,3.455680843117801,1.3717516890070542,1.3855910587157418,1.1932125343709783,10.742303104086323,10.415033970376982,7.370812271099226,10.542803837617456,5.8137812879553605,1.413010342321982,1.4303449131319665,2995,3.0520754590984978,0.12659698749667933,0.989983305509182,0.9081803005008348,0.08113522537562605,0.006343906510851419,9,3,2002.7120175964794,2.9918016396720635,0.09972672132240211,0.06675706725321598,0.4759486106961458,1.054817096300488,3.0597374902898116
subject_03_task_1,3,1,,1,204,1015.0,1045.0,0.693970302885663,30.0,0.5805555555555556,eye,中,5.533333333333333,6,84.16666666666667,1.602081978759722,83.0,87.0,6.627467450650986,6.3194174110193195,2.37403055112013,1.5414928758340825,4.205601440708797,3.2742472632667745,1.5400853214034944,2.7282652463983648,8.87311346859798,4.700322316076591,2.2829189006892743,3.256998921733798,2.0352902831231687,2.058909019789287,1.4266818329597355,6.935315570787257,3.757036621678454,2.860342566489245,3.622948832198035,1.4409936702821982,1.3134918403461728,1.2666136128739311,10.400926870191538,8.633933987048543,7.044346346844937,11.049113303221938,6.392697815744128,1.225654384656365,1.5685079578988448,2995,3.123446410684475,0.19530617943053533,0.989983305509182,0.9181969949916527,0.07145242070116861,0.006343906510851419,9,3,1668.0789442111563,2.491901619676063,0.08306338732253543,0.055602631473705214,0.4759486106961458,1.054817096300488,3.0597374902898116
subject_03_task_1,3,1,,1,205,1020.0,1050.0,0.6972907349568863,30.0,0.5833333333333334,eye,中,5.533333333333333,6,83.66666666666667,2.3380903889000244,80.0,87.0,-4.270291883246727,6.489170729506991,2.5311105342661566,1.6511191534270857,4.884998226818507,4.5139629047962275,1.5329666117751397,2.9585982433061457,8.622410403720364,5.030329022338229,2.533716817709965,5.0812406324998305,4.744823631699176,1.9853556589977417,2.005449305535407,6.84818597523611,3.6269981498638506,2.7742949919749504,3.8756372070131673,1.8847900508025257,1.307358503820058,1.3969809332547578,9.663307883127258,9.473151862229786,6.829520033094535,11.25291135020903,6.776629053842034,1.3870889632543315,1.6476869964037877,2995,3.139503839732888,0.1960279286212727,0.991652754590985,0.9212020033388981,0.069449081803005,0.005008347245409015,12,3,1333.4458708258335,1.992001599680062,0.06640005332266873,0.04444819569419445,0.4759486106961458,1.054817096300488,3.0597374902898116
subject_03_task_1,3,1,,1,206,1025.0,1055.0,0.7006111670281095,30.0,0.5861111111111111,eye,中,5.533333333333333,5,83.8,2.588435821108957,80.0,87.0,-9.882943143812648,6.23569893709089,2.224115219822615,1.6400354948031985,5.204167236262854,4.807530980716162,1.3561384658260125,3.1732040268356174,8.472168908800821,4.554768669573129,2.4600197231692307,5.3929588456033315,5.0038569215473805,1.851517134872904,2.192242116927262,6.649664974728851,3.581496558055388,2.7346556857108206,4.083614936051433,1.9201091478016263,1.309670016876164,1.4932830328107563,10.102561591951948,8.93531937215852,6.439860736070616,11.531033514329067,6.675345088696303,1.3875019566976767,1.790571875218052,2995,3.170015692821369,0.1863308467656172,0.9879799666110184,0.9245409015025041,0.066110183639399,0.00667779632721202,21,3,1199.338989778276,1.8697403599811713,0.062324678666039045,0.039977966325942534,0.5246293431834655,1.0209479592831092,3.053618102914611
subject_03_task_1,3,1,,1,207,1030.0,1060.0,0.7039315990993328,30.0,0.5888888888888889,eye,中,5.533333333333333,6,82.0,3.847076812334269,78.0,87.0,-24.4727694090382,5.544707530982472,2.1411299938638013,1.640670920712533,4.8593735309923956,4.497814714040306,1.3050331829700024,2.961820965829028,8.062905105343745,4.688909273811955,2.6216131733292465,5.106784238099532,4.942282925145193,1.7885587856798117,1.9479549042753361,6.195612675421091,3.3498840050845664,2.7295826322537806,3.7801022064504166,1.8445765380465622,1.2272513627179007,1.384864543679059,10.07627712695735,9.089046861232715,6.853469923866103,11.94909991637351,7.281206709597669,1.3261963592459312,1.7435109585529365,2995,3.1645776293823036,0.18817546309285374,0.9879799666110184,0.920534223706177,0.07011686143572621,0.00667779632721202,21,3,1383.6660414906858,2.347166375950769,0.07823887919835897,0.04612220138302286,0.627346285913844,0.9018526661013593,3.040706120484455
subject_03_task_1,3,1,,1,208,1035.0,1065.0,0.707252031170556,30.0,0.5916666666666667,eye,中,5.533333333333333,6,82.0,3.847076812334269,78.0,87.0,-24.4727694090382,4.690834231104238,2.120469519188668,1.702366823282391,5.182418466459629,4.847888897191085,1.2456008247976302,3.0442431064693998,6.206825046725904,4.363954034607834,2.633846537226924,5.449028773806966,5.141392766168404,1.6568748303773513,2.068848240317008,5.887285344571085,3.356843714283383,2.819733575274543,3.9193253272081745,1.89464456529248,1.1904825844961415,1.389962995644569,8.905302496456477,8.27290362169702,6.799364872042303,12.097761928162447,7.415969016102555,1.216717116581525,1.7792488204164696,2995,3.1584757929883134,0.1947208980085078,0.9886477462437395,0.9242070116861436,0.0671118530884808,0.006010016694490818,21,3,1567.9930932030952,2.824592391920366,0.09415307973067887,0.052266436440103176,0.7059132355141817,0.7507586274858401,3.0308299009839073
subject_03_task_1,3,1,,1,209,1040.0,1070.0,0.7105724632417794,30.0,0.5944444444444444,eye,中,5.533333333333333,6,78.66666666666667,3.011090610836324,76.0,84.0,-18.068181818181735,4.426140392759444,2.1946585221609545,1.726044450562854,4.836882928226882,4.496096851377359,1.2714959463791837,2.8022933746866134,5.841918893953523,4.384380474081415,2.6382080969656827,5.1015924205650585,4.828555741696759,1.661878181301953,1.9337338955303112,5.601531756996005,3.25724099411881,2.804580491215291,3.6014872855854385,1.7699969102422672,1.161400432015189,1.2841447399588908,8.906520918234165,8.990121276539762,6.674681634698118,11.723793254780603,6.967228916942549,1.3468988887507243,1.7564572958558564,2994,3.18037875751503,0.18450040223800765,0.9909819639278558,0.9291917167668671,0.06212424849699399,0.005344021376085505,12,2,1592.9999999999952,2.999999999999991,0.0999999999999997,0.05309999999999984,0.7671060891399875,0.5427495114276335,3.0231376836158197
subject_03_task_1,3,1,,1,210,1045.0,1075.0,0.7138928953130026,30.0,0.5972222222222222,eye,中,5.533333333333333,6,77.66666666666667,1.505545305418162,76.0,80.0,-6.174081237910898,4.211948540435066,2.193606571783135,1.738833639829,5.007693067390118,4.686934296620497,1.2615390693723052,2.8799149916852214,5.872573097216208,4.26821441306732,2.634163127661583,5.383843148539644,4.747307470188947,1.620330331195672,2.0438533559305516,5.669837566884848,3.364503188083677,2.8355899580496358,3.577075366202518,1.7008395750745229,1.186526697392396,1.2614924651034127,9.334588469259785,8.844804046470855,6.9172468214258656,11.193248432002305,6.5407275098600115,1.2786595989425253,1.6181652499852561,2994,3.1542084168336677,0.15891989457810163,0.9879759519038076,0.9228456913827655,0.06613226452905811,0.007348029392117568,12,2,1592.9999999999952,2.999999999999991,0.0999999999999997,0.05309999999999984,0.7671060891399875,0.5427495114276335,3.0231376836158197
subject_03_task_1,3,1,,1,211,1050.0,1080.0,0.7172133273842258,30.0,0.6,eye,中,5.533333333333333,5,77.2,1.0954451150103321,76.0,78.0,-2.1612349914238993,4.905466561072206,2.3203805537226008,1.6078244491575058,3.86488376163688,2.9676437998636986,1.443180289327278,2.403797108360969,6.086840140044056,4.436746477733048,2.249374875433916,3.1985147497246498,1.781425435873054,1.9724353313394134,1.4219571778170768,5.680129751898624,3.3913119698777328,2.693308458192208,3.123336531335858,1.1512216736899317,1.259162113259777,1.159665363183945,9.519546075781292,8.785969714794849,6.659983422625082,10.523534097067149,6.06133640137291,1.319217955550375,1.5801141578396332,2994,3.112541082164329,0.17182112689696688,0.9876419505678022,0.9238476953907816,0.06613226452905811,0.007348029392117568,9,2,1592.9999999999952,2.999999999999991,0.0999999999999997,0.05309999999999984,0.7671060891399875,0.5427495114276335,3.0231376836158197
subject_03_task_1,3,1,,1,212,1055.0,1085.0,0.7205337594554492,30.0,0.6027777777777777,eye,中,5.533333333333333,7,77.14285714285714,0.8997354108424375,76.0,78.0,-1.2236842105263501,4.965185447949084,2.6370566907614266,1.6197122482897457,4.014377990987161,2.9918539255388485,1.628101962892418,2.4784513392585277,6.110892731939077,4.958961038246897,2.354617924861498,3.1985680497674216,1.6771546091339882,2.106057626541933,1.3584233841061777,5.455679263904104,3.668295044316009,2.6414400905690876,3.070679099109943,1.1396470879491232,1.3887481519695153,1.1625018905684807,9.268643750491005,9.285534463550835,7.18508542155953,10.819715593452683,6.292774041148578,1.2923345957291903,1.5058576145785407,2994,3.070167000668002,0.17676754212553628,0.9893119572478289,0.9171676686706747,0.07214428857715431,0.006346025384101536,9,2,1392.4738076622298,2.622361219702881,0.0874120406567627,0.04641579358874099,0.7671060891399876,0.5427495114276335,3.0231376836158197
subject_03_task_1,3,1,,1,213,1060.0,1090.0,0.7238541915266724,30.0,0.6055555555555555,eye,中,5.533333333333333,5,76.8,0.8366600265340756,76.0,78.0,4.285714285714303,5.284380791368759,2.728836306251208,1.5127851354180286,4.007337362371877,3.0413649261016267,1.8038492330222082,2.648979864060158,6.622197586084819,4.894433653074626,2.1673210003033923,3.0880706692488213,1.6023939991270488,2.2582873752385915,1.4248330860156562,5.655982368861103,3.6553870289901274,2.4311773843502937,3.0697048415944908,1.1636471190660451,1.5035459989551485,1.2626412459059777,9.740214796570303,8.786242652671879,6.532571751163826,10.724041212897788,6.336092191888775,1.3449898427991311,1.6416262417610983,2994,3.0703443553774217,0.17399096524581967,0.9893119572478289,0.9178356713426854,0.07147628590514363,0.006346025384101536,9,2,873.5136825644972,1.645035183737283,0.0548345061245761,0.029117122752149907,0.7671060891399875,0.5427495114276335,3.0231376836158192
subject_03_task_1,3,1,,1,214,1065.0,1095.0,0.7271746235978956,30.0,0.6083333333333333,eye,中,5.533333333333333,7,77.42857142857143,1.2724180205607036,76.0,79.0,6.231884057970971,5.094185478657256,2.693829545783092,1.3742842013594037,4.236036422958448,3.2498936117535706,1.9601691870709355,3.082358378833344,6.416380233117071,4.743313676892951,1.9930023314323722,3.1522489837017518,1.6207834282740565,2.379984008088906,1.581658452670363,5.8013559059750825,3.666567636348052,2.3304861772472387,3.097922195682134,1.2143515066181374,1.573305893055752,1.3293029694522316,9.908954653375927,8.71618029032122,6.790407193285968,11.619733883875002,7.129052102600359,1.2836020053317814,1.7111983940173783,2995,3.056985976627713,0.17783037729772855,0.9893155258764608,0.9135225375626044,0.07612687813021703,0.005342237061769616,9,2,354.5535574667647,0.6677091477716849,0.022256971592389495,0.011818451915558822,0.7671060891399875,0.5427495114276335,3.0231376836158192
subject_03_task_1,3,1,,1,215,1070.0,1100.0,0.730495055669119,30.0,0.6111111111111112,eye,中,5.533333333333333,6,78.33333333333333,1.2110601416389968,77.0,80.0,6.9314079422383434,5.004964904065684,2.45901702523411,1.4415078294742567,4.132151758348524,3.21842424591701,1.7058644947706991,2.8665482586075113,6.644357360291678,4.3533760255223415,2.0968912335170136,2.9941040178462117,1.741532379445373,2.0761096026047263,1.4278775980308462,5.912211402967019,3.535946420753227,2.455606629823986,3.1873141496001534,1.2587527843953494,1.4399482302288287,1.2979742402098886,10.215450140775422,8.045807483249972,6.972319635842465,12.100287998645781,7.81693463502506,1.153964233350555,1.7354752264141866,2995,3.061778964941569,0.18049633351147593,0.9923205342237061,0.9245409015025041,0.0687813021702838,0.002671118530884808,0,0,0.0,0.0,,,,,
subject_03_task_1,3,1,,1,216,1075.0,1105.0,0.7338154877403422,30.0,0.6138888888888889,eye,中,5.533333333333333,5,78.4,1.3416407864998738,77.0,80.0,11.067961165048406,5.719247608135519,2.8279565214833315,1.587954995393606,4.426571270502131,3.51445255096487,1.7808795146504555,2.7875923960961613,7.620587896880404,4.963262934673391,2.2122499800328064,3.255952418437127,1.8617994286655337,2.2435362095018707,1.4717832287600894,6.09038715420905,3.5288909178133006,2.4668163433990946,3.249846724792401,1.3119430491262025,1.430544648066805,1.3174254879122242,11.931790369212983,8.15272482960925,7.059211637286303,13.311292064022348,8.323892714467751,1.1549058518867859,1.8856626983263907,2995,3.0133946577629382,0.15974449530129733,0.9929883138564274,0.9165275459098498,0.07479131886477462,0.002671118530884808,0,0,0.0,0.0,,,,,
subject_03_task_1,3,1,,1,217,1080.0,1110.0,0.7371359198115655,30.0,0.6166666666666667,eye,中,5.533333333333333,7,79.71428571428571,2.5634797778466227,77.0,84.0,13.061863743147997,5.223065747942947,2.666340679271111,1.6064873777252946,4.372219133281449,3.457653247911938,1.659733351311179,2.7216019210012665,7.6243541010706535,4.872974002110857,2.331536677253918,3.187081561774924,1.8484472020952618,2.090026740583057,1.3669446390732596,6.234264751275155,3.632342202295548,2.681710141718639,3.254796493806867,1.329590682779913,1.3544872526632104,1.2137018252542955,11.747637326878333,9.127916839495894,7.796074265242939,14.097348192868159,8.344067373152535,1.170835029136482,1.808262429684392,2995,3.050404674457429,0.1650241450467659,0.993322203672788,0.925542570951586,0.066110183639399,0.002671118530884808,9,3,89.05123304788725,0.18210886103862423,0.006070295367954141,0.002968374434929575,0.5325153374233129,0.9685977890202788,3.234770527607362
subject_03_task_1,3,1,,1,218,1085.0,1115.0,0.7404563518827888,30.0,0.6194444444444445,eye,中,5.533333333333333,6,80.66666666666667,1.96638416050035,79.0,84.0,7.545638945233321,5.239689097008487,2.295388802549252,1.5882967780940715,4.403750951407805,3.5891408936206752,1.4451888552614698,2.7726247462972435,7.466910250822893,4.411489931685609,2.2648940742163095,3.2519281825738244,1.9196758632298334,1.94776876406993,1.4357970289180277,6.0574442060769105,3.3691502151777515,2.6778190327245444,3.2669283476618043,1.3349433823550512,1.2581694931601906,1.2199959398816698,11.395236580227392,8.629705081007067,7.406085507299579,14.68033171610245,9.327973712349882,1.1652181267015436,1.982198517912497,2995,3.0911248747913187,0.16796179355376312,0.994991652754591,0.930550918196995,0.06277128547579298,0.002003338898163606,9,3,538.3510970634703,1.1009224888823526,0.036697416296078415,0.017945036568782345,0.5325153374233129,0.9685977890202788,3.2347705276073624
subject_03_task_1,3,1,,1,219,1090.0,1120.0,0.743776783954012,30.0,0.6222222222222222,eye,中,5.533333333333333,6,80.66666666666667,1.96638416050035,79.0,84.0,7.545638945233321,5.555433756714054,2.330365004108974,1.5338622638916422,4.194048194419079,3.2670265847542126,1.519279181037079,2.7343056108428794,8.43179020265507,4.535487250956106,2.299405756708721,3.2569673819756972,1.8170196901037077,1.9724605967100057,1.4164387353007206,6.13927859652002,3.5359868741902827,2.6548135643131205,3.2877227545707512,1.3389459484069821,1.3319153260787064,1.2384006164370278,11.858280901839,9.348151161529797,8.234647608008364,14.69053843674459,9.160941003458609,1.1352217613342104,1.7839911476549086,2995,3.117998664440734,0.16961742483158657,0.9929883138564274,0.9285475792988314,0.06343906510851419,0.002337228714524207,9,3,987.6509610790534,2.0197361167260803,0.06732453722420267,0.032921698702635116,0.5325153374233129,0.9685977890202788,3.234770527607362
subject_03_task_1,3,1,,1,220,1095.0,1125.0,0.7470972160252353,30.0,0.625,eye,中,5.533333333333333,5,81.0,2.0,79.0,84.0,-4.597701149425268,5.780918013071798,2.439558878137465,1.6019228365480425,4.274572942028055,3.26236446041549,1.5228941260332056,2.6684012765803766,7.827291762584321,4.787536342247218,2.3199675662211443,3.3565204113168723,1.818472187125245,2.063622100564685,1.446796265684053,6.042542189950376,3.414205496816837,2.705179114450019,3.495746457106317,1.42904752639378,1.262099606853932,1.2922421433883595,11.211872862746738,8.856312459014815,8.036176218789562,15.931293602321722,9.88122778742774,1.1020555321208205,1.9824470206455167,2994,3.1524495657982636,0.14966917397592375,0.9953239812959251,0.9342017368069472,0.058784235136940546,0.002338009352037408,9,3,1436.9508250946365,2.9385497445698086,0.09795165815232695,0.04789836083648788,0.5325153374233129,0.9685977890202788,3.234770527607362
subject_03_task_1,3,1,,1,221,1100.0,1130.0,0.7504176480964585,30.0,0.6277777777777778,eye,中,5.533333333333333,6,80.0,2.6076809620810595,77.0,84.0,-16.357226792009396,6.08482190699587,2.1933020832024654,1.45630746153185,4.095694001014904,3.219134777918222,1.5060707585027346,2.8123827620211155,8.819592730973502,4.205464444284768,2.3075986113394102,3.2097453537200393,1.6312563764347574,1.8224419201932918,1.3909461281297062,6.242187277877196,3.516041085103921,2.5836861718514106,3.5753659106052043,1.4864246284545615,1.360862291794675,1.3838236042588634,11.362157433109116,8.762899243272825,8.63925752816766,16.60461433948176,10.497242498518991,1.014311613550359,1.921995528590697,2994,3.15537708750835,0.14204049632220064,0.9953239812959251,0.9378757515030061,0.05511022044088176,0.002338009352037408,9,3,1886.2506891102196,3.857363372413537,0.12857877908045123,0.06287502297034066,0.5325153374233129,0.9685977890202788,3.234770527607362
subject_03_task_1,3,1,,1,222,1105.0,1135.0,0.7537380801676818,30.0,0.6305555555555555,eye,中,5.533333333333333,7,79.57142857142857,2.6367367999823097,77.0,84.0,-15.183962264150958,5.638825300206829,2.062674653377405,1.4705007540050552,4.1907626329649625,3.2395066736722913,1.4027022072307718,2.8498881224990895,7.102565117213782,4.158312355214571,2.3117027812098283,3.0893914807801983,1.6697988581505125,1.7988092539467035,1.3364137924181443,5.805384561797926,3.4642691535018812,2.523329003713587,3.6972520578532015,1.5704471476144435,1.3728963398762155,1.4652279002904298,9.950209919790494,8.41966432621855,8.376516541625378,16.86229446516033,11.287234290414363,1.0051510415312568,2.013043773192188,2994,3.1902478289913154,0.10227122099168523,0.9939879759519038,0.9395457581830328,0.05377421509686039,0.0033400133600534404,9,3,2335.5505531258027,4.776177000257265,0.1592059000085755,0.07785168510419342,0.5325153374233128,0.9685977890202788,3.2347705276073615
subject_03_task_1,3,1,,1,223,1110.0,1140.0,0.7570585122389051,30.0,0.6333333333333333,eye,中,5.533333333333333,6,77.83333333333333,1.4719601443879746,76.0,80.0,-9.35396518375247,7.776564479591808,2.0390726124621796,1.4867967706498448,4.390787182253301,3.7092182768723245,1.3714534849110196,2.9531858482139346,8.865225332102584,3.780703392603634,2.3815930510787116,3.6366559809452212,2.461123598480416,1.5874682666256579,1.5269846287542892,6.668895650347629,3.3947182540203205,2.4456744964708728,3.9445596885807546,1.8520407826898027,1.388049905626822,1.6128719068186648,11.53609366793007,8.128475794263752,8.279405210304851,17.403097907806416,12.31514078581688,0.9817705001497876,2.101974413107101,2994,3.2115133600534405,0.13203145597820232,0.9933199732798931,0.9315297261189045,0.06012024048096192,0.004008016032064128,9,3,2355.9487669521186,4.817891138961387,0.1605963712987129,0.07853162556507062,0.5325153374233128,0.9685977890202788,3.234770527607362
subject_03_task_1,3,1,,1,224,1115.0,1145.0,0.7603789443101283,30.0,0.6361111111111111,eye,中,5.533333333333333,6,77.0,1.4142135623730951,75.0,79.0,-9.327204346009184,7.810640638764738,2.254907214707048,1.5391006426716998,4.95242124776791,4.165944847182812,1.465081068897997,3.2177371059835846,7.652746443131981,3.6801575419976076,2.398862924531914,3.9423470519559163,2.875751918860321,1.5341258161783924,1.643423228413595,6.483721361572222,3.186782088939375,2.419276787635609,4.131395476460251,1.9831661742228484,1.3172457592394209,1.7076985558555777,12.170184262686469,7.666202576507602,7.68847172063504,17.896972838789722,12.69815119701954,0.9971035668808313,2.3277672714534607,2995,3.2107358931552588,0.1415393235962245,0.9919866444073456,0.9308848080133556,0.06176961602671119,0.004006677796327212,14,4,1940.2344163439884,3.9921121742962002,0.13307040580987334,0.06467448054479961,0.523297481655964,1.0392082707617505,3.2321123904692057
subject_03_task_1,3,1,,1,225,1120.0,1150.0,0.7636993763813517,30.0,0.6388888888888888,eye,中,5.533333333333333,7,76.71428571428571,1.4960264830861913,75.0,79.0,-8.272340425531919,7.835907569431509,2.0299242068042855,1.446749794595103,4.69045220717857,4.1073690551582445,1.4030927907422954,3.2420617750917127,7.713326017538097,3.5740607782357476,2.289795809693363,3.740205046031113,2.6136399283998113,1.5608644068199107,1.6334229585877273,6.427119745157377,3.2128677368094047,2.2689354133425628,4.034033926896578,1.9711763116512517,1.4160243248512105,1.777941277294314,11.740905845045575,7.808706655775528,7.245484598819863,18.290957197167298,13.211268719412798,1.0777342149132996,2.5244629186219663,2995,3.19645041736227,0.15264072909947551,0.9939899833055091,0.9335559265442404,0.060434056761268784,0.003672787979966611,14,4,1638.4983194964893,3.482062444425003,0.1160687481475001,0.05461661064988298,0.4736414471532781,1.2091920621926844,3.217793165610786
subject_03_task_1,3,1,,1,226,1125.0,1155.0,0.7670198084525749,30.0,0.6416666666666667,eye,中,5.533333333333333,7,76.28571428571429,1.1126972805283737,75.0,78.0,-5.609215773150393,8.028280517130277,2.364075529986442,1.5173632042827974,5.0016026355374725,4.412129343663116,1.558015591332238,3.2962461600626125,7.180351464791721,3.722099344006351,2.4013873835000203,3.8630539419445515,3.002590025455872,1.5499787204600841,1.6086758714931504,6.095662667388878,3.106283282962115,2.3778477107668143,4.0641747861120665,2.0365073861528167,1.3063423990093936,1.7091821178074693,11.599640929758577,7.918988605947557,7.720186317271518,17.91993984358153,12.89693047660401,1.0257509703141854,2.321179710843407,2995,3.186001335559266,0.15816360765082096,0.9939899833055091,0.9292153589315526,0.06310517529215359,0.003672787979966611,14,4,1336.7622226489898,2.972012714553806,0.09906709048512687,0.044558740754966325,0.40156853434283457,1.2882058011302262,3.1970096242936026
subject_03_task_1,3,1,,1,227,1130.0,1160.0,0.7703402405237981,30.0,0.6444444444444445,eye,中,5.533333333333333,6,76.0,0.8944271909999159,75.0,77.0,-0.699572483482289,7.240696057991757,2.2396069948937813,1.533044768161657,4.734834254852305,4.189439578152055,1.460888188920533,3.088516625988723,6.74789712742239,3.9462091489211715,2.2914181707544556,3.855843854672735,2.717281932845257,1.7221689167376513,1.6827325120683616,5.990646789771935,3.3073969467299627,2.3525445700442686,3.9058540008268308,2.005152273283322,1.4058806744170318,1.6602678013251553,11.082776845347704,8.322736945421608,7.611783005123786,18.60431807683874,13.501034154345268,1.0934017614295168,2.4441471944635644,2995,3.2103065108514186,0.17706145559983139,0.9939899833055091,0.9315525876460768,0.060767946577629385,0.003672787979966611,14,4,919.7493108897849,2.1426366275864717,0.07142122091954906,0.030658310362992828,0.39249825547654954,1.258277326207081,3.174498288411414
subject_03_task_1,3,1,,1,228,1135.0,1165.0,0.7736606725950215,30.0,0.6472222222222223,eye,中,5.533333333333333,6,76.66666666666667,2.250925735484551,75.0,81.0,12.159468438538095,6.505122636518714,2.264280713678625,1.465411185448849,4.879854632622436,4.394827251260228,1.5451504234185887,3.3300241468593392,7.488445272339656,3.821763389776377,2.324774620565266,4.000727359827632,3.0222305071875475,1.6439285580496918,1.7209097709673296,6.8537946524029785,3.3745530719538404,2.484445914997555,4.01833917702663,2.151785422368959,1.3582718994135001,1.6173985325136708,11.16157218814319,8.852399119118154,8.048713373519293,18.74830787901271,12.761575608309508,1.0998526979781675,2.329354644519417,2995,3.2030263772954926,0.18520190007930223,0.9976627712854758,0.93889816360601,0.057429048414023375,0.000667779632721202,14,4,470.4494468742019,1.2238229997427434,0.04079409999142478,0.015681648229140064,0.7673513113865569,0.7678000332615398,3.116935655370641
subject_03_task_1,3,1,,1,229,1140.0,1170.0,0.7769811046662447,30.0,0.65,eye,中,5.533333333333333,6,77.66666666666667,3.07679486912382,75.0,82.0,20.32556093268804,5.924065301709173,2.58502330004171,1.5383680801450343,4.561695799261731,3.7213203894080107,1.680367223816812,2.9652824042160724,7.148929916620433,4.550195104301466,2.2099909727783102,3.4476178734185567,1.9804591296680474,2.058920222004865,1.5600144597352597,5.986552204925361,3.5368067231542826,2.5362475945898737,3.6659725061360033,1.8200386302330553,1.3945037269621168,1.4454316344965574,10.366329157401156,8.542081396190431,7.712545847041336,18.96122414911138,13.11083678376084,1.1075566441484843,2.458490947756924,2995,3.1689702838063436,0.17484466085436565,0.9959933222036728,0.93889816360601,0.05809682804674458,0.001001669449081803,5,1,360.99999999999915,0.9999999999999977,0.03333333333333326,0.012033333333333306,1.0,-1.000088900581841e-12,3.08121
subject_03_task_1,3,1,,1,230,1145.0,1175.0,0.7803015367374679,30.0,0.6527777777777778,eye,中,5.533333333333333,6,78.33333333333333,2.804757862395017,75.0,82.0,13.556120595713784,6.1525231997153496,2.4651942696408162,1.5490024800448132,4.544326396427315,3.8770784745294344,1.5914721257060203,2.933711504642553,7.804739749857908,3.9541110657712224,2.1747200055524956,3.4859463741365757,1.9134263536107836,1.8182161637707774,1.60294031656317,6.543784691311734,3.437868826475177,2.6787017098608903,3.9724889806117085,1.9667073103858717,1.2834086056762595,1.482990422557354,10.238075036300193,8.927942972348061,8.48495124022791,19.36432645743763,13.097091477202985,1.0522091075809474,2.2821965511869573,2994,3.1684475617902472,0.1672078422250903,0.9933199732798931,0.9321977287909151,0.06212424849699399,0.0033400133600534404,10,1,327.4144865925457,0.9069653368214562,0.03023217789404854,0.010913816219751524,1.0,-1.000088900581841e-12,3.08121
subject_03_task_1,3,1,,1,231,1150.0,1180.0,0.7836219688086913,30.0,0.6555555555555556,eye,中,5.533333333333333,5,79.0,2.5495097567963922,76.0,82.0,11.448900388098197,5.918900377131283,2.53109959706117,1.6086053462694128,4.644490784272489,3.9519966083454485,1.5734745647409132,2.887277973459265,8.198773512981054,4.333435537516787,2.1717952195789922,3.439826966977327,1.844858254706768,1.9953241900757264,1.583863402942818,7.0840741516904755,3.4627355138982967,2.7514495199398823,3.795976343387558,2.021186642835085,1.2585131905214657,1.3796278346660338,10.110888926493672,9.091834664237714,8.726578320454712,18.83521875849921,13.520633952755011,1.041855619736645,2.158373885713063,2994,3.1735357381429528,0.16779910653028443,0.9933199732798931,0.9298597194388778,0.0644622578490314,0.0033400133600534404,10,1,179.85071942446194,0.49820143884892504,0.016606714628297502,0.005995023980815398,1.0,-1.000088900581841e-12,3.0812099999999996
subject_03_task_1,3,1,,1,232,1155.0,1185.0,0.7869424008799145,30.0,0.6583333333333333,eye,中,5.533333333333333,6,80.16666666666667,1.9407902170679514,77.0,82.0,5.464859754175987,6.817534038503499,2.4343761489518174,1.6977154698403913,4.734511747467117,3.8091928013687357,1.433912921333445,2.7887545537369856,9.189499407398264,4.095140470491915,2.319638444378532,3.522773524854911,1.7511965740449433,1.765421883059482,1.5186735387112098,7.642574246199885,3.566853854513006,2.946496228112899,4.098685215376928,2.1887816983375,1.2105407841629645,1.391036980217672,10.886707604428329,8.792562687036655,8.909804079919677,19.755030957230485,13.741793827097624,0.9868413051699697,2.2172239456704843,2994,3.184185036740147,0.16693959515211165,0.9933199732798931,0.935871743486974,0.06012024048096192,0.0033400133600534404,10,1,32.28695225637822,0.08943754087639397,0.0029812513625464654,0.0010762317418792741,1.0,-1.000088900581841e-12,3.08121
subject_03_task_1,3,1,,1,233,1160.0,1190.0,0.7902628329511378,30.0,0.6611111111111111,eye,中,5.533333333333333,6,81.0,1.2649110640673518,79.0,82.0,1.1232449297972198,6.367544465601217,2.7100132502846757,1.689094109700204,4.872943238857037,3.9301748929886915,1.6044181521452785,2.8849447824561603,8.68912849201825,4.692938513602332,2.4096070069443365,3.3660125783799315,1.7038434372437743,1.9475949812884745,1.3969135085843019,7.24180735833893,3.511396737117699,3.1214198810816494,4.042096994429721,2.224173952320781,1.124935725052444,1.2949545874709538,10.244370214444677,9.274864278383923,9.487041744151577,19.495733869723733,14.20762666634375,0.9776350234889127,2.054985568261271,2994,3.1742765531062123,0.1553513021118082,0.9933199732798931,0.9258517034068137,0.06947227788911156,0.0033400133600534404,5,0,0.0,0.0,0.0,0.0,,,
subject_03_task_1,3,1,,1,234,1165.0,1195.0,0.793583265022361,30.0,0.6638888888888889,eye,中,5.533333333333333,5,81.0,1.4142135623730951,79.0,82.0,1.8181818181818037,8.25695946987325,2.6060371800684745,1.7317349043707793,5.053805174548143,3.952210055121713,1.504870735983329,2.918348046108378,9.175989305322327,4.276724343477313,2.31832765875697,3.4669334781151107,1.6570446148285678,1.844745425575601,1.4954458508138555,7.829451752140807,3.422792587193439,3.081078250607851,4.340420599755005,2.415156171229828,1.1109073865677292,1.4087342958260485,11.626613963412831,9.487102618497657,9.748392217984597,20.637669253539627,14.687875056278765,0.9731966468270642,2.117033126289855,2994,3.197447561790247,0.2107634399514792,0.9863059452237809,0.9071476285905143,0.08350033400133601,0.0033400133600534404,5,0,0.0,0.0,0.0,0.0,,,
subject_03_task_1,3,1,,1,235,1170.0,1200.0,0.7969036970935843,30.0,0.6666666666666666,eye,中,5.533333333333333,6,82.83333333333333,3.4302575219167823,79.0,87.0,23.654636820465935,9.213481762685218,3.1027265632610157,1.8123734003519851,5.207346210464392,4.073873487615166,1.7119687160815913,2.8732192877323524,8.664509217880687,4.974216652211529,2.4614319827659967,3.385077219191668,1.6679196874160553,2.020862931431414,1.3752471093626315,7.879929896220316,3.3122707858488547,3.053665259644941,4.404649701348409,2.5801665870256487,1.0846869267635386,1.4424140587893222,10.289068634902131,9.13833882058838,9.815450458266275,21.075506602634473,14.781819785393886,0.9310157347788708,2.1471767080119406,2995,3.2271622704507514,0.20553651637762477,0.9869782971619365,0.8978297161936561,0.08881469115191987,0.002337228714524207,5,0,0.0,0.0,0.0,0.0,,,
subject_03_task_1,3,1,,1,236,1175.0,1205.0,0.8002241291648076,30.0,0.6694444444444444,eye,中,5.533333333333333,6,83.33333333333333,2.943920288775949,80.0,87.0,10.1276245368464,8.69239041158145,2.8731601131275997,1.752942007721591,5.156555582256952,3.8459187518275564,1.6390502940037512,2.9416578298327463,9.20134449290125,4.754728339727968,2.403133029620722,3.3087122363543213,1.585072199261884,1.978553946503074,1.3768327410807233,7.346091312107494,3.5861689490760975,2.984839928241243,4.573543536555272,2.5762037920627217,1.2014610616620824,1.532257557024219,11.342168870664855,9.489979731774683,10.684872881181255,22.167731174080618,14.884959660450155,0.8881696429434291,2.074683659842464,2995,3.21480734557596,0.21212766652799522,0.9913188647746244,0.9035058430717863,0.08614357262103506,0.0,9,0,0.0,0.0,0.0,0.0,,,
subject_03_task_1,3,1,,1,237,1180.0,1210.0,0.8035445612360308,30.0,0.6722222222222223,eye,中,5.533333333333333,7,82.85714285714286,2.9680841985233184,80.0,87.0,1.4333194848359785,9.070528146730949,2.921371433494522,1.751937580753982,5.020485931348,3.7759173907542345,1.667508857385918,2.8656762583900575,8.507488169803741,4.756165135926444,2.561881989883136,3.381738044125454,1.621924433535412,1.8565121870205283,1.320021007009662,7.325026535645239,3.513879736915533,2.828892359851489,4.513085255803338,2.515712859782993,1.2421397812039778,1.5953541816770525,11.124297121754461,9.250785018685342,11.085915738007275,21.67859487951563,14.857448282508363,0.8344628659741371,1.9555078165705433,2995,3.2201021702838064,0.20604339998485519,0.9913188647746244,0.9045075125208681,0.08514190317195326,0.0,9,0,0.0,0.0,0.0,0.0,,,
subject_03_task_1,3,1,,1,238,1185.0,1215.0,0.8068649933072541,30.0,0.675,eye,中,5.533333333333333,5,83.6,3.209361307176242,80.0,87.0,-8.980891719745221,7.596061504622231,2.6461634840790276,1.6733099424759874,5.154888160578192,3.7590171870418922,1.5813947057312732,3.0806535177520864,8.251998749824454,4.445700155371634,2.5166703427597663,3.329535510670278,1.6411206311621955,1.7665007926689773,1.322992310156573,7.178882915054173,3.730225675723218,2.9043030327874773,4.765606070429503,2.836025992096605,1.284378948619229,1.640877696517637,12.256810357872723,9.591059596424985,12.34121351275571,22.46084744593465,16.327239088365634,0.7771569292202746,1.8199869423472357,2995,3.226740233722871,0.20150101062238493,0.9913188647746244,0.9025041736227045,0.08714524207011685,0.0,4,0,0.0,0.0,0.0,0.0,,,
subject_03_task_1,3,1,,1,239,1190.0,1220.0,0.8101854253784774,30.0,0.6777777777777778,eye,中,5.533333333333333,6,82.66666666666667,3.444802848737017,80.0,87.0,-21.45439935717154,8.923467763922627,3.045572575359307,1.9043319367061582,5.242192133740573,3.760283080142935,1.599286614195582,2.7527722623860256,8.430644572511211,4.793965829146941,2.7673994606650254,3.5315258625911574,1.6904245353294272,1.7322999072909113,1.276117131909286,7.788597937289505,3.7097584772081476,3.0538567124480194,4.907948393298625,2.8209780540553906,1.2147781728221123,1.6071311968544644,10.825061144201747,9.388739640755096,12.928824098254426,23.397124456222446,16.619732955636803,0.7261866639536622,1.8096869659926296,2995,3.2232868113522533,0.22368503645546858,0.9889816360601001,0.8934891485809683,0.09215358931552588,0.001669449081803005,4,0,0.0,0.0,0.0,0.0,,,
subject_03_task_1,3,1,,1,240,1195.0,1225.0,0.8135058574497006,30.0,0.6805555555555556,eye,中,5.533333333333333,7,82.42857142857143,3.2071349029490923,80.0,87.0,-15.53938356164382,5.234601805952592,2.47806172850773,1.736281622047719,5.28198737974065,3.7717705213313732,1.4272233818757913,3.0421259504614406,7.980761016782579,4.270927797056761,2.74396017060268,3.440409718345897,1.6991941326098086,1.5564831599281925,1.2538118283219284,6.7304364736601725,3.385972821842915,2.9533429806452984,4.855742985881856,2.7922545101361695,1.14648818103175,1.644151396469667,10.441142085147133,8.339069366166804,12.940424416901408,23.432867426186395,17.189111022258356,0.6444200821786956,1.810826806853481,2995,3.2036090150250423,0.1854862673162732,0.9953255425709516,0.9098497495826378,0.08046744574290485,0.001669449081803005,5,0,0.0,0.0,0.0,0.0,,,
subject_03_task_1,3,1,,1,241,1200.0,1230.0,0.816826289520924,30.0,0.6833333333333333,eye,中,5.533333333333333,6,80.66666666666667,0.816496580927726,80.0,82.0,-0.7706422018349537,5.977923195692204,2.341813865102027,1.6993037670903863,4.995424629713698,3.684187461537335,1.3781019676733675,2.9396890223265126,7.960479622024466,4.032832678433297,2.9189630989502118,3.4114832852473747,1.7112250681987462,1.3815976912773176,1.168731213654018,7.207620514724097,3.655893292916067,3.118373107445088,4.905109445199581,2.7185732182947033,1.1723719923660367,1.5729706729091126,16.754720663677777,10.10266193598958,13.77832533641844,22.78059601329846,17.568333133869263,0.7332285810733863,1.6533646475225474,2994,3.177304275217101,0.1836861799321183,0.9946559786239145,0.9124916499665998,0.07849031396125584,0.003674014696058784,5,0,0.0,0.0,0.0,0.0,,,
subject_03_task_1,3,1,,1,242,1205.0,1235.0,0.8201467215921472,30.0,0.6861111111111111,eye,中,5.533333333333333,5,80.4,0.5477225575051661,80.0,81.0,4.200000000000141,6.298793283116151,2.461893552658332,1.7913667874471726,5.103253728256959,3.7964831416048757,1.3743101468162802,2.8488044793604024,8.603715579697816,3.9805658116286478,3.0319873327699116,3.6647357381973436,1.8354839624677115,1.3128570059005324,1.20869097920979,7.734808449081637,3.667122565291866,3.1436521516946523,4.738556523867218,2.7432453920062994,1.1665166463519274,1.507341237265325,20.607745723191552,10.592745856915895,14.221275771905477,23.22431004369784,17.43426790001288,0.7448520109456114,1.6330679761922702,2994,3.173305611222445,0.17933227243796718,0.9946559786239145,0.9161656646626587,0.07481629926519706,0.003674014696058784,5,0,0.0,0.0,0.0,0.0,,,
subject_03_task_1,3,1,,1,243,1210.0,1240.0,0.8234671536633704,30.0,0.6888888888888889,eye,中,5.533333333333333,6,80.0,0.8944271909999159,79.0,81.0,-3.059096176129623,6.225658362792637,2.447935796976951,1.639789541549244,4.779152494262255,3.7278390735641787,1.4928353517026243,2.914491386344004,7.975051181010193,4.101599845949932,2.91389855430921,3.3342178932041473,1.6908633426160964,1.4075987099428335,1.1442463871205637,7.376249507122176,3.533188364385798,3.0868265110305844,4.526413255772045,2.350467816826329,1.144602183426949,1.4663646432986066,16.312150334868488,9.672328222119129,13.449566966761012,20.896715024858377,15.729596416730416,0.7191553635907479,1.5537091325320807,2994,3.1429819639278556,0.20021868684347904,0.9946559786239145,0.9091516366065464,0.07949231796927188,0.003674014696058784,5,0,0.0,0.0,0.0,0.0,,,
subject_03_task_1,3,1,,1,244,1215.0,1245.0,0.8267875857345938,30.0,0.6916666666666667,eye,中,5.533333333333333,6,80.0,0.8944271909999159,79.0,81.0,-3.059096176129623,6.1374530132931735,2.3142539080879088,1.647672682436758,4.903820042931224,3.728971532617267,1.4045592506063387,2.9762100781320964,8.72559486352016,3.717485473152079,2.807837843219619,3.456257754246087,1.6764134398133865,1.3239672946673475,1.2309321076330229,7.329872401407605,3.1823492707042997,2.9436409885502552,4.256385435166695,2.0690949035561013,1.0810928652925194,1.4459594263439604,19.968159082688615,8.94748007680793,11.866346812987244,19.955628095357913,13.855032926400867,0.7540214539335113,1.6816993814404002,2994,3.1438506363027465,0.20307251255328443,0.9863059452237809,0.905811623246493,0.07648630594522378,0.01002004008016032,1,0,0.0,0.0,0.0,0.0,,,
subject_03_task_1,3,1,,1,245,1220.0,1250.0,0.830108017805817,30.0,0.6944444444444444,eye,中,5.533333333333333,6,80.5,1.224744871391589,79.0,82.0,1.3235294117647465,6.1725680532135145,2.052393518887837,1.6035607250837238,4.62306408585581,3.7019590624815586,1.2798975971307098,2.8829990742099487,9.71623127873457,3.6895650233695974,2.6743405814127086,3.309496466153826,1.6238400056098987,1.3796167358087954,1.2374999987494484,7.494595668122805,3.190154757177539,2.7360722837899702,3.974746222658453,1.763278216247988,1.1659614316762785,1.452719742167297,16.843689137380277,8.008497759446863,10.740162813277239,18.79242927090706,12.960321064139857,0.7456588786109063,1.7497341146146708,2995,3.156748911951791,0.18521949261184806,0.9863105175292154,0.9228714524207011,0.06243739565943239,0.01001669449081803,1,0,0.0,0.0,0.0,0.0,,,
subject_03_task_1,3,1,,1,246,1225.0,1255.0,0.8334284498770402,30.0,0.6972222222222222,eye,中,5.533333333333333,6,80.83333333333333,1.602081978759722,79.0,83.0,6.793802145411156,5.988091401792569,1.8596184726992897,1.507765553983405,4.705624823430041,3.6499429237694567,1.233360496786994,3.1209260690417873,8.629003191221107,3.1360545812174485,2.2995596387511816,3.3760225407533384,1.5789076454657227,1.3637630998431252,1.468116975033859,6.788639287541837,2.9164166248448278,2.6427379809542004,3.6293629776053784,1.5619926070149295,1.103558750758867,1.3733343993092126,25.578765412273672,7.077470105459825,8.511164850300077,17.469990532461026,11.308041240167322,0.8315512893878793,2.052596893578567,2995,3.1508610646133244,0.17986174766343005,0.9869782971619365,0.9178631051752921,0.0664440734557596,0.01001669449081803,1,0,0.0,0.0,0.0,0.0,,,
subject_03_task_1,3,1,,1,247,1230.0,1260.0,0.8367488819482635,30.0,0.7,eye,中,5.533333333333333,6,80.83333333333333,1.602081978759722,79.0,83.0,8.762169680111318,5.653356298301296,1.8096338313891782,1.5050065713652776,4.662176635248246,3.5812639667202912,1.2024092557599637,3.097778258216453,10.161028127009658,3.3171356057771533,2.2559299656064495,3.315556213334794,1.603227909005972,1.4704071741364655,1.4697070671001484,7.047783575126999,2.716403690905576,2.4673184809623487,3.414352092431018,1.297277172186142,1.1009538135693266,1.3838311181859626,26.342384502809875,6.380084760297561,7.7937951194863855,16.940204669664965,10.416647857176052,0.8186107874898836,2.1735501652218607,2995,3.170679758308157,0.17725044081027422,0.9833055091819699,0.9302170283806344,0.054090150250417364,0.012353923205342237,1,0,0.0,0.0,0.0,0.0,,,
subject_03_task_1,3,1,,1,248,1235.0,1265.0,0.8400693140194868,30.0,0.7027777777777777,eye,中,5.533333333333333,6,80.83333333333333,1.602081978759722,79.0,83.0,8.762169680111318,5.302213473455316,1.8575537269842133,1.4891797639739124,4.261828721414258,3.244477590147841,1.247367021713541,2.8618631709320734,8.232884376213876,3.2830205945263433,2.145631228565963,3.111718131137541,1.4685214397156214,1.5300954566738652,1.4502576629709405,6.254990725306087,2.6225662210677116,2.4285923808891337,3.344111525122674,1.2073785305932132,1.0798708921698759,1.3769752188295836,25.123121508357666,7.119927471512054,6.327391849187826,16.189625052810694,10.132002440177084,1.1252547086088807,2.5586569377537076,2995,3.1789764309764315,0.17305538954677208,0.9796327212020033,0.9285475792988314,0.05275459098497496,0.015358931552587647,1,0,0.0,0.0,0.0,0.0,,,
subject_03_task_1,3,1,,1,249,1240.0,1270.0,0.84338974609071,30.0,0.7055555555555556,eye,中,5.533333333333333,6,81.16666666666667,1.1690451944500122,80.0,83.0,-5.097744360902275,5.902725080991973,1.8477492640727822,1.6308306537620363,4.059318178279288,3.012105796631986,1.1330111190946486,2.4891107908201033,9.54391879307622,3.473978611460613,2.438373642754047,3.1102643461770536,1.3866289616872554,1.424711352906887,1.2755487065813802,6.824188953063805,2.704658595915788,2.561546828534755,3.247726388067838,1.1634606635665925,1.0558692762462185,1.2678770311318448,24.891007898080243,7.22339137632508,6.777823623416498,16.062962189925,10.169026810906272,1.065739059861222,2.369929210673107,2995,3.2140360269360273,0.14205347825891365,0.9779632721202003,0.9358931552587646,0.04741235392320534,0.015692821368948246,4,1,459.78860498335155,0.367243294715137,0.012241443157171234,0.015326286832778384,1.0,-1.000088900581841e-12,3.19138
subject_03_task_1,3,1,,1,250,1245.0,1275.0,0.8467101781619333,30.0,0.7083333333333334,eye,中,5.533333333333333,6,81.16666666666667,1.1690451944500122,80.0,83.0,-5.097744360902275,5.408897275391305,1.9578978379373042,1.6015644604014705,3.9917258110045943,3.0822243397606908,1.2224908121690652,2.492391601899041,7.3388766661995035,3.5578624149420506,2.402041921429148,3.088938997727345,1.5110288264738567,1.4811824819548618,1.2859638169385121,6.648525901277789,2.810807726493859,2.5642586216390217,3.2740582966677785,1.1302779101990983,1.0961482990733782,1.2768050262321307,25.300479074259155,7.840214207437538,7.020037270860406,15.567296804759676,9.89781247910903,1.1168337011516474,2.2175518738879405,2995,3.221194089993284,0.1595685291364093,0.9833055091819699,0.9409015025041736,0.04741235392320534,0.010684474123539232,4,1,1252.0000000000314,1.000000000000025,0.03333333333333417,0.04173333333333438,1.0,-1.000088900581841e-12,3.19138
subject_03_task_1,3,1,,1,251,1250.0,1280.0,0.8500306102331566,30.0,0.7111111111111111,eye,中,5.533333333333333,6,80.66666666666667,1.2110601416389968,80.0,83.0,-6.370530877573116,5.66234872624556,2.109087682735285,1.7533535739436905,4.066924426194081,3.1309828586520125,1.2028878339646394,2.319511869500824,7.334142845509753,3.6978985900347148,2.743468015713983,3.378346046274961,2.135817765518268,1.347891999780556,1.2314144093988104,6.227763851516428,3.0065398438632185,2.729582255961874,3.252150122147476,1.2147377173765475,1.1014651920807375,1.1914460958427702,12.497415746613115,7.511152542027403,7.440681914885009,16.277976209444272,9.770023319183265,1.0094709904211088,2.1876995140566815,2994,3.195204568357407,0.14670546944156287,0.9832999331997327,0.9385437541750167,0.04976619906479626,0.01068804275217101,5,1,1252.0000000000314,1.000000000000025,0.03333333333333417,0.04173333333333438,1.0,-1.000088900581841e-12,3.19138
subject_03_task_1,3,1,,1,252,1255.0,1285.0,0.8533510423043799,30.0,0.7138888888888889,eye,中,5.533333333333333,6,80.16666666666667,0.408248290463863,80.0,81.0,-2.1089630931458707,5.664402942195632,2.0885363929770775,1.825769679831099,4.0552631342652266,3.2787457287174133,1.1439210630172625,2.2211252487446154,7.890274282246317,3.798359733465771,2.8661773615552946,3.600614152227438,2.13060518574315,1.3252354109044526,1.2562426179633248,6.382834989193141,3.1757058902243296,2.89687282257793,3.380070064908203,1.2674621875905667,1.096253126983416,1.1667996049271765,10.744354228077455,7.60735090679174,8.486248950826246,16.285048132183523,10.064789210272465,0.8964326819626316,1.918992504998096,2994,3.1935858246556936,0.13221977407528338,0.9832999331997327,0.9418837675350702,0.047428189712758854,0.01068804275217101,5,1,1252.0000000000314,1.000000000000025,0.03333333333333417,0.04173333333333438,1.0,-1.000088900581841e-12,3.19138
subject_03_task_1,3,1,,1,253,1260.0,1290.0,0.8566714743756031,30.0,0.7166666666666667,eye,中,5.533333333333333,5,80.0,0.0,80.0,80.0,-1.933852381170515e-13,5.6996666299122305,2.0192898451827834,1.8652552705367862,4.4937564120423055,3.7169394133129865,1.082580962015815,2.409191108061625,7.777434334936802,3.767644665201377,3.0776215786703784,3.789600129418394,2.339068724080775,1.2242066052932694,1.2313405116738265,6.3294041120052125,3.417098480700768,2.893732807359217,3.412022827908392,1.3097578615951617,1.1808617824045642,1.179107766698806,10.284175166125017,7.5395999330557615,8.558968253066084,16.483506288237876,9.987025139328912,0.8809005606902265,1.9258753860119742,2994,3.179411390284758,0.1384722787715303,0.9873079492317969,0.9342017368069472,0.05811623246492986,0.007682030728122912,5,1,1252.0000000000314,1.000000000000025,0.03333333333333417,0.04173333333333438,1.0,-1.000088900581841e-12,3.19138
subject_03_task_1,3,1,,1,254,1265.0,1295.0,0.8599919064468264,30.0,0.7194444444444444,eye,中,5.533333333333333,7,81.0,1.7320508075688772,80.0,84.0,8.090306545153236,4.940196711321747,1.9514445486817722,1.8485421420460186,4.471315518184157,3.650070438612744,1.055666789679925,2.418833423637926,7.147728677678792,3.6524805910805944,2.8141042241458503,3.619447820780438,2.051037369575225,1.2979194443976971,1.286181154814559,6.561981815875464,3.3435310215236083,2.8843943953715074,3.2910270669313597,1.2261235894012055,1.15917955841575,1.1409767929837757,10.269989780782389,7.466656903086782,9.16027070362565,15.94571766773997,9.462777558680143,0.815113127620941,1.7407474280676691,2994,3.1755230460921844,0.13784108005631857,0.9899799599198397,0.9375417501670007,0.05778223112892451,0.004676018704074816,4,1,1252.0000000000314,1.000000000000025,0.03333333333333417,0.04173333333333438,1.0,-1.000088900581841e-12,3.19138
subject_03_task_1,3,1,,1,255,1270.0,1300.0,0.8633123385180497,30.0,0.7222222222222222,eye,中,5.533333333333333,6,81.83333333333333,2.0412414523193148,80.0,84.0,12.053872053872096,5.447466456513512,1.9190980892376222,1.6764177350778677,4.617940981147404,3.8574122281077448,1.1447612662893252,2.7546481312624063,7.647908121171803,3.4028387515713896,2.7258304901474184,3.8464637920729765,2.323128883816045,1.2483677044009283,1.4111162840008264,6.6810948796104626,3.3144550859646733,2.8194833750300288,3.3143025604113068,1.2215787985193498,1.175554044871562,1.1754999478853136,10.38632893895757,7.453210192390242,8.605046133907647,15.323123116181177,9.052607362328251,0.8661441294336973,1.7807136507730466,2994,3.1469261857047433,0.15477716075429093,0.9869739478957916,0.9285237140948563,0.0644622578490314,0.006346025384101536,4,1,792.21139501668,0.6327567052848881,0.021091890176162937,0.026407046500556,1.0,-1.000088900581841e-12,3.1913800000000005
subject_03_task_1,3,1,,1,256,1275.0,1305.0,0.8666327705892729,30.0,0.725,eye,中,5.533333333333333,7,82.0,1.9148542155126762,80.0,84.0,9.671052631578892,5.406680963662114,1.7830710338605398,1.6435817892947384,4.413799885345858,3.646053178478902,1.0848690618710592,2.685476265370293,7.196551396847543,3.2410437853098872,2.458569696240348,3.4248407874540745,1.4951962793186873,1.318263944384453,1.39302163883796,6.834441387729742,2.9569474227876755,2.618541299923264,3.0986223516431943,1.1091195457630314,1.1292345944187814,1.1833391177500232,9.526855214160728,6.39427659794701,7.697081463359331,14.492590390709822,9.012288549858516,0.8307404083464485,1.8828682611324012,2995,3.1322624373956596,0.13017632783033345,0.9836393989983305,0.933889816360601,0.05876460767946578,0.00667779632721202,1,0,0.0,0.0,0.0,0.0,,,
subject_03_task_1,3,1,,1,257,1280.0,1310.0,0.8699532026604962,30.0,0.7277777777777777,eye,中,5.533333333333333,5,82.8,1.6431676725154982,80.0,84.0,9.416809605488773,5.4748815266628315,1.6080959347015424,1.4816965665981001,4.576526526547749,3.761685104379486,1.0853071883628973,3.088706979361652,7.950675509653742,2.8397026559672107,2.3866790217868457,3.4348153785434223,1.5760318260185586,1.1898133892513112,1.4391610045542964,6.909766167408694,2.724806508897535,2.571719376203604,3.1584669051336838,1.07928645315546,1.0595271529664017,1.2281537925013584,9.898723514914801,5.977042996740384,6.73774973852904,13.620265796273003,9.038981814039877,0.8870978039687877,2.0214858557875925,2995,3.117194034852547,0.1282001643919545,0.9769616026711185,0.9292153589315526,0.057429048414023375,0.011018363939899833,1,0,0.0,0.0,0.0,0.0,,,
subject_03_task_1,3,1,,1,258,1285.0,1315.0,0.8732736347317195,30.0,0.7305555555555555,eye,中,5.533333333333333,6,81.33333333333333,3.3862466931200785,77.0,84.0,-20.835699797160114,5.109442343265841,1.6619426880089716,1.4152594571042776,4.1615315043871375,3.246182205552883,1.1743024783663525,2.940472493221794,6.587371460026609,3.023630134919989,2.0811937911718865,2.9162407910591015,1.2164226533288132,1.4528344970784446,1.4012346199711723,6.487899929741291,2.6185155288512827,2.3242352496681358,3.02505673259267,0.9966909798778407,1.1266138095208587,1.301527774791558,8.92554500302216,5.801495638598219,6.0210900918866175,12.751999706866647,8.733833216028826,0.9635291201531263,2.1178888726561143,2995,3.0999245978552277,0.12738682544460653,0.9752921535893155,0.9375626043405676,0.04707846410684474,0.012687813021702838,1,0,0.0,0.0,0.0,0.0,,,
subject_03_task_1,3,1,,1,259,1290.0,1320.0,0.8765940668029427,30.0,0.7333333333333333,eye,中,5.533333333333333,7,80.71428571428571,3.4982989063393704,77.0,84.0,-19.638157894736825,5.295438638749085,1.6940868770343895,1.3998378466558943,4.3607578945155705,3.2810266165499025,1.2102022252659004,3.1151878804627895,7.141072205472184,2.944946223604667,2.2760169390329494,3.0317464877402096,1.2191461889957245,1.2939034736955592,1.3320403885167744,6.4400332394854765,2.505502138194538,2.4985720450645763,3.0723963682139743,0.969191296359921,1.0027736214945855,1.2296609074302547,8.545862077662882,5.688452384986138,6.202166983557916,12.576903507396793,8.66713837669723,0.9171717562694383,2.0278240719313825,2995,3.0981786193029492,0.13365523442126637,0.9749582637729549,0.9442404006677796,0.038731218697829715,0.01302170283806344,1,0,0.0,0.0,0.0,0.0,,,
subject_03_task_1,3,1,,1,260,1295.0,1325.0,0.879914498874166,30.0,0.7361111111111112,eye,中,5.533333333333333,5,79.6,3.5777087639996634,77.0,84.0,-25.543644716692143,5.369339584476222,1.731643284536584,1.5111222916072289,4.222598948339984,3.2043322404497814,1.1459319302971893,2.7943462761368107,6.808635800096565,3.052806625117352,2.177465100664773,2.88807100776625,1.2007020585924504,1.4020002544175518,1.3263454862649835,6.079054637594327,2.5884086484519297,2.4785327118683305,2.973862823298572,0.9576354191563978,1.0443310415301215,1.1998481234717533,9.273587787004097,5.303061287722719,5.2435495753233745,12.578644085886241,8.867412889423985,1.0113495088669346,2.398879595814731,2995,3.062780512474713,0.16756963276752096,0.9686143572621035,0.9328881469115192,0.041402337228714524,0.019031719532554257,1,0,0.0,0.0,0.0,0.0,,,
subject_03_task_1,3,1,,1,261,1300.0,1330.0,0.8832349309453893,30.0,0.7388888888888889,eye,中,5.533333333333333,6,78.16666666666667,2.401388487243717,77.0,83.0,-9.758522727272666,4.369070558278329,1.7489112742864623,1.4343179524763647,4.275892741708817,3.2785238521796827,1.219333043462887,2.981133112310589,5.81052199921336,3.245925010386367,2.1993176138362442,2.8223450986145053,1.1855475781613203,1.4758782405805124,1.2832821784624011,5.578749657847063,2.7709939798351417,2.5725542035705473,2.9419196376653503,0.9543241871986499,1.0771372575898195,1.1435792620354301,7.7589775438719855,5.522884725322293,5.633617158419423,13.083535274511812,8.944819914325826,0.9803443453853373,2.3224040446125294,2995,3.0655370869858394,0.17437421083170804,0.9732888146911519,0.9485809682804675,0.028380634390651086,0.01702838063439065,1,0,0.0,0.0,0.0,0.0,,,
subject_03_task_1,3,1,,1,262,1305.0,1335.0,0.8865553630166125,30.0,0.7416666666666667,eye,中,5.533333333333333,5,77.2,0.4472135954999579,77.0,78.0,1.831238779174187,4.515058195156821,1.8670246417573597,1.7123154536515113,4.3498474855939016,3.4578623898036116,1.090350868337917,2.540330682829414,5.980336096283501,3.233727017693646,2.3616866731350314,3.4800954444864445,1.7735516564130267,1.3692447243228167,1.4735635696613287,5.322281907572039,2.765202602639088,2.6624918179732875,3.1059217938952264,1.1218874079965797,1.038576939081069,1.1665469816389828,8.725262445884006,5.114102867335732,5.782249159122571,13.231844951890587,9.065512424932093,0.8844487199703744,2.2883560683328383,2994,3.0668225969645864,0.18004337148604088,0.9742818971275885,0.9385437541750167,0.035738142952571814,0.018036072144288578,1,0,0.0,0.0,0.0,0.0,,,
subject_03_task_1,3,1,,1,263,1310.0,1340.0,0.8898757950878358,30.0,0.7444444444444445,eye,中,5.533333333333333,7,77.57142857142857,0.7867957924694432,77.0,79.0,3.3400809716598854,4.574701661267776,1.9618008865706544,1.7344938422968128,4.773188226123765,3.806907223582949,1.1310509375881337,2.7519199605823452,5.635869518414311,3.5240042143775447,2.67522030912839,4.226643612251661,2.468924039066153,1.3172762640717601,1.5799235666047775,5.461490275683795,3.150759974386769,2.658323623417322,3.182291939342419,1.3115853119158694,1.1852431910966548,1.1971047886380088,8.33310449462226,5.652906310424101,6.169621061568546,12.88105946699921,8.341353280568383,0.9162485433079294,2.087820198105387,2994,3.0871014492753623,0.20116564939760898,0.9772879091516367,0.9412157648630595,0.035404141616566465,0.017034068136272545,1,0,0.0,0.0,0.0,0.0,,,
subject_03_task_1,3,1,,1,264,1315.0,1345.0,0.8931962271590591,30.0,0.7472222222222222,eye,中,5.533333333333333,6,77.66666666666667,0.816496580927726,77.0,79.0,1.2774725274725653,4.821558380996597,1.8243237429782175,1.8399908132193414,4.6833598646560635,3.9485304093068905,0.9914852453998333,2.5453169825678743,5.8134112269699685,3.2500205927431605,2.6350256543154464,4.120866336404032,2.377364399539787,1.2333923912355547,1.5638809169296655,5.416621185801929,2.8742054395145433,2.533454980156562,3.105890140051378,1.295441455600995,1.1345003017724529,1.2259503975316115,9.405993140600476,4.68347942678666,5.722023597733991,13.565259752636104,8.863239975706092,0.8185005438707715,2.370710207837688,2994,3.116335018537243,0.2038995420809323,0.9736138944555778,0.9382097528390113,0.0364061456245825,0.019372077488309953,1,0,0.0,0.0,0.0,0.0,,,
subject_03_task_1,3,1,,1,265,1320.0,1350.0,0.8965166592302823,30.0,0.75,eye,中,5.533333333333333,6,77.83333333333333,0.7527726527090811,77.0,79.0,0.11257035647289139,5.5034828396879005,1.970174632014506,1.669836219486079,4.753156111203683,3.890036241763754,1.179861000152974,2.846480424688925,8.001373282277699,3.6884381806110373,2.502526769903842,4.039962948949834,2.499232240272667,1.4738856043297244,1.6143535396047202,5.315612219912494,2.9335485693767467,2.3260714586593934,3.002518205566264,1.3489607118622593,1.2611601240606194,1.2908108194134043,9.26839867397378,5.1381984866235735,5.746352949595663,13.01492475939022,9.235688391529479,0.8941668797049993,2.2649017339434403,2994,3.108155375800472,0.19640359812202648,0.9729458917835672,0.9405477621910487,0.03473613894455578,0.02004008016032064,1,0,0.0,0.0,0.0,0.0,,,
subject_03_task_1,3,1,,1,266,1325.0,1355.0,0.8998370913015056,30.0,0.7527777777777778,eye,中,5.533333333333333,7,77.57142857142857,0.9759000729485332,76.0,79.0,-2.6013986013986665,5.700580417110815,2.006458398140993,1.8074139923123143,4.821228562308214,4.039152437182366,1.11012662659208,2.667473297658926,8.244008331069358,3.711927053977348,2.6367138453930017,4.2841364400989725,2.6126911948063127,1.407785323562135,1.62480143515931,5.422755363877578,2.897382279653929,2.3927845708829167,3.0529746117139256,1.5208892931020546,1.2108830501965415,1.2759086834914706,9.82049264159572,5.485632914646455,6.354000664833692,13.45539363087255,9.5632629774305,0.8633352755228323,2.1176254678948365,2995,3.139736436704622,0.17168098417373767,0.9766277128547579,0.9499165275459098,0.031051752921535895,0.016360601001669448,1,0,0.0,0.0,0.0,0.0,,,
subject_03_task_1,3,1,,1,267,1330.0,1360.0,0.9031575233727289,30.0,0.7555555555555555,eye,中,5.533333333333333,5,77.6,1.140175425099138,76.0,79.0,-8.48484848484851,5.950540862154412,2.499296483441479,1.8799787539636155,4.918479532535883,3.938772848250898,1.329428047084116,2.6162420836757363,8.316693631910878,4.31462305561912,2.935463588495208,4.3369297513449645,2.6102609244713855,1.4698268009622641,1.4774258377254077,5.280536353695924,3.1744305418173813,2.5847450628393265,3.184164606244874,1.556527795163813,1.2281406733127826,1.2319066402421477,9.127335120467107,7.212690591603942,7.675264717319408,13.606528472689092,9.086962866776341,0.9397318343077267,1.7727764414412515,2995,3.1773241518307023,0.1817502220361116,0.968948247078464,0.925542570951586,0.04540901502504174,0.021702838063439065,1,0,0.0,0.0,0.0,0.0,,,
subject_03_task_1,3,1,,1,268,1335.0,1365.0,0.9064779554439522,30.0,0.7583333333333333,eye,中,5.533333333333333,6,77.0,1.7888543819998317,74.0,79.0,-10.801367261678594,5.799079267115444,2.4529148158471945,1.693575661188589,4.3902702987860165,3.428637961606397,1.4483644705461134,2.592308332835173,8.293224413677294,4.382437035081884,2.605843438755025,3.107806213083809,1.4314629456795522,1.6817729606870204,1.1926296748543739,5.582161529746308,3.2419009022062975,2.443656217476601,2.980835375786689,1.2419354319770641,1.3266599773817571,1.2198259945356784,10.982189011883271,7.324493970885828,7.3922207458054165,13.721694270368937,9.415473562594299,0.9908381016681599,1.8562343769502645,2995,3.212535774269399,0.18911145732880466,0.9742904841402337,0.937228714524207,0.03806343906510851,0.019031719532554257,5,1,33.19773156897971,0.024196597353483753,0.0008065532451161251,0.0011065910522993238,1.0,-1.000088900581841e-12,3.28299
subject_03_task_1,3,1,,1,269,1340.0,1370.0,0.9097983875151754,30.0,0.7611111111111111,eye,中,5.533333333333333,6,75.16666666666667,2.1369760566432805,73.0,78.0,-12.436069986541119,6.027073808511348,2.432057706729364,1.6496439991603766,4.454122209150558,3.4630332270158544,1.474292458231724,2.7000505632837046,8.909662637183294,4.274199952766799,2.66953178189858,3.0527642616874524,1.377046761748615,1.6011047262104419,1.1435579386570613,5.695337303689669,3.1614719772233535,2.5458350035874533,3.1018103851626195,1.262575574101704,1.2418212385203196,1.2183862586505865,11.226915667409095,7.834700868074907,9.12763431976802,15.043239686463439,9.814073443520416,0.8583495562598334,1.6480984184350806,2995,3.2106051574012056,0.19977013715439412,0.9782971619365609,0.9262103505843072,0.05175292153589316,0.015025041736227046,5,1,1329.9841209829683,0.9693761814744667,0.03231253938248222,0.04433280403276561,1.0,-1.000088900581841e-12,3.28299
subject_03_task_1,3,1,,1,270,1345.0,1375.0,0.9131188195863987,30.0,0.7638888888888888,eye,中,5.533333333333333,6,74.66666666666667,1.9663841605003498,73.0,78.0,-10.022838499184202,5.522267941889622,2.6918436920346545,1.621158741046155,4.648459218573844,3.4736269139798326,1.6604442389753717,2.867368321731487,8.008019972061861,4.788850649795785,2.581430111715396,3.282501590890211,1.485834959795155,1.8551153595297327,1.2715825913679077,5.928620233691315,3.317219624936757,2.604570093529226,3.2377724044352183,1.3315473507420452,1.2736150327372768,1.2431120254659744,11.527425553044528,8.75193310967434,8.988889353712864,15.758397227848837,10.150476850211161,0.9736389853390899,1.7530972523696517,2995,3.2131527126590758,0.2040154133854515,0.9813021702838064,0.9158597662771285,0.06210350584307179,0.01302170283806344,5,1,1371.9999999999905,0.9999999999999931,0.033333333333333104,0.045733333333333015,1.0,-1.000088900581841e-12,3.2829899999999994
subject_03_task_1,3,1,,1,271,1350.0,1380.0,0.916439251657622,30.0,0.7666666666666667,eye,中,5.533333333333333,6,74.16666666666667,1.1690451944500122,73.0,76.0,-2.0490156689433876,5.379739986042003,2.76726371306979,1.7666313040827029,4.924690154555827,3.8575006971338186,1.5664070407190316,2.78761626332264,7.163864074272968,4.872305071669363,2.8197102633630067,3.586729903201812,1.9716689221317454,1.7279452910379065,1.2720207284432117,5.9855640665401,3.3836203975474057,2.766853535109185,3.4317528675922184,1.5222022288439456,1.2229127254521919,1.2403088287999295,10.588025373058418,9.37527545949707,10.027306373929429,16.741567257876344,10.922472782183654,0.9349744697012937,1.6695976599861064,2995,3.217584728734092,0.2109210439678456,0.9806343906510852,0.9025041736227045,0.07479131886477462,0.012020033388981636,10,1,1371.9999999999905,0.9999999999999931,0.033333333333333104,0.045733333333333015,1.0,-1.000088900581841e-12,3.2829899999999994
subject_03_task_1,3,1,,1,272,1355.0,1385.0,0.9197596837288452,30.0,0.7694444444444445,eye,中,5.533333333333333,6,74.16666666666667,1.1690451944500122,73.0,76.0,6.740554156171132,5.380828077723635,2.592582438535957,1.6921135010268522,4.797769675936844,3.720413970341243,1.5321563458731693,2.835371074709431,7.52653869504605,4.847528982422914,2.6610367697119153,3.4239412279457544,1.8167488924667543,1.821669297319672,1.2866944444050021,6.296134674622829,3.4994054421027068,2.796554614480445,3.549102384531995,1.4961335789226182,1.2513274098002338,1.2690981846572524,11.005573169075516,9.45725602918152,9.285298186724583,17.4634731440518,10.807526923973052,1.0185193667450325,1.8807660015722223,2994,3.2314726968174203,0.20375787787595256,0.9839679358717435,0.8964595858383434,0.08383433533734135,0.009686038744154976,10,1,1371.9999999999905,0.9999999999999931,0.033333333333333104,0.045733333333333015,1.0,-1.000088900581841e-12,3.2829899999999994
subject_03_task_1,3,1,,1,273,1360.0,1390.0,0.9230801158000684,30.0,0.7722222222222223,eye,中,5.533333333333333,7,74.57142857142857,1.511857892036909,73.0,77.0,8.409090909090883,5.536979888124177,2.275821989309704,1.5765064033130676,4.681312296046972,3.829719642516134,1.4435856299264038,2.969421682150531,8.276628036497337,4.486876229836585,2.550385117304574,3.5100308119265047,1.9401077392603623,1.7592936060490467,1.3762748175209523,6.14627090565424,3.537272343434761,2.8090352429935095,3.817859241153478,1.6429125193063205,1.2592481181066242,1.3591354009089944,11.919343646015514,10.407925152482235,9.846350749655349,17.87968462514624,11.586305382053226,1.0570337597253017,1.8158691559684772,2994,3.2355511022044086,0.17937710528629247,0.9916499665998664,0.9141616566466266,0.07615230460921844,0.004342017368069473,12,3,1416.7590947924664,1.08807693071864,0.036269231023954664,0.04722530315974888,0.9684074060600737,0.1585696805406908,3.2825238326825645
subject_03_task_1,3,1,,1,274,1365.0,1395.0,0.9264005478712918,30.0,0.775,eye,中,5.533333333333333,7,75.85714285714286,3.484660262185848,73.0,83.0,18.88838883888387,5.06996984088364,2.2486128057467893,1.589078783608242,4.830646171139339,3.8867425922503105,1.415041739240251,3.0399035094853075,7.890276099771428,4.581905004917075,2.3532223968277104,3.7070710193768748,1.9512016341700436,1.9470769150819602,1.5753169034827461,5.832214510702242,3.5826187535602214,2.693883673630814,3.8718475667231287,1.6638585539772046,1.3299084844044402,1.4372734816365162,10.431360292435793,10.634385918930095,8.78518224066314,18.904275370363194,12.32653601099525,1.2104912143663589,2.151836450570458,2994,3.1898757515030063,0.17182904714634414,0.9889779559118237,0.8981295925183701,0.09118236472945891,0.004676018704074816,12,3,1938.8851199539313,2.1566462231746177,0.07188820743915393,0.06462950399846437,0.6905010795393702,0.7983128228914673,3.2784231612727095
subject_03_task_1,3,1,,1,275,1370.0,1400.0,0.929720979942515,30.0,0.7777777777777778,eye,中,5.533333333333333,5,77.0,3.5355339059327378,74.0,83.0,26.337792642140403,5.6101678654491565,2.1855924578498938,1.5684023423579871,5.133994593160568,4.2838454206835195,1.3935151707080486,3.2733913068772607,7.929141632346958,4.314184089443482,2.299919803101002,3.8544285144319375,2.090143755310057,1.8757976185198413,1.6758969200730292,5.68524468484664,3.5350467456312535,2.735961966630331,4.138476607625867,1.8009124788421604,1.2920672102708695,1.5126221263678248,9.721349800076537,10.163138668127539,7.839487069864855,17.912897014541233,12.371198010880661,1.2964035245615555,2.2849577854906817,2994,3.173598864395458,0.14641687122436045,0.9899799599198397,0.9031396125584502,0.08817635270541083,0.004342017368069473,12,3,1197.4224872703871,2.304232528863096,0.0768077509621032,0.0399140829090129,0.7071989274902077,0.7119819987012419,3.2687521643975153
subject_03_task_1,3,1,,1,276,1375.0,1405.0,0.9330414120137382,30.0,0.7805555555555556,eye,中,5.533333333333333,6,78.83333333333333,3.2506409624359724,75.0,83.0,16.047144152311894,4.844396336312748,1.6571281413463919,1.5335933764655276,5.0232189473947,4.012545841308847,1.0805524898428909,3.2754568613042085,7.039086838762292,3.518873649692209,2.193095988413276,3.676376916660814,1.8783777277727305,1.6045233169379625,1.6763410886181522,5.867519169451476,3.256402100256376,2.616203066682281,3.9397200879887775,1.7810621342573112,1.2447054059859195,1.505892313238859,9.716615115157209,9.420777070537339,7.084040171686134,16.83098938613441,11.386326392210478,1.3298593517567558,2.375902589232257,2994,3.143594856379425,0.1433940521082242,0.9923179692718771,0.91750167000668,0.07782231128924516,0.002338009352037408,8,2,1710.7303649838093,3.366374600147031,0.1122124866715677,0.05702434549946031,0.7329159212880143,0.5803369804878351,3.268234411449016
subject_03_task_1,3,1,,1,277,1380.0,1410.0,0.9363618440849616,30.0,0.7833333333333333,eye,中,5.533333333333333,5,79.6,2.966479394838265,76.0,83.0,14.835164835164775,4.964245267430902,1.6483853480665371,1.3718647931228594,5.066090091649337,3.961037308042403,1.2015654577111912,3.6928494098292934,7.113786804754624,3.2369462540530107,1.9581298145786625,3.369683239176575,1.4566012750335997,1.6530805209916666,1.7208681539337276,5.880442830974738,3.1722147324016445,2.4054118713986368,3.9950755938465146,1.698669605322348,1.3187823549557636,1.6608696586849225,9.97814385492236,8.918120703122279,6.64799389354663,16.223499202816875,11.29976781842877,1.3414754655204055,2.4403601240616997,2995,3.153004355108878,0.13680564253060493,0.9923205342237061,0.92220367278798,0.07278797996661102,0.004340567612687813,8,2,2266.0541217142536,4.459140489956492,0.14863801633188306,0.07553513739047513,0.7329159212880144,0.580336980487835,3.2682344114490163
subject_03_task_1,3,1,,1,278,1385.0,1415.0,0.9396822761561848,30.0,0.7861111111111111,eye,中,5.533333333333333,6,80.66666666666667,1.9663841605003498,77.0,83.0,5.894585873072867,4.326348462023848,1.5782834962130166,1.2849302675426346,5.24344895001374,3.953327645721979,1.228302839524051,4.080726466224175,6.0921749537004395,3.095367689517516,1.9094122159676676,3.3547877066485214,1.3566806471486312,1.6211102367692878,1.7569740460408412,5.622680571741146,3.033145034364229,2.213189775267917,3.7578318768387406,1.6469429597108942,1.3704857433642592,1.697925735439401,8.52894860956997,7.61270283117283,5.6201874685991,14.862015148032178,10.199158708907605,1.3545282739599411,2.6443984708817405,2995,3.136731993299832,0.1378839528321039,0.988313856427379,0.918864774624374,0.07312186978297162,0.00667779632721202,8,2,2821.3778784446986,5.551906379765954,0.18506354599219846,0.09404592928148996,0.7329159212880143,0.5803369804878351,3.2682344114490163
subject_03_task_1,3,1,,1,279,1390.0,1420.0,0.9430027082274081,30.0,0.7888888888888889,eye,中,5.533333333333333,5,81.4,0.8944271909999159,81.0,83.0,-5.85657370517925,4.457432931778496,1.4777685786011374,1.2223703840711746,5.482728960808235,4.247425300742649,1.2089368311422473,4.485325423663891,5.790395375715708,2.7750183965647106,1.8856240787942984,3.2411616129330425,1.5092735624904392,1.4716710651781169,1.718880051110452,5.632466420803866,2.6026183318968945,2.065319403013981,3.9856597911627345,2.3477591485014218,1.2601529468511348,1.929803102293207,9.733027425166854,6.52810106641278,5.626464060659534,14.524747032682106,11.136484376255781,1.1602493139621257,2.58150534262535,2995,3.1368874706079946,0.1378255741093788,0.9849749582637729,0.9252086811352254,0.06410684474123539,0.009348914858096828,3,2,3331.9425403826667,6.556595338856768,0.21855317796189228,0.1110647513460889,0.7329159212880143,0.5803369804878351,3.268234411449016
subject_03_task_1,3,1,,1,280,1395.0,1425.0,0.9463231402986314,30.0,0.7916666666666666,eye,中,5.533333333333333,6,80.66666666666667,0.5163977794943223,80.0,81.0,-3.164953062136718,4.0660980476690245,1.5829985121120247,1.1804859981821085,5.517216192422677,4.205106114282377,1.340971866290465,4.673682026655906,5.828504316001088,3.0367561696657863,1.9323874350261472,3.058004987509005,1.5230402775478282,1.5715048207321303,1.5825009685325486,5.938032308670595,2.8743179394576113,2.1284704715102034,4.39320123501678,3.0700377326094888,1.350414759298122,2.0640179386184734,10.391210582688329,6.45224851733175,6.749672300559669,14.640365195645758,11.619776745248226,0.9559350780328614,2.169048295045644,2995,3.195060799462546,0.17325018424955804,0.9876460767946578,0.93889816360601,0.051419031719532556,0.009015025041736227,3,2,3331.9425403826667,6.556595338856768,0.21855317796189228,0.1110647513460889,0.7329159212880143,0.5803369804878351,3.268234411449016
subject_03_task_1,3,1,,1,281,1400.0,1430.0,0.9496435723698546,30.0,0.7944444444444444,eye,中,5.533333333333333,7,80.42857142857143,0.7867957924694432,79.0,81.0,-4.259860788863151,4.499587964290482,1.6191487117056,1.244433284500319,5.380149189674472,4.1672887310774005,1.3011133114747422,4.323372941470928,6.338145464845756,3.145443655361484,2.1864315972500306,3.1963162139130197,1.4975127284746985,1.4386197397246017,1.4618871305798748,5.878412028319859,2.9652076554639857,2.1911322901487464,4.627836073752451,3.2283354941639466,1.3532764173096508,2.112075156100359,11.048350570626218,6.549769715687334,8.00846049030224,15.6128088149376,11.934490008729028,0.8178562813188263,1.9495393445274238,2995,3.251393194070081,0.19524678855323227,0.9856427378964941,0.9495826377295492,0.038397328881469114,0.011352253756260434,3,2,3331.9425403826667,6.556595338856768,0.21855317796189228,0.1110647513460889,0.7329159212880143,0.5803369804878351,3.268234411449016
subject_03_task_1,3,1,,1,282,1405.0,1435.0,0.9529640044410779,30.0,0.7972222222222223,eye,中,5.533333333333333,5,80.2,0.8366600265340756,79.0,81.0,-6.494845360824845,5.138054738869609,1.6897021589446863,1.2564692001742241,5.408999114153436,4.518427128908234,1.3448018930431318,4.304919781084498,6.980435653079081,3.4295966797653303,2.1672844532766544,3.521990107107058,2.1422585666678997,1.582439570671133,1.625070535518429,5.851784489279611,3.406846009427864,2.3360693400939017,5.125157670200354,3.7907604998521345,1.4583668176951121,2.1939236058782146,11.719599023391458,6.813323417287929,8.506196032282462,16.983529382131028,13.605092294724884,0.8009835878964235,1.9966068637115395,2995,3.304326482479784,0.18244228477199795,0.9816360601001669,0.935559265442404,0.05041736227045075,0.011352253756260434,3,2,3331.9425403826667,6.556595338856768,0.21855317796189228,0.1110647513460889,0.7329159212880143,0.5803369804878351,3.268234411449016
subject_03_task_1,3,1,,1,283,1410.0,1440.0,0.9562844365123012,30.0,0.8,eye,中,5.533333333333333,6,80.66666666666667,1.3662601021279464,79.0,83.0,1.7948717948719006,6.209334563900989,1.6472840626668859,1.4132075946137022,7.083223959653166,7.1430001003342785,1.1656348783755073,5.012160978082879,9.73036891696609,3.3093192244653338,2.535956545941422,6.797008460762434,7.752442800071138,1.304958963023878,2.680254309420426,5.8438356964226355,3.241224269254503,2.458435397992676,6.242080908740293,5.433427400870999,1.3184093720343346,2.539046140418,11.07699197530083,6.871595019034543,9.398982891063516,18.067104366382996,14.298996902753538,0.7310998539605817,1.9222403717279946,2994,3.3547873698354045,0.174577628161239,0.9853039412157648,0.9405477621910487,0.04876419505678023,0.008016032064128256,3,2,3323.945878285761,6.540859510043536,0.21802865033478452,0.1107981959428587,0.7329159212880143,0.580336980487835,3.268234411449016
subject_03_task_1,3,1,,1,284,1415.0,1445.0,0.9596048685835245,30.0,0.8027777777777778,eye,中,5.533333333333333,6,80.66666666666667,1.3662601021279464,79.0,83.0,5.000000000000059,6.58941987862448,1.6848787871101232,1.484831865705354,7.299745581779602,7.420016256576364,1.1347269856104139,4.916210212333996,10.413627824527081,3.6727036052851276,2.520729888929423,7.316116782719422,7.833595518744178,1.4570000623291526,2.9023803045500616,6.196998060690951,3.2333540841119968,2.5698832159667497,6.532887660712187,5.572668258960068,1.2581716025160543,2.542095150520144,11.25684427192158,6.831312162437679,9.0962598780074,17.29532580805,14.091499410768533,0.7510023079875029,1.9013667199489315,2994,3.4254638898219683,0.12080235842535376,0.9896459585838343,0.9532398129592519,0.03907815631262525,0.0056780227120908485,3,2,2768.622121555316,5.448093620234074,0.18160312067446913,0.09228740405184387,0.7329159212880143,0.5803369804878351,3.268234411449016
subject_03_task_1,3,1,,1,285,1420.0,1450.0,0.9629253006547477,30.0,0.8055555555555556,eye,中,5.533333333333333,7,80.85714285714286,1.3451854182690985,79.0,83.0,4.999999999999881,6.9859104407055455,1.7391190361290343,1.6084533193133952,7.501935214142872,7.92840109785017,1.0812368722465733,4.664067725226396,11.372336811432765,3.6027680073493964,2.650691055995648,7.511736339720415,8.68272936324254,1.35918065562572,2.833878479624956,6.3110428655758275,3.1716392035343515,2.671432205155414,6.696250463733896,5.624009502433244,1.1872430067338495,2.5066144111054967,12.108032779664512,7.211250401116747,8.38693852488761,17.000950081150894,12.820763506096796,0.8598191556690088,2.0270746030511435,2994,3.436722613065326,0.107585162232437,0.9879759519038076,0.9378757515030061,0.05410821643286573,0.004008016032064128,3,2,2213.2983648248714,4.355327730424613,0.14517759101415378,0.07377661216082905,0.7329159212880143,0.5803369804878351,3.2682344114490163
subject_03_task_1,3,1,,1,286,1425.0,1455.0,0.9662457327259709,30.0,0.8083333333333333,eye,中,5.533333333333333,5,81.2,1.4832396974191324,79.0,83.0,6.745562130177446,7.194574553683946,1.822154736749234,1.7132716864208206,7.101804474826799,7.754240758208392,1.0635527051496894,4.145171213132641,11.0768359701709,3.6474191303880215,2.7688583315936053,7.32705559528101,8.044716572009458,1.317300740442276,2.646237083232768,6.342088537203589,3.0213488668346726,2.867966950098496,6.448203667171557,5.229584836357462,1.0534810614644319,2.2483535477806336,12.184487911661739,7.669414123944257,8.255300059531756,15.616569022668742,11.34662337332516,0.9290291168870329,1.891702168310345,2994,3.4482521008403366,0.1276829790878397,0.9789579158316634,0.9191716766867067,0.06279225116900468,0.011356045424181697,3,2,1657.9746080944271,3.262561840615152,0.1087520613538384,0.05526582026981424,0.7329159212880143,0.5803369804878351,3.2682344114490163
subject_03_task_1,3,1,,1,287,1430.0,1460.0,0.9695661647971943,30.0,0.8111111111111111,eye,中,5.533333333333333,6,80.33333333333333,2.3380903889000244,77.0,83.0,-13.769734308817817,7.047935155008355,1.8617783215647097,1.6947816517520395,7.470443666019177,8.03839651533842,1.0985358023200402,4.407909218450852,11.53986722353232,3.449732668482931,2.621862962561022,7.427088292219772,8.786507658259401,1.3157562838880221,2.8327522827375504,7.081531957049881,3.019330562221886,3.0483779513794653,6.726306519433848,5.675007098155337,0.9904711982500612,2.2065198694899464,12.99299968640868,7.577438882467573,7.548429410504373,14.316296807595526,10.40799076469843,1.0038431136314039,1.896592791564429,2995,3.4300194827007053,0.18804900169809907,0.9585976627712854,0.8891485809682804,0.08681135225375626,0.012687813021702838,3,2,1102.6508513639826,2.1697959508056903,0.07232653169352302,0.03675502837879942,0.7329159212880143,0.5803369804878351,3.2682344114490167
subject_03_task_1,3,1,,1,288,1435.0,1465.0,0.9728865968684175,30.0,0.8138888888888889,eye,中,5.533333333333333,7,79.85714285714286,2.4784787961282104,77.0,83.0,-13.090909090909028,6.686755102551059,1.8528557998714028,1.6965883513107272,6.451157389539914,6.520001417178464,1.092106873443961,3.802429378084535,9.978918352182543,3.626388688560503,2.4762996616086386,4.780919178729373,4.73125021332739,1.4644385511100666,1.9306706909710685,6.844700439912687,2.8026661375886457,2.8182230029758903,6.15723928474244,4.736969518104809,0.9944799026298424,2.184794914469412,12.312492896326008,7.524463660822533,6.412247097324972,13.411655071959864,8.897775242456156,1.1734519189008716,2.091568660470815,2995,3.3901199193819282,0.21697864856801488,0.9525876460767947,0.8787979966611018,0.09682804674457429,0.013689482470784642,3,2,547.3270946335383,1.0770300609962293,0.035901002033207646,0.018244236487784612,0.7329159212880144,0.580336980487835,3.2682344114490167
subject_03_task_1,3,1,,1,289,1440.0,1470.0,0.9762070289396407,30.0,0.8166666666666667,eye,中,5.533333333333333,6,79.33333333333333,2.250925735484551,77.0,82.0,-12.716094032549742,6.1259764678093624,1.910208442174607,1.6021982695063812,6.007814327287694,6.516299188976999,1.1922422327688071,3.7497321284329135,8.897338027269022,3.372762755713472,2.2610570473954033,3.5489629789075363,2.5281926581776317,1.4916752142979695,1.5696034662175908,7.41689814318512,2.85157613518012,2.8298586552595046,6.309606167399214,5.012832752216955,1.0076744044725527,2.2296541757208748,13.988078321726872,7.22964332745575,6.390056219473874,14.224392646252022,9.38058577304487,1.1313896277505682,2.226019953142633,2995,3.4101217948717943,0.2490706025332059,0.9268781302170284,0.8520868113522537,0.11519198664440734,0.019365609348914858,0,0,0.0,0.0,,,,,
subject_03_task_1,3,1,,1,290,1445.0,1475.0,0.9795274610108641,30.0,0.8194444444444444,eye,中,5.533333333333333,5,77.6,2.8809720581775866,74.0,82.0,-19.48787061994618,6.657316721081267,2.0036483667531657,1.8269252189827132,5.998950085021769,6.6302863883559775,1.0967325569400466,3.2836319859672005,9.447554967507957,3.5520866391443757,2.8115872363038474,3.3634533292482147,2.18602334614413,1.2633741515393986,1.196282756522205,7.400177310972749,2.9724398608918996,3.874272800737308,6.931416294752707,5.572557616666641,0.7672252352302652,1.7890883402515172,14.50727922311019,7.902759006007464,8.006956730656755,15.367242738028098,9.176833117402508,0.9869866007580206,1.9192363909237249,2995,3.488825573549258,0.3536588890366567,0.92220367278798,0.8404006677796327,0.12654424040066778,0.019365609348914858,0,0,0.0,0.0,,,,,
subject_03_task_1,3,1,,1,291,1450.0,1480.0,0.9828478930820873,30.0,0.8222222222222222,eye,中,5.533333333333333,6,76.0,1.5491933384829668,74.0,78.0,-9.431616341030136,6.939812342981952,1.902170084668938,1.9203611938821459,6.924718914718911,8.44031521891031,0.9905272459831198,3.605946077633501,9.272241015898546,3.4789475822632947,3.3156726052421974,3.6964061132864017,2.6335211603267226,1.0492433953711091,1.1148284385624356,7.640806400894424,3.0893103879685446,4.855326010662466,8.909521571899752,8.222090581770875,0.6362724935842229,1.8349996585881423,14.987782990230869,7.10434507324024,10.115634565581543,17.770616012125217,12.56865378252626,0.7023133375549945,1.756747527494692,2995,3.51015654286706,0.36656708041524294,0.8868113522537563,0.806677796327212,0.132220367278798,0.048414023372287146,0,0,0.0,0.0,,,,,
subject_03_task_1,3,1,,1,292,1455.0,1485.0,0.9861683251533105,30.0,0.825,eye,中,5.533333333333333,6,76.0,1.5491933384829668,74.0,78.0,-9.431616341030136,6.675527461246192,1.820831916938866,1.6968176009279503,7.448124677040841,9.44405975812677,1.0730864153831827,4.389466889645436,9.891191861013361,3.491731774750781,2.7236506641386584,3.7938347824218894,2.6538714078926517,1.2820042675535355,1.3929226799802066,7.222253898098746,2.9659213996456266,4.286365952850354,10.199527395933629,9.889608648304106,0.6919431127137765,2.3795279050196663,14.393799234957575,6.807542247249849,8.920825058653163,19.78361756679612,14.831477754255587,0.7631067981370805,2.2176892200801643,2995,3.551239678480088,0.4111375118428639,0.8110183639398998,0.7452420701168614,0.1348914858096828,0.09849749582637729,0,0,0.0,0.0,,,,,
subject_03_task_1,3,1,,1,293,1460.0,1490.0,0.9894887572245339,30.0,0.8277777777777777,eye,中,5.533333333333333,6,75.16666666666667,0.9831920802501751,74.0,77.0,-3.076260232658315,7.032288113866743,1.7958786196470453,1.7730790435558506,7.809680592088032,10.212659172776954,1.0128587477101252,4.4045868233973255,10.33548458034466,3.456617243695144,3.206974719488174,3.913519521922407,2.743388926036047,1.0778436208710782,1.2203150521083608,6.952378173712578,3.0324879081574756,5.049838688663902,11.361920835975035,10.84209872626641,0.6005118371335181,2.2499571840741703,15.272544611878546,6.884529504628655,10.426128908140024,21.84928495204643,16.368853392231966,0.660315018669458,2.095627739168654,2994,3.5687125416204215,0.39271717845286064,0.8102872411489646,0.7391449565798264,0.1295925183700735,0.10821643286573146,0,0,0.0,0.0,,,,,
subject_03_task_1,3,1,,1,294,1465.0,1495.0,0.9928091892957571,30.0,0.8305555555555556,eye,中,5.533333333333333,6,74.66666666666667,0.5163977794943222,74.0,75.0,-0.11650485436893626,6.11206176633294,1.710824167440057,1.602404923870111,8.371595678487362,11.078359847337927,1.067660328519269,5.2243946294600585,9.271674917322963,3.529730341888067,2.8817070021741036,4.9282249922985715,3.996089993512173,1.2248748187185798,1.7101755968183,6.179682506766957,3.194828864519773,4.424106528091666,11.251972291171974,11.03766868208128,0.7221410344062984,2.5433321326522176,14.452037451402882,7.705338448023013,10.24620920991122,23.01402940016207,17.361442481370734,0.7520184577696885,2.2461018439776206,2824,3.655622581918673,0.3779766553242519,0.7903682719546742,0.7177762039660056,0.1274787535410765,0.12039660056657224,0,0,0.0,0.0,,,,,
subject_03_task_1,3,1,,1,295,1470.0,1500.0,0.9961296213669804,30.0,0.8333333333333334,eye,中,5.533333333333333,7,74.71428571428571,0.4879500364742666,74.0,75.0,0.4195804195803619,6.23196217052532,1.5965078103853383,1.7340900575793545,8.602633317539762,10.05331826650931,0.9206602641006606,4.960891898283716,9.187596758291619,3.2527219313937192,3.2116769896575508,4.626762745725227,3.384390597984224,1.0127799096448191,1.4406064995404664,6.135522969984936,3.0718476214024535,5.162510616609349,11.459012870765477,10.75379355454125,0.5950297925818101,2.2196589453779305,12.821429032853631,7.028836047951844,11.188540450886926,22.33448913156109,16.941932007933133,0.6282174228895657,1.9961932684249815,2325,3.6664821690278457,0.4033352987231282,0.7784946236559139,0.704516129032258,0.11827956989247312,0.1389247311827957,0,0,0.0,0.0,,,,,
subject_03_task_1,3,1,,1,296,1475.0,1505.0,0.9994500534382037,30.0,0.8361111111111111,eye,中,5.533333333333333,6,74.83333333333333,0.408248290463863,74.0,75.0,-1.093819475322417,4.534238446864476,1.5038108175891476,1.3917675241110485,8.407379874720172,10.000514390881875,1.0805043166599706,6.040793256826527,7.01699342783445,2.940456910971933,2.028851829540278,4.442159134083423,3.3918081903200474,1.4493206788975899,2.189494111598076,5.227594338253271,2.602075544198069,3.271658932483456,10.263645735513958,9.665022074182922,0.7953382665786868,3.137138053606038,9.717795830463743,6.154433997173083,6.914547578229485,21.49757573981287,17.494988124576626,0.8900703809675665,3.1090357679363114,1826,3.5694121447028424,0.3706180611979853,0.7256297918948521,0.6522453450164294,0.12267250821467689,0.1768893756845564,0,0,0.0,0.0,,,,,
subject_03_task_1,3,1,,1,297,1475.828125,1505.828125,1.0,30.0,0.8365711805555556,eye,中,5.533333333333333,6,74.66666666666667,0.5163977794943222,74.0,75.0,-1.9423761735188383,4.801676141137126,1.5317488157713006,1.4523538702575722,8.282311642183764,9.741992279147416,1.0546663916691652,5.702681565281959,7.76496692101112,2.987240440002586,2.164738626181061,4.34998139108825,3.043169340338834,1.379954329762456,2.0094718773334317,5.362167979786043,2.690553295927446,3.3592816979948337,10.415349772775679,9.198558898035957,0.8009311328470745,3.100469299431672,9.975805817249379,5.956708572634393,6.7866972359139295,21.585210754365438,16.979099882980897,0.8777035965465806,3.1805177104616584,1743,3.5713535836177472,0.38029784922899684,0.7125645438898451,0.6368330464716007,0.12736660929432014,0.18531267928858292,0,0,0.0,0.0,,,,,
