sample_id,subject,task,repeat_id,label_task,window_id,window_start_sec,window_end_sec,progress_end_ratio,task_required_time_min,elapsed_required_ratio,anchor_source,task_difficulty,nasa_tlx_weighted_task_label,hr_n,hr_mean,hr_std,hr_min,hr_max,hr_slope_bpm_per_min,eeg_frontal_delta_power,eeg_frontal_theta_power,eeg_frontal_alpha_power,eeg_frontal_beta_power,eeg_frontal_gamma_power,eeg_frontal_theta_alpha,eeg_frontal_beta_alpha,eeg_central_delta_power,eeg_central_theta_power,eeg_central_alpha_power,eeg_central_beta_power,eeg_central_gamma_power,eeg_central_theta_alpha,eeg_central_beta_alpha,eeg_parietal_delta_power,eeg_parietal_theta_power,eeg_parietal_alpha_power,eeg_parietal_beta_power,eeg_parietal_gamma_power,eeg_parietal_theta_alpha,eeg_parietal_beta_alpha,eeg_occipital_delta_power,eeg_occipital_theta_power,eeg_occipital_alpha_power,eeg_occipital_beta_power,eeg_occipital_gamma_power,eeg_occipital_theta_alpha,eeg_occipital_beta_alpha,eye_n,eye_pupil_filtered_mean,eye_pupil_filtered_std,eye_valid_ratio,eye_fixation_ratio,eye_saccade_ratio,eye_eyes_not_found_ratio,eye_aoi_interval_n,eye_aoi_unique_hit_n,eye_aoi_total_fix_ms,eye_aoi_fixation_n,eye_aoi_fixation_density_per_sec,eye_aoi_coverage_ratio,eye_aoi_max_share,eye_aoi_entropy,eye_aoi_pupil_weighted_mean
subject_11_task_1,11,1,,1,1,0.0,30.0,0.02509377491406689,30.0,0.016666666666666666,eye,中,5.666666666666667,1,90.0,,90.0,90.0,,8.552698716641462,3.085559952223607,2.175331580582994,8.75241631025345,6.120700948314646,1.418432012740177,4.023486069148034,13.959265550076063,5.325200557563788,3.342538677808751,6.539318409905632,3.4022204025086986,1.5931604899347938,1.9563927422352447,14.681937552137969,7.1693714475856964,5.754705814822222,12.425259678751267,6.806807226385505,1.245827619740311,2.1591476747165603,14.650630879074,9.472309660553954,10.184399391771024,27.76253339989002,23.064493688451023,0.9300803411350466,2.725986318085885,2980,3.048835508241758,0.11862213100899142,0.9187919463087248,0.8899328859060402,0.08154362416107383,0.026510067114093958,3,3,702.6860516801988,0.9309695963966096,0.031032319879886985,0.023422868389339963,0.5640820026497454,0.7720474563915315,2.986012458336239
subject_11_task_1,11,1,,1,2,5.0,35.0,0.02927607073307804,30.0,0.019444444444444445,eye,中,5.666666666666667,2,89.5,0.7071067811865476,89.0,90.0,-15.00000000000032,8.302234627974595,3.142449742311223,2.024906465691883,7.679669464994632,5.1483303996978105,1.5518987151031152,3.792604545005783,14.491389836312578,5.539456307735306,3.2456632473977454,6.192641168034185,3.0256075573371017,1.70672552433671,1.907974024415262,14.083162035473949,7.47230087396302,5.389041426147867,11.523884035507434,6.131136639042859,1.3865732851313939,2.1383921785408884,15.302299818937456,9.98417644328818,9.469531122119658,27.743966915897218,23.209029908295538,1.0543474977305236,2.929814217632247,2994,3.062555479685899,0.12965162868449973,0.9622578490313961,0.8954575818303273,0.07648630594522378,0.025384101536406144,3,3,1765.1082646832213,2.3385438274165824,0.07795146091388608,0.05883694215610737,0.5640820026497455,0.7720474563915314,2.986012458336239
subject_11_task_1,11,1,,1,3,10.0,40.0,0.03345836655208919,30.0,0.022222222222222223,eye,中,5.666666666666667,3,87.0,4.358898943540674,82.0,90.0,-38.57142857142862,6.776777976454434,2.833551619436251,1.8607481889956416,6.97299389146259,4.364981271341918,1.522802298663362,3.7474140416744603,10.378460858081175,5.147737806732162,3.0490947777782758,5.471268729128234,2.355493867890482,1.6882839602916717,1.7943911645524104,14.329515454318921,7.2631695737676125,4.905848301567023,8.915910993089858,4.0660302356788645,1.480512467425382,1.8174045435204231,13.87843069514687,9.050344303470462,9.384149329696202,25.820785614254024,21.381360262374653,0.9644288454394676,2.7515318338492314,2994,3.047871287128713,0.12515717778610363,0.9686038744154977,0.9008016032064128,0.07114228456913828,0.025384101536406144,3,3,2827.530477686244,3.7461180584365548,0.12487060194788516,0.0942510159228748,0.5640820026497454,0.7720474563915315,2.9860124583362384
subject_11_task_1,11,1,,1,4,15.0,45.0,0.037640662371100336,30.0,0.025,eye,中,5.666666666666667,4,85.5,4.654746681256314,81.0,90.0,-36.80000000000011,6.553791702392662,3.0431963035505114,1.8676101420912832,6.402311155601587,3.847826697826822,1.629460150683723,3.4280768835579933,10.309128709480119,5.340595478527557,3.0248610945257273,5.457327759428058,2.304027977921565,1.765567181974985,1.8041581378082159,13.405976808868498,7.461840035362329,4.815774160393,8.713055766577021,3.7842583431330508,1.549458049077906,1.809274163692505,15.585117041045274,10.080400240284005,9.512193390206985,27.74470773806179,23.578307080801142,1.0597345771651365,2.916751857318795,2994,3.0084293957909023,0.11920776944849015,0.9732798931195725,0.8977955911823647,0.07381429525718103,0.020708082832331328,3,3,3889.952690689267,5.1536922894565285,0.1717897429818843,0.12966508968964224,0.5640820026497454,0.7720474563915315,2.9860124583362384
subject_11_task_1,11,1,,1,5,20.0,50.0,0.04182295819011148,30.0,0.027777777777777776,eye,中,5.666666666666667,5,85.0,4.183300132670378,81.0,90.0,-24.56250000000002,6.829032774760971,2.7680206885258967,1.9509418354847483,5.935547918592368,3.710435543851033,1.418812513105051,3.0424012703164824,9.876796659090887,5.489016749809831,2.9295913344553566,5.324591334044826,2.1791511900532607,1.8736458854355191,1.817520167888784,14.205472014555681,6.849933981609167,4.775715565270026,8.333552462273392,3.40164646678694,1.4343262047311358,1.7449850914230902,13.514904405659676,9.870585234121599,9.538935547092821,28.62682386759454,23.698316832218286,1.0347679974763908,3.0010501408953463,2994,2.9972846987136093,0.12608869690859542,0.968937875751503,0.8957915831663327,0.07381429525718103,0.020374081496325986,3,3,4952.374903692289,6.5612665204765,0.21870888401588334,0.16507916345640963,0.5640820026497455,0.7720474563915314,2.986012458336239
subject_11_task_1,11,1,,1,6,25.0,55.0,0.046005254009122636,30.0,0.030555555555555555,eye,中,5.666666666666667,6,84.83333333333333,3.7638632635454052,81.0,90.0,-15.530460624071324,6.451876847263911,2.746006066904525,1.8396408763041892,6.360713280997461,3.846508065451082,1.4926859379321957,3.4575842290349836,10.447576795357817,5.4557145835692085,2.7461135018825753,5.0778615377175855,2.05085953035231,1.9867039653783751,1.8491083978271472,13.236415166674377,6.489104453537578,4.203190485090668,7.466409393296648,2.8433284603949947,1.543852099150724,1.7763671239219576,14.96236384920478,9.947878108393864,8.828604480498013,26.467413745697257,22.36047864086596,1.126778091641581,2.997915899864194,2995,2.990965820642978,0.13013455297534318,0.9622704507512521,0.8941569282136895,0.07078464106844741,0.024707846410684475,3,3,6014.797116695312,7.968840751496472,0.2656280250498824,0.20049323722317708,0.5640820026497454,0.7720474563915315,2.9860124583362384
subject_11_task_1,11,1,,1,7,30.0,60.0,0.05018754982813378,30.0,0.03333333333333333,eye,中,5.666666666666667,6,84.0,2.8284271247461903,81.0,89.0,-5.357142857142897,6.982474626050977,2.763703265181311,1.8537574473251024,6.604902268099241,4.068631651784115,1.4908656303278642,3.562980840686493,9.85149602278081,5.4820809700445885,2.774265806056613,4.9387435904544255,1.9952361533408833,1.9760474854559478,1.7801984149004224,14.322222968921551,6.289105282079683,4.2370253720945765,7.0320302246882616,2.4322856244970597,1.4843208925536029,1.6596620522977827,13.569900627194295,9.067432790989448,8.415657202801567,26.426058695526894,22.254396462259745,1.0774479725684294,3.140106358743994,2995,2.988623688663282,0.1280020252328378,0.9619365609348914,0.9031719532554258,0.06176961602671119,0.025041736227045076,3,3,6374.533278018135,8.445445386119836,0.28151484620399453,0.2124844426006045,0.5640820026497455,0.7720474563915314,2.986012458336239
subject_11_task_1,11,1,,1,8,35.0,65.0,0.05436984564714493,30.0,0.03611111111111111,eye,中,5.666666666666667,6,83.16666666666667,1.4719601443879744,81.0,85.0,8.937305469097414,7.17826008978729,2.8052488490104914,1.9059915809433159,6.979284322209305,4.489656091804031,1.471805477557311,3.6617603099564104,10.16295743884586,5.503586099796377,2.8713539108427697,4.8711769988964955,2.0535560327063873,1.9167216131086473,1.6964739109665372,13.81001089064203,6.224359214129826,4.270095095453447,6.984013854245059,2.3749982416334694,1.4576629032822166,1.6355640092608796,12.375972603062566,8.870905254192268,7.7902447922490685,25.15637857227489,21.888031917746684,1.1387197053189402,3.2292154153235746,2995,2.978227425876011,0.10982804448509888,0.9659432387312187,0.9121869782971619,0.05709515859766277,0.02303839732888147,3,3,6374.533278018135,8.445445386119836,0.28151484620399453,0.2124844426006045,0.5640820026497455,0.7720474563915314,2.986012458336239
subject_11_task_1,11,1,,1,9,40.0,70.0,0.05855214146615608,30.0,0.03888888888888889,eye,中,5.666666666666667,6,83.5,1.378404875209022,81.0,85.0,7.8041958041957304,7.148379549920435,2.6228735829816903,1.897278736977452,6.7254380403505,4.355064379842256,1.3824397711641363,3.544781222323069,9.298454008068672,5.381580651392984,2.9196042923810572,4.742759287267315,1.9494146638979615,1.8432568637594664,1.624452772467806,14.009630660397281,6.1735812422902585,4.45857403527019,6.87662517640609,2.2455646880769975,1.3846537465685795,1.5423373307267212,11.656220961762768,8.494419225321547,7.440356968111119,22.898767916956597,20.819455522325097,1.1416682373880809,3.0776437226196554,2995,2.9802469676549865,0.10888007269514811,0.9662771285475793,0.9181969949916527,0.05075125208681135,0.02337228714524207,3,3,6374.533278018135,8.445445386119836,0.28151484620399453,0.2124844426006045,0.5640820026497455,0.7720474563915314,2.986012458336239
subject_11_task_1,11,1,,1,10,45.0,75.0,0.06273443728516723,30.0,0.041666666666666664,eye,中,5.666666666666667,6,84.16666666666667,0.7527726527090811,83.0,85.0,3.495652173913243,7.23176880735982,2.554882295115581,1.6888188853959634,6.432237911526125,4.357740732941096,1.5128219593047474,3.808719790587853,9.740632057286163,5.142914138723917,2.943621152558959,4.581201480240917,1.8493181969677848,1.7471385997661624,1.5563149069839952,13.746379415881286,6.007777754512229,3.963567748617024,6.3717800486707725,1.977710826234715,1.5157499847475735,1.607587015737028,11.373364230643437,8.162681854587634,7.050932818124451,21.478686134561826,19.283550481806774,1.1576740362077238,3.0462190874022763,2995,2.988838948787062,0.10385116293837829,0.9662771285475793,0.9342237061769616,0.038731218697829715,0.024373956594323874,3,3,6374.533278018135,8.445445386119836,0.28151484620399453,0.2124844426006045,0.5640820026497455,0.7720474563915314,2.986012458336239
subject_11_task_1,11,1,,1,11,50.0,80.0,0.06691673310417838,30.0,0.044444444444444446,eye,中,5.666666666666667,6,84.5,0.5477225575051661,84.0,85.0,1.9877300613495532,7.603022261299104,2.6993026564112954,1.6661380558251717,5.934044761244005,4.105327571809939,1.620095433853132,3.5615564631618173,11.098064406333114,5.099312330483521,3.0600597541794134,4.636810532290034,1.9464199952326615,1.6664093972409875,1.515267970162054,13.919898167805417,6.219166520098253,4.191251322228788,6.4308696799979685,2.0785181520458877,1.483844809571352,1.5343555386170962,13.940814566414867,8.13920187656773,6.790638697826864,21.13210427691295,20.02764821092929,1.1985915079199299,3.1119464924080904,2995,2.9867641921397383,0.08235908555067037,0.9772954924874792,0.9482470784641068,0.032387312186978295,0.019031719532554257,3,3,6374.533278018135,8.445445386119836,0.28151484620399453,0.2124844426006045,0.5640820026497455,0.7720474563915314,2.986012458336239
subject_11_task_1,11,1,,1,12,55.0,85.0,0.07109902892318952,30.0,0.04722222222222222,eye,中,5.666666666666667,6,84.66666666666667,0.5163977794943223,84.0,85.0,1.6477049823459617,9.13559710580572,2.9779173398126666,1.8274570333608748,6.4740720488650645,4.262647263162941,1.629541644728019,3.54266717667151,12.084130244478581,5.508924218540048,3.160800555772765,5.468975854800719,2.3785005973187494,1.742888904672824,1.7302502193035845,15.658913302175666,6.942735062234586,4.725255898356272,8.979441217736179,3.122303013461079,1.4692823439783838,1.9003079221296286,13.444768457291682,8.844423154142182,8.085057390536113,26.864435780952004,23.309541181391314,1.0939221241020427,3.3227266651685015,2994,2.991165097511769,0.07134136923543535,0.9832999331997327,0.9585838343353373,0.026052104208416832,0.015364061456245824,3,3,6374.533278018135,8.445445386119836,0.28151484620399453,0.2124844426006045,0.5640820026497455,0.7720474563915314,2.986012458336239
subject_11_task_1,11,1,,1,13,60.0,90.0,0.07528132474220067,30.0,0.05,eye,中,5.666666666666667,6,85.5,2.258317958127243,84.0,90.0,11.116800000000058,9.252093211477238,2.9700553120233666,1.8110155967485098,6.771792954180137,4.653082295082629,1.6399943310017828,3.739223983679758,14.378062338447892,5.444115211506322,3.2714270313520726,5.6113323102828545,2.5022753398748505,1.6641408044049457,1.7152552254737912,16.316617435619268,6.907744187809108,4.8443788750813,9.086431411874976,3.2565637675518833,1.4259297973867042,1.8756648986754747,17.23511229173437,8.741655028336922,9.185028544624492,26.939625655231726,24.44316088364049,0.9517286730102703,2.9329931338099167,2994,2.9955765856950065,0.07930159967353784,0.978623914495658,0.9462257849031396,0.03373413493653975,0.01903807615230461,3,3,6374.533278018135,8.445445386119836,0.28151484620399453,0.2124844426006045,0.5640820026497455,0.7720474563915314,2.986012458336239
subject_11_task_1,11,1,,1,14,65.0,95.0,0.07946362056121183,30.0,0.05277777777777778,eye,中,5.666666666666667,6,86.5,2.7386127875258306,84.0,90.0,15.28596187175042,11.351420084913137,3.244858026322747,1.8738114220542503,7.432704816307104,4.913692046815897,1.7316886790909967,3.966623710810059,20.41624554269786,5.79030094999463,3.0897867949400486,5.957102777990314,2.6427354928539173,1.8740131064955825,1.927998005475941,18.554396733366715,7.010560473426556,4.76034484191182,9.455621273219137,3.3000057164619596,1.4727001312390255,1.986331156089446,20.79711531537326,9.373152632419108,8.845658586670117,28.476588985794677,24.4903075248554,1.059633100303452,3.2192729017042563,2994,3.016829780033841,0.09140411393623106,0.9759519038076152,0.9398797595190381,0.0394121576486306,0.0197060788243153,3,3,6374.533278018135,8.445445386119836,0.28151484620399453,0.2124844426006045,0.5640820026497455,0.7720474563915314,2.986012458336239
subject_11_task_1,11,1,,1,15,70.0,100.0,0.08364591638022296,30.0,0.05555555555555555,eye,中,5.666666666666667,6,88.33333333333333,4.0824829046386295,85.0,95.0,24.12478336221843,11.18234957212042,3.207440200965846,1.922154374256888,7.948406418132194,5.520851987309677,1.6686694075785946,4.135155076295616,19.160198132415882,5.797256383329714,3.168898977064593,5.911832736004289,2.7245784780799522,1.829422908489123,1.8655794264165924,17.604449127944697,6.821243294470467,4.916200277937713,9.237689915140368,3.327739783066401,1.3875031342970219,1.8790304285600563,22.87976141260889,9.328168248616691,9.769093611700987,28.279316293266934,24.86520132712995,0.9548652740356409,2.894773805769987,2994,3.0079232858112697,0.09793912156176285,0.9716098864395457,0.9378757515030061,0.03807615230460922,0.023046092184368736,3,3,6374.533278018135,8.445445386119836,0.28151484620399453,0.2124844426006045,0.5640820026497455,0.7720474563915314,2.986012458336239
subject_11_task_1,11,1,,1,16,75.0,105.0,0.08782821219923412,30.0,0.058333333333333334,eye,中,5.666666666666667,6,90.0,4.47213595499958,85.0,95.0,28.04154302670617,11.799767347084984,3.393883655886098,2.1129473515304653,9.393023866241494,6.715184773088141,1.606232002623168,4.445460441519223,21.15469271545791,6.183052421713154,3.013648623944446,6.29939577919642,3.001439407380268,2.0516832561655445,2.090288738091632,18.453586136230452,7.202379714726046,4.801575620686222,9.59061580599271,3.472005328322791,1.5000033913235986,1.9973893079334775,25.774898532222398,9.947458218898541,9.448819225383154,28.91815327174999,25.065825029144815,1.0527726249832203,3.0605044484357085,2995,3.009928062436376,0.09561121622009831,0.9726210350584307,0.9342237061769616,0.04307178631051753,0.021702838063439065,3,3,6374.533278018135,8.445445386119836,0.28151484620399453,0.2124844426006045,0.5640820026497455,0.7720474563915314,2.986012458336239
subject_11_task_1,11,1,,1,17,80.0,110.0,0.09201050801824527,30.0,0.06111111111111111,eye,中,5.666666666666667,6,90.5,3.9370039370059056,85.0,95.0,13.867382138750429,11.558796380300373,3.238060781189285,2.0642776280037745,9.306312849333795,7.080783744272374,1.5686169036868352,4.508266099038873,18.976841993975746,5.965548681369492,3.109810576839163,6.184423406576514,2.8239215478142934,1.9182996951000546,1.988681707058316,19.294934130682144,7.008340740777754,4.556026024712372,8.848770012308801,3.0889943512555473,1.538257398610931,1.9422123500419286,24.176589280286212,9.270049894642904,9.788560936014527,25.844704575296635,22.22789391263486,0.9470288794480614,2.640296642605309,2995,3.037119392917369,0.10788786497349091,0.9762938230383973,0.9332220367278798,0.04874791318864775,0.01702838063439065,3,3,6374.533278018135,8.445445386119836,0.28151484620399453,0.2124844426006045,0.5640820026497455,0.7720474563915314,2.986012458336239
subject_11_task_1,11,1,,1,18,85.0,115.0,0.09619280383725641,30.0,0.06388888888888888,eye,中,5.666666666666667,6,90.5,3.9370039370059056,85.0,95.0,-11.874180865006464,12.654286050649308,3.1339280262069,2.0225759331810935,8.775273924748582,6.7606984305106375,1.5494736067969914,4.33866228742616,22.689365490694613,5.782448240550742,3.220971618283867,6.266550440777951,3.095637062260805,1.795249671784326,1.9455466186680552,20.642089661716245,6.227685102336999,4.143769131875047,7.051426017702345,2.3121008373240244,1.5029034929653489,1.7016937462709438,44.94789287063674,9.316454217071133,8.98506651281936,22.806261366029272,21.02647702161627,1.0368820535472907,2.538240683415159,2995,3.035685203909673,0.10787685903968586,0.9712854757929883,0.9218697829716194,0.05843071786310518,0.018697829716193656,3,3,6374.533278018135,8.445445386119836,0.28151484620399453,0.2124844426006045,0.5640820026497455,0.7720474563915314,2.986012458336239
subject_11_task_1,11,1,,1,19,90.0,120.0,0.10037509965626756,30.0,0.06666666666666667,eye,中,5.666666666666667,6,89.83333333333333,4.355073669487884,85.0,95.0,-20.033430839949883,12.22022817490748,3.093558038082126,1.9302713616203997,8.265530844553691,6.509358912240182,1.6026544762520776,4.282056403517818,17.981118983360783,5.885988688882531,3.1272540504992588,6.733256232216352,3.6317686383797834,1.8821587865376164,2.153088979496694,21.720453091622865,6.265906213798743,3.943981676591499,6.692703112837563,2.1886193125749824,1.5887259950999362,1.6969407217483798,44.534172579360074,8.807338524807276,8.076551922900318,20.17345030768067,18.276579554176134,1.0904824990767261,2.4977800551842813,2995,3.0427292929292924,0.1017722318943013,0.9739565943238732,0.9218697829716194,0.06143572621035059,0.016360601001669448,3,3,6374.533278018135,8.445445386119836,0.28151484620399453,0.2124844426006045,0.5640820026497455,0.7720474563915314,2.986012458336239
subject_11_task_1,11,1,,1,20,95.0,125.0,0.10455739547527872,30.0,0.06944444444444445,eye,中,5.666666666666667,6,89.0,4.774934554525329,85.0,95.0,-31.238273921200733,11.884546746388496,2.921557979654996,2.0604639666807736,8.445721758179339,6.536999153720888,1.4179126773866224,4.098941740672444,16.377417275613478,5.788099740033334,3.40988766277758,7.3550879935205415,4.455371610243601,1.6974458728410258,2.1569883588274386,20.756496172934362,6.151224930039432,4.112262697086408,6.93172987094227,2.375077504274148,1.495824898151,1.685624285591845,47.42308595542328,9.483093104582643,8.52283381686594,20.09791813040289,18.859948336256554,1.112669014596581,2.358126247942424,2995,3.0189612794612795,0.093836342608028,0.9756260434056762,0.9302170283806344,0.05308848080133556,0.016360601001669448,3,3,6374.533278018135,8.445445386119836,0.28151484620399453,0.2124844426006045,0.5640820026497455,0.7720474563915314,2.986012458336239
subject_11_task_1,11,1,,1,21,100.0,130.0,0.10873969129428986,30.0,0.07222222222222222,eye,中,5.666666666666667,5,87.8,4.207136793592526,85.0,95.0,-28.47039473684215,11.649409778583292,2.9753723306308673,2.028468204797495,7.716203245451581,5.575100720916708,1.4668074774817104,3.803955727381934,15.73140577190169,5.943475055685558,3.28707553102236,7.203400360506315,4.257406930114155,1.8081346168023689,2.1914313475680562,20.11296033107597,6.170057982367052,4.294573353727231,7.050855836581808,2.228856482295938,1.4367103491228297,1.6418058921877343,39.28103324120912,8.94592818667144,7.269738954563788,18.112728536949575,15.571979981049735,1.2305707594982314,2.4915239254332215,2995,3.0058563276267205,0.10027037409338553,0.9792988313856428,0.932220367278798,0.054424040066777965,0.01302170283806344,3,3,6374.533278018135,8.445445386119836,0.28151484620399453,0.2124844426006045,0.5640820026497455,0.7720474563915314,2.986012458336239
subject_11_task_1,11,1,,1,22,105.0,135.0,0.11292198711330101,30.0,0.075,eye,中,5.666666666666667,6,85.5,1.378404875209022,84.0,88.0,-6.599999999999887,11.996215141062281,2.8576066549905916,1.9702536827912798,7.174054746630325,5.088760323182125,1.4503749846782112,3.6411832695913366,16.00768309817664,5.680205684422094,3.2685280140346094,7.257991048653522,4.283269792591885,1.7378482485180096,2.2205687139558563,20.478688534895564,6.179181670982348,4.472524521498062,6.957387966950305,2.234075312968079,1.3815869854443292,1.5555840853433587,43.93216165951279,9.045087314365396,7.246709703788682,18.451959253886585,15.866587499857884,1.2481647097904995,2.5462534043884277,2994,3.0176490933512423,0.10763256631893099,0.9762859051436206,0.9278557114228457,0.05678022712090848,0.01503006012024048,3,3,6374.533278018135,8.445445386119836,0.28151484620399453,0.2124844426006045,0.5640820026497455,0.7720474563915314,2.986012458336239
subject_11_task_1,11,1,,1,23,110.0,140.0,0.11710428293231216,30.0,0.07777777777777778,eye,中,5.666666666666667,6,85.16666666666667,0.752772652709081,84.0,86.0,-0.5106382978723082,10.870033425135695,3.0072905038245468,1.9418657565606305,6.819386476762668,4.6460627476354315,1.5486603508323675,3.511770292937728,14.537946840203132,5.849556771750038,3.161106779558429,6.803095725068133,3.942680559176021,1.8504774370725796,2.1521246194721866,19.296498911295622,6.221442371491754,4.507988631408088,6.836366298482951,2.1133855565830815,1.3800927376226464,1.5165003413834222,39.493222581026004,9.213405026838778,6.501947200415198,16.072371742099307,12.261765582266838,1.417022430795875,2.4719320607637303,2994,3.004943922095366,0.09301616669902006,0.9752839011356046,0.9255177020708083,0.058450233800935204,0.01569806279225117,3,3,6374.533278018135,8.445445386119836,0.28151484620399453,0.2124844426006045,0.5640820026497455,0.7720474563915314,2.986012458336239
subject_11_task_1,11,1,,1,24,115.0,145.0,0.1212865787513233,30.0,0.08055555555555556,eye,中,5.666666666666667,6,85.83333333333333,1.7224014243685084,84.0,89.0,5.033345033345124,10.86989204401157,2.7638999512486055,1.8517525860715098,6.67409060103085,4.2572680880639435,1.492585981538827,3.604202122482206,15.163918550180078,5.723993397934983,3.0632412040989068,5.991152614697627,3.007712569091027,1.8686068176008268,1.9558213720424291,19.45108134105905,6.4418671135498276,4.315853662537128,6.884943617467979,1.9554793250465892,1.4926055462600871,1.5952680873383875,25.958158679534915,8.866248775228902,5.6392589919112375,14.440239109303596,9.575784406273916,1.5722364920544258,2.5606625143509434,2994,2.9935792478173275,0.09828032921027098,0.9809619238476954,0.9385437541750167,0.047762191048764197,0.013360053440213761,3,3,6374.533278018135,8.445445386119836,0.28151484620399453,0.2124844426006045,0.5640820026497455,0.7720474563915314,2.986012458336239
subject_11_task_1,11,1,,1,25,120.0,150.0,0.12546887457033445,30.0,0.08333333333333333,eye,中,5.666666666666667,6,85.83333333333333,1.7224014243685084,84.0,89.0,5.487437185929754,9.74475576959204,2.8047449531699113,1.8255185072581546,6.669433899597407,3.9879405765285765,1.5364100347481604,3.6534463348797224,15.207417778461748,5.628139440571154,3.0852773828915887,5.289764686862296,2.19261568229417,1.8241923633123514,1.7145183496936065,21.473708825630812,6.2805604550788185,4.286125677224316,6.9131350314678945,1.8280577311862678,1.4653234478056867,1.6129100152622737,27.946936489947046,8.199654879577873,5.3276354199662075,12.348501655834065,7.862657560923931,1.5390795790658442,2.3178203241077613,2994,2.983398319327731,0.09460488923827541,0.9792919171676687,0.9488977955911824,0.036072144288577156,0.01503006012024048,3,3,6374.533278018135,8.445445386119836,0.28151484620399453,0.2124844426006045,0.5640820026497455,0.7720474563915314,2.986012458336239
subject_11_task_1,11,1,,1,26,125.0,155.0,0.1296511703893456,30.0,0.08611111111111111,eye,中,5.666666666666667,5,86.0,1.8708286933869707,84.0,89.0,7.585644371941048,11.071709142245648,2.7416089112060154,1.7729027160506081,8.001209271290675,4.8906613000486,1.546395572856551,4.513056017599489,14.588337324716797,5.476338345208561,2.9753367754037825,5.5233954364498965,1.889240344409954,1.8405776416571762,1.8563933609499776,20.477467849715236,6.234940110827151,4.253275738162424,7.86574570466881,2.180542439496886,1.4659148606059764,1.8493382956796283,25.091996545266145,7.987184562943738,5.001343762460249,12.830221937913285,7.387050851125433,1.5970077127861135,2.565354942048989,2994,2.978108235294118,0.09458167755115762,0.9792919171676687,0.9462257849031396,0.03774215096860387,0.01503006012024048,3,3,6374.533278018135,8.445445386119836,0.28151484620399453,0.2124844426006045,0.5640820026497455,0.7720474563915314,2.986012458336239
subject_11_task_1,11,1,,1,27,130.0,160.0,0.13383346620835676,30.0,0.08888888888888889,eye,中,5.666666666666667,6,86.5,2.073644135332772,84.0,89.0,8.940397350993374,9.68697810487464,2.847716980083154,1.7379036721173582,7.539545478465019,4.588877992167511,1.6385931083358984,4.3382988363672,13.643050570634864,5.696834174952422,3.039417144773667,5.476554485775822,1.841466705036945,1.874317970716271,1.8018436512384808,21.380762031158213,6.360328075473358,3.8877590694485282,7.671000026176288,2.2044985207017795,1.6359882291717114,1.973116103427779,30.0078093780884,8.76378829796154,5.406410871995308,12.5591216552401,8.35915076475001,1.6209993109027518,2.3230054009204424,2995,2.9854524932614557,0.10238231268785841,0.9575959933222037,0.9275459098497496,0.04941569282136895,0.022036727879799666,3,3,6374.533278018135,8.445445386119836,0.28151484620399453,0.2124844426006045,0.5640820026497455,0.7720474563915314,2.986012458336239
subject_11_task_1,11,1,,1,28,135.0,165.0,0.1380157620273679,30.0,0.09166666666666666,eye,中,5.666666666666667,5,87.6,1.51657508881031,86.0,89.0,3.3268482490272078,9.960289478276223,2.556957993638475,1.7255376540136607,7.905042892790545,4.621104177104133,1.48183262630688,4.581205674882342,13.240212829350186,5.154237997343758,3.1353103077744833,5.845125796618486,1.9714261465002483,1.6439323356807884,1.8642894076942238,19.35890427911608,5.825126954233438,3.95559930479067,8.0949505828147,2.350884031712191,1.4726281671600465,2.046453636750016,24.076111342873336,7.666031134718787,5.961829164271514,13.745985495715786,9.467352828380998,1.2858521979563484,2.305665780913974,2995,2.9668697721863313,0.10852592267329932,0.9515859766277128,0.9232053422370617,0.04741235392320534,0.028380634390651086,3,3,5668.447475256325,7.50997155218396,0.25033238507279865,0.18894824917521083,0.5640820026497455,0.7720474563915314,2.986012458336239
subject_11_task_1,11,1,,1,29,140.0,170.0,0.14219805784637904,30.0,0.09444444444444444,eye,中,5.666666666666667,5,88.8,2.16794833886788,86.0,92.0,6.8801652892561,9.241036055333723,2.4998849612614946,1.7725469283270314,8.068713538833832,4.914243141758516,1.4103349938503127,4.552045088278289,12.832114340192419,5.0726636171873025,3.327936626873459,5.953400586298378,2.0955946740975855,1.524266891450089,1.7889164529829098,20.294731025055935,5.779726823807208,4.048357454079142,8.215529114606184,2.5379715239107,1.4276720594382128,2.029348743977186,28.714264690098492,8.00297410813805,7.460409005902498,14.92055179387061,10.837853708583443,1.0727259191562133,1.999964315906249,2995,2.9311173660866596,0.10494442479515398,0.9515859766277128,0.927212020033389,0.042070116861435726,0.02971619365609349,3,3,4606.025262253303,6.102397321163988,0.2034132440387996,0.1535341754084434,0.5640820026497455,0.7720474563915314,2.986012458336239
subject_11_task_1,11,1,,1,30,145.0,175.0,0.1463803536653902,30.0,0.09722222222222222,eye,中,5.666666666666667,6,89.66666666666667,2.422120283277993,86.0,92.0,13.163265306122524,7.485886334896969,2.570242536421557,1.826669938209404,8.861321290280573,5.905677084892412,1.407064561943271,4.8510796093611175,9.571761974351032,4.848169050642543,3.2604658918003735,5.991285332898721,2.25221415551079,1.4869559172003688,1.837554978865439,13.958168350963586,5.660806640592852,4.095751169637311,8.195815439599762,2.667096785112821,1.3821168342836925,2.0010530669824655,15.854850353386238,8.142621644218975,8.331130884222887,17.06566173958802,12.93708980795625,0.9773729109980853,2.0484207938571926,2995,2.910914659325533,0.11830015332739402,0.9422370617696161,0.9088480801335559,0.051085141903171954,0.03806343906510851,3,3,3543.6030492502796,4.694823090144015,0.15649410300480052,0.11812010164167598,0.5640820026497455,0.7720474563915314,2.986012458336239
subject_11_task_1,11,1,,1,31,150.0,180.0,0.15056264948440135,30.0,0.1,eye,中,5.666666666666667,5,90.4,1.816590212458495,88.0,92.0,10.343053173241762,7.918473861167332,2.5921978025433328,1.8424089554532403,8.747713590410564,5.793565812193117,1.4069611390407302,4.747976047618912,8.98373801439247,4.76046568415534,3.184843292335472,5.387282106302255,2.1312609073044166,1.494725249311859,1.6915375771445622,13.914889959710015,5.792915901857519,4.10599372097485,7.508688005792189,2.4366147490749004,1.4108438286851928,1.8287139523461002,18.401211393680903,8.537461952520983,8.77018832354817,18.37812789842752,14.045334286238704,0.9734639254664222,2.0955226068614508,2995,2.903800894085282,0.12116437407272805,0.9412353923205342,0.9031719532554258,0.05642737896494157,0.038397328881469114,6,3,3160.6635948679464,4.523271340243414,0.15077571134144713,0.10535545316226488,0.5080298571150743,0.7906751271360433,2.9797475217047578
subject_11_task_1,11,1,,1,32,155.0,185.0,0.15474494530341248,30.0,0.10277777777777777,eye,中,5.666666666666667,6,90.16666666666667,1.7224014243685084,88.0,92.0,3.383367139959454,7.556908517114863,2.431453199936451,1.8314996811816084,9.189851283009453,6.403862991920085,1.3275750058377171,5.017664691637041,9.066895508459632,4.599787612507073,3.2713753156722727,5.35495174976694,2.117569723526287,1.406071504688177,1.636911461706279,14.533347012165663,5.311168122050347,4.148160593251687,7.277225446527401,2.2034172936073255,1.2803670452611369,1.7543258711743566,15.279166240063347,8.146184051704015,8.36194516131242,18.475628007479532,14.593221611396464,0.9741972584792052,2.2094892577099556,2995,2.9023448748714435,0.12107580051548766,0.940567612687813,0.9048414023372288,0.05609348914858097,0.03739565943238731,6,3,3305.137933589062,5.3111189229345825,0.17703729743115276,0.11017126445296874,0.6637702234637084,0.7370261222944583,2.9693800188795976
subject_11_task_1,11,1,,1,33,160.0,190.0,0.15892724112242365,30.0,0.10555555555555556,eye,中,5.666666666666667,7,89.42857142857143,2.225394561056747,87.0,92.0,-7.433129985922166,8.21135613841694,2.553108905716386,1.9252057412534134,10.415438286629392,7.2976016739837775,1.3261486037612653,5.410039074498281,8.999299394779053,4.539858483630796,3.310932435451764,5.374879856358485,2.125569520268232,1.3711721915616044,1.6233734638638446,13.948408337451617,5.139360558356325,4.295547346669424,7.532121035963658,2.1564249310292736,1.1964390434064605,1.7534717762577403,15.842075554398937,7.8904008865998705,7.664681044740642,17.348345229125485,13.050953414539796,1.0294493457120584,2.2634138495599356,2994,2.9169086867305065,0.11870687775206572,0.9612558450233801,0.9228456913827655,0.045090180360721446,0.030394121576486306,6,3,3449.612272310177,6.09896650562575,0.20329888352085834,0.11498707574367258,0.8064653634713922,0.5794244296570277,2.9598809256011442
subject_11_task_1,11,1,,1,34,165.0,195.0,0.1631095369414348,30.0,0.10833333333333334,eye,中,5.666666666666667,7,89.28571428571429,2.3603873774083297,87.0,92.0,-14.267352185089912,7.783317150607875,2.64759798720746,1.9560206657620174,11.212559122719608,8.151132769458831,1.3535634022435141,5.732331625622918,9.198425926971408,4.484933801353211,3.3316721080644682,5.427843105493422,2.1123119621262747,1.3461510184322218,1.6291648545951067,13.917141228294955,5.362961826105532,4.447681584607184,7.643746210219822,2.2171060262445055,1.205788167180404,1.7185911502014395,16.005918883292008,7.913550751135333,7.203383640841362,17.612751161758542,12.22436077028725,1.0985879894370063,2.4450663799021757,2994,2.907566848567531,0.12065402898747814,0.960253841015364,0.9195056780227121,0.04909819639278557,0.02972611890447562,3,3,4300.172413793102,7.822287922252794,0.2607429307417598,0.1433390804597701,0.8516856657773466,0.4997138460023225,2.956870648799418
subject_11_task_1,11,1,,1,35,170.0,200.0,0.16729183276044593,30.0,0.1111111111111111,eye,中,5.666666666666667,7,88.85714285714286,2.0354009783964297,87.0,92.0,-9.702602230483244,7.812185305382079,2.6146760739038344,1.8754266798162997,11.864915895858713,7.857304646153872,1.3941766436638008,6.3265154663475816,8.543192536901794,4.637544694656268,3.659329972184097,5.24748707893027,1.928612896430085,1.26732071988805,1.4340021585422291,13.56394195635585,5.306359248636738,4.523872015805618,7.407612469955135,1.8588606485446206,1.172968472604275,1.6374496104386311,13.253538940412275,8.096410206394374,5.699158981179955,16.011189337057548,10.97890142816029,1.420632453513008,2.80939510372153,2994,2.9363996587030723,0.1289659335547065,0.93687374749499,0.9078156312625251,0.05678022712090848,0.030394121576486306,3,3,5507.068965517241,10.017709735963935,0.3339236578654645,0.18356896551724136,0.8516856657773465,0.49971384600232255,2.9568706487994176
subject_11_task_1,11,1,,1,36,175.0,205.0,0.1714741285794571,30.0,0.11388888888888889,eye,中,5.666666666666667,5,87.8,1.0954451150103321,87.0,89.0,-0.14705882352939237,7.059600784445411,2.594823536319245,1.923669238796296,11.519110821881714,7.7837006645264655,1.3488927742811507,5.9880932696566935,9.112275072090332,4.689063695250558,3.510274206976755,5.426186108298952,1.9337338476550896,1.3358112269209428,1.5458012076419203,13.723425128123615,5.113372382645597,4.620156494378333,7.71477060232556,1.893483141695137,1.1067530696995642,1.6698072049534816,13.338939494366874,8.087849716492794,5.540082654037573,16.544130659453874,10.619079325821664,1.459878890181977,2.9862606196672226,2994,2.952464309993202,0.1165628977437271,0.9382097528390113,0.9138276553106213,0.0531062124248497,0.028724114896459586,3,3,6713.965517241379,12.213131549675076,0.4071043849891692,0.22379885057471263,0.8516856657773466,0.4997138460023225,2.956870648799418
subject_11_task_1,11,1,,1,37,180.0,210.0,0.17565642439846824,30.0,0.11666666666666667,eye,中,5.666666666666667,7,88.42857142857143,1.3972762620115438,87.0,90.0,5.2212389380531326,6.543993994913625,2.606224780549001,1.9048197811278547,10.360679142789115,6.955450011726094,1.3682264361019185,5.439191279636175,8.952530635085788,4.6223285115407755,3.591726156385446,5.185174829824351,1.8994730188549296,1.2869378984595201,1.4436442546172512,11.737069352136825,5.084563590165145,4.420455124429938,7.399851251078798,1.8598067581857487,1.1502353144736088,1.6740021203208306,12.10291937456424,8.200667589205624,6.821616816047364,17.10832035461794,12.383584415778655,1.2021589324563267,2.5079568108211308,2995,2.9526038251366113,0.11519608872669723,0.935559265442404,0.9095158597662771,0.05542570951585977,0.030717863105175294,3,3,7241.379310344828,13.172530882266848,0.4390843627422283,0.2413793103448276,0.8516856657773466,0.4997138460023225,2.9568706487994176
subject_11_task_1,11,1,,1,38,185.0,215.0,0.17983872021747938,30.0,0.11944444444444445,eye,中,5.666666666666667,7,88.71428571428571,1.7043362064926932,87.0,91.0,9.099242726185766,6.672136260723862,2.6610465149037577,2.298517333236851,9.481704152219754,6.4449243455995155,1.1577230575661488,4.125139286579707,9.167703160216456,4.683875909599313,4.13461715647597,5.24808460993364,1.9567399815878674,1.1328439205702634,1.2693036407769138,12.097929743106423,5.331093796635404,5.343308927280695,7.718987088538949,1.7637378633513947,0.9977139389072329,1.4446080497290803,12.55965788066012,8.259098545480391,7.222708545123197,18.231847097768547,13.886126947632926,1.143490491673926,2.5242396233859896,2995,2.9610561488115743,0.12521514751021154,0.9295492487479132,0.9001669449081803,0.05809682804674458,0.03706176961602671,3,3,6359.620689655174,11.568555705169489,0.3856185235056496,0.21198735632183913,0.8516856657773467,0.4997138460023224,2.956870648799418
subject_11_task_1,11,1,,1,39,190.0,220.0,0.18402101603649054,30.0,0.12222222222222222,eye,中,5.666666666666667,5,89.4,1.51657508881031,87.0,91.0,9.676214196762283,6.457596910555825,2.595120444889431,2.1362353993963117,8.87138107863725,5.518949565844128,1.2148101494913892,4.152810631798467,9.299873094330485,4.581428430280623,4.158414350813767,5.36209162621918,1.948255380297658,1.1017248508158106,1.2894558295206593,11.640558003721269,5.157988716252136,5.09644790284015,7.108579438063883,1.682244694590267,1.0120752364362817,1.394810576617964,12.810724103209353,8.911298264371359,8.148547339125699,19.26127158629753,15.237217708136384,1.0936057549280311,2.3637675262452573,2995,2.9551766550522647,0.13332107369613885,0.9165275459098498,0.8771285475792988,0.06477462437395659,0.04607679465776294,3,3,5152.724137931036,9.37313389145835,0.312437796381945,0.17175747126436788,0.8516856657773466,0.4997138460023225,2.956870648799418
subject_11_task_1,11,1,,1,40,195.0,225.0,0.18820331185550168,30.0,0.125,eye,中,5.666666666666667,5,88.8,2.7748873851023217,84.0,91.0,-9.82565379825667,6.538314060361803,2.608928105284741,2.378503620512752,8.212121182944559,5.0420516573983996,1.0968779205483465,3.452641867820327,9.46157982176441,4.960621777588224,4.138694985885398,5.708368512960007,2.105048018462521,1.198595642951685,1.3792677480287439,12.437069209278478,5.400045740038243,5.544391900978088,7.6666231962877855,1.7850595860676042,0.9739653755510355,1.3827707949243837,14.785635384577853,9.412734492820865,8.813202939654806,21.390383765429245,16.928550775624306,1.0680265230780606,2.4270839911314988,2995,2.9569492119089316,0.11914105053010879,0.9135225375626044,0.8761268781302171,0.06143572621035059,0.04908180300500835,6,3,3945.8275862068986,7.177712077747208,0.23925706925824028,0.1315275862068966,0.8516856657773466,0.4997138460023225,2.956870648799418
subject_11_task_1,11,1,,1,41,200.0,230.0,0.19238560767451282,30.0,0.12777777777777777,eye,中,5.666666666666667,6,87.5,3.146426544510455,84.0,91.0,-17.23183391003471,7.159717180846607,2.7136369740751762,2.2649109352578143,7.056876348500444,4.2352941322270405,1.1981208319638774,3.115741214652735,9.832023510946533,4.998752454340692,3.843544472710286,5.665416005751979,2.082838410151868,1.300557984910165,1.4740081833258962,13.08150880198782,5.616385409835562,5.305624767347509,7.354037460690004,1.6992454092323213,1.0585719224624728,1.3860832198215514,16.350335647069816,9.838173090503787,9.640674934555733,22.193412507223613,19.65898071946088,1.0204859262747412,2.3020600381073155,2995,2.9651662574535247,0.12631193522521658,0.9325542570951586,0.8858096828046744,0.05275459098497496,0.05075125208681135,6,3,2738.9310344827604,4.982290264036068,0.1660763421345356,0.09129770114942534,0.8516856657773466,0.4997138460023225,2.956870648799418
subject_11_task_1,11,1,,1,42,205.0,235.0,0.196567903493524,30.0,0.13055555555555556,eye,中,5.666666666666667,7,87.14285714285714,3.0237157840738176,84.0,91.0,-14.383033419023187,7.159485818799573,2.7773855585148026,2.3936418240501185,6.766801267385198,3.9981872872517425,1.16031794339864,2.8269899027480867,9.642259695905187,5.030056659567895,4.126171395186653,5.789960691090076,2.153187748170366,1.2190614925583703,1.4032283530064456,13.565730760925282,6.143664045607419,5.81574547988575,7.429311143414386,1.887494245642899,1.0563846142950724,1.2774477784678318,16.173265006360896,9.96195791669736,9.067547927142241,23.091013125532033,20.212872541131098,1.0986385731557973,2.5465553985562965,2995,2.96817286115007,0.1386038539641884,0.9328881469115192,0.8871452420701169,0.05342237061769616,0.048080133555926545,6,3,1532.034482758623,2.7868684503249264,0.09289561501083088,0.0510678160919541,0.8516856657773465,0.49971384600232255,2.956870648799418
subject_11_task_1,11,1,,1,43,210.0,240.0,0.20075019931253513,30.0,0.13333333333333333,eye,中,5.666666666666667,6,86.0,2.5298221281347035,84.0,91.0,-10.199721319089571,7.439166763694418,2.6700583536092086,2.271587033937392,6.703022665817644,3.966751593731855,1.175415387444406,2.95081040949558,9.08800226310418,5.027391609058044,3.660061928357346,5.815251610144681,2.023341792023595,1.3735810233446957,1.5888396764790795,14.455576202159936,5.963549809407919,5.49892488401257,7.389269895031823,1.8310233306526273,1.0844937756371589,1.3437662908462693,15.356585507923162,8.95288900582923,8.374704287165724,22.201042313719643,19.12985516055227,1.0690394190454673,2.6509643269127547,2994,2.977585374387684,0.14810073252815484,0.9342017368069472,0.8864395457581831,0.05410821643286573,0.04809619238476954,9,3,894.1488407501453,1.2181969157994226,0.04060656385998075,0.029804961358338176,0.7810834686415175,0.6723432606338665,2.9422660076063574
subject_11_task_1,11,1,,1,44,215.0,245.0,0.20493249513154627,30.0,0.1361111111111111,eye,中,5.666666666666667,6,85.0,0.6324555320336759,84.0,86.0,2.8332513526807306,7.313941970167103,2.499767901122508,1.8949823955918887,5.847851858953762,3.466941193975366,1.3191509889155024,3.085966324836075,9.614876195713583,4.781367434437688,3.111548551787161,5.487141452771195,1.8099222725467976,1.5366520415345741,1.7634760831932317,14.262549371845001,5.807890609138781,4.5019396895604356,7.195856702845319,1.7511348776599927,1.2900862760571226,1.5983902937508954,17.31749511217428,8.970218596542011,8.407296917173106,21.775367121939237,17.696901987900677,1.066956321980143,2.590055678592716,2994,2.984458550121401,0.14172881441118299,0.9415497661990648,0.8894455577822311,0.05911823647294589,0.041082164328657314,6,3,1192.9263808951125,1.3139764625032218,0.043799215416774055,0.03976421269650375,0.7407407407407407,0.7238493950537233,2.9339207847996693
subject_11_task_1,11,1,,1,45,220.0,250.0,0.20911479095055743,30.0,0.1388888888888889,eye,中,5.666666666666667,7,85.14285714285714,0.6900655593423543,84.0,86.0,3.246268656716353,7.672996677727174,2.7108438038227325,1.905785961406738,5.57077269326842,3.508560733127367,1.4224282572748876,2.9230841270109926,9.639256003959094,4.801687306712431,3.0690863977327503,5.0776693601330765,1.788951746542863,1.5645331165195018,1.6544563111302901,15.395756566984126,5.844514412891518,4.55472501382612,6.954946448929373,1.7057899706657034,1.2831761292174984,1.5269739507472455,18.299970370388966,8.1810678394575,7.179931407408571,20.368596351627538,16.976003948533233,1.1394353755268347,2.8368789610734053,2994,2.9886018518518513,0.13487057610337497,0.9555778223112893,0.915497661990648,0.049432197728790914,0.03206412825651302,6,3,1816.8418520745647,2.0012026458208063,0.06670675486069354,0.06056139506915216,0.7407407407407407,0.7238493950537233,2.9339207847996693
subject_11_task_1,11,1,,1,46,225.0,255.0,0.21329708676956857,30.0,0.14166666666666666,eye,中,5.666666666666667,6,85.33333333333333,0.5163977794943222,85.0,86.0,2.065912444663108,7.275869558748064,2.4470630318125965,1.7075388286120627,5.677878798449291,3.7838458346183277,1.4330936379359762,3.325182832336783,9.48301342466182,4.159720150355537,2.877332148907735,4.953964364054067,1.6982461542896878,1.4456864675614909,1.7217214098603955,14.072629498699978,5.4836870234988915,4.46018839711148,6.955514223726084,1.6722729031894858,1.229474303607949,1.5594664629482096,14.664990257199713,6.831912376277597,6.95778030191736,20.336414461040366,16.235291468377227,0.9819097585468346,2.9228307849036637,2994,2.976665084745763,0.14390342017592161,0.9672678690714763,0.9321977287909151,0.043754175016700064,0.02237808951235805,6,3,2440.7573232540162,2.6884288291383904,0.08961429430461301,0.08135857744180054,0.7407407407407407,0.7238493950537233,2.9339207847996693
subject_11_task_1,11,1,,1,47,230.0,260.0,0.2174793825885797,30.0,0.14444444444444443,eye,中,5.666666666666667,6,84.33333333333333,1.8618986725025255,82.0,86.0,-9.181423321082649,7.307665530978203,2.409680177054834,1.7339960791318538,6.021957809714078,3.89189837626507,1.3896687576486735,3.472878561945217,11.226079277827806,4.563233644942227,2.9089210254717357,4.77345310418019,1.6162752706996966,1.5687031737832118,1.6409703331172718,14.871521366112416,5.2492077215274815,4.329386621001852,6.826057301612516,1.5787049809289677,1.212459912003141,1.576680000926532,16.694676173993713,6.628080312988444,6.022207873611126,18.546199755759684,13.663354669714446,1.1006063643256498,3.079634603286906,2994,2.9651740162822247,0.13487168144047135,0.9679358717434869,0.930193720774883,0.04609218436873747,0.022712090848363394,3,3,3064.672794433468,3.375655012455975,0.1125218337485325,0.10215575981444894,0.7407407407407408,0.7238493950537233,2.9339207847996702
subject_11_task_1,11,1,,1,48,235.0,265.0,0.22166167840759088,30.0,0.14722222222222223,eye,中,5.666666666666667,5,84.2,2.0493901531919194,82.0,86.0,-12.440846824408277,6.486022385088542,2.252453861580712,1.6439986088881868,6.477431964051658,4.405713669293769,1.370106914569724,3.9400471077236827,10.028860917705556,4.216064350519258,3.012241147571654,4.484754201057128,1.6290997534074318,1.3996437018059054,1.4888430179876382,13.35661359855262,4.886325940203539,3.951598384211132,6.397037707458428,1.4747985789420626,1.2365441689942915,1.618848143328079,14.242347286683783,6.712436202376328,6.422901049894297,17.214465255560906,13.0081393554676,1.0450785634455315,2.6801697740375756,2995,2.9663671186440674,0.12234020714245318,0.9716193656093489,0.9358931552587646,0.041736227045075125,0.022370617696160267,3,3,3688.5882656129197,4.062881195773559,0.13542937319245196,0.12295294218709732,0.7407407407407407,0.7238493950537233,2.93392078479967
subject_11_task_1,11,1,,1,49,240.0,270.0,0.22584397422660202,30.0,0.15,eye,中,5.666666666666667,6,84.33333333333333,1.8618986725025255,82.0,86.0,-0.6615214994485885,7.700111837840603,2.3792242363314284,1.8471076303002099,8.05722424992279,5.685343979715283,1.2880809960948154,4.362076209177508,11.157117939416118,4.230950464971907,3.096549592048199,4.8373796291292095,1.7337633273886677,1.3663435185526493,1.5621838066315439,15.355889743438949,5.289604505802137,4.318383431468993,7.056130541124881,1.5429522274897032,1.2249038534317371,1.6339749939075197,16.254955097105896,6.724748861385389,6.172216998377667,17.135049885876327,12.732527057013906,1.0895191894829608,2.776158046675964,2995,2.947362063115032,0.11197744396125112,0.9679465776293823,0.9348914858096828,0.04073455759599332,0.02370617696160267,3,3,3743.492827076712,4.1233570999055065,0.13744523666351688,0.12478309423589039,0.7407407407407407,0.7238493950537233,2.9339207847996693
subject_11_task_1,11,1,,1,50,245.0,275.0,0.23002627004561316,30.0,0.1527777777777778,eye,中,5.666666666666667,5,84.2,2.0493901531919194,82.0,86.0,1.127819548872318,7.1934240253947745,2.4264167177390514,2.1606437400871554,9.196876579488892,6.3529523135723664,1.1230063858844102,4.256544662526323,11.049558283807649,4.228115415665655,3.6333913940040503,5.366097866240381,1.8770990369214362,1.1636828948962226,1.4768840689983753,14.995400060515994,5.226410923609427,5.12282635141387,7.6265547248379,1.6343108323612558,1.0202201997666713,1.4887396530106893,15.865047526894948,7.183613443818426,6.37761178447915,17.68585554154276,13.164605444184815,1.1263798560616058,2.7731157272043236,2995,2.9194219870262885,0.11096571927943955,0.9629382303839733,0.9348914858096828,0.03606010016694491,0.028380634390651086,3,3,3743.492827076712,4.1233570999055065,0.13744523666351688,0.12478309423589039,0.7407407407407407,0.7238493950537233,2.9339207847996693
subject_11_task_1,11,1,,1,51,250.0,280.0,0.23420856586462432,30.0,0.15555555555555556,eye,中,5.666666666666667,6,83.5,1.6431676725154984,82.0,86.0,2.8623353021354196,7.859281409874303,2.374524311440342,2.165186029610487,10.728739720528422,7.466844738295653,1.0966837393956006,4.9551122045889535,12.094457827501122,4.434021715041096,3.3800455457176475,5.606082688160336,2.335839678991064,1.3118230671946964,1.6585819961103685,15.430108528755783,5.420444442145687,4.696908827938666,7.551975893154532,1.8522197404721044,1.1540450625533134,1.6078608654766822,18.278633106512483,7.53393576986755,6.838017739045637,19.902087169441625,16.281370344055706,1.101771896093244,2.910505343646462,2995,2.9252140619561433,0.11862063449307934,0.9455759599332221,0.9141903171953255,0.04006677796327212,0.045075125208681135,3,3,3743.492827076712,4.1233570999055065,0.13744523666351688,0.12478309423589039,0.7407407407407407,0.7238493950537233,2.9339207847996693
subject_11_task_1,11,1,,1,52,255.0,285.0,0.23839086168363546,30.0,0.15833333333333333,eye,中,5.666666666666667,7,83.0,2.0,80.0,86.0,-3.293357933579321,7.306521616872727,2.368986805874127,2.3338604058847605,11.902626579772097,8.041386186985276,1.015050771631755,5.099973652991402,10.084077430648891,4.351445988412389,3.7069340982314554,5.847997779240344,2.3462413234409034,1.1738665627987357,1.5775834218445832,14.95300550351909,5.50731688537873,4.9119802568701765,7.719441044212348,1.9969511025982887,1.1212009408376349,1.5715537605053473,16.86005181898742,8.543897989052356,7.270977469296862,20.150999677539925,15.56365137778279,1.1750686926387341,2.7714292559193727,2995,2.9364289259127974,0.13144772576885222,0.928881469115192,0.8901502504173623,0.04707846410684474,0.060767946577629385,3,3,3743.492827076712,4.1233570999055065,0.13744523666351688,0.12478309423589039,0.7407407407407407,0.7238493950537233,2.9339207847996693
subject_11_task_1,11,1,,1,53,260.0,290.0,0.2425731575026466,30.0,0.16111111111111112,eye,中,5.666666666666667,5,83.4,2.3021728866442674,80.0,86.0,-17.787610619468914,7.586309971855219,2.2150143996710634,2.2077745213750015,12.2818271084993,8.38660613741763,1.00327926526281,5.562989784323709,10.249411885114517,4.126438796270031,3.4123147502085325,5.771887912823577,2.4775904356692133,1.2092784805439933,1.6914875488759784,14.749534510417927,5.07332289162745,4.836504976694846,7.569293190771344,2.0969903411337105,1.0489646792619327,1.5650336818104593,17.428471012423,7.286946357795635,7.167720164628615,19.869523249725034,16.273773253341485,1.016633767840907,2.7720841206632882,2995,2.9579461756373937,0.15108005752827783,0.9295492487479132,0.8854757929883138,0.05275459098497496,0.05976627712854758,3,3,3743.492827076712,4.1233570999055065,0.13744523666351688,0.12478309423589039,0.7407407407407407,0.7238493950537233,2.9339207847996693
subject_11_task_1,11,1,,1,54,265.0,295.0,0.24675545332165777,30.0,0.1638888888888889,eye,中,5.666666666666667,6,83.16666666666667,2.1369760566432805,80.0,86.0,-11.160299892895482,7.271166572450509,2.559541617854589,2.3291791209801316,11.707602361539763,8.109789078955078,1.0989028687400906,5.026492920223816,10.566586153135637,4.293683713818496,3.734629743129274,5.823969175793068,2.371911440848699,1.1496946174430631,1.5594502203351277,14.584815734772217,5.663038892104554,5.008990344244241,7.7144076721489,2.055413748249947,1.1305749268636285,1.5401123064677924,17.68552651237617,8.294184139109552,8.240698806472762,20.69881955746415,17.2775525309948,1.006490387998986,2.5117796492217384,2994,3.0015008849557527,0.16875105313677005,0.9288577154308617,0.8827655310621243,0.056112224448897796,0.05911823647294589,3,3,3574.411734387078,3.9371188042264387,0.13123729347421462,0.11914705781290261,0.7407407407407407,0.7238493950537233,2.93392078479967
subject_11_task_1,11,1,,1,55,270.0,300.0,0.2509377491406689,30.0,0.16666666666666666,eye,中,5.666666666666667,5,82.0,1.224744871391589,80.0,83.0,-3.2005689900428025,7.180929616344857,2.6568660993020514,1.9671391724649299,10.835096363677053,7.047239328239135,1.3506243668427675,5.508047684343605,9.982406435980126,4.829619960878774,3.2644530001740755,5.506290129895448,2.402181782001453,1.4794576489908835,1.6867420451762754,14.355395731535012,6.074250077405344,4.356861296153882,7.272723392114802,2.3817722560702763,1.3941802744024754,1.6692574993229559,16.147319485889252,9.835639366847586,8.087327434332748,19.58189595346236,17.485992384914734,1.2161791947600404,2.4213061870516417,2994,3.0202209631728048,0.16333605669685905,0.9318637274549099,0.8841015364061456,0.053440213760855046,0.058784235136940546,3,3,2950.496263207626,3.2498926209088537,0.10832975403029513,0.0983498754402542,0.7407407407407407,0.7238493950537233,2.93392078479967
subject_11_task_1,11,1,,1,56,275.0,305.0,0.25512004495968005,30.0,0.16944444444444445,eye,中,5.666666666666667,7,82.28571428571429,1.1126972805283737,80.0,83.0,0.7953603976802486,7.000353124565905,2.860937610954951,1.9113395794016763,10.913771715978472,7.64069736049265,1.4968232970148276,5.710011885692707,9.609032795155171,4.663368683056549,3.032300304242304,5.148177294182401,2.053664973184771,1.537898036197905,1.697779499932742,14.893178831233843,6.7085500714827,4.554271987582088,7.570806469691101,2.256812848367539,1.4730235896702213,1.6623527295545921,13.91577519162197,9.37717150493364,7.4578774944414725,17.266821323282127,14.784378038571816,1.2573512385960566,2.3152460383200832,2994,3.0396688951442643,0.15027780848164282,0.9395457581830328,0.8857715430861723,0.05678022712090848,0.052772211088844355,12,6,2459.7999217812103,2.6616650477619683,0.08872216825873228,0.08199333072604034,0.7006233165631502,0.9431636327570341,2.9382216805320547
subject_11_task_1,11,1,,1,57,280.0,310.0,0.2593023407786912,30.0,0.17222222222222222,eye,中,5.666666666666667,6,82.33333333333333,1.3662601021279464,80.0,84.0,9.561068702290026,7.008799256635926,3.043962537627472,1.8373366075378388,10.161748081090204,6.923894185829621,1.6567255695768222,5.5306948326184315,9.590992101185268,5.108595880777976,2.995135396324573,5.0245499714255795,1.9606287064933197,1.7056310332570936,1.6775702285750975,14.747296914852907,6.689014355957333,4.533871275336755,7.18204439986952,2.1422928168807642,1.475342803035471,1.5840865264389474,15.069695109262687,9.866080191137824,7.461678042646715,16.687594372922334,15.069900826179072,1.3222334352606628,2.236439883568484,2994,3.0159396043040614,0.15907221618561954,0.9458917835671342,0.8931195724782899,0.06045424181696727,0.041750167000668005,12,6,2555.2102052077953,2.508988595387686,0.08363295317958953,0.0851736735069265,0.4935928826632434,1.4143765411137652,2.9604169317947533
subject_11_task_1,11,1,,1,58,285.0,315.0,0.2634846365977023,30.0,0.175,eye,中,5.666666666666667,5,82.8,0.8366600265340756,82.0,84.0,7.729591836734676,7.680953867363182,3.290172111860495,1.8550518544419827,9.481374637175533,6.7515040435655855,1.7736281085523673,5.111110298330512,9.77097374970366,5.1914738657615125,2.926113348118859,5.078182527727884,1.8921025593479,1.7741875478265425,1.7354702035013605,15.52701936693924,7.3550477064711615,4.695981598811653,7.567349009095367,2.1533362071065594,1.5662428720615944,1.6114520148482547,16.6291609242349,10.421576353824003,7.614202576935054,17.636144919695607,15.192351605584607,1.3687022703326868,2.31621693033477,2995,3.0190661213360603,0.1374569494300972,0.9626043405676127,0.9078464106844741,0.06310517529215359,0.025709515859766278,12,6,2650.6204886343803,2.3563121430134033,0.07854373810044678,0.08835401628781267,0.3856024721127565,1.4952019215079126,2.9810143268401785
subject_11_task_1,11,1,,1,59,290.0,320.0,0.2676669324167135,30.0,0.17777777777777778,eye,中,5.666666666666667,6,82.33333333333333,1.3662601021279464,80.0,84.0,-2.7409776153494447,7.376075609620792,3.254127513442367,1.919362528648714,10.479800546641915,7.4174661662508425,1.6954209873698876,5.460042274567064,10.070043492970589,5.415273914728033,2.956288971588881,4.989625976255254,1.901655990195043,1.8317809817548216,1.6878004904823425,15.632369994266925,7.047706040747162,4.739592885794318,7.41789648961049,2.057306671859652,1.4869855303122776,1.565091489575757,16.133630982048455,11.5005677254533,6.943918262132098,17.209981674006315,15.027460792432379,1.6562072437071145,2.47842515195766,2995,2.9816326391259813,0.13149334677389207,0.9599332220367279,0.9098497495826378,0.057429048414023375,0.02938230383973289,12,6,2746.030772060965,2.2036356906391212,0.07345452302130404,0.09153435906869883,0.5425346441064767,1.307267811870141,3.000180417241003
subject_11_task_1,11,1,,1,60,295.0,325.0,0.27184922823572466,30.0,0.18055555555555555,eye,中,5.666666666666667,7,82.0,1.4142135623730951,80.0,84.0,-5.075528700906469,8.207341956364896,3.191893887136985,2.0215132104242888,10.939585744938944,8.210411545016129,1.5789626655306641,5.411582614710131,11.433308939363064,6.02202847695228,3.3858741787686957,5.497183640878153,1.933324842835021,1.7785742053599423,1.6235640637057738,15.498404490240928,7.180703554722123,4.919148287052483,7.927124532180224,2.18900106414702,1.4597452924162095,1.6114831409016332,15.918239358479616,11.136661650927907,7.022343421181705,17.542600761560028,14.342950210486725,1.5858896358352486,2.498112055962082,2995,2.941240068493151,0.10237560690584926,0.9542570951585977,0.9021702838063439,0.05976627712854758,0.0343906510851419,9,3,3010.522148177184,2.237197533943907,0.07457325113146357,0.1003507382725728,0.6502353232598463,0.8850783498343417,3.0133338766410698
subject_11_task_1,11,1,,1,61,300.0,330.0,0.2760315240547358,30.0,0.18333333333333332,eye,中,5.666666666666667,6,82.0,1.5491933384829668,80.0,84.0,-7.753846153846117,7.815901896000614,3.0325146578014857,2.078595535818796,10.52901406203258,7.6678119107681,1.4589248391736414,5.065446298038456,12.52624126153467,6.090431095479809,4.007072509659984,5.51539382504247,1.9147611163110485,1.5199203610110377,1.3764147795544814,14.578935365930676,6.6436976842356605,4.8674876450000655,7.051951360806074,1.6976002152062781,1.3649131068797138,1.4487866996539607,16.179801012884088,10.31694842357039,7.571637271464488,17.18795951612876,13.660941923644538,1.3625782712085612,2.270045288739024,2995,2.9477636054421765,0.10185481047920675,0.9592654424040067,0.9098497495826378,0.05909849749582638,0.02971619365609349,9,3,3729.84790278322,2.7717472648872086,0.09239157549624029,0.12432826342610734,0.6502353232598465,0.8850783498343417,3.01333387664107
subject_11_task_1,11,1,,1,62,305.0,335.0,0.28021381987374694,30.0,0.18611111111111112,eye,中,5.666666666666667,5,81.4,1.51657508881031,80.0,84.0,-6.530612244898067,7.839002829007839,2.8779123681011307,2.1180945078304187,11.222808352331494,8.545976102336812,1.3587270810918628,5.298539942784284,11.287277831379514,5.635042282014685,3.8698154402767204,5.57424166874187,1.8989249948048863,1.4561527207126286,1.4404412186497633,14.374865778407722,7.037133912867691,4.953208508943,6.956325431644215,1.8051196559310037,1.4207223257737225,1.404407954780138,17.017474320636754,9.967258861876823,7.372245841598875,17.548268300562157,13.088309557360065,1.351997624066637,2.380315127521077,2995,2.944314668498798,0.10382691743840419,0.9435726210350585,0.8978297161936561,0.06010016694490818,0.03939899833055092,9,3,3903.7808702469606,2.9010013898292994,0.09670004632764331,0.13012602900823203,0.6502353232598465,0.8850783498343417,3.0133338766410693
subject_11_task_1,11,1,,1,63,310.0,340.0,0.2843961156927581,30.0,0.18888888888888888,eye,中,5.666666666666667,6,83.0,3.521363372331802,80.0,88.0,20.23547284466387,7.645595534265551,2.809148366024808,2.3983709894829888,12.682348827025166,8.977274006793385,1.171273492859572,5.28790119737025,12.649078838062065,5.616398090679947,5.093663332144206,6.051645742027446,1.973518641383878,1.1026245207917371,1.188073366340836,15.583102669442257,6.665546682876057,6.03477933681295,8.148283453536248,1.7902749430493836,1.1045220232354385,1.3502206126793475,15.820940405396376,9.381762152558965,8.384109882364045,17.56535579370168,12.571917281780182,1.1189932245870822,2.0950770016326197,2995,2.940269808743169,0.09820751693396203,0.9512520868113522,0.8964941569282137,0.0671118530884808,0.0337228714524207,18,3,3287.7949443110956,2.531531257400649,0.0843843752466883,0.10959316481036985,0.6612288987052211,0.8705208287124724,3.011652491962091
subject_11_task_1,11,1,,1,64,315.0,345.0,0.2885784115117692,30.0,0.19166666666666668,eye,中,5.666666666666667,6,83.0,3.521363372331802,80.0,88.0,20.23547284466387,7.597504281114782,2.4656888957448575,3.0031853901703465,13.488229656131693,9.858977110528645,0.8210245374179177,4.491307696248021,11.235601958203217,5.18955281436391,6.073356389624533,6.052686825264541,1.9655144148602994,0.8544785587141771,0.9965966817960323,15.043403839113644,6.437115965638988,8.060276813142732,8.531713900791589,1.9724739035938765,0.7986221955979118,1.0584889450546107,17.072939199573955,8.992606185747556,8.204610711754176,17.057743274512344,12.925777821803281,1.0960430057777724,2.07904358583094,2994,2.9454960602946207,0.10038902688311023,0.947561790247161,0.894121576486306,0.06613226452905811,0.03707414829659319,18,3,2798.6247101286035,2.3646421022138084,0.07882140340712694,0.09328749033762011,0.6919146854651307,0.8270030935194044,3.006959331672528
subject_11_task_1,11,1,,1,65,320.0,350.0,0.2927607073307804,30.0,0.19444444444444445,eye,中,5.666666666666667,7,83.42857142857143,2.9358214555806383,81.0,88.0,8.037542662116017,6.888391377270746,2.5829700546376007,3.3934891605519635,13.669297527248357,9.272571367841117,0.7611546501057546,4.028095237830374,12.136032449607086,5.133845102724716,7.351251430269425,6.312937394664821,1.9611142566951638,0.698363421714248,0.8587568327034422,15.029116815776648,6.279448930371748,9.990727922960488,8.71352505110941,1.8959679652083379,0.6285276687337712,0.8721611796758236,15.809526671920713,7.665211955754386,8.845551676815626,16.560626808854682,12.013195548262066,0.8665612090476013,1.8721982996561342,2994,2.9640122950819676,0.10156632142878035,0.9495657982631931,0.8974615898463594,0.06579826319305278,0.03406813627254509,18,3,2309.4544759461123,2.197752947026968,0.07325843156756559,0.0769818158648704,0.735599709622235,0.7573543178084877,3.0002780357935315
subject_11_task_1,11,1,,1,66,325.0,355.0,0.29694300314979155,30.0,0.19722222222222222,eye,中,5.666666666666667,5,84.4,2.966479394838265,81.0,88.0,0.5367793240557698,6.1966091763952535,2.4763126824448136,3.4414242319367565,14.351255872544954,9.873474549631633,0.7195604248567752,4.170150177756024,8.957666831883671,4.2217562803395365,6.695181084842257,5.863470999171177,1.9174992489292462,0.6305664069187763,0.8757748184654702,14.280521327681758,6.076670411428817,10.16299859633983,8.540434476159561,1.9868942160451597,0.5979210125658494,0.8403459269624783,16.865542994534188,6.81529274236689,7.69038742765872,16.321153798185538,12.006328347527445,0.8862092848346593,2.12227978781485,2994,2.969833333333333,0.09851858056386788,0.9515698062792252,0.9018036072144289,0.06379425517702071,0.03206412825651302,18,3,1820.2842417636202,2.0308637918401278,0.06769545972800425,0.06067614139212067,0.8027639388473286,0.6306321267994226,2.990005772092275
subject_11_task_1,11,1,,1,67,330.0,360.0,0.3011252989688027,30.0,0.2,eye,中,5.666666666666667,7,83.85714285714286,2.609506430251477,81.0,88.0,-4.060552092608984,6.157277857720732,2.444143778563875,3.3852024011099364,14.384232061090898,9.639716730766406,0.7220081664134741,4.249149786841286,9.026152630732161,4.369980675516488,6.769207414818664,6.037853600208198,1.87492278381988,0.6455675543269718,0.8919587228174692,14.194624481651903,5.573187071627179,10.021669000837285,8.633504041451157,1.944224193901917,0.5561136644167307,0.8614836551406607,15.42126750431934,6.73443731641479,7.462102944400747,16.43869751773312,12.063618305555329,0.9024851796594462,2.202957750679122,2994,2.969831557236164,0.09967322721024642,0.948563794255177,0.9004676018704075,0.06279225116900468,0.03440213760855043,18,3,1331.1140075811281,1.863974636653287,0.0621324878884429,0.04437046691937094,0.9192924472425115,0.33536078950256515,2.9721836131728625
subject_11_task_1,11,1,,1,68,335.0,365.0,0.30530759478781383,30.0,0.20277777777777778,eye,中,5.666666666666667,6,84.33333333333333,2.503331114069145,82.0,88.0,-14.010152284263912,5.894151620157117,2.4104191142419498,3.319519486858587,12.306474718827834,8.038949470485091,0.7261349492853978,3.7073060626837933,8.709183618433014,4.263907264284131,6.170689364080658,5.931539637899202,1.7971422284322447,0.6909936658137693,0.9612442448369646,13.943080280631136,5.275460454453519,9.57236441002211,8.169186151575925,1.8650950634017127,0.5511136254831875,0.8534136187944245,15.491357269034552,7.191542988304106,7.198130766751265,15.986684334140508,12.345180159949486,0.9990847931691393,2.220949417588281,2994,2.967807928913192,0.09242729839851209,0.9522378089512358,0.9061456245824984,0.06513026052104208,0.028724114896459586,9,1,1252.0000000000005,2.000000000000001,0.0666666666666667,0.04173333333333335,1.0,-1.000088900581841e-12,2.95984
subject_11_task_1,11,1,,1,69,340.0,370.0,0.30948989060682497,30.0,0.20555555555555555,eye,中,5.666666666666667,5,82.8,0.4472135954999579,82.0,83.0,-0.13888888888909165,5.4002950715857105,2.398042288462003,2.72820895201468,10.443501824971454,7.073353623893073,0.878980433918428,3.8279699277649977,8.26598017142354,4.28691704562523,5.353929181112377,5.3750895319268475,1.7488209530822478,0.8007048469652235,1.0039523030840827,11.959209340642484,5.23464631315882,7.21245171501885,7.17871090185738,1.7372807927311862,0.7257790443516529,0.9953218663369059,12.686136510003331,6.647026281148111,6.698393267112422,15.169634948609486,12.39543900264015,0.9923314466744568,2.2646677111493174,2995,2.9865720207253887,0.09151239570282152,0.9425709515859766,0.9001669449081803,0.05809682804674458,0.03739565943238731,9,1,1148.6601713298287,1.8349204014853493,0.061164013382844974,0.038288672377660954,1.0,-1.000088900581841e-12,2.95984
subject_11_task_1,11,1,,1,70,345.0,375.0,0.3136721864258361,30.0,0.20833333333333334,eye,中,5.666666666666667,7,82.85714285714286,0.3779644730092272,82.0,83.0,0.37735849056603193,5.957263019547152,2.5774229603120475,2.178712871313964,8.477651008381546,5.484115744830453,1.1830025857228377,3.8911281610360815,8.21260993455988,4.379353454976879,3.7456291016183525,4.855190302915553,1.6792115248408663,1.1691903645998258,1.2962282626482688,11.816767122153003,5.322505778850778,4.886494201785865,6.700287520852473,1.600160516658881,1.089227892034654,1.3711849936102904,12.969787875744666,7.73679279076262,6.51166789210824,15.278428233659417,12.90915492919609,1.188143025558653,2.3463156424448455,2995,3.0031912681912685,0.11163503674054058,0.932220367278798,0.8994991652754591,0.054757929883138566,0.038397328881469114,9,1,918.5046509062836,1.4672598257288876,0.048908660857629585,0.030616821696876118,1.0,-1.000088900581841e-12,2.95984
subject_11_task_1,11,1,,1,71,350.0,380.0,0.3178544822448473,30.0,0.2111111111111111,eye,中,5.666666666666667,5,82.8,0.4472135954999579,82.0,83.0,2.526881720429908,6.002314839746642,2.3189865538552965,2.1330663012210516,8.906542463198194,6.5072725961809414,1.087161028481776,4.175464427945694,8.3975478642024,4.4292368858659374,3.3751042996571283,4.797037515290303,1.7725444508771293,1.312325929102664,1.4213005256689777,11.803887759571882,5.328786341264797,4.57076915799986,6.755150703251645,1.6785552765988592,1.1658401807359358,1.4779023988618267,12.967009438417696,7.6286781119424205,6.788631679395571,15.0648701294647,13.84655801911065,1.123743115287357,2.219132049126873,2995,3.0226627545736964,0.15304281339473064,0.8981636060100167,0.9061769616026711,0.05275459098497496,0.032721202003338896,9,1,688.3491304827386,1.0995992499724259,0.036653308332414196,0.022944971016091286,1.0,-1.000088900581841e-12,2.95984
subject_11_task_1,11,1,,1,72,355.0,385.0,0.32203677806385844,30.0,0.21388888888888888,eye,中,5.666666666666667,6,82.83333333333333,0.408248290463863,82.0,83.0,1.690140845070415,6.252685278704828,2.2494654973723063,2.0898623910325376,8.824971918404822,6.451566569234846,1.0763701509843975,4.2227526349448645,8.71764766229714,4.173921629507412,3.2904837400567977,4.9945719671905,1.7261950913217747,1.2684826789131514,1.5178838012140694,12.148198173332517,5.261378403706449,4.495836723253536,6.479285351229571,1.6262459861593361,1.1702779098923566,1.4411745243587621,14.52239984539664,8.058186001588144,6.194312573110913,15.303256059779399,14.001481855211395,1.300900770905262,2.4705333931984295,2995,3.049709128774731,0.17130862768730815,0.8540901502504173,0.9021702838063439,0.051419031719532556,0.03806343906510851,18,1,913.9352654403809,1.2059289554236474,0.040197631847454916,0.030464508848012696,1.0,-1.000088900581841e-12,2.952903659248013
subject_11_task_1,11,1,,1,73,360.0,390.0,0.3262190738828696,30.0,0.21666666666666667,eye,中,5.666666666666667,5,83.0,0.0,83.0,83.0,-1.9145803369969144e-13,6.661797262315431,2.1332203692858616,2.070229148894571,9.703223179381428,7.10563323971841,1.0304271729653336,4.687028575828238,9.17553590596692,4.037169982595306,3.205133218689706,4.8667981969838925,1.7752388232179481,1.2595950642718514,1.5184386622698616,12.834947831578848,5.128450609715246,4.656574893951048,6.436527549087338,1.6310330244495848,1.1013353648358948,1.3822450396853858,14.522413517649222,7.761250963552704,6.218287209419574,15.6651072112714,14.079703034962288,1.2481332402588,2.519199690156095,2995,3.059808965517241,0.17485574024162182,0.852754590984975,0.8998330550918197,0.05542570951585977,0.03639398998330551,18,1,1449.7321070020187,1.63489070102463,0.054496356700821,0.04832440356673395,1.0,-1.000088900581841e-12,2.9481179972248053
subject_11_task_1,11,1,,1,74,365.0,395.0,0.3304013697018807,30.0,0.21944444444444444,eye,中,5.666666666666667,7,83.28571428571429,0.48795003647426666,83.0,84.0,2.175965665236119,6.472830173658316,2.2595944625928808,2.1895699855225406,9.803329604752832,7.167089704229771,1.0319809266355233,4.4772853435024,9.8597738512352,4.39913520260319,3.5381376029060996,5.079609143678247,1.7855429593878531,1.2433476863618582,1.4356731460941592,12.042778506955653,5.280284874014168,4.659839723226552,6.384125120358413,1.6379688553028875,1.1331473157102512,1.3700310524710357,14.089831470488539,8.987253908789567,6.851136944448579,16.15835720288159,14.064889241103032,1.3117901425210696,2.358492806945652,2995,3.0769663311350226,0.1733820902320541,0.8517529215358931,0.8998330550918197,0.04741235392320534,0.04273789649415693,9,1,1922.9999999999993,1.9999999999999993,0.06666666666666664,0.06409999999999998,1.0,-1.000088900581841e-12,2.94593
subject_11_task_1,11,1,,1,75,370.0,400.0,0.33458366552089186,30.0,0.2222222222222222,eye,中,5.666666666666667,6,83.33333333333333,0.5163977794943223,83.0,84.0,2.7433977138352725,6.491687758638228,2.1569672365384736,2.1388209374486724,9.743360940816165,7.146485977144533,1.0084842535305678,4.55548230813501,9.628556181310822,4.285765383770271,3.4776302849772183,5.083997109696899,1.7821357226303647,1.232380969962236,1.46191420395058,13.022574829035886,5.384909684875105,4.676546638926726,6.452130299312408,1.6767265425958033,1.1514713955918012,1.3796783818226137,15.044464494018527,8.489872328142624,6.580301259335632,17.315121725153897,13.887086516025699,1.2901950828007818,2.631356991534167,2994,3.072972078593588,0.17444793783025836,0.8443553774215097,0.9004676018704075,0.05143620574482298,0.035738142952571814,9,1,1922.9999999999993,1.9999999999999993,0.06666666666666664,0.06409999999999998,1.0,-1.000088900581841e-12,2.94593
subject_11_task_1,11,1,,1,76,375.0,405.0,0.338765961339903,30.0,0.225,eye,中,5.666666666666667,6,82.66666666666667,1.3662601021279464,81.0,84.0,-6.1499999999999035,6.798383138754421,2.3933561202371343,2.1264119807334083,10.260691514166519,7.340841725687844,1.1255373567880556,4.8253544501887,9.787496856477205,4.920912738925109,3.623527524762006,5.400474125510967,1.8489601431421416,1.3580448072485156,1.490391362727587,13.097433811596193,5.665600672325882,4.597799509629661,6.417293664043266,1.697393652180193,1.232241784457937,1.3957315125644003,15.143742436754968,10.274328184438287,7.102020213070358,17.365042420457197,15.20368118216588,1.446676843516962,2.4450849053483488,2994,3.0893981449673658,0.17155332549375601,0.8106212424849699,0.8800935203740815,0.06680026720106881,0.033066132264529056,9,1,1922.9999999999993,1.9999999999999993,0.06666666666666664,0.06409999999999998,1.0,-1.000088900581841e-12,2.94593
subject_11_task_1,11,1,,1,77,380.0,410.0,0.3429482571589142,30.0,0.22777777777777777,eye,中,5.666666666666667,6,82.66666666666667,1.3662601021279464,81.0,84.0,-6.1499999999999035,6.5355292194982555,2.406014612413848,2.0342462242911243,10.76320402569738,7.481617621782722,1.1827548620631085,5.291003565435174,9.814941204686995,4.849419332817514,3.5340029980348038,5.31688776175358,1.9115281232268486,1.3722170964524336,1.5044944117789958,13.518647454567985,5.694050643183962,4.627400312439832,6.30234221120368,1.7067536686696188,1.2305074682811978,1.3619617464823832,15.391160599602701,10.236629362594188,7.299271810470692,18.03834691064526,15.278792405016674,1.4024178888515841,2.47125293851498,2994,3.0606320331377286,0.16753091137560686,0.7471609886439545,0.8687374749498998,0.07214428857715431,0.04008016032064128,18,2,2055.8703578450645,2.1714825009830907,0.07238275003276969,0.06852901192816882,0.9938692808259231,0.03734448849312503,2.9482467819546367
subject_11_task_1,11,1,,1,78,385.0,415.0,0.34713055297792533,30.0,0.23055555555555557,eye,中,5.666666666666667,6,81.66666666666667,2.6583202716502514,77.0,84.0,-14.928858080992363,6.000611362018902,2.455139539287911,2.0814529518124867,11.33222992221658,7.678449717023319,1.1795316041854444,5.444384372151533,8.99034041706438,4.932246232984335,3.598174942463501,5.625102484302869,1.989415991654399,1.3707633208093708,1.5633210097482437,12.6675521072729,5.662568247377296,4.630692931723534,6.851188459107421,1.7702941186587544,1.2228338891971617,1.4795169017085794,12.191506068394867,10.186758197140668,7.557762542937709,17.6611232522258,14.709445158210684,1.3478536986663603,2.336819019106269,2994,3.0327935858068913,0.1539237412795458,0.7959251837007348,0.8744154976619907,0.07548430193720775,0.031062124248496994,18,2,1965.7598467816126,2.169375821820237,0.0723125273940079,0.06552532822605375,0.975944463078757,0.11342822391896337,2.9550205213998173
subject_11_task_1,11,1,,1,79,390.0,420.0,0.35131284879693647,30.0,0.23333333333333334,eye,中,5.666666666666667,6,80.66666666666667,3.1411250638372654,77.0,84.0,-18.39735099337736,5.956057870455347,2.4768000478577243,2.138601465763808,12.892175830307297,8.827064057093171,1.1581400684082706,6.028320861410622,9.518314713342294,4.89037291747141,3.4737822088427883,5.519491013225398,2.065895231065253,1.4077949115585249,1.5888995571383535,13.589992200593063,5.848250682709861,5.268396234581946,7.191874822017647,1.9253659652560025,1.1100628013363403,1.3650975556488931,13.486512942326128,9.422734062011513,7.316713804483778,17.279607080559373,15.061502843752002,1.2878369051741696,2.3616622902443174,2995,3.012118349249659,0.14511764181808082,0.7903171953255426,0.8757929883138564,0.07378964941569283,0.030383973288814693,18,2,1565.4386291141648,1.8446371025076214,0.06148790341692071,0.05218128763713883,0.9476371339007829,0.20541464536547432,2.965717783427538
subject_11_task_1,11,1,,1,80,395.0,425.0,0.3554951446159476,30.0,0.2361111111111111,eye,中,5.666666666666667,6,78.33333333333333,2.065591117977289,77.0,81.0,-12.420701168614302,6.637267044386484,2.450887184203759,2.315905349567554,14.97093659729329,10.678073101921118,1.0582846940015964,6.464399160392627,9.605334191543063,4.901953141935679,3.676826621970317,6.14999809833935,2.1127791782071568,1.3332021457429635,1.6726375025656564,13.527216291422143,5.720573320899486,5.647081727546584,7.873956672923317,1.8934768568065092,1.0130140835388317,1.3943408388290168,14.44384087177339,9.403071406060088,6.461842956692288,17.185409855923336,13.929561488075997,1.4551686676819775,2.65952143546371,2995,3.011336277173913,0.14147417285610955,0.7956594323873122,0.8818030050083473,0.07345575959933222,0.02637729549248748,9,2,1229.7637907982703,1.5871333071175786,0.052904443570585956,0.040992126359942344,0.9051408905140891,0.31363815933945766,2.9817769972036996
subject_11_task_1,11,1,,1,81,400.0,430.0,0.35967744043495875,30.0,0.2388888888888889,eye,中,5.666666666666667,7,78.28571428571429,1.889822365046136,77.0,81.0,-8.575445173383198,6.24335335104547,2.4275098388583234,2.46930494881665,16.79285659931156,11.783335948488709,0.9830741399605765,6.800641049765481,9.947258356388284,4.587782677410282,4.1853471530815325,6.360565079077055,2.118053939028067,1.09615343951396,1.5197222228970857,13.619575908249185,5.819024418322927,6.836479461943213,8.118023338691119,1.9659059525113554,0.8511726614137911,1.187456699589592,14.906156780453003,8.613518100799572,6.514508383830676,16.16469645536719,12.814910597850854,1.322205390383523,2.4813378850641663,2995,3.010619966159053,0.14515999183726622,0.815025041736227,0.8934891485809683,0.0687813021702838,0.025041736227045076,9,2,1595.3949351160052,2.0590169091624073,0.06863389697208025,0.05317983117053351,0.9051408905140891,0.31363815933945766,2.9817769972036996
subject_11_task_1,11,1,,1,82,405.0,435.0,0.3638597362539699,30.0,0.24166666666666667,eye,中,5.666666666666667,6,77.5,0.8366600265340756,77.0,79.0,5.522727272727204,6.713651720005071,2.353734088502547,3.2910468667389674,17.57093914246929,11.351815603471708,0.7151931235895206,5.339012130167561,10.560329436454266,4.269846211230543,5.646152022743713,6.5501159197699765,2.0515774095451054,0.7562400364054733,1.1601026492706774,14.077580811023696,5.604211735115986,9.363070078505485,8.598789803084038,1.8959375885627718,0.5985442475733899,0.9183728980971763,16.508386843544184,8.395254478174719,6.4808853114832745,16.80155674741532,12.193165330920115,1.2953869841361696,2.592478641404929,2995,2.98006084296397,0.12933151184260758,0.856093489148581,0.9105175292153589,0.057762938230383976,0.028714524207011687,9,2,1961.0260794337403,2.530900511207236,0.08436335037357454,0.06536753598112467,0.9051408905140891,0.3136381593394576,2.9817769972036996
subject_11_task_1,11,1,,1,83,410.0,440.0,0.3680420320729811,30.0,0.24444444444444444,eye,中,5.666666666666667,6,77.5,0.8366600265340756,77.0,79.0,5.522727272727204,7.0479453131772765,2.344565566403809,3.335193077146372,17.566660768948978,11.155288137885153,0.7029774625251517,5.26705961622444,10.463266373147333,4.350650543394717,6.101518774240058,6.486053450950281,2.08272932656633,0.7130438673339309,1.063022780218867,15.273192428289804,5.656915107380133,9.725224685456766,8.526233622291954,2.0010148975871154,0.5816744898284522,0.8767132789273445,17.40244997891993,8.053471284546164,6.984807608652183,16.675617087041246,12.167395555116856,1.1529982979875082,2.38741251317859,2995,2.986570598290599,0.11092557781578788,0.9469115191986645,0.9091819699499165,0.05575959933222037,0.032053422370617694,9,2,2193.7868659064097,2.831301612268974,0.0943767204089658,0.07312622886354699,0.905140890514089,0.31363815933945777,2.981776997203699
subject_11_task_1,11,1,,1,84,415.0,445.0,0.3722243278919922,30.0,0.24722222222222223,eye,中,5.666666666666667,6,78.83333333333333,3.125166662222459,77.0,85.0,18.84297520661154,7.202996429015337,2.4738026580285477,3.533702155101718,17.719546645108124,11.629191499344307,0.7000597530431477,5.0144426064675125,10.699711875841958,4.768700587937755,6.282212019430467,6.483262378696626,2.0890026607892236,0.759079854864573,1.0320031158840743,15.309424050602153,5.883637588384431,10.400147109234325,8.483824845669528,1.8769082496106195,0.5657263812316972,0.8157408502555422,15.868497474517369,8.626367775912213,6.666895062049392,17.147457798506547,12.287219219038585,1.293910837897677,2.572030553790575,2995,2.9791544885177452,0.11362385874630522,0.9292153589315526,0.8908180300500834,0.05709515859766277,0.047746243739565944,9,2,2193.7868659064097,2.831301612268974,0.0943767204089658,0.07312622886354699,0.905140890514089,0.31363815933945777,2.981776997203699
subject_11_task_1,11,1,,1,85,420.0,450.0,0.37640662371100336,30.0,0.25,eye,中,5.666666666666667,6,79.83333333333333,3.371448748930742,77.0,85.0,19.093717816683796,6.5553328875134325,2.207222017599762,2.9870713926081285,17.41038706677501,11.683148191095908,0.7389250966889513,5.828580833340351,10.463270435989388,4.229846867081881,5.98671724805062,6.519942109018854,2.1157048615285015,0.7065386073576789,1.0890679881602663,14.22570596851933,5.302182864763928,8.895593839198192,7.99305210043506,1.844604739191881,0.5960459706916927,0.8985405859262474,16.852645381313213,7.330178086939213,6.982108559769126,16.88884154533086,12.532850199692149,1.0498516349596254,2.4188740980975685,2994,2.9871017186951945,0.12137737079416698,0.9328657314629258,0.8827655310621243,0.061122244488977955,0.052772211088844355,9,2,2193.7868659064097,2.831301612268974,0.0943767204089658,0.07312622886354699,0.905140890514089,0.31363815933945777,2.981776997203699
subject_11_task_1,11,1,,1,86,425.0,455.0,0.3805889195300145,30.0,0.25277777777777777,eye,中,5.666666666666667,5,81.8,3.1144823004794873,78.0,85.0,17.99274486094308,6.307372020002357,2.1670692905067113,3.144439209353806,17.10718053060219,11.155374117626625,0.6891751266999536,5.440455162788083,10.358945741727018,4.479129036399557,6.041488044251962,6.050618802067497,2.060165500883635,0.7413950012962656,1.0015113425283066,14.077137272340288,5.226439870076863,9.338071733706242,7.530180195043485,1.7840410094482506,0.5596915529371834,0.8063956253262565,14.308590009575619,6.6129038283126755,6.61737996383238,16.325903881640098,11.899153537961846,0.9993235788870869,2.4671250511335514,2994,2.99714465408805,0.12575508688751807,0.9365397461589846,0.8901135604542418,0.05744822979291917,0.04909819639278557,9,2,2193.7868659064097,2.831301612268974,0.0943767204089658,0.07312622886354699,0.905140890514089,0.31363815933945777,2.981776997203699
subject_11_task_1,11,1,,1,87,430.0,460.0,0.38477121534902564,30.0,0.25555555555555554,eye,中,5.666666666666667,6,83.66666666666667,2.503331114069145,79.0,86.0,13.490853658536405,6.444619505812676,2.254007393860304,2.7054681603681257,17.46165491641404,11.195517617333914,0.8331302607359488,6.4542082483935355,10.147930249495639,4.39988978834768,4.63029087552928,6.128239604656322,2.1498193865369704,0.9502404722780483,1.3235107187420088,14.163766311723194,5.218760827952936,7.4213329732809665,7.472853080180442,1.833053799187432,0.7032107098201963,1.0069421635014846,16.07505355421866,6.68005478158353,6.204042332343533,16.120851810023304,12.469647948888122,1.0767261768602707,2.598443232081198,2994,3.021727812718379,0.1307257441779544,0.9378757515030061,0.8987975951903807,0.05076820307281229,0.04809619238476954,9,2,2193.7868659064097,2.831301612268974,0.0943767204089658,0.07312622886354699,0.905140890514089,0.31363815933945777,2.981776997203699
subject_11_task_1,11,1,,1,88,435.0,465.0,0.3889535111680368,30.0,0.25833333333333336,eye,中,5.666666666666667,5,84.6,1.140175425099138,83.0,86.0,5.424107142857123,5.777560892455266,2.1097158629170845,2.299362307402039,17.022678801153077,11.34170256710684,0.9175221565238109,7.403217294792637,9.712420721597148,4.2818798591449445,3.72545551975453,6.0405125384434895,2.1915898227838113,1.1493573970860556,1.6214158259072433,13.431657830453691,4.849470875326353,6.753433923671464,7.32377979678513,1.8423907185079877,0.7180748238801109,1.0844527213207116,13.377949239674097,5.780955556974388,5.102486764006822,15.535696535704,12.420546931864111,1.1329682612316638,3.04473039406854,2994,3.0390038448095074,0.13116492175310815,0.93687374749499,0.9054776219104876,0.04408817635270541,0.04876419505678023,9,2,2193.7868659064097,2.831301612268974,0.0943767204089658,0.07312622886354699,0.905140890514089,0.31363815933945777,2.981776997203699
subject_11_task_1,11,1,,1,89,440.0,470.0,0.393135806987048,30.0,0.2611111111111111,eye,中,5.666666666666667,7,85.14285714285714,1.3451854182690985,83.0,87.0,6.103351955307292,5.985549657686423,2.4010409607448513,2.244155347710789,14.267925537595115,9.252411422359426,1.069908535161836,6.357815448092529,9.46977885203975,4.449455250262019,3.6165648172823857,5.933453996247397,2.088351514733755,1.2302987710878348,1.640632560459957,12.60027214517849,5.3417365734495155,6.158420048971752,7.176866757892528,1.7341481118182946,0.8673875005231909,1.1653746741570221,13.970337087274862,7.18209317525383,6.059000392171377,16.03639129595415,13.811100305722832,1.185359417459943,2.6467057695976073,2994,3.032460284425945,0.1458564624364598,0.9432197728790915,0.9131596526386105,0.041416165664662656,0.043754175016700064,9,2,2193.7868659064097,2.831301612268974,0.0943767204089658,0.07312622886354699,0.905140890514089,0.31363815933945777,2.981776997203699
subject_11_task_1,11,1,,1,90,445.0,475.0,0.3973181028060591,30.0,0.2638888888888889,eye,中,5.666666666666667,7,85.14285714285714,1.3451854182690985,83.0,87.0,5.838926174496577,6.409108879332743,2.3524714103098976,2.1859381678420857,11.957322923375033,7.98262630355109,1.0761838760664535,5.470110316605644,10.546215201363582,4.228119625781869,4.092867515672889,5.8352810358234,2.2291117619643632,1.03304580702675,1.425719501908688,13.572518040941977,5.203317927111032,6.396045954749994,7.020457230565222,1.8247817743788126,0.8135210353275858,1.0976245762198618,15.296003613601213,7.127833530023374,7.636641143559022,18.04230312201472,16.50490777572651,0.9333728528065259,2.3625966943899352,2995,3.0302908324552162,0.1505609599702273,0.920534223706177,0.9028380634390651,0.03973288814691152,0.05509181969949917,9,2,1956.7116319307888,2.525332284703105,0.08417774282343683,0.06522372106435963,0.9051408905140891,0.31363815933945766,2.9817769972036996
subject_11_task_1,11,1,,1,91,450.0,480.0,0.40150039862507025,30.0,0.26666666666666666,eye,中,5.666666666666667,7,84.71428571428571,2.2886885410853175,80.0,87.0,-5.697569756975789,6.989977323667296,2.6849098738943904,2.1873485087951523,10.506334176541113,6.369393725524606,1.2274723772177063,4.803228262115519,10.555154052459521,4.738275328502346,3.8181476892916995,5.747553278682258,2.208929891683814,1.2409879643449147,1.5053250283643376,15.005990877294899,5.969579992134091,6.276810961757235,7.522253434227178,1.8617577010818787,0.951053015377552,1.1984196242420009,17.542874418259657,8.66761773950095,8.589434228827393,19.560602079757633,18.15333680629301,1.009102288764394,2.2772864380414486,2995,3.0306615767045453,0.15037084351683433,0.8841402337228714,0.886143572621035,0.04106844741235392,0.0637729549248748,9,2,1591.0804876130537,2.0534486826582756,0.06844828942194252,0.053036016253768456,0.9051408905140891,0.31363815933945766,2.9817769972036996
subject_11_task_1,11,1,,1,92,455.0,485.0,0.4056826944440814,30.0,0.26944444444444443,eye,中,5.666666666666667,7,84.14285714285714,2.9113897843110044,80.0,87.0,-13.178082191780856,7.260120318624418,2.5664680205133186,2.8782039569582083,8.461499855745709,5.113993144997698,0.8916908109686765,2.939854152896146,10.393689542026742,4.61722316623763,5.0978808908311635,6.014056499147034,2.0691908151930924,0.9057142104951835,1.1797169506183767,15.81235637906245,5.788153258435578,9.144013779451186,7.91455312860231,1.7979753499583455,0.6329991837329643,0.8655447508607466,16.50179257808634,8.531362015448924,9.131403222649118,19.612971023702276,16.995628974949927,0.9342881709886736,2.1478594850630572,2995,3.0260217785843917,0.15652876549529746,0.8030050083472454,0.8393989983305509,0.057762938230383976,0.08580968280467446,18,2,1225.449343295319,1.5815650806134465,0.05271883602044822,0.040848311443177306,0.905140890514089,0.31363815933945777,2.9817769972036996
subject_11_task_1,11,1,,1,93,460.0,490.0,0.40986499026309253,30.0,0.2722222222222222,eye,中,5.666666666666667,6,82.33333333333333,4.320493798938573,76.0,87.0,-28.934010152284216,7.502858332811518,2.7194143748219473,2.6797453172946004,5.908506180419941,3.4986450536185663,1.0148032939068239,2.2048760164958554,11.026565008696709,4.789403164195682,5.0613532821328215,5.573942995847936,1.9816411424159048,0.9462692875249085,1.1012752292009762,15.363610031709388,6.009504936143875,8.372290519938513,7.83071020685155,1.7205005249670657,0.7177850460196417,0.9353127663454588,17.363928662352816,9.770378175576335,9.79138950385403,20.76184557551503,19.41260836008969,0.9978541014766674,2.1204187176235685,2995,3.0004222884830414,0.1486887787489597,0.7008347245409015,0.8006677796327212,0.0681135225375626,0.10851419031719532,18,2,859.8181989775841,1.109681478568618,0.03698938261895393,0.028660606632586134,0.9051408905140891,0.31363815933945766,2.9817769972037
subject_11_task_1,11,1,,1,94,465.0,495.0,0.41404728608210367,30.0,0.275,eye,中,5.666666666666667,7,81.57142857142857,4.429339411136565,76.0,87.0,-25.03116651825488,7.7398917379589784,2.714613627125011,2.658899615394264,5.388249477227089,3.2275181649147227,1.0209537853208819,2.026496015882162,11.005593497255036,4.72943072553057,5.143997683227368,5.45015570701852,1.848800340524219,0.9194076313353436,1.059517527542716,15.653705353351052,5.599946145587197,7.906458472316217,7.36308696421645,1.6921090323731809,0.708274907810485,0.9312749810800455,17.650165111125204,9.56263005822914,9.80503237019925,21.31015233595673,18.04137367867572,0.9752777652517648,2.1733892894352254,2995,2.9855670526709,0.14090134418977834,0.6313856427378965,0.7889816360601002,0.07312186978297162,0.11018363939899833,18,2,494.1870546598492,0.6377978765237889,0.02125992921745963,0.016472901821994974,0.9051408905140891,0.3136381593394576,2.981776997203699
subject_11_task_1,11,1,,1,95,470.0,500.0,0.41822958190111487,30.0,0.2777777777777778,eye,中,5.666666666666667,5,79.6,3.507135583350036,76.0,85.0,-23.86861313868618,7.971718740820519,2.6837780197219554,2.5249570702361623,6.077049834301173,3.9122446518586766,1.062900455361381,2.4067933296516517,10.144049132153137,4.702063613820523,4.767132875928079,5.44281207118944,1.9346670713056955,0.9863504408622368,1.1417370173743726,14.961752220677784,5.59946171774974,7.5664405643087544,7.46212840061583,1.7369408880909005,0.7400390804842447,0.9862138395449811,18.239748001764056,10.688823091327535,9.90248929411699,22.489795730497946,20.464104736560397,1.0794076897086575,2.2711254778996834,2995,2.981421072226359,0.1298608118462804,0.6146911519198665,0.7873121869782972,0.07813021702838063,0.10484140233722872,18,2,128.55591034211423,0.1659142744789601,0.005530475815965336,0.004285197011403808,0.9051408905140891,0.31363815933945766,2.9817769972036996
subject_11_task_1,11,1,,1,96,475.0,505.0,0.422411877720126,30.0,0.28055555555555556,eye,中,5.666666666666667,5,78.4,1.816590212458495,76.0,80.0,-4.974093264248738,7.641298197206717,2.624224730930886,2.5250320772763417,7.159163658938307,4.672886434899002,1.0392837202137803,2.8352763211866328,9.495262791859355,4.426478582762441,4.615207094625307,5.51587057326353,1.7967790649859288,0.9591072495787563,1.195151259774908,13.816475017108424,5.189324583184948,7.275235706739832,7.288186508571111,1.6761443162770913,0.713286110906004,1.001780121270749,15.861439680285118,9.72409456348048,8.004786556473658,19.908733760732346,16.76792751572457,1.214784990814824,2.4871036373395476,2994,3.014896907216495,0.1416549033799147,0.6279225116900468,0.7905811623246493,0.08082832331329326,0.09819639278557114,18,1,372.8510116492968,0.564071122011039,0.0188023707337013,0.01242836705497656,1.0,-1.000088900581841e-12,2.96239
subject_11_task_1,11,1,,1,97,480.0,510.0,0.42659417353913714,30.0,0.2833333333333333,eye,中,5.666666666666667,6,78.0,1.4142135623730951,76.0,80.0,-0.7209612817089983,7.246784822937098,2.667008834891933,2.3893909151104324,8.696042477334743,5.412265346363326,1.116187735554636,3.6394389977551374,9.385588052104385,4.540635573989007,4.054865161024276,5.411265761862736,1.7702629446545222,1.1197993998996563,1.3345118880588935,13.261087222666156,5.314533245390473,6.692231372168697,7.10012748804761,1.723760764936422,0.7941347137955028,1.0609506894180691,16.68077886432398,11.008992828074213,8.032666906822124,19.56212331942783,16.198467931003332,1.370527740758714,2.435321113939602,2994,3.0303608695652167,0.14422551229156394,0.6716766867067469,0.8186372745490982,0.07414829659318638,0.08350033400133601,18,1,661.0000000000025,1.0000000000000038,0.03333333333333346,0.022033333333333415,1.0,-1.000088900581841e-12,2.96239
subject_11_task_1,11,1,,1,98,485.0,515.0,0.4307764693581483,30.0,0.2861111111111111,eye,中,5.666666666666667,6,77.83333333333333,1.1690451944500122,76.0,79.0,6.6780821917808115,7.143244509644641,2.823562085266723,1.8635552841283984,8.817030729771297,5.5787784452898865,1.5151480126801433,4.731295499985717,9.047228701565187,4.518160634897742,3.1329580914430024,5.191117685806429,1.8665222250084694,1.4421388678125382,1.6569381186377323,13.243647139264773,5.5656365668286885,4.004654250743996,6.6812431531843925,1.7798551131971017,1.3897920315579526,1.668369535757833,15.662374479827783,10.511948087161981,8.073595363562925,19.63800015340872,16.59249144916087,1.3020157208526484,2.4323735918246903,2994,3.01795614973262,0.1403503813016997,0.739812959251837,0.8493653974615899,0.06546426185704743,0.06880427521710086,9,1,661.0000000000025,1.0000000000000038,0.03333333333333346,0.022033333333333415,1.0,-1.000088900581841e-12,2.96239
subject_11_task_1,11,1,,1,99,490.0,520.0,0.4349587651771594,30.0,0.28888888888888886,eye,中,5.666666666666667,5,78.2,0.8366600265340756,77.0,79.0,4.700193423597632,6.698727316813298,2.7800898550571875,1.810407384822589,9.950933453120772,6.390271382169154,1.5356156179895513,5.496516163457826,8.337263013692843,4.885996084979062,3.18807045012286,5.140127127603463,1.835976417399481,1.5325872377728567,1.6123003578560742,12.72922141280468,5.903966185111679,4.062329579924449,6.718531726208792,1.8115481096664618,1.453344951204447,1.6538618036830344,16.5184763548865,12.00842260802446,7.698355746370368,18.244163253323745,15.746157739835843,1.5598684970730547,2.3698779134655514,2994,3.020921671935371,0.1417899225149271,0.8239812959251837,0.8694054776219104,0.06479625918503674,0.05477621910487642,12,3,1212.5624989598857,1.794072126345934,0.059802404211531136,0.04041874996532952,0.5451265403366807,0.9985440296960592,2.9254400914406737
subject_11_task_1,11,1,,1,100,495.0,525.0,0.43914106099617056,30.0,0.2916666666666667,eye,中,5.666666666666667,5,78.0,1.224744871391589,76.0,79.0,-7.833655705996114,6.554794086150961,2.7519964277062208,1.9516742799937492,10.624454657381929,6.777356733438043,1.4100695264145382,5.4437642419594505,8.15215898973624,5.137738145229512,3.315889462586154,5.199939829083621,1.8441707162474807,1.5494298598308665,1.568188532143663,12.796780204451204,6.136451054190709,4.38567833050503,6.930254815606149,1.8738226539807705,1.3992022651337654,1.5802013493333653,13.759637411051807,11.648411587173763,7.440022837154284,17.833232160665418,15.063842938685658,1.5656419129526673,2.3969324491329664,2995,3.0024267826086954,0.1556412368877573,0.9008347245409015,0.884474123539232,0.06176961602671119,0.048080133555926545,12,3,2079.5265023548495,3.0422207059528503,0.10140735686509501,0.06931755007849498,0.39550847338535,1.0893429382437734,2.906979028493621
subject_11_task_1,11,1,,1,101,500.0,530.0,0.44332335681518176,30.0,0.29444444444444445,eye,中,5.666666666666667,7,77.57142857142857,1.2724180205607036,76.0,79.0,-6.274509803921584,6.00216624335174,2.987008632067713,1.8840441352322737,10.785433776851798,6.713891768332203,1.5854239166745745,5.724618428602852,8.257724011494524,5.418963190605619,3.2863837795868407,5.144121996802946,1.7168070697355626,1.64891368569464,1.5652834062641514,12.661744572322581,6.30028269047474,4.3572538857705245,6.8664940261896295,1.7622363966825707,1.4459296739741425,1.5758765052946595,15.212377400326524,12.127121794293672,7.288068225750518,16.277576205086035,12.859057469161629,1.6639693014186667,2.2334555194713186,2995,3.008844428871759,0.15460046868096944,0.9085141903171954,0.8631051752921536,0.07045075125208682,0.05676126878130217,12,3,2946.490505749814,4.290369285559767,0.1430123095186589,0.09821635019166047,0.4497355031978574,1.060067118705101,2.899381789481023
subject_11_task_1,11,1,,1,102,505.0,535.0,0.4475056526341929,30.0,0.2972222222222222,eye,中,5.666666666666667,6,77.33333333333333,1.2110601416389968,76.0,79.0,-6.122940940136666,6.474704005019328,3.006182357523789,2.102972698509986,10.19503571588503,6.388029210874121,1.429491861522383,4.847916343901417,9.082780930334968,5.567642968725912,3.636345595149446,4.987259164445471,1.7025768153746936,1.5311094127446634,1.3715030747072063,13.283551563325979,6.422291017909754,4.944197258177863,6.826796163368125,1.830597751279143,1.298955256545858,1.3807693760754352,16.465194776488108,12.72993735879849,7.8559991888085285,16.41722900730659,13.250688959829326,1.620409708918155,2.0897696922746873,2995,2.9731167757492245,0.13727613743611847,0.9332220367278798,0.8821368948247078,0.07178631051752922,0.039065108514190316,12,3,3440.603497495482,4.974446743155644,0.16581489143852146,0.11468678324984939,0.5312476225644659,0.9112080096238457,2.887961893252284
subject_11_task_1,11,1,,1,103,510.0,540.0,0.45168794845320404,30.0,0.3,eye,中,5.666666666666667,6,77.83333333333333,1.7224014243685084,76.0,80.0,3.6490528414756174,6.00977680405276,3.079918800753903,2.0289352701234407,10.10609880288967,6.5085569326273545,1.517997565573652,4.980986309274822,8.56542595105862,5.597738370138946,4.0326070714197835,5.317906276313361,1.7594132128800648,1.3881189689448512,1.3187266158418591,12.74896837135558,6.526622125841023,4.958220225361517,6.848854099678934,1.776567775630983,1.3163235655522239,1.3813130091815489,15.575252789279517,12.803464713510968,7.280050060922192,16.7048931888574,13.316549003032804,1.7587055866878343,2.2946124063797066,2995,2.9464432488719194,0.12459534358383743,0.9218697829716194,0.867779632721202,0.07412353923205342,0.04874791318864775,3,2,4019.41851253974,5.786666444773596,0.1928888814924532,0.133980617084658,0.579806123428352,0.6803545012408133,2.881158818504655
subject_11_task_1,11,1,,1,104,515.0,545.0,0.4558702442722152,30.0,0.30277777777777776,eye,中,5.666666666666667,5,77.6,1.816590212458495,76.0,80.0,12.231139646870016,6.725761841653114,3.1317370258992887,2.242308937787643,10.596853397334257,7.154765831397965,1.3966572460747506,4.725866814672541,9.563942242317017,5.323304792875599,4.225205177883812,5.679866051800734,1.82151425973327,1.2598926132012764,1.3442817124079847,14.991356506251059,6.331680436953748,5.233415939581758,7.522401008180777,1.9399859660983338,1.2098561455942218,1.4373787780342087,17.159641336024688,13.272686788323185,8.385695291093104,17.216550628648303,12.368279603644226,1.5827771374450985,2.0530856453769464,2995,2.940904679376083,0.138221353041008,0.9292153589315526,0.8684474123539232,0.07545909849749582,0.04540901502504174,3,2,4886.382515934703,7.034815024380512,0.23449383414601707,0.16287941719782345,0.579806123428352,0.6803545012408133,2.8811588185046553
subject_11_task_1,11,1,,1,105,520.0,550.0,0.4600525400912263,30.0,0.3055555555555556,eye,中,5.666666666666667,7,77.57142857142857,1.5118578920369088,76.0,80.0,4.2627677100495305,6.131623704124642,3.038587847387098,2.2995895272507734,12.038057684827152,8.66890686647989,1.3213609695900028,5.234872372731234,9.719158910943596,5.12472668124238,4.9758065744945155,5.77235952932623,1.9407527216531717,1.029928837570016,1.1600851928036682,14.093517228371756,5.996003440384417,5.3032230161904135,7.445712362853684,1.8952401374608367,1.130633847016991,1.4039975954475954,17.44812753701864,11.501102878163033,8.060074250837097,16.96429946344094,12.381966268351555,1.4269226957764762,2.104732405123821,2995,2.92776443980515,0.1389728912630212,0.925542570951586,0.8601001669449082,0.07679465776293823,0.051085141903171954,3,2,5201.784020369785,7.4888914776414985,0.24962971592138328,0.17339280067899285,0.579806123428352,0.6803545012408133,2.881158818504655
subject_11_task_1,11,1,,1,106,525.0,555.0,0.46423483591023745,30.0,0.30833333333333335,eye,中,5.666666666666667,7,78.0,1.4142135623730951,76.0,80.0,3.518518518518521,6.798485144440392,2.7259094327780087,2.686802756197208,13.537501123912387,9.232675163417534,1.0145550976864972,5.038516911108435,10.161545609848774,4.532811515957403,5.907591229757049,6.160976523252821,2.009014524391398,0.7672859105628769,1.042891473638096,14.975161968827301,5.615111301296553,6.567765609678254,8.235152155415012,1.9397977162283457,0.8549500142060686,1.253874246559545,18.703980189328345,10.411169979500672,8.090258818737901,16.875916512500556,12.608459516176763,1.2868772449389745,2.0859550838366427,2994,2.9345738735592035,0.12865102136789072,0.9211756847027388,0.8577154308617234,0.07682030728122913,0.053440213760855046,3,2,5201.784020369785,7.4888914776414985,0.24962971592138328,0.17339280067899285,0.579806123428352,0.6803545012408133,2.881158818504655
subject_11_task_1,11,1,,1,107,530.0,560.0,0.46841713172924865,30.0,0.3111111111111111,eye,中,5.666666666666667,5,78.6,1.140175425099138,77.0,80.0,-5.416666666666693,6.602598678687546,2.5937076857946026,2.9056268836802333,15.264664797571335,10.284685892547053,0.8926499477143612,5.253484156313039,9.459618148635677,4.324424803953018,6.5344895676839725,6.310238971685525,2.1442557097239603,0.66178463660563,0.9656820025993356,14.245975601054017,5.537005937235888,7.0759823993231885,8.586057898631243,1.89713929353948,0.782507025139788,1.2134086002605788,17.304263200964304,9.016893118465203,7.725426646789853,17.107829746454446,13.237877669571853,1.167170893042133,2.214483487920148,2994,2.9107669225401263,0.13209622372574745,0.9308617234468938,0.8780895123580494,0.06513026052104208,0.05076820307281229,3,2,5201.784020369785,7.4888914776414985,0.24962971592138328,0.17339280067899285,0.579806123428352,0.6803545012408133,2.881158818504655
subject_11_task_1,11,1,,1,108,535.0,565.0,0.4725994275482598,30.0,0.3138888888888889,eye,中,5.666666666666667,6,79.0,1.4142135623730951,77.0,81.0,2.647058823529392,6.956241818233299,2.405024317327125,3.7579571475290416,17.420912758453042,11.462225702102495,0.6399818366498653,4.63574013075369,10.34239599204796,4.406836504412399,7.600440747671494,7.030227458901319,2.2699845833054955,0.57981328329709,0.9249762865469521,14.661119098205603,5.165914753525273,9.686129824714197,9.919358412742842,2.0159161442266678,0.5333311494901113,1.0240786147046637,19.102093534950296,9.166781613320062,8.393195184654592,17.654604874305935,13.79800071308066,1.092168287719536,2.1034426682444036,2994,2.9062625835973246,0.13369384580397814,0.9238476953907816,0.8720774883099532,0.06513026052104208,0.05678022712090848,3,2,5201.784020369785,7.4888914776414985,0.24962971592138328,0.17339280067899285,0.579806123428352,0.6803545012408133,2.881158818504655
subject_11_task_1,11,1,,1,109,540.0,570.0,0.4767817233672709,30.0,0.31666666666666665,eye,中,5.666666666666667,5,79.4,2.073644135332772,77.0,82.0,14.97803806734991,6.585628567294737,2.4553198390405693,3.421892328497494,19.133726802245743,12.49680711713193,0.7175327577062212,5.591563078388004,10.14865068037909,4.461694167601828,7.121071792891921,6.854803461719716,2.356709525534729,0.626548123283265,0.9626083911360103,14.324405037153232,5.233318052111481,8.29518855504524,9.104186930032519,1.9837062003323735,0.6308859668932432,1.0975262189182229,18.05528370022489,8.529705891869346,8.109679844190977,17.80943383245391,14.143695380824097,1.051793172572557,2.19607113654566,2994,2.882374911410347,0.13462256419487542,0.9215096860387442,0.8680694722778891,0.0674682698730795,0.06078824315297261,3,2,5201.784020369785,7.4888914776414985,0.24962971592138328,0.17339280067899285,0.579806123428352,0.6803545012408133,2.881158818504655
subject_11_task_1,11,1,,1,110,545.0,575.0,0.48096401918628207,30.0,0.3194444444444444,eye,中,5.666666666666667,6,80.0,2.3664319132398464,77.0,83.0,14.49579831932773,6.883829486298894,2.409602248897796,3.642545304442189,18.68450921496583,11.25062805742146,0.6615160684368748,5.129520061749,10.281779970067403,4.723296335607075,6.967978606880067,6.569499647632721,2.199382610444234,0.6778574680099291,0.9428128325689901,13.846685877876665,5.691385402563467,9.45720456352868,9.652772230894005,1.9200458425865727,0.6018041974593699,1.0206792256688115,17.53809703899914,9.131811290969722,7.937780967456675,17.581263330892856,14.11338766437081,1.1504236925166282,2.2148839081063767,2994,2.858753016323634,0.10806913158932646,0.9228456913827655,0.8734134936539746,0.06279225116900468,0.06212424849699399,3,2,5201.784020369785,7.4888914776414985,0.24962971592138328,0.17339280067899285,0.579806123428352,0.6803545012408133,2.881158818504655
subject_11_task_1,11,1,,1,111,550.0,580.0,0.4851463150052932,30.0,0.32222222222222224,eye,中,5.666666666666667,6,81.83333333333333,1.6020819787597218,79.0,83.0,9.607914987174835,6.843153509393164,2.5561008788199406,3.255794979740757,15.771887113251836,9.577288866582583,0.7850927023124382,4.844250701101479,10.602197232279112,4.673085838207155,6.064664772036321,6.270630527369061,2.1822280011590025,0.7705431402827698,1.0339616059707755,13.603718864709776,5.902120329230278,8.169944105287508,8.994377427337731,1.9316959174213033,0.7224186913849855,1.1009105217154005,17.744762080763277,9.988934435644106,8.3861602257545,17.673729093851716,14.43475097120925,1.1911213435879,2.1074876484680587,2995,2.863044491525424,0.11227239292620479,0.935559265442404,0.8868113522537563,0.057429048414023375,0.05575959933222037,3,2,4665.653480670342,6.717036396012585,0.2239012132004195,0.1555217826890114,0.579806123428352,0.6803545012408133,2.8811588185046553
subject_11_task_1,11,1,,1,112,555.0,585.0,0.48932861082430434,30.0,0.325,eye,中,5.666666666666667,6,82.33333333333333,0.816496580927726,81.0,83.0,2.9540176497910857,7.123305650997987,2.661098609661716,2.978454549205591,14.144311518053357,9.023533459379316,0.8934494603489855,4.748876064543576,10.520574376914093,4.941058020196279,5.042287012931358,6.008101017918055,2.1085515338512084,0.9799239923321562,1.1915428460358937,13.829763371903992,6.22589036554325,7.222788180133158,8.360847269843013,1.8837832041116935,0.8619788107130217,1.1575650650866622,18.26234811249732,10.45454585949166,8.66486412353527,18.051153017006623,14.220568732867449,1.2065446971170966,2.0832586362175682,2995,2.891975618374558,0.14857560927401414,0.9348914858096828,0.886143572621035,0.05809682804674458,0.05509181969949917,3,2,3798.6894772753776,5.468887816405669,0.18229626054685563,0.12662298257584592,0.5798061234283521,0.6803545012408133,2.881158818504655
subject_11_task_1,11,1,,1,113,560.0,590.0,0.49351090664331554,30.0,0.3277777777777778,eye,中,5.666666666666667,6,82.33333333333333,0.816496580927726,81.0,83.0,2.9540176497910857,6.541015137712955,2.6472503786993253,2.479712150647499,12.428461340907297,8.491284112036789,1.0675635791065825,5.012058088138171,11.05934697630223,5.179146612340124,4.100077212754029,5.421008245085802,2.139947114601609,1.2631827020792328,1.3221722332991142,13.300820532976275,6.028883809358548,5.6686337263464335,7.61540992786333,1.9904304646566988,1.0635514835502176,1.3434295273777794,15.10016009368933,10.925859970792546,7.7199842421230995,17.432361315724606,14.444686457531185,1.4152697244091508,2.2580824997811746,2995,2.933296348812478,0.15913126328521748,0.9148580968280468,0.8634390651085142,0.066110183639399,0.060434056761268784,6,2,2934.2360007475045,4.225766994209482,0.14085889980698274,0.09780786669158348,0.5798909124199679,0.6803271863335045,2.881253769302182
subject_11_task_1,11,1,,1,114,565.0,595.0,0.4976932024623267,30.0,0.33055555555555555,eye,中,5.666666666666667,6,82.66666666666667,0.5163977794943223,82.0,83.0,0.7281553398057147,7.061646290905052,2.8032104436314613,2.238917284105248,9.916258068048394,6.755131083720623,1.2520384131795763,4.429041724072128,9.927787153848076,5.187553745397616,3.4326487747780554,4.948152360105875,1.9813300080173937,1.5112393040365824,1.4414968395436285,13.399303623065705,6.553288325574094,4.65062350752207,6.9863498659684815,1.8814594485834193,1.4091203717038354,1.502239399656526,17.370236645012696,11.55260728190217,8.210027920995515,17.927897010484017,14.079384659399052,1.407133738529521,2.183658470227243,2995,2.9383231750531538,0.16622090517557647,0.915525876460768,0.866110183639399,0.06243739565943239,0.06010016694490818,6,2,3636.351289276704,6.1199667962931485,0.20399889320977163,0.1212117096425568,0.6226356242969272,0.6627591059005609,2.929121356891166
subject_11_task_1,11,1,,1,115,570.0,600.0,0.5018754982813378,30.0,0.3333333333333333,eye,中,5.666666666666667,7,82.57142857142857,0.5345224838248488,82.0,83.0,-2.2033898305084993,7.099875942525869,2.708227730074593,2.115767761966906,8.130227338106648,5.6022869056217415,1.2800212663968902,3.842684194482881,11.184413987488675,5.353613928087594,3.2923223048396273,4.911362132708542,1.9388458877556323,1.6260904712208528,1.4917622510678767,13.410568393456494,5.956085165605897,4.235995879262211,6.538397469982165,1.796773461947009,1.406064910205549,1.5435325378836218,16.57361683069749,11.37033779777458,7.847438309899736,17.09367335270438,14.275273886337922,1.4489235020083713,2.1782488345451907,2995,2.9803787293787294,0.16045203257695417,0.9151919866444074,0.8747913188647746,0.05909849749582638,0.054090150250417364,6,2,4193.797467090493,7.724442077584936,0.25748140258616453,0.13979324890301645,0.6506013529401475,0.6470735829932035,2.9604387270765677
subject_11_task_1,11,1,,1,116,575.0,605.0,0.506057794100349,30.0,0.33611111111111114,eye,中,5.666666666666667,7,82.28571428571429,0.7559289460184545,81.0,83.0,-3.5185185185185723,7.133550141962027,2.950441370792833,2.313029856101773,9.601771578302218,7.043170476587413,1.2755742702626898,4.151166295140007,10.213947040212144,5.217461907038811,3.873518627180576,5.361332620914438,2.060033046774015,1.3469567102189084,1.3840988354344896,13.229246973416219,6.375076221379278,4.785924793525911,7.0270240794052325,1.87172723522717,1.3320468867381845,1.4682688054168622,17.449300867140735,11.477930212353554,7.775553334084421,17.735683715218105,15.107898980505999,1.476156064937479,2.2809545447361397,2995,3.0169164636268713,0.15426629062482933,0.8303839732888146,0.8657762938230384,0.06978297161936561,0.04607679465776294,6,2,3326.833463695529,6.476293497978019,0.21587644993260063,0.11089444878985097,0.6690504025450029,0.6348490882269003,2.981098861608202
subject_11_task_1,11,1,,1,117,580.0,610.0,0.5102400899193601,30.0,0.3388888888888889,eye,中,5.666666666666667,5,82.0,0.7071067811865476,81.0,83.0,-3.7142857142858237,6.290839569762661,2.5852386683648074,2.5477104716326484,12.03300640176707,9.257146444294264,1.0147301654367773,4.723066665442547,10.584987297883737,5.197828663777657,4.964207880998885,6.031229403203709,2.1996925237104556,1.0470610394204045,1.2149429572216304,13.425566806875377,5.937172814032218,5.912270435578193,7.69900167314098,1.986546747176394,1.0042119823044917,1.3022072919416536,17.8469135199936,9.918921083610467,7.537505545009954,17.853790263052712,14.346051972440995,1.3159421275884937,2.368660315596376,2994,3.0098684484553977,0.156494454487705,0.782565130260521,0.8717434869739479,0.06680026720106881,0.04308617234468938,6,2,3054.80088727567,6.100342811050633,0.20334476036835444,0.10182669624252233,0.665837177300929,0.6370875790304877,2.988336505266676
subject_11_task_1,11,1,,1,118,585.0,615.0,0.5144223857383713,30.0,0.3416666666666667,eye,中,5.666666666666667,6,81.83333333333333,0.7527726527090811,81.0,83.0,-3.5390199637022,6.775730796421889,2.4798384062666994,2.9938445311571473,13.75350089682642,10.467460286691828,0.8283123523813108,4.59392622218448,9.418904366457,4.807655301427791,5.348081192458101,6.3509896182279055,2.204815959104064,0.8989495724574222,1.1875267763668422,13.672542256423736,5.623784358819149,6.762970770253268,7.690185843269365,2.030920856375195,0.831555325295091,1.1371017418993477,16.430641445414686,9.229056791647176,7.7740341733294995,17.552022318718105,14.120326320357455,1.1871644227278348,2.2577752975326635,2994,2.9770995506394744,0.15086502918017555,0.7862391449565799,0.874749498997996,0.06479625918503674,0.04275217100868404,6,2,3291.1388586408643,6.503649929421273,0.2167883309807091,0.10970462862136214,0.6180231486312865,0.6650236025863776,2.9744392910728603
subject_11_task_1,11,1,,1,119,590.0,620.0,0.5186046815573824,30.0,0.34444444444444444,eye,中,5.666666666666667,7,81.57142857142857,0.9759000729485332,80.0,83.0,-4.67146714671469,6.66153114784022,2.35953004694593,2.845757176584154,14.936764235513055,11.280623046048818,0.8291396280613597,5.2487838240092195,10.736422115601497,5.0284992966919,5.715934652250205,6.704556375311319,2.295025620589458,0.8797335173718824,1.1729588918011722,13.8871594197857,5.540150344109657,6.9390176049379,8.061124582496387,2.0303236812309615,0.798405575476161,1.161709775280002,17.255263876707396,8.426659997847146,7.709442700710426,16.996294701849937,13.718528590386493,1.0930310172836006,2.2046074355392418,2994,2.9734374999999997,0.14376164553369042,0.8096192384769539,0.9061456245824984,0.05143620574482298,0.03406813627254509,6,2,3524.966303138968,6.901929290381182,0.23006430967937275,0.11749887677129894,0.5765432674996119,0.6813832339446692,2.9623831057050944
subject_11_task_1,11,1,,1,120,595.0,625.0,0.5227869773763936,30.0,0.3472222222222222,eye,中,5.666666666666667,7,81.28571428571429,0.7559289460184545,80.0,82.0,-2.8583916083916057,6.719308202571768,2.468709270973211,3.0276525639900784,18.28796000718658,13.861112120508258,0.8153872410379056,6.040309982954342,10.387223242340266,4.717192589497233,5.739309705043266,7.270659138547774,2.4473559940476477,0.821909398851943,1.266817703208955,13.971236415205087,5.455623552479714,7.310922294700497,8.456077103035648,2.1783231683919344,0.7462291804734893,1.1566361619197136,16.63629206890754,8.217953166325971,7.186063048335548,17.21538986785632,13.80531620868438,1.1435960290147233,2.395663627226843,2994,2.9596994854202405,0.15294785464992233,0.8099532398129593,0.9051436205744823,0.05410821643286573,0.033066132264529056,6,2,2192.224982579998,4.162888027061238,0.1387629342353746,0.07307416608599994,0.558877625914761,0.6861979184994631,2.9230228339509536
subject_11_task_1,11,1,,1,121,600.0,630.0,0.5269692731954047,30.0,0.35,eye,中,5.666666666666667,5,81.0,0.7071067811865476,80.0,82.0,-1.7128874388255368,6.682991302248468,2.3640798356837394,2.9942843167407274,18.288547378714892,13.75225849739262,0.7895308479780689,6.107819246310564,10.966523452396176,5.014049547963462,5.690342612958664,7.431794343478683,2.730402387209526,0.8811507301062903,1.306036358259729,14.459515264659423,5.427946268511285,7.270031201775924,8.723845034332228,2.3536901298149937,0.7466193910124271,1.1999735341164928,19.71697205353578,7.8849871148825565,8.249255063268096,18.68686838852052,15.441875369614545,0.9558423220531106,2.2652795004155646,2995,2.931218611016079,0.14878875703116054,0.8207011686143573,0.9085141903171954,0.05676126878130217,0.027712854757929884,3,1,1004.15277273644,1.713571284533174,0.05711904281777247,0.03347175909121467,1.0,-1.000088900581841e-12,2.79481
subject_11_task_1,11,1,,1,122,605.0,635.0,0.5311515690144158,30.0,0.3527777777777778,eye,中,5.666666666666667,5,80.4,1.51657508881031,78.0,82.0,-9.130434782608786,6.699482175203766,2.436599552440217,3.0245940311701083,16.386361039337427,12.110544605510317,0.8055955699607007,5.417705936885065,10.87971626034608,4.85302385838986,4.978389182804364,6.948333163268916,2.5544461602650106,0.9748180948071472,1.3956990721554774,13.947190814831902,5.432204637871532,6.986622219543779,8.514118545719732,2.322656700904119,0.7775151521254359,1.2186315902272582,19.282245965351912,8.407939445681853,8.193097196289843,19.537775899287663,16.769488580967774,1.0262223484287845,2.384663019515396,2995,2.900130098452883,0.1366851056328177,0.884474123539232,0.9005008347245409,0.044741235392320534,0.054090150250417364,3,1,1172.0000000000034,2.0000000000000058,0.06666666666666686,0.03906666666666678,1.0,-1.000088900581841e-12,2.79481
subject_11_task_1,11,1,,1,123,610.0,640.0,0.535333864833427,30.0,0.35555555555555557,eye,中,5.666666666666667,6,80.5,1.378404875209022,78.0,82.0,-3.740259740259782,7.032247250299083,2.5845206352358625,2.6707811888279123,13.65963781594567,9.557554733800671,0.9677021262719371,5.1144728265591395,11.41560534647772,5.835990000217866,4.252291769778294,6.563089603829873,2.5371901057122086,1.3724340464347167,1.543424101439789,14.112081345457504,6.044501044237318,6.186811781960337,8.400145159522722,2.2137150201768927,0.9769977263349158,1.3577502364006093,19.155805130006573,10.709755807113027,8.219207631211175,20.026041540339055,17.441904217537616,1.303015605354022,2.4364929612306234,2995,2.9237533952823447,0.14805079842440075,0.9035058430717863,0.8754590984974958,0.04941569282136895,0.069449081803005,3,1,1113.1991127243416,1.8996571889493885,0.06332190629831295,0.037106637090811384,1.0,-1.000088900581841e-12,2.79481
subject_11_task_1,11,1,,1,124,615.0,645.0,0.5395161606524381,30.0,0.35833333333333334,eye,中,5.666666666666667,6,80.0,1.0954451150103321,78.0,81.0,-0.1330868761552009,6.841631426303464,2.771508972512728,2.3874589044522336,10.779026244308831,7.640619451117242,1.1608614361253724,4.514853103526788,10.4441579012114,5.821561314325862,3.603447966743607,5.887162314834644,2.386211021049633,1.6155530392150321,1.6337581031188864,15.110230269813796,6.573343401730844,5.414378789393966,7.934754750086965,2.249983625806143,1.2140531088454933,1.465496792657003,20.07180895796616,11.29435493422774,8.404108656498762,21.828463461300966,20.822824419984716,1.3439087232045719,2.5973561686903426,2995,2.989517439769867,0.20618758170758314,0.9008347245409015,0.8737896494156928,0.04908180300500835,0.07145242070116861,3,1,876.861141359147,1.4963500705787491,0.04987833568595831,0.02922870471197157,1.0,-1.000088900581841e-12,2.79481
subject_11_task_1,11,1,,1,125,620.0,650.0,0.5436984564714493,30.0,0.3611111111111111,eye,中,5.666666666666667,6,80.66666666666667,1.96638416050035,78.0,84.0,6.381322957198414,6.666600558212305,2.8145288955437575,2.340427801065734,9.681942138640123,6.8555138944491825,1.2025702712393596,4.136825812029479,10.246727280892083,6.311992766794365,3.477795282300983,5.720254060372703,2.4317971426258786,1.8149408617916742,1.6447932083535584,16.309321399098824,6.605168043733794,5.101606971900134,7.897862749102492,2.2715125475073403,1.294723031412521,1.5481127402805142,18.543736543557543,12.27965094015373,8.979117921099773,23.194124412319145,21.97504440597345,1.3675787586326411,2.583118365982914,2995,3.045002164502165,0.26323689371195635,0.8851419031719533,0.8604340567612688,0.05909849749582638,0.07445742904841403,3,1,640.5231699939525,1.09304295220811,0.036434765073603666,0.02135077233313175,1.0,-1.000088900581841e-12,2.79481
subject_11_task_1,11,1,,1,126,625.0,655.0,0.5478807522904604,30.0,0.3638888888888889,eye,中,5.666666666666667,5,80.6,2.1908902300206643,78.0,84.0,16.69064748201423,6.330062773207628,2.6769451948591554,2.2166661639357534,8.219346030814357,5.974101817201923,1.2076447226975142,3.707976493952827,9.7914127561013,6.1953885558336035,3.202962741836277,5.3666244597265065,2.4930545204432035,1.9342680684077365,1.6755188531009229,14.839356673919397,6.420436807070112,4.883340203852856,7.550838809962589,2.289930494262792,1.3147633666817884,1.5462446798208185,16.39431175678376,11.6271785415178,9.955266688760496,26.005092368391256,25.615737676853637,1.167942447452954,2.612194447563221,2995,3.145864241987757,0.2657589600800598,0.8808013355592654,0.8601001669449082,0.05843071786310518,0.07412353923205342,6,2,1032.4656191418565,1.6667488310392957,0.055558294367976525,0.03441552063806188,0.5498542558331767,0.6881680173839033,2.9691913943755623
subject_11_task_1,11,1,,1,127,630.0,660.0,0.5520630481094716,30.0,0.36666666666666664,eye,中,5.666666666666667,7,80.85714285714286,1.864454471471609,78.0,84.0,6.319261213720284,6.574571285953425,2.7144685956885084,2.137280912466949,9.801224598656093,7.512339980834856,1.2700570055413738,4.585838268373933,9.715528694481401,6.022632954754808,2.936076997992646,5.58036523486258,2.5090666949403095,2.051251707251682,1.9006195132749568,15.261798533241057,5.968495908671741,4.634848542680917,7.361654847640624,2.2571986393027497,1.2877434621023038,1.5883269495970307,13.339899104861523,11.172923036983512,9.34254295911338,26.292819736437206,23.13611547474059,1.195918829153967,2.814310820030998,2994,3.204481681034483,0.23457804187760045,0.8824315297261189,0.8580494321977288,0.0614562458249833,0.07314629258517034,6,2,2141.4818672907704,3.355546631730348,0.1118515543910116,0.07138272890969234,0.832764151057239,0.45147610717229514,3.0589137553256687
subject_11_task_1,11,1,,1,128,635.0,665.0,0.5562453439284828,30.0,0.36944444444444446,eye,中,5.666666666666667,6,81.33333333333333,1.505545305418162,80.0,84.0,2.99877099549368,6.784406183502742,2.620642563979501,2.20845193368081,11.495206349707122,8.715058787689143,1.1866423371106365,5.205096916258507,9.419209374949878,5.8962454164891485,3.1805421621708554,5.727342826146106,2.5633340494820436,1.8538491602528262,1.8007441920647111,15.326010417641388,6.19987330882655,5.043182198210115,7.7449597298397554,2.2341716613375198,1.229357390860667,1.535728717591947,23.802802003201688,10.72312694111381,9.488454977359693,26.183802588034848,23.94835841069455,1.1301236046016085,2.759543324019744,2994,3.231747453459782,0.19833624690743934,0.8981295925183701,0.8617234468937875,0.07615230460921844,0.05444221776887107,3,2,3318.988859541316,5.161222835325207,0.17204076117750688,0.11063296198471052,0.9035863543590242,0.3171307188315121,3.0813743881815534
subject_11_task_1,11,1,,1,129,640.0,670.0,0.5604276397474939,30.0,0.37222222222222223,eye,中,5.666666666666667,6,81.66666666666667,1.632993161855452,80.0,84.0,4.577441631042226,6.966025905585997,2.6710318983328056,2.3033576418387662,14.595599996010643,10.647030233773744,1.1596253442433393,6.336662501251435,9.461675110484853,5.683408944667978,2.9194878449409707,6.187080263273434,2.691564116524169,1.9467143713293626,2.1192348082540247,13.977113892355227,5.691227440048435,5.258466648827083,8.228428368174583,2.3044963425157015,1.0822979054774229,1.5647961502256478,28.13183299907681,11.190438314567993,9.856551562005698,27.244181310216742,23.335758060536538,1.1353299624286513,2.7640682584399583,2994,3.2140595730027552,0.20982052489578004,0.9315297261189045,0.8797595190380761,0.07949231796927188,0.03774215096860387,3,2,4664.343079055425,7.253327754386898,0.24177759181289663,0.15547810263518083,0.9035863543590242,0.3171307188315121,3.0813743881815534
subject_11_task_1,11,1,,1,130,645.0,675.0,0.5646099355665051,30.0,0.375,eye,中,5.666666666666667,6,82.5,1.0488088481701516,81.0,84.0,-1.3507340946166593,6.297153376231875,2.452001369566596,2.335538803458837,17.091227220842114,12.183642020449199,1.049865395486165,7.31789478108037,9.360474856968418,5.449127671396146,3.0258225843892887,6.252855886945486,2.7182355343609124,1.8008748098811485,2.0664978572124446,13.309518484665926,5.4684093431081635,5.252940856490463,8.203504736246217,2.2430334721428693,1.0410186393687395,1.561697525322425,23.353594228208973,9.517543035544461,9.088593171521024,25.385577477828956,22.171262042976398,1.0471965084065535,2.79312507433761,2994,3.1721612461485793,0.20803662172097662,0.9355377421509686,0.8804275217100869,0.08216432865731463,0.03440213760855043,3,2,6009.697298569534,9.34543267344859,0.3115144224482863,0.20032324328565113,0.9035863543590242,0.3171307188315121,3.0813743881815534
subject_11_task_1,11,1,,1,131,650.0,680.0,0.5687922313855162,30.0,0.37777777777777777,eye,中,5.666666666666667,6,82.5,1.0488088481701516,81.0,84.0,5.65529622980252,6.713272192210585,2.5891782805975896,2.31865415388933,17.23542564138378,12.357638669272824,1.1166729096939618,7.43337492246221,9.366733827913977,5.479713892416459,3.060181314712254,6.502698013102304,2.6396919862426533,1.790650072292109,2.124938800795778,13.169408405858,5.572983222302433,5.443163910248021,8.233020659501012,2.1278131744927977,1.0238499729559856,1.5125432184763785,28.37241041290169,9.940209266677329,8.498986980713822,24.627918444274584,20.10692348299549,1.1695757728814005,2.8977475198116034,2994,3.1072460857726343,0.20458001613808646,0.9482297929191716,0.8847695390781564,0.0788243152972612,0.033066132264529056,3,2,7355.051518083641,11.43753759251028,0.38125125308367597,0.24516838393612136,0.9035863543590242,0.3171307188315121,3.081374388181554
subject_11_task_1,11,1,,1,132,655.0,685.0,0.5729745272045274,30.0,0.38055555555555554,eye,中,5.666666666666667,7,82.57142857142857,0.9759000729485332,81.0,84.0,4.457583547557893,6.3338533436856554,2.49237644491731,2.397265768078622,17.752809001661994,12.225951840379118,1.039674648553847,7.405440497275629,9.414857517499536,5.198237199659281,3.336194639126805,6.254182066070736,2.448893255441657,1.5581336708279812,1.8746454396640557,13.762478244286873,5.466786597554179,5.522585252989485,7.8979796698876115,1.994748828500696,0.9898962799342753,1.4301236301625726,25.039805126601248,9.087317667538313,7.523333846600302,21.664491154709566,19.06960646987845,1.2078844103993545,2.8796397443534256,2995,3.0261772928741903,0.16559611179012831,0.9529215358931553,0.8838063439065108,0.07946577629382304,0.0337228714524207,3,2,8072.125317084652,12.552629514370146,0.4184209838123382,0.2690708439028217,0.9035863543590242,0.3171307188315121,3.0813743881815534
subject_11_task_1,11,1,,1,133,660.0,690.0,0.5771568230235384,30.0,0.38333333333333336,eye,中,5.666666666666667,5,83.0,0.7071067811865476,82.0,84.0,2.748691099476484,6.151291781835899,2.657300474644226,2.3344614254521496,15.785741121393219,10.308443514918403,1.1382927323931031,6.7620483890993235,9.585690877119298,5.380918632558488,3.1630844799679494,5.819761734219862,2.273199084336905,1.70116184586161,1.8399008218328814,12.910630960150932,5.368195517938531,5.279325119915425,7.380691049482298,1.88105129243421,1.016833666426009,1.3980368478614433,16.673673011147482,7.775552981780319,7.143817643625371,20.042298743721584,18.668056249664804,1.0884310560080803,2.8055445622419954,2995,2.993974498469908,0.14775625162296332,0.9532554257095158,0.8984974958263773,0.0667779632721202,0.03171953255425709,3,2,8072.125317084652,12.552629514370146,0.4184209838123382,0.2690708439028217,0.9035863543590242,0.3171307188315121,3.0813743881815534
subject_11_task_1,11,1,,1,134,665.0,695.0,0.5813391188425496,30.0,0.3861111111111111,eye,中,5.666666666666667,7,83.71428571428571,1.3801311186847085,82.0,86.0,6.707033069399204,6.173880277812393,2.736612443773188,2.2024304961491845,13.662044656485799,9.00903266117065,1.2425420228052546,6.203167219293889,9.149495441133414,5.033583291966881,3.241384202436091,5.504342997827514,2.2444231072465732,1.5529116505793565,1.6981458087229142,13.168655065186584,5.259368188972981,4.679551908350589,6.744757110661489,1.8440966639820981,1.1239042309986385,1.441325418065258,19.12608511762119,8.639416464796547,6.88645842376748,19.430939119234562,17.418932275743636,1.2545514592782583,2.821615687415155,2995,2.972408580183861,0.15870615499115792,0.9585976627712854,0.9158597662771285,0.04941569282136895,0.030717863105175294,3,2,6970.011140458693,10.838777164674807,0.36129257215582694,0.23233370468195644,0.9035863543590242,0.3171307188315121,3.081374388181553
subject_11_task_1,11,1,,1,135,670.0,700.0,0.5855214146615608,30.0,0.3888888888888889,eye,中,5.666666666666667,7,84.28571428571429,1.7994708216848745,82.0,87.0,9.739170936190133,6.346233358055576,2.8411416427960168,2.3401139017536465,12.526402561536612,8.305802183815317,1.2141039975305934,5.352902930130671,9.873987506720724,5.043010236381437,3.427842551757656,5.382860894584941,2.196672041980584,1.4711907446844632,1.5703349302974352,13.711009405033204,5.529546186323612,4.443252190198363,6.591291800222014,1.7779387848422898,1.24448173311467,1.4834385981426264,24.25012837448183,8.964170309644643,7.45946492957857,18.65653866090773,17.053905440270494,1.201717602304095,2.501055884977765,2995,2.9534336856460968,0.1633801511501814,0.9602671118530884,0.9265442404006677,0.04006677796327212,0.02971619365609349,3,2,5624.656920944584,8.746672245613116,0.2915557415204372,0.18748856403148614,0.9035863543590241,0.3171307188315122,3.081374388181553
subject_11_task_1,11,1,,1,136,675.0,705.0,0.5897037104805719,30.0,0.39166666666666666,eye,中,5.666666666666667,6,85.66666666666667,2.1602468994692865,83.0,89.0,12.707581227436874,6.647538238899598,3.0204268892852397,2.3700901683885363,12.192725845146342,8.399381803335144,1.2743932402111429,5.14441433822595,9.329978981298348,4.931185521868257,3.480473655781836,5.447408983425656,2.3322878617610274,1.4168144941067053,1.5651343817460897,13.0375659878586,5.5757764324460855,4.557526776074456,6.662410815954077,1.8105453569021122,1.223421541200177,1.461847871290539,21.15354403281874,8.780016952740645,6.972798057641126,19.105616361263237,17.69241873298029,1.2591813042855993,2.740021466751986,2995,2.938039027730229,0.1636693245277903,0.9572621035058431,0.9265442404006677,0.03806343906510851,0.03138564273789649,3,2,4279.302701430476,6.654567326551425,0.22181891088504752,0.14264342338101588,0.9035863543590241,0.3171307188315122,3.081374388181553
subject_11_task_1,11,1,,1,137,680.0,710.0,0.5938860062995831,30.0,0.39444444444444443,eye,中,5.666666666666667,6,86.33333333333333,2.1602468994692865,83.0,89.0,12.190332326283942,6.908265083004556,3.159639137288361,2.282972381702254,10.221156091696098,6.832314087590332,1.384002348259876,4.477126474948809,9.825679532214876,5.197767402247064,3.3710025158097756,5.397642993854252,2.2625478244026476,1.541905524504916,1.6011981505619377,13.300255159208804,5.847141322028775,4.181626307971713,6.6056132226569275,1.8952872067284856,1.398293604304617,1.579675642001823,24.562402959484682,11.574674113563034,8.053445076247877,19.00758812328358,18.356095264805358,1.4372326382035385,2.3601810086645885,2995,2.9178764624913964,0.1502603668588256,0.9475792988313857,0.9148580968280468,0.04407345575959933,0.03772954924874791,6,2,4474.396067310948,7.436431783225892,0.24788105944086306,0.14914653557703159,0.7405526251837988,0.5724780945541783,3.0483207103761276
subject_11_task_1,11,1,,1,138,685.0,715.0,0.5980683021185942,30.0,0.3972222222222222,eye,中,5.666666666666667,5,87.0,1.5811388300841898,85.0,89.0,9.668508287292706,7.296129548612198,3.359515172696449,2.243476844238714,9.236339568739247,6.25174877422287,1.4974592589728486,4.116975663224839,9.019467236648612,5.355174970704408,3.4468094750158875,5.3670070497018045,2.2306005006521463,1.5536614395200141,1.5570942022193048,12.915958367963594,6.315741648100726,4.188252001639744,6.7997577401525735,1.9323337868422816,1.5079660072097019,1.6235311861584256,24.172268754707584,11.577907353823468,9.438762913367647,20.68505434573294,18.92199212643247,1.2266339837211355,2.1915005743430354,2994,2.9402747592847316,0.16267292137576939,0.9442217768871075,0.9094856379425518,0.047762191048764197,0.03674014696058784,6,2,3732.594262402268,6.470357488428061,0.21567858294760203,0.12441980874674227,0.6315800572984055,0.6581093892900894,3.0262274652130836
subject_11_task_1,11,1,,1,139,690.0,720.0,0.6022505979376054,30.0,0.4,eye,中,5.666666666666667,6,86.0,2.8284271247461903,81.0,89.0,-6.690042075736281,7.397809393368631,3.1689606336967904,2.3219232976976767,10.571648267236718,7.610871724339739,1.364799878117852,4.552970495502211,9.550433311580985,5.117126872088021,3.562915503057552,6.0231503453697774,2.3207745157332966,1.436218980690591,1.6905117003759842,14.00769653595789,6.263459728234663,4.775694726496376,7.319750903737654,1.9627591516225416,1.311528497306143,1.532709128815629,37.19815555792703,12.225587454462106,9.353660572979512,21.24437919915474,19.564184906478612,1.3070377483847238,2.2712369166489395,2994,2.9865319807427784,0.21195496080448037,0.9465597862391449,0.9008016032064128,0.05511022044088176,0.03440213760855043,6,2,2387.240042888159,4.37825256936637,0.14594175231221232,0.07957466809627198,0.5217119505895738,0.6922040664357508,2.9951488371003068
subject_11_task_1,11,1,,1,140,695.0,725.0,0.6064328937566166,30.0,0.4027777777777778,eye,中,5.666666666666667,6,83.16666666666667,5.564770136013407,76.0,89.0,-28.404533565823936,7.099084023376608,3.0377153680702578,2.5304860305521757,13.210243653174699,10.265778361532668,1.2004473968217877,5.220437296898296,8.849813156028928,4.923400159623278,3.882929189575568,6.943550353253712,2.4695495854947054,1.2679603256327838,1.7882248205542712,13.446448595415719,6.22990176631665,5.674982474829925,7.922271393210099,2.1390550796844368,1.0977834370322626,1.3959992701911426,24.63645780805633,10.524687224127796,9.249591119521313,21.05160928017962,19.090686018123858,1.1378543211402488,2.275950256411884,2994,2.9986228944654516,0.20128478606572056,0.8894455577822311,0.87374749498998,0.07247828991315965,0.03674014696058784,6,2,2244.313651552783,4.160673227260199,0.13868910757533998,0.07481045505175944,0.5645565897167014,0.6847887601928063,2.987653977506905
subject_11_task_1,11,1,,1,141,700.0,730.0,0.6106151895756277,30.0,0.40555555555555556,eye,中,5.666666666666667,5,82.4,5.856620185738529,76.0,89.0,-38.2565379825654,6.921138991596177,2.633356694546849,2.3765977945348933,12.642860603672585,10.052662073216254,1.1080363284870438,5.319730849176702,9.172773970720904,4.606666953493408,4.0644935720102024,6.751057417941991,2.388051413825504,1.133392603992989,1.6609836621301575,13.199718511723022,5.581859798677767,6.0326464051130575,7.7008046273207675,2.0640435482192774,0.9252754800856189,1.2765217966022073,29.84709708946022,9.572040654583944,7.8886012536590355,20.306902753954372,18.254801998514655,1.2134015076683036,2.574208291303259,2994,3.02290768702814,0.20874282625718701,0.887441549766199,0.8700734802939212,0.07515030060120241,0.03674014696058784,6,2,2531.4162604617013,4.6205279131794486,0.15401759710598162,0.08438054201539004,0.5514520389757498,0.6878431717725522,2.9931990947391576
subject_11_task_1,11,1,,1,142,705.0,735.0,0.6147974853946389,30.0,0.4083333333333333,eye,中,5.666666666666667,5,79.6,5.224940191045253,75.0,88.0,-35.93886462882093,6.441160365591261,2.5761790799048683,2.6623352752446285,13.957226439784638,10.494275070140755,0.9676388634666444,5.242475119330032,8.29028530639267,4.711024877112377,5.016102106518647,6.973011255844003,2.1793119487587256,0.9391804187937464,1.3901254615176724,29.85526934442158,8.234091153985958,8.503731592551546,8.462021806541372,2.0911869003951846,0.9682915158326766,0.9950951196476254,29.037359759191457,9.325746439372258,9.136284908553877,20.290538487487645,16.888276402050383,1.020737261667595,2.220874096044286,2995,3.032550531003768,0.20370545157051292,0.8901502504173623,0.8757929883138564,0.07111853088480802,0.035392320534223705,6,2,2818.5188693706195,5.080382599098699,0.1693460866366233,0.09395062897902065,0.5410172242775066,0.6897785709705768,2.9976145281212245
subject_11_task_1,11,1,,1,143,710.0,740.0,0.6189797812136499,30.0,0.4111111111111111,eye,中,5.666666666666667,5,77.0,2.5495097567963922,75.0,81.0,-17.298578199052184,5.726865485563799,2.2653235717761664,2.789717085103627,16.631277036052598,12.37707420434384,0.8120262745897829,5.961635724589905,8.531519665425305,4.44092247600545,5.078022849245962,7.360526185991514,2.3033911179565165,0.8745377104131944,1.449486621960451,32.11462582313572,8.161507101885917,9.442307989671903,9.525053765884318,2.355515816556432,0.8643551037323778,1.0087632998524219,24.335657718852897,7.763345500252787,7.466714602164654,19.630649826585223,15.652249263632491,1.0397270973772237,2.629088008920839,2995,3.054816291751874,0.18910767184791916,0.9041736227045075,0.8941569282136895,0.06176961602671119,0.02637729549248748,6,2,1565.1738928849568,2.6662679092817902,0.08887559697605968,0.052172463096165224,0.5043475926396694,0.6931093769580512,3.016810396258794
subject_11_task_1,11,1,,1,144,715.0,745.0,0.6231620770326611,30.0,0.41388888888888886,eye,中,5.666666666666667,7,76.42857142857143,2.29906813420444,75.0,81.0,-11.246648793565699,5.68062484570547,2.281092712496111,2.8347283727045816,18.74392937506999,13.897499481164324,0.8046953402874882,6.612248833275911,9.046219588810263,4.304927039249551,4.830164208224946,7.781413346934683,2.4917608213476607,0.8912589414494428,1.61100389375671,29.09610945930884,7.91970175690099,9.305770823732965,9.587717615956613,2.6248103071289446,0.8510527399517496,1.0302980588673627,25.600543129859926,7.68165999653585,6.817590574189137,20.18046083738668,16.88977209227967,1.1267411724045167,2.960057606537465,2995,3.0262474507138006,0.19592311589763955,0.9111853088480801,0.9078464106844741,0.05509181969949917,0.02370617696160267,3,2,1248.724087188446,2.00009197093718,0.06666973236457266,0.04162413623961487,0.5509877202349173,0.687938636050158,3.036545904965296
subject_11_task_1,11,1,,1,145,720.0,750.0,0.6273443728516722,30.0,0.4166666666666667,eye,中,5.666666666666667,7,75.42857142857143,1.2724180205607036,74.0,78.0,-6.6650173181593075,5.72493758551545,2.2715843638180133,2.8901504855816267,18.102652269977526,11.91924324229388,0.7859744242213289,6.263567367958166,8.919979951515893,4.209758714209471,5.193367166677085,6.865475923744032,2.3205852346193,0.8106029439283869,1.3219700636219076,44.14060376435816,10.873056699325133,10.253852339744515,9.867311638384663,2.676033726882662,1.0603874855092799,0.9623028800735116,19.8646536946686,7.283732025904456,6.522205323757791,21.11252724952511,16.554175187539975,1.1167590813758541,3.237022786237747,2995,2.953939228405599,0.1519152467897522,0.9058430717863105,0.9058430717863105,0.054424040066777965,0.03005008347245409,3,2,1535.8266960973642,2.4599466568564297,0.08199822189521432,0.05119422320324547,0.5509877202349173,0.6879386360501581,3.0365459049652963
subject_11_task_1,11,1,,1,146,725.0,755.0,0.6315266686706834,30.0,0.41944444444444445,eye,中,5.666666666666667,6,75.16666666666667,0.9831920802501751,74.0,77.0,3.24705882352935,5.455660025834439,2.3429715893312038,2.724254441010629,16.144048784588065,10.293059029952614,0.8600413948346253,5.926042935475232,9.878599172007823,4.589510529048885,4.556900821601152,6.294917453218855,2.230803387618876,1.0071561152468258,1.3814032167167112,45.462652541576084,11.739785401121143,9.69044461874939,9.797249527224482,2.7295071317032775,1.211480573183053,1.0110216726556016,21.46477333582014,9.120774706109163,7.003134271592025,20.280927881947036,17.227360974873495,1.30238466840587,2.8959787282982603,2995,2.9491031207598373,0.141127690379862,0.9692821368948247,0.9382303839732888,0.03806343906510851,0.02270450751252087,3,2,1722.6156534535085,2.759128115515497,0.09197093718384991,0.05742052178178361,0.5509877202349173,0.687938636050158,3.0365459049652967
subject_11_task_1,11,1,,1,147,730.0,760.0,0.6357089644896946,30.0,0.4222222222222222,eye,中,5.666666666666667,6,75.16666666666667,0.9831920802501751,74.0,77.0,3.24705882352935,5.729713522813304,2.716569039966165,2.8356894055685036,14.623969599300803,9.253425496886102,0.9579924496073443,5.157112612750678,10.290052069443922,4.724237829325487,4.799584365156328,6.182661092101514,2.178695348612415,0.9843014456881233,1.2881659372394714,42.975848056831985,11.283450554251978,9.48013870126913,9.242270502223867,2.4767566931100715,1.1902199862056273,0.9749087849301805,15.748571036114528,9.574696146692018,7.332307131403929,20.730462768965204,17.45443862478891,1.305823116121806,2.827276926272987,2995,2.942795883361921,0.11836530641216376,0.9592654424040067,0.928881469115192,0.03806343906510851,0.032721202003338896,3,2,1485.5837395383035,2.3794720868205608,0.07931573622735202,0.04951945798461012,0.5509877202349173,0.6879386360501581,3.0365459049652963
subject_11_task_1,11,1,,1,148,735.0,765.0,0.6398912603087057,30.0,0.425,eye,中,5.666666666666667,6,76.33333333333333,2.943920288775949,74.0,82.0,17.236662106703157,5.900052477589928,2.916586313026198,2.4234372444109904,13.907458070691076,8.66881467676384,1.2034915778209334,5.738732497721947,9.74546359863461,4.673130232860031,3.7923998540963724,5.540321307777852,2.1332899244247625,1.23223563248805,1.4609011499126223,43.08327888296955,12.514981135489872,7.313782485597951,8.825184452471191,2.5947049535452047,1.711150305622835,1.2066512054261171,15.8651950010197,10.439775188099647,7.589885256930853,21.750324272109662,18.08133835752688,1.3754852457837041,2.865698694489212,2994,2.942126625598905,0.12249575047094514,0.957247828991316,0.9251837007348029,0.04275217100868404,0.03006012024048096,3,2,1198.4811306293855,1.9196174009013114,0.06398724669671038,0.039949371020979514,0.5509877202349172,0.6879386360501583,3.036545904965296
subject_11_task_1,11,1,,1,149,740.0,770.0,0.6440735561277169,30.0,0.42777777777777776,eye,中,5.666666666666667,7,79.0,4.864839839775475,74.0,85.0,26.293388429751936,5.782966140319997,3.1907419473490313,2.4082934430919964,13.599016190229776,8.3705810679737,1.3248974939085716,5.646743850604046,10.087975746263554,5.086780773946992,3.869793069260778,5.475108339520638,2.0973607623499446,1.3144839227588692,1.4148323286357307,51.599435433899984,14.38775562162137,7.537307010455688,8.921828603828407,2.521307594328923,1.9088721743273556,1.1836891599946935,17.742758840388763,12.248248135485424,8.641400416974653,22.241930800514723,17.703577547906608,1.4173915736418943,2.573880358191017,2994,2.9205898141775637,0.112721372265442,0.9512358049432198,0.9078156312625251,0.05511022044088176,0.03373413493653975,6,3,1689.4775256332173,2.693232233725028,0.08977440779083426,0.05631591752110724,0.4228806111867518,1.0719494593793826,3.007341782554629
subject_11_task_1,11,1,,1,150,745.0,775.0,0.648255851946728,30.0,0.4305555555555556,eye,中,5.666666666666667,6,80.83333333333333,4.445971959725642,74.0,85.0,22.440944881889866,6.125467227803035,3.210018659371998,2.330253357177911,11.547752120639547,7.321978222463394,1.3775406221319815,4.955577935364345,9.872553981010428,5.24775218634121,3.6195202055920532,5.29403947562373,1.986505290251098,1.4498474627199445,1.4626357016724465,26.844131799872898,8.803551640192438,5.508184289668586,8.052842543339477,2.2278415928083306,1.5982674466257059,1.4619776898975172,18.418328619288225,13.549430122009325,8.999952177920335,21.96151794999567,17.693479412832513,1.5055002353512794,2.4401816271728713,2994,2.9375223931623933,0.11212740363280337,0.9549098196392786,0.9014696058784235,0.06212424849699399,0.03072812291249165,6,3,2492.4547765068146,3.96140993606997,0.132046997868999,0.08308182588356049,0.38560905730698025,1.0885405381280997,2.989017538630974
subject_11_task_1,11,1,,1,151,750.0,780.0,0.6524381477657392,30.0,0.43333333333333335,eye,中,5.666666666666667,6,82.33333333333333,2.943920288775949,77.0,85.0,12.057416267942642,6.790081839220608,3.445912721332286,2.4710907413947676,14.156346660869808,9.290515401038398,1.394490563866261,5.728784630903309,10.74540286123324,5.215103850086817,3.7731470699602876,5.892299924141763,2.28535526759078,1.3821628877407384,1.5616406715372955,39.86911860771645,11.880362713520942,6.373562039143863,9.045888229647106,2.547722591270474,1.8640067580038473,1.4192829965552838,21.686660540233216,13.532737318094322,9.48221689223873,22.449143199562258,18.24191517649446,1.427170193625393,2.3674994418169297,2994,2.955173347036656,0.1075962713261465,0.9542418169672678,0.8994655978623914,0.06245824983299933,0.03072812291249165,6,3,3295.432027380411,5.229587638414912,0.1743195879471637,0.1098477342460137,0.46182756905261957,1.0593994303086003,2.979623201856308
subject_11_task_1,11,1,,1,152,755.0,785.0,0.6566204435847504,30.0,0.4361111111111111,eye,中,5.666666666666667,6,83.16666666666667,1.4719601443879744,82.0,85.0,-3.790973871734073,6.884646966333808,3.354820359787417,2.3933799692047497,15.785032747600022,10.87019879937004,1.4017082130515723,6.595289068473707,10.229820951035729,5.1619163076580215,4.05081453493636,6.088717917285259,2.3289735596998398,1.274290951397289,1.503084840042156,28.313709635192094,9.055533301013359,5.701333223229746,8.670035059300535,2.489506730919911,1.588318546987768,1.5207030916865178,20.441838958695232,12.991786532961044,8.762549431461068,21.617834138488565,17.613153376877765,1.4826491575973675,2.4670712910185553,2994,2.9457269612881123,0.11380404648615638,0.9505678022712091,0.8924515698062793,0.06680026720106881,0.033400133600534405,6,3,4098.409278254008,6.4977653407598535,0.21659217802532846,0.13661364260846695,0.5081799903851202,1.0301694794721024,2.9739100195027612
subject_11_task_1,11,1,,1,153,760.0,790.0,0.6608027394037614,30.0,0.4388888888888889,eye,中,5.666666666666667,7,83.14285714285714,1.3451854182690985,82.0,85.0,-2.483156881616876,7.234129431914009,3.2109679867321126,2.4790781662705843,16.627162250914253,11.304646463674018,1.2952266009274531,6.7069939452241725,10.24966828770875,5.193201032197071,3.882272286374578,6.466185833409443,2.36566240306364,1.3376704798433112,1.665567316363538,15.419481538719436,6.870198695835626,5.182362777612861,8.549253080704922,2.45667171716674,1.3256884920357175,1.6496824802842043,22.530944128663037,12.26886581168443,8.438346639053576,22.22843924794972,16.96398568426599,1.453941907873611,2.6342173649366467,2995,2.933550493029582,0.10918811974663022,0.9585976627712854,0.8988313856427379,0.0664440734557596,0.027712854757929884,3,3,5138.4184430428095,8.145599071799733,0.2715199690599911,0.17128061476809364,0.5144652663760403,1.0255432915787142,2.9731353258223403
subject_11_task_1,11,1,,1,154,765.0,795.0,0.6649850352227726,30.0,0.44166666666666665,eye,中,5.666666666666667,7,82.85714285714286,1.7728105208558367,80.0,85.0,-8.575129533678702,6.828902442552496,2.9329905615000933,2.378775702297093,15.640932513157399,11.41216616667431,1.2329832353121044,6.575202738977679,10.374591365593131,4.857629642341985,3.8099973181705256,6.108085238502301,2.318940976401483,1.2749693075045283,1.603173107070654,14.936866336237822,6.145241830958436,5.208088203606824,8.260391613688533,2.5316843125033732,1.1799419654034646,1.586069838058399,20.933654043001827,11.373584190165195,8.183414055558506,20.887032085057395,16.329582515203786,1.3898336455846072,2.552361635773529,2995,2.919822068965517,0.10880202531757713,0.935559265442404,0.8831385642737897,0.0687813021702838,0.04240400667779633,3,3,6228.498302825325,9.873631460063923,0.32912104866879743,0.20761661009417748,0.5144652663760403,1.0255432915787142,2.9731353258223403
subject_11_task_1,11,1,,1,155,770.0,800.0,0.6691673310417837,30.0,0.4444444444444444,eye,中,5.666666666666667,5,82.0,1.224744871391589,80.0,83.0,-5.251141552511388,7.213443406287742,2.8009306042738342,2.3290690405968753,15.199957533029398,11.014022863608234,1.2025966407402136,6.5261944871905015,10.707234674261514,5.15877540029528,3.832722852106201,6.088482212722646,2.2812188625922585,1.3459818513776365,1.5885526941706296,15.417421659636506,6.3501739227214955,5.112493690643404,7.9808520418656546,2.326072964376433,1.24208934171268,1.5610487806511637,19.855471424331622,10.456196369960463,7.655376815739571,20.457894005253305,16.560878893255534,1.3658630556842561,2.672356240282198,2995,2.9387561728395064,0.10033083462713405,0.9439065108514191,0.8998330550918197,0.05876460767946578,0.03706176961602671,3,3,6540.47915869509,10.36819432958515,0.3456064776528383,0.218015971956503,0.5144652663760403,1.0255432915787142,2.9731353258223403
subject_11_task_1,11,1,,1,156,775.0,805.0,0.6733496268607949,30.0,0.44722222222222224,eye,中,5.666666666666667,5,82.6,1.816590212458495,80.0,85.0,2.4398625429552534,6.7155851117097995,2.6492749259423496,2.4109562046773045,14.95629244618592,10.759616333552916,1.0988482166547455,6.203469153512787,10.835474728671175,4.758503793940558,3.7111092272100783,5.7751622209351074,2.273629905011825,1.282232212151267,1.556182226756159,14.943664099175084,6.22115671285831,5.256596187309875,7.594095485125827,2.3936568805282517,1.1834952678839992,1.4446792590724369,17.925229560147383,9.683258430240818,8.076291241770612,20.823862493610473,16.07609822348424,1.198973407516431,2.5783941997917768,2995,2.9388151577503425,0.09572779692775045,0.9452420701168615,0.9071786310517529,0.054757929883138566,0.0347245409015025,3,3,6540.47915869509,10.36819432958515,0.3456064776528383,0.218015971956503,0.5144652663760403,1.0255432915787142,2.9731353258223403
subject_11_task_1,11,1,,1,157,780.0,810.0,0.677531922679806,30.0,0.45,eye,中,5.666666666666667,5,82.4,1.816590212458495,80.0,85.0,2.439862542955436,7.5393723858962325,2.716038043261796,2.2062908963553536,12.887408613338732,9.694060395871853,1.231042582711333,5.841210075528969,10.50535771412128,4.914430719210518,3.61654963253943,5.319390281007574,2.0274922677342997,1.3588727429574237,1.4708467521493578,16.382180049680482,6.444523939558964,4.960100025104501,7.1684740847595885,2.259422931144943,1.2992729797668119,1.4452277269566878,15.942273685438295,9.369628175847522,8.572770080929915,21.683386360904425,15.963326041728815,1.092952229838779,2.529332544347481,2995,2.9384509938313914,0.10349769008022862,0.9452420701168615,0.9045075125208681,0.057429048414023375,0.03639398998330551,3,3,6540.47915869509,10.36819432958515,0.3456064776528383,0.218015971956503,0.5144652663760403,1.0255432915787142,2.9731353258223403
subject_11_task_1,11,1,,1,158,785.0,815.0,0.6817142184988172,30.0,0.4527777777777778,eye,中,5.666666666666667,6,82.66666666666667,1.632993161855452,80.0,85.0,2.404536862003556,6.974986201403052,2.7842866054821327,2.2959900443058197,12.32813101688876,9.160379039483608,1.2126736404573335,5.3694183245538,9.98926530093727,4.887532149181263,3.5841423441039493,5.05925180396935,2.0207883261384243,1.3636545873300596,1.4115655345809612,15.551574370552878,6.404905309827264,5.040598038414608,7.118226789769635,2.2932925827588453,1.2706637706508659,1.412179018346897,15.296749315377411,9.515705521831627,8.474029036860685,22.196875029723675,17.010064792936507,1.1229257629918206,2.6194003977530382,2995,2.951361760660248,0.10245137020504962,0.9472454090150251,0.9085141903171954,0.054424040066777965,0.035392320534223705,3,3,6540.47915869509,10.36819432958515,0.3456064776528383,0.218015971956503,0.5144652663760403,1.0255432915787142,2.9731353258223403
subject_11_task_1,11,1,,1,159,790.0,820.0,0.6858965143178284,30.0,0.45555555555555555,eye,中,5.666666666666667,5,82.6,1.8165902124584947,80.0,85.0,6.59090909090914,6.654546853924436,2.77343058771022,2.130443131999864,12.3948447245771,8.863579209345557,1.3018092555734067,5.817965538907373,9.844462164478925,5.147500661691705,3.4473691131169537,5.114111617612427,2.0497837941203985,1.493167831116747,1.483482461496118,14.975100301102131,6.364604836203987,4.7639930383647915,7.11254265096925,2.382150529135762,1.335981137031341,1.4929792284941252,14.714961235531893,10.579696021408818,8.86220779344827,24.632039760669112,18.85843323939544,1.193799137640427,2.7794473267574813,2994,2.9650809979494186,0.09341788075971448,0.9562458249832999,0.9215096860387442,0.04976619906479626,0.027054108216432865,3,3,6540.47915869509,10.36819432958515,0.3456064776528383,0.218015971956503,0.5144652663760403,1.0255432915787142,2.9731353258223403
subject_11_task_1,11,1,,1,160,795.0,825.0,0.6900788101368395,30.0,0.4583333333333333,eye,中,5.666666666666667,6,84.16666666666667,1.7224014243685084,82.0,86.0,7.192982456140214,6.650352545692454,2.79095453367844,2.241036142638327,11.293782503030801,8.3978820460713,1.2453857751676887,5.039536082508182,10.067367923953219,5.093507867551432,3.2855240531205943,5.084800296285036,2.0753416005408254,1.5502878034673382,1.5476375196387582,15.0969818700541,6.379365084741995,4.829600735018577,7.1659356222618875,2.340321631412672,1.3208887100099915,1.4837532159341789,14.946079458414447,10.562864727568547,9.04944993971363,25.845389134658443,21.03089763577312,1.1672383181228811,2.8560176924384777,2994,2.987144253454668,0.09766460811122428,0.978623914495658,0.9275217100868404,0.05444221776887107,0.016700066800267203,3,3,6540.47915869509,10.36819432958515,0.3456064776528383,0.218015971956503,0.5144652663760403,1.0255432915787142,2.9731353258223403
subject_11_task_1,11,1,,1,161,800.0,830.0,0.6942611059558507,30.0,0.46111111111111114,eye,中,5.666666666666667,6,84.16666666666667,1.7224014243685084,82.0,86.0,7.192982456140214,7.023668743607341,2.7551225168232483,1.9637213150260848,12.016982545030432,8.949846243856953,1.4030109546306222,6.1194948861013945,9.425888198578187,4.969026552263055,3.3349693068412236,5.135740127417049,2.050660735974764,1.4899766969578374,1.5399662350360452,15.457491422766937,6.448707765038769,4.395552552171931,7.253383171656765,2.4742954760972107,1.4670983200627037,1.650164134216237,15.07162248337715,9.778732636551853,9.065572331753495,26.723784955189956,21.282634971781906,1.0786668815492662,2.947832081333242,2994,2.9905001696640654,0.09900252479159496,0.9709418837675351,0.9188376753507014,0.055444221776887105,0.02338009352037408,3,3,6540.47915869509,10.36819432958515,0.3456064776528383,0.218015971956503,0.5144652663760403,1.0255432915787142,2.9731353258223403
subject_11_task_1,11,1,,1,162,805.0,835.0,0.6984434017748617,30.0,0.4638888888888889,eye,中,5.666666666666667,7,86.28571428571429,4.191828786034631,82.0,92.0,23.978052126200332,7.117785629087576,2.839998177078337,2.1167054833727366,11.125380794722794,8.135645714775578,1.3417068172153612,5.255989027342494,9.092001529740426,5.2469382091201595,3.3443052144927017,5.136187487126992,2.136672447766485,1.568917270583531,1.5358010581298278,15.407253825724833,6.50845561958586,4.328701937014572,7.45677747667527,2.5816171121718474,1.5035582755034005,1.7226359276236225,15.857993082027521,10.569091414341981,9.820014865723001,26.958454041539266,23.72827125919322,1.076280592123506,2.7452559298701673,2994,2.9955785544621647,0.09676548060372805,0.9739478957915831,0.9298597194388778,0.04676018704074816,0.02237808951235805,3,3,6540.47915869509,10.36819432958515,0.3456064776528383,0.218015971956503,0.5144652663760403,1.0255432915787142,2.9731353258223403
subject_11_task_1,11,1,,1,163,810.0,840.0,0.7026256975938729,30.0,0.4666666666666667,eye,中,5.666666666666667,7,86.85714285714286,3.760699023168052,83.0,92.0,15.395248380129587,6.634795018658947,3.10611177301538,2.0769735217115177,12.694624619312957,9.068953518569716,1.495498975093244,6.112078216987585,9.428419435133375,5.259597959071514,3.238013368581757,5.444051953287928,2.3380751752644056,1.6243286732862399,1.6812938470579604,15.137749569473,7.197183062699712,4.4778591442850715,7.699821488039601,2.811784505898513,1.6072821477391075,1.7195318655493224,15.323186285560318,11.097888406545607,9.981614812134579,28.513235430066928,24.37568287842767,1.1118329664508775,2.856575410564189,2995,2.994412004069176,0.0943765129274904,0.9752921535893155,0.9312186978297162,0.04674457429048414,0.021035058430717863,3,3,6540.47915869509,10.36819432958515,0.3456064776528383,0.218015971956503,0.5144652663760403,1.0255432915787142,2.9731353258223403
subject_11_task_1,11,1,,1,164,815.0,845.0,0.7068079934128841,30.0,0.46944444444444444,eye,中,5.666666666666667,6,88.33333333333333,2.943920288775949,86.0,92.0,4.4286349488660735,7.625277500166512,3.085457495129976,2.2181858568859907,13.940603982038077,9.669586141704634,1.390982403729464,6.284687073791305,9.68402216488426,5.247882119069838,3.3424521987074756,5.5331671148960595,2.4554571013135447,1.5700694601105114,1.655421464826253,15.887738800129299,6.912125339083714,4.526062715452831,7.93920677050389,3.0484596072113934,1.5271828460273906,1.7541088733476764,19.11559547533736,10.720654555590249,10.15152514694377,27.493852193850923,22.381580567396345,1.0560634387846461,2.708346952391509,2995,2.997748710897216,0.10287433625743493,0.9505843071786311,0.8991652754590985,0.05509181969949917,0.035726210350584306,3,3,6540.47915869509,10.36819432958515,0.3456064776528383,0.218015971956503,0.5144652663760403,1.0255432915787142,2.9731353258223403
subject_11_task_1,11,1,,1,165,820.0,850.0,0.7109902892318952,30.0,0.4722222222222222,eye,中,5.666666666666667,6,88.33333333333333,2.943920288775949,86.0,92.0,4.4286349488660735,6.903143488430264,2.987242243915052,2.225045265928109,13.618637101632439,9.483494665340226,1.3425534705555826,6.120611256846429,9.105081688105605,5.109880222273146,3.3557905743934264,5.53420269581002,2.4144541653477685,1.5227053384273777,1.6491501996695221,14.049396382583069,6.999624927385482,4.444849270913568,8.10228813240715,2.9100034350878685,1.5747721690339391,1.8228487938673912,17.736309168314452,9.933892326238182,11.07266118535201,25.987082625271825,21.849624936148462,0.8971549079258109,2.346959072463091,2995,3.010638019938123,0.11200355515302658,0.9482470784641068,0.8871452420701169,0.0657762938230384,0.03706176961602671,3,3,5984.10239826209,9.486206598615098,0.3162068866205033,0.19947007994206967,0.5144652663760403,1.0255432915787142,2.9731353258223403
subject_11_task_1,11,1,,1,166,825.0,855.0,0.7151725850509064,30.0,0.475,eye,中,5.666666666666667,6,90.33333333333333,2.7325202042558927,86.0,93.0,2.3401950162514438,7.943864062698942,3.1563083390431435,2.305145928163509,12.996923554762894,8.498320791522893,1.369244480568633,5.638221596286287,9.89179495862133,5.181291296996272,3.6250379462265485,5.414053539434458,2.407847385354987,1.4293067752269164,1.4935163768617015,15.285622465185707,6.853402157222436,4.440040031618425,7.748619800747652,2.9215903949630366,1.5435451276155103,1.7451689051378276,20.414290652124198,11.095925515418918,11.826978408764782,25.914875702308766,21.066744046023363,0.9381876868225199,2.191166230852647,2995,3.0080048560527235,0.1038604297748192,0.9432387312186978,0.884474123539232,0.06310517529215359,0.041402337228714524,12,3,4894.022538479574,7.758174210350907,0.2586058070116969,0.1631340846159858,0.5144652663760403,1.0255432915787142,2.9731353258223407
subject_11_task_1,11,1,,1,167,830.0,860.0,0.7193548808699175,30.0,0.4777777777777778,eye,中,5.666666666666667,7,90.57142857142857,2.5727509827123995,86.0,93.0,3.5635359116023624,6.59179041623188,3.162980832054317,2.308064571270252,13.888784299318917,9.383071396888043,1.3704039615813517,6.01750248766878,9.113147574722763,4.954021444848571,3.4385613498026597,5.479075871102613,2.43473362443933,1.4407250419228044,1.5934210019015829,12.572848949693181,6.7569647014594185,4.315038129057191,7.474706588600188,2.595767225453829,1.5659107751466783,1.7322457797686635,16.941620362920528,10.886012925299148,11.49644595208045,24.690573207589683,20.343999223589297,0.9469024575659546,2.147670098263852,2995,3.0015975778546715,0.11340605598974347,0.9439065108514191,0.8868113522537563,0.061101836393989986,0.039065108514190316,12,3,3803.9426786970594,6.030141822086716,0.20100472740289052,0.12679808928990197,0.5144652663760403,1.0255432915787142,2.9731353258223403
subject_11_task_1,11,1,,1,168,835.0,865.0,0.7235371766889287,30.0,0.48055555555555557,eye,中,5.666666666666667,6,90.5,2.8809720581775866,86.0,93.0,17.641546270987888,7.218042789302889,3.017352818854903,2.206453888003395,12.745539381288076,8.391698442240498,1.367512294392558,5.776481190287383,10.44033221780643,4.691428755651408,3.178678346596316,5.0001810304746455,2.2427438349559137,1.4759054689112925,1.573037748795429,14.873816749585021,6.367829150047278,4.14874581679991,7.142910968694364,2.4953454619757798,1.5348805232322074,1.721703686875657,20.649709560125576,10.22498414180648,10.669668093704944,23.64190855266183,18.540188646751314,0.9583226068521452,2.2158054350922542,2995,2.993268166089965,0.1336943828797474,0.9392320534223706,0.8777963272120201,0.0667779632721202,0.04240400667779633,21,4,2895.8328260556996,4.78866025505556,0.159622008501852,0.09652776086852331,0.48213700234298257,1.1958071721504362,2.9690913288781475
subject_11_task_1,11,1,,1,169,840.0,870.0,0.7277194725079398,30.0,0.48333333333333334,eye,中,5.666666666666667,5,91.4,2.073644135332772,88.0,93.0,14.91773308957969,6.967708365401811,2.8991351023954532,2.150140712001705,10.133634594139373,7.051329117591843,1.3483466855043458,4.713009961429602,9.387137011388916,4.959871375910805,3.0072037660511115,4.751960764013979,2.044157815577239,1.6493299961591315,1.5801924757011003,13.128320417735804,6.465834998276204,4.054757597753248,6.629422119620624,2.2102367072004485,1.594629233041931,1.6349737215595834,15.798120822712901,10.349882589002346,10.839802054383242,23.102509498569777,19.96919036378097,0.9548036520479829,2.1312667318706175,2994,2.9916801521438448,0.13062166122598712,0.9408817635270541,0.884435537742151,0.0614562458249833,0.04008016032064128,21,4,2028.3190219742082,3.6557242724090777,0.12185747574696926,0.06761063406580695,0.4118582548191263,1.3206355131690826,2.960300042097715
subject_11_task_1,11,1,,1,170,845.0,875.0,0.731901768326951,30.0,0.4861111111111111,eye,中,5.666666666666667,6,91.16666666666667,1.9407902170679516,88.0,93.0,-8.172757475083063,7.503240177323832,2.9458301764911727,1.9406853938994795,8.616886691954349,5.68180758894793,1.517932883790105,4.440125493313561,10.49340907182892,4.670668337311437,2.9127930722168913,4.515469337259572,1.9357330660632506,1.6035015950366318,1.5502197462392695,14.721507576323619,6.298686893873967,3.7821158323179738,6.171702073203978,1.9717893066848253,1.6653870936611805,1.631812019205525,18.037860881605237,10.02644523977699,11.263524480963286,25.565059527720404,21.81069620253349,0.8901694364603985,2.269721131332243,2994,2.9762477906186264,0.12985412834521728,0.9605878423513694,0.9051436205744823,0.06078824315297261,0.02571810287241149,21,4,1160.805217892717,2.522788289762597,0.08409294299208656,0.03869350726309057,0.5402302719500353,1.1614204895776048,2.938368630651905
subject_11_task_1,11,1,,1,171,850.0,880.0,0.7360840641459622,30.0,0.4888888888888889,eye,中,5.666666666666667,6,91.16666666666667,1.9407902170679516,88.0,93.0,-8.172757475083063,7.123187328727435,2.916489591061892,1.9829443400251263,9.437850370399286,6.3140101418714325,1.4707874206014964,4.7595135072120565,10.181066017297196,4.734350914583907,2.895755311128853,4.771291721638774,1.9671007144816872,1.63492781879361,1.6476847001892505,13.652043558747671,6.3841247908477765,4.083868507126311,6.401101434602877,1.963026389715829,1.563254247708402,1.567411248288973,15.051809521531553,9.550579197447865,10.254081948844496,25.107827019593874,22.4055834056911,0.9313929072435484,2.448568984025255,2994,2.9691600951733514,0.13788376459290352,0.9575818303273214,0.8944555778223113,0.06579826319305278,0.026720106880427523,18,1,849.668174244226,2.271840038086166,0.07572800126953887,0.028322272474807533,1.0,-1.000088900581841e-12,2.90878
subject_11_task_1,11,1,,1,172,855.0,885.0,0.7402663599649733,30.0,0.49166666666666664,eye,中,5.666666666666667,6,89.83333333333333,2.2286019533929036,88.0,93.0,-11.843251088534139,7.637505516081371,3.0329392251121985,1.9612485456581465,8.335616314065241,5.2454468012807585,1.5464328740110902,4.250158060037217,10.426671163031235,4.646140808197396,2.76977437294167,4.677982202901231,1.9455441661453907,1.6774437851639554,1.688939809899724,14.838497600712033,6.150245063484029,4.016755340645054,6.758699196557089,2.085353087571705,1.5311475412132907,1.6826265538671576,16.223999808209147,9.284316973181948,10.299345236713156,28.11337557511503,23.687222038714356,0.9014473017262274,2.7296274597050876,2994,2.9681513403461146,0.13573445395288,0.9535738142952572,0.8927855711422845,0.0674682698730795,0.02738810955243821,9,1,1072.2342299452496,2.8669364437038762,0.09556454812346254,0.035741140998174985,1.0,-1.000088900581841e-12,2.90878
subject_11_task_1,11,1,,1,173,860.0,890.0,0.7444486557839844,30.0,0.49444444444444446,eye,中,5.666666666666667,5,89.4,2.1908902300206643,88.0,93.0,-12.702312138728168,7.592401137382996,3.0067960213268297,1.8870231139876579,8.622355876925981,5.817475044902044,1.5934070966268492,4.569290017176957,9.53179081559369,4.831869595450317,2.824148073166787,4.655948189228247,1.897960869114476,1.710912271689856,1.648620422373044,15.413116546373377,6.6254823873426165,4.310911699664654,6.89442175852662,2.1257063938670697,1.5369097882144078,1.5992955177121668,14.39824024937468,8.96703996908706,9.462270020505787,26.086173382113895,23.505422352362928,0.9476626591351219,2.7568620770261543,2995,2.9744952510176392,0.12997589102423845,0.9549248747913188,0.8974958263772955,0.06544240400667779,0.027378964941569283,9,1,1122.0000000000007,3.0000000000000018,0.10000000000000006,0.037400000000000024,1.0,-1.000088900581841e-12,2.90878
subject_11_task_1,11,1,,1,174,865.0,895.0,0.7486309516029955,30.0,0.49722222222222223,eye,中,5.666666666666667,6,88.66666666666667,0.816496580927726,88.0,90.0,0.6391478029293066,7.189975254066029,2.730407141555751,1.9556928959214277,10.1465986593928,6.733456388531217,1.3961328730344014,5.188237212781925,10.11889346012247,4.619931735178454,2.986659872797839,4.828888961709416,2.0249982225821275,1.5468556621583434,1.6168191784040733,14.792132308305733,6.237923651871448,4.366394557786976,7.227423080561088,2.2627140587016097,1.428621158559024,1.655238202803223,15.159774559698084,8.868923403842174,9.748319604295522,28.248731232781882,24.501581537876465,0.9097899703590094,2.89780519919908,2995,2.981709765226267,0.11232804637896318,0.9552587646076794,0.8964941569282137,0.0667779632721202,0.027045075125208682,18,1,940.0299928588454,2.513449178766966,0.0837816392922322,0.03133433309529485,1.0,-1.000088900581841e-12,2.90878
subject_11_task_1,11,1,,1,175,870.0,900.0,0.7528132474220067,30.0,0.5,eye,中,5.666666666666667,7,89.0,1.1547005383792515,88.0,91.0,3.64617550445815,6.707730825273629,3.0756746272058186,2.167387591205411,11.736818409000856,7.713346998215059,1.4190699622374676,5.415191291407793,9.154254202279779,4.8062233765057085,3.1779377256421224,5.236959662436317,2.060548606536562,1.5123717931050964,1.6479113546437276,14.803461203420126,6.529286484769386,4.8172889902414395,7.647156697972758,2.2616538082568587,1.3553860891459912,1.587439888589596,13.424463356413625,8.661609259087854,9.508808845253725,27.653893727768956,24.46596704355351,0.9109037104485757,2.908239525876289,2995,2.981594173441734,0.11546002727759862,0.9475792988313857,0.8971619365609349,0.07011686143572621,0.024040066777963272,21,4,1288.0928989064687,3.5001378369015685,0.11667126123005228,0.042936429963548954,0.5569970440539774,1.1480152085281503,2.8634202703577856
subject_11_task_1,11,1,,1,176,875.0,905.0,0.7569955432410179,30.0,0.5027777777777778,eye,中,5.666666666666667,5,89.0,1.224744871391589,88.0,91.0,9.55598455598434,6.36959190015595,2.979155610535445,2.1151242414619436,12.401067630537357,8.330213931926167,1.4085014734057868,5.863044537736429,9.106332101341193,4.781694286655269,3.17532615907721,5.173840482295485,2.0642897285633826,1.505890748572704,1.6293886747681592,13.565275443406218,6.694255564531537,4.919425826888116,7.734990004775717,2.325720375165628,1.360779855230814,1.5723359345106023,13.774917618035834,9.597668993766272,9.376259599786458,26.46724152578015,23.379443371535725,1.0236138293339123,2.8227931665184416,2995,2.9817160326086958,0.11768944517540716,0.9499165275459098,0.9018363939899833,0.0667779632721202,0.025041736227045076,21,4,1937.8978814568006,5.3232563675315525,0.17744187891771843,0.06459659604856002,0.346251475075447,1.343676971691562,2.8325371229042626
subject_11_task_1,11,1,,1,177,880.0,910.0,0.761177839060029,30.0,0.5055555555555555,eye,中,5.666666666666667,6,87.66666666666667,3.444802848737017,81.0,91.0,-10.83786724700772,6.429228047563968,3.2638055815684135,2.310474615429045,12.929603032018715,8.848116505138057,1.4126126120465248,5.596080972141624,9.142072471138531,4.803057639772226,3.359003683487876,5.422239186565673,2.094495456184227,1.429905439932383,1.6142403216823518,14.937268893707849,6.760114310191939,5.3044961309645675,7.880091007785126,2.2882317427540593,1.2744121483528508,1.4855493930489894,13.637747480418701,9.666454996264102,9.245423515571153,26.258658467187235,23.21275297211896,1.0455394477044613,2.8401790813543992,2995,2.9843957201086955,0.1033206035795767,0.9522537562604341,0.9135225375626044,0.06010016694490818,0.024707846410684475,30,6,1913.9540467208722,5.2177792412033135,0.17392597470677712,0.06379846822402907,0.3505831298037735,1.5037402379243137,2.8389069533475744
subject_11_task_1,11,1,,1,178,885.0,915.0,0.7653601348790402,30.0,0.5083333333333333,eye,中,5.666666666666667,5,86.0,5.0990195135927845,80.0,91.0,-29.702970297029783,6.515439555970206,3.418699372873699,2.39359090900603,14.058268313052055,9.795047989324893,1.428272208091465,5.873296167760737,9.611114879960626,5.074791235178527,3.5658263627698665,5.358991376575731,2.0736265997549177,1.4231739627491353,1.5028750228917394,14.729122027929305,7.802189828032008,5.400385032062764,7.922519010653591,2.3049269218387014,1.444746954468881,1.4670285477084692,13.53770597620526,10.906771212968943,10.407443865333146,25.708548508406768,22.680576876309203,1.0479779044784512,2.4702077514000433,2995,2.9673713995255846,0.10515309411555403,0.9606010016694491,0.9212020033388981,0.05642737896494157,0.021035058430717863,30,6,2035.6206096768606,5.471243111650546,0.18237477038835154,0.06785402032256202,0.32962920340373114,1.6309718355318101,2.855017174234176
subject_11_task_1,11,1,,1,179,890.0,920.0,0.7695424306980513,30.0,0.5111111111111111,eye,中,5.666666666666667,6,85.0,5.176871642217914,80.0,91.0,-27.148288973384116,6.263757285131903,3.335661189234722,2.392244705089145,13.095083263697934,9.260136390582765,1.3943645406084915,5.473973141560347,9.333383793199781,4.815006038895456,3.419681395271803,5.289570071720743,2.1194800698185357,1.4080276734414172,1.5468020146655554,13.525095901674089,7.183197278110482,5.197731493619106,7.561134682341948,2.1548460174749042,1.3819869854625608,1.4546989762022584,15.645991614693878,10.566412804734714,10.551199465881053,25.36632102520257,22.327352166918043,1.0014418587102685,2.4041172861178977,2994,2.9633010462369214,0.11286484460984182,0.8954575818303273,0.9121576486305946,0.06813627254509018,0.018704074816299265,21,6,2330.087458279121,6.186739831419364,0.20622466104731213,0.07766958194263737,0.2879720233744213,1.7003998549117882,2.8722373236180108
subject_11_task_1,11,1,,1,180,895.0,925.0,0.7737247265170625,30.0,0.5138888888888888,eye,中,5.666666666666667,5,82.4,4.8270073544588685,80.0,91.0,-27.066492829204712,6.8313202253679135,3.7377941165374597,2.2656295845939196,14.023004371030567,9.890748473737073,1.6497816509610082,6.189451473614996,9.823606274386043,5.25948212960266,3.4084570308959505,5.271008702213414,2.147258218488442,1.5430683391130056,1.5464500958745755,14.136808604394211,8.03051195272921,4.8528161297709875,7.403908676554453,2.2369908794498814,1.654814799898092,1.5256932219486041,16.1980320717404,11.673461607616735,10.97290199622772,24.288116499844918,22.043382530614895,1.0638445154827643,2.2134633580245886,2994,2.9639617855935074,0.11312881499749526,0.8944555778223113,0.9141616566466266,0.06412825651302605,0.020708082832331328,12,6,2674.3200769361333,7.035300107484307,0.23451000358281024,0.08914400256453778,0.2509048957104417,1.7248505342297762,2.8860248525437555
subject_11_task_1,11,1,,1,181,900.0,930.0,0.7779070223360736,30.0,0.5166666666666667,eye,中,5.666666666666667,5,80.0,0.7071067811865476,79.0,81.0,-4.784688995215455,6.488268566647094,3.572362946494198,2.439963352960322,13.591594234878764,10.16436235091387,1.4641051645960073,5.570409169624847,9.56986773514368,4.982387231445496,3.5609464517238933,5.314037851376265,2.3248784314951854,1.3991749943427167,1.4923105200876248,13.848983210374296,7.469328589907898,4.757937855944598,7.258159696557508,2.2149016934329206,1.569866781798268,1.5254843413915373,16.68589185714681,12.03679511784865,11.977197040653182,25.046274140808208,22.856896159930216,1.0049759619878655,2.091163237591881,2994,2.9647862698681093,0.12006206801808095,0.8790915163660654,0.905811623246493,0.06780227120908483,0.025050100200400802,12,6,2447.9237338444987,6.302075319796938,0.21006917732656458,0.08159745779481663,0.32578057385104137,1.6834981783525917,2.9177125014027236
subject_11_task_1,11,1,,1,182,905.0,935.0,0.7820893181550848,30.0,0.5194444444444445,eye,中,5.666666666666667,7,79.71428571428571,0.7559289460184545,79.0,81.0,-4.123805188894024,7.416332475278446,3.5887963637006646,2.5768518649206613,14.39849759435821,10.592805151519578,1.3927057323534429,5.587631089845952,9.876912199418767,5.395912266555807,3.6793445165364482,5.591670027274527,2.3727700453512073,1.466541728371566,1.5197462488612639,14.880146535347123,7.894233193523018,4.828422186172938,7.8238713441025025,2.2871145712362084,1.634950898893967,1.620378467837294,15.174251690973398,12.08836362115125,12.046418890644565,25.74211541917929,22.947115533212994,1.0034819252831446,2.136910201518147,2994,2.9764465430016864,0.11029242014291078,0.885437541750167,0.9108216432865731,0.06813627254509018,0.020374081496325986,9,3,1919.785314250155,4.732420659614187,0.15774735532047288,0.0639928438083385,0.5061626951520132,1.0270547288195906,2.979351709120789
subject_11_task_1,11,1,,1,183,910.0,940.0,0.786271613974096,30.0,0.5222222222222223,eye,中,5.666666666666667,7,79.57142857142857,0.5345224838248488,79.0,80.0,-1.66239096972811,6.737128258699721,3.347387418629795,2.375048146258086,14.167930557398499,10.269765539362156,1.4093977100648,5.965323515533875,9.4922456098395,5.309848135826939,3.249542718782098,5.387880256067564,2.388916646679951,1.6340293374622956,1.6580425993251433,13.239846097801973,7.4876653880639985,4.200835745620214,7.18736887383075,2.102057794331027,1.7824227942905477,1.710937848813606,15.661750879489501,11.263669599584908,11.259118838482735,25.293272841809557,22.162866363140083,1.0004041844808156,2.24647001285387,2994,2.959089455782313,0.10978772470449888,0.8784235136940548,0.9044756179024717,0.06579826319305278,0.026720106880427523,9,3,2065.395711942072,5.091361656389659,0.16971205521298863,0.0688465237314024,0.5061626951520132,1.0270547288195906,2.9793517091207886
subject_11_task_1,11,1,,1,184,915.0,945.0,0.790453909793107,30.0,0.525,eye,中,5.666666666666667,6,79.5,0.5477225575051661,79.0,80.0,-1.5322984476715094,7.031321617277641,3.1756940701679603,2.4036375807767607,14.260352744948863,10.124005214542498,1.3212033692457503,5.9328215114445335,9.35966143122735,5.319383778798431,3.310524252607866,5.669804101901295,2.3300251922251523,1.6068100919689943,1.7126604940093417,13.331726957204717,7.13412222528966,4.281816347113076,7.422583152186683,2.128258010290372,1.6661439087876087,1.7335127316217573,14.209527739618414,11.162134272651189,11.166816519261031,26.57312764614419,22.145211612421107,0.9995806999603005,2.3796511387385704,2995,2.975140821174076,0.11106701609185385,0.879465776293823,0.9075125208681135,0.06477462437395659,0.024707846410684475,9,3,1891.1451603778955,4.661820444645594,0.1553940148215198,0.06303817201259652,0.5061626951520132,1.0270547288195906,2.9793517091207895
subject_11_task_1,11,1,,1,185,920.0,950.0,0.7946362056121182,30.0,0.5277777777777778,eye,中,5.666666666666667,6,79.0,1.0954451150103321,77.0,80.0,-5.377855887521971,6.783878705032179,3.1423851556036784,2.313003595285464,14.66101773333846,9.90504353709932,1.3585733986789823,6.338519215111311,8.904442622176386,5.35009965403633,3.1362479241111694,5.783519994716555,2.398941056915042,1.7058918119659112,1.8440889032571104,13.490044177296012,6.957264460652367,4.286786789844517,7.375929505848212,2.044280101491938,1.6229555612922633,1.7206196313103175,13.972460754556986,11.546746882587643,9.992647672483933,25.868918290392035,22.070343087434342,1.1555242675455402,2.588795196054545,2995,2.980240583644384,0.10486386031906805,0.9495826377295492,0.9181969949916527,0.05509181969949917,0.02270450751252087,9,3,1546.9125417208838,3.8132601685806504,0.12710867228602168,0.051563751390696126,0.5061626951520132,1.0270547288195906,2.9793517091207895
subject_11_task_1,11,1,,1,186,925.0,955.0,0.7988185014311293,30.0,0.5305555555555556,eye,中,5.666666666666667,7,78.57142857142857,0.9759000729485332,77.0,80.0,-3.7365591397850295,7.45261305032237,3.26344646884711,2.213168769008623,14.871522064315014,10.190360380066753,1.4745583412099896,6.719560782062107,9.089683194266264,5.3301002435780385,3.0427019169874634,5.751657522024543,2.3970406782455633,1.7517654995449887,1.890312517934448,14.701602844113346,7.04369895207717,4.190342357311263,7.470416815523761,2.07497250624737,1.6809363893113418,1.782770040851068,13.849590725844656,11.511495616978321,9.260358080508647,26.006025301115724,22.286977785052326,1.2430940053179915,2.8083174619190623,2995,2.9659017400204712,0.11521341186433899,0.9422370617696161,0.9045075125208681,0.060767946577629385,0.028046744574290485,14,5,1768.4977948237608,3.717617885542838,0.12392059618476127,0.05894992649412536,0.34421966091503675,1.5377301797109069,2.955327383920235
subject_11_task_1,11,1,,1,187,930.0,960.0,0.8030007972501405,30.0,0.5333333333333333,eye,中,5.666666666666667,6,78.5,1.0488088481701516,77.0,80.0,-4.633385335413464,7.0599088277238895,2.9829298857614153,2.2649141262557904,13.117350156983202,8.856621031508912,1.3170167695022514,5.791544149476412,9.03321160257468,5.316636913186872,2.9987971200096197,5.464999107504524,2.183307931190233,1.772923175666454,1.8223970774945233,13.773081318484223,6.828342067340365,4.524693053791895,7.082407975000936,1.9939545411633515,1.5091282405594144,1.5652792113855243,15.279114807049632,10.799978550260164,9.430269268040883,23.971627473551507,21.36984202237667,1.145246041580299,2.5419875925273083,2995,2.9571214408233284,0.10637533910343834,0.9626043405676127,0.9068447412353923,0.057762938230383976,0.02904841402337229,14,5,1993.842256657881,3.626977876265829,0.1208992625421943,0.0664614085552627,0.3531125026179173,1.503792590883873,2.936591952676326
subject_11_task_1,11,1,,1,188,935.0,965.0,0.8071830930691517,30.0,0.5361111111111111,eye,中,5.666666666666667,6,78.66666666666667,1.2110601416389968,77.0,80.0,0.6760563380281326,7.613033578340039,3.0878617841973597,2.2208112806894986,13.720575061141254,9.341826305957387,1.3904206138752442,6.178181451276403,9.796631348878256,5.22369993811038,3.1875486667922464,5.252459681944201,2.199723345304147,1.638782802763351,1.6478053297394686,14.876883233552698,7.049936091366885,4.855558146256904,6.8617334418855584,2.001130082282647,1.451931143446733,1.4131708930671942,16.379828682756937,10.727025485740947,9.563624447987607,23.77568664722199,21.214970693459076,1.1216485490496384,2.486053982622133,2995,2.9619972375690606,0.12264185185556857,0.9519198664440734,0.8948247078464107,0.061101836393989986,0.03739565943238731,14,5,2017.2146857498433,3.2675793403858147,0.10891931134619383,0.06724048952499477,0.46202320783400014,1.3242300102582794,2.923403534835813
subject_11_task_1,11,1,,1,189,940.0,970.0,0.8113653888881628,30.0,0.5388888888888889,eye,中,5.666666666666667,5,78.4,1.140175425099138,77.0,80.0,8.02973977695161,7.4958568326078465,3.137644758530569,2.2120690104584178,11.730629750165415,7.857204304215568,1.4184208285076692,5.303012561861449,9.17338586823152,5.198069562086509,3.376075107776037,5.461568385590657,2.2586996512798634,1.5396782939200355,1.6177271569021525,14.415683526075432,6.865904216797654,4.818849116239356,7.107271423034006,2.043843154006338,1.4248016593131734,1.4748898028541182,17.900741492459737,11.391868926789021,11.562979885550218,26.018118029665306,23.928736959983137,0.9852018285550226,2.250122225169576,2995,2.975461143444026,0.12188308714268692,0.9522537562604341,0.8891485809682804,0.07078464106844741,0.03138564273789649,14,5,1672.9820670928314,2.4190190643208713,0.0806339688106957,0.05576606890309438,0.5570890557240396,1.0294981394913862,2.911891644229201
subject_11_task_1,11,1,,1,190,945.0,975.0,0.815547684707174,30.0,0.5416666666666666,eye,中,5.666666666666667,7,78.85714285714286,1.2149857925879117,77.0,80.0,6.486486486486489,7.928389878560107,3.209271522713996,2.225687019781608,11.762918328260513,8.027829610152082,1.4419239965864115,5.285072979135553,9.311496467777367,5.231186182397381,3.467121987563687,5.146290730861742,2.1965146706894116,1.5087978447719068,1.484311988248787,14.8203143210376,6.753607318950923,4.9594032188337325,6.935826589459527,2.0266041292733057,1.3617782263203677,1.3985204032453276,26.802467220887223,11.803825910895009,11.282263333372116,24.983278519217276,23.876422012953114,1.0462285413938308,2.2143853392712924,2994,2.9797429359062715,0.12671480547665254,0.947561790247161,0.8837675350701403,0.07080828323313293,0.0364061456245825,10,5,2000.8236240530937,2.7500167594020253,0.09166722531340084,0.06669412080176979,0.4658081745916379,1.3179180671082804,2.896535091922995
subject_11_task_1,11,1,,1,191,950.0,980.0,0.8197299805261851,30.0,0.5444444444444444,eye,中,5.666666666666667,7,79.42857142857143,1.1338934190276817,78.0,81.0,5.9813084112149,7.571118653184787,3.4045909989970227,2.4273447576630733,10.963358072992055,7.294583567808805,1.402598863737343,4.516605248752151,9.594915045642509,5.558235091764748,3.7778593269980547,5.153549885670777,2.243989701307012,1.4712657647264509,1.3641455225295185,13.937867332774099,7.370222067429174,4.996112407052628,7.233279919338035,2.053690951324428,1.4751914022240968,1.447781661022552,28.494478909245828,12.75034918633291,13.47354921336953,27.871258958181357,24.615692242351827,0.9463244602009541,2.0685907266754384,2994,2.9586371467953136,0.13523335751338042,0.9445557782231129,0.8841015364061456,0.06880427521710086,0.038410153640614564,10,5,2890.7478715559428,4.090768921364886,0.13635896404549622,0.0963582623851981,0.3224079170551629,1.5355708551759761,2.8893530937961827
subject_11_task_1,11,1,,1,192,955.0,985.0,0.8239122763451963,30.0,0.5472222222222223,eye,中,5.666666666666667,5,80.0,0.7071067811865476,79.0,81.0,4.200000000000072,7.430041084499369,3.2602506624724295,2.2912024533035202,10.393180302144014,7.603275694125851,1.4229430741799827,4.536124813919797,8.923650804347348,5.307350895992124,3.619564002310772,5.116447683607054,2.1920829564821664,1.4662956346686642,1.4135535883163424,14.441903125051935,6.900658778802866,5.166559420700709,7.3039649777802484,2.010321144424519,1.3356391007822708,1.4136999854324053,28.89732838842868,12.629482322500026,12.227725915678745,26.870045595270515,24.017346296863632,1.0328561835284629,2.1974687509814856,2994,2.9574336647240314,0.14248658206281667,0.9482297929191716,0.8891115564462257,0.06913827655310621,0.035404141616566465,10,5,3214.854247298903,4.678603090300617,0.15595343634335387,0.10716180824329677,0.299404448796444,1.5319870504271205,2.8822592199808486
subject_11_task_1,11,1,,1,193,960.0,990.0,0.8280945721642073,30.0,0.55,eye,中,5.666666666666667,7,80.28571428571429,0.7559289460184545,79.0,81.0,3.584013751611488,7.74716228199075,3.6814673972337215,2.315735853813295,10.023832358227589,7.167920982176146,1.5897613672869868,4.328573287718227,9.345478788139545,5.533151957617296,3.642417126671548,5.363194133368295,2.274016353798968,1.5190879476984853,1.4724272225979782,14.544345475829214,6.931227885940057,4.768269048613206,7.59492391347635,2.0255094729780696,1.4536150991639034,1.5928052372978498,36.02203160551232,14.180968481500203,13.806210471322807,29.895898702851202,26.218093335063433,1.0271441617492225,2.1653949695282897,2994,2.980479052197802,0.15595006503140432,0.9255177020708083,0.872745490981964,0.0758183032732131,0.04208416833667335,10,5,3022.6050477489794,4.489161740184937,0.1496387246728312,0.10075350159163264,0.37120297964022386,1.3620408277882383,2.876982798081186
subject_11_task_1,11,1,,1,194,965.0,995.0,0.8322768679832185,30.0,0.5527777777777778,eye,中,5.666666666666667,6,81.0,1.0954451150103321,80.0,83.0,6.25724217844741,7.506999877167066,3.462625683966922,2.2129923696065488,9.631375559776693,6.823597033677117,1.564680353860663,4.352195557497141,9.116112430398276,5.191803129160731,3.5731138982706763,5.142053308864204,2.1781984493427875,1.453019208728127,1.4390958293696898,14.776996947062479,6.68573488439519,4.6341545382229725,7.152644383462871,1.9328437268184493,1.442708660069615,1.5434626369205302,27.478892647361715,13.311218917184156,13.331335938332435,28.76913765166836,24.956441932672515,0.9984909973583042,2.1580086035448733,2995,2.9898195205479454,0.1553398112758756,0.9282136894824707,0.8764607679465777,0.07245409015025042,0.039065108514190316,7,4,3095.999999999986,4.9999999999999645,0.1666666666666655,0.10319999999999953,0.36240310077519616,1.2989177472210796,2.8737590310077517
subject_11_task_1,11,1,,1,195,970.0,1000.0,0.8364591638022297,30.0,0.5555555555555556,eye,中,5.666666666666667,6,81.0,1.0954451150103321,80.0,83.0,6.25724217844741,7.345555750770544,3.697765608208038,2.3429820522987193,10.97446289668321,7.812467070303114,1.578230445504322,4.683972242090405,9.557485733354678,5.274089678666151,3.626713540209544,5.252774173659708,2.1875603867310667,1.4542338732276674,1.4483565121485205,15.065878836951878,6.995905227126765,4.98237637598327,7.460588587607892,1.9931042977192792,1.404130218031978,1.4973956250215135,28.618835569054216,13.675516539475046,12.591402704126267,28.250569911873736,23.931581210570716,1.0860995284499566,2.243639614720279,2995,2.979267123287671,0.15559771000885103,0.9362270450751252,0.8931552587646077,0.06210350584307179,0.03672787979966611,7,4,3095.999999999986,4.9999999999999645,0.1666666666666655,0.10319999999999953,0.36240310077519616,1.2989177472210796,2.8737590310077517
subject_11_task_1,11,1,,1,196,975.0,1005.0,0.8406414596212408,30.0,0.5583333333333333,eye,中,5.666666666666667,5,82.0,1.4142135623730951,81.0,84.0,9.104046242774414,6.842303631681934,3.4640691770616403,2.10564541479926,10.947361661590826,7.675139759212712,1.6451341487578452,5.199052786688914,9.854275838507137,5.109729030117367,3.252443423847113,5.384419618541397,2.1168351566809576,1.5710431710056885,1.655499855604714,14.101702315818413,6.550919927623873,4.389471724918634,6.993985914069918,1.955896849790439,1.4924164770067645,1.593354816336028,18.120749499471515,12.502741758541537,12.16156926270917,27.0435537764843,23.207619705456764,1.0280533283544666,2.2236894920631274,2995,2.9729018739352635,0.15376313433038738,0.9352253756260434,0.8938230383973289,0.0667779632721202,0.03171953255425709,9,4,3019.1763759468727,5.2499832405978974,0.17499944135326326,0.10063921253156242,0.3019433731167265,1.3392239467454075,2.8742491989922345
subject_11_task_1,11,1,,1,197,980.0,1010.0,0.844823755440252,30.0,0.5611111111111111,eye,中,5.666666666666667,5,82.8,1.7888543819998317,81.0,85.0,13.307210031347951,6.873247272238456,3.3540097469453167,2.0497979426899295,11.70680460869269,9.129389383597172,1.63626359315391,5.711199316226245,9.492582618907482,4.723507012424482,3.107180807882546,5.213211013621552,2.1573577096139624,1.520190585768781,1.6777945462318318,14.337144563789664,6.269505245158452,4.534777070649151,6.946666591737731,2.028169531205023,1.3825387990375846,1.5318650693325748,20.480469480140155,11.422866854708516,11.503654044268984,26.231023844905774,24.56775214288588,0.9929772584215782,2.280234066841903,2995,2.997016013628621,0.14349161167153726,0.9375626043405676,0.8918196994991653,0.07111853088480802,0.03005008347245409,9,4,2129.2521284440236,3.9092310786350364,0.1303077026211679,0.07097507094813411,0.4048369793716645,1.2922876230689526,2.874685309535397
subject_11_task_1,11,1,,1,198,985.0,1015.0,0.8490060512592631,30.0,0.5638888888888889,eye,中,5.666666666666667,7,83.14285714285714,1.5735915849388864,81.0,85.0,7.518641259320598,6.627221838175505,3.468274653626886,2.083021940177799,11.983318322642592,8.716075659203662,1.6650207022451462,5.752852666362093,9.363105842296823,4.785039793630312,2.9586297373614734,5.407208537631573,2.098054231523965,1.6173161964827825,1.8276056883189984,13.290736527308177,6.340487291926084,4.3462034894441866,6.794557751805998,1.9329912766862347,1.4588565186433404,1.5633317142900087,23.991196925061132,11.17985066420749,10.662530258324418,25.5766433110792,23.537332478883076,1.0485176026093048,2.398740513876721,2995,3.00342548076923,0.1331514995179709,0.9185308848080134,0.8891485809682804,0.0681135225375626,0.035726210350584306,13,7,1533.1016395493684,2.9081672095319098,0.09693890698439699,0.051103387984978946,0.5622588729690078,1.4293612730940328,2.896294009882565
subject_11_task_1,11,1,,1,199,990.0,1020.0,0.8531883470782743,30.0,0.5666666666666667,eye,中,5.666666666666667,6,84.16666666666667,0.7527726527090811,83.0,85.0,3.301435406698559,6.473099718070897,3.316756827265821,2.1526722041839736,13.55454170034584,10.183518104840687,1.5407626023225045,6.2966120313166964,9.09015003597397,4.69369197976754,3.260530079311282,5.284933549221609,2.14045603271594,1.4395487437916792,1.6208817034860599,13.432638995724433,6.379058736426636,4.613497037903326,6.8624189202831145,2.012923163605901,1.3826948806985027,1.4874657692208781,21.67146645597862,10.172626311301567,10.312080102199356,24.510640712985634,23.76279653172441,0.986476657520528,2.3768861830076373,2995,2.9941364569083446,0.11976672010129791,0.9435726210350585,0.9085141903171954,0.060767946577629385,0.02671118530884808,8,4,2096.150706777786,3.4270387821673753,0.11423462607224584,0.06987169022592621,0.41122997369069747,1.2570007812896424,2.939335452900966
subject_11_task_1,11,1,,1,200,995.0,1025.0,0.8573706428972854,30.0,0.5694444444444444,eye,中,5.666666666666667,6,84.33333333333333,0.5163977794943223,84.0,85.0,-1.2048674995189859e-13,6.165284605622819,3.6197587286152757,2.139902242949743,15.20819473022275,11.234306966596105,1.6915533130268736,7.106957703478571,9.179230879711678,4.946128055773068,3.1194759698099923,5.465446083039995,2.1944525886877115,1.5855637625169259,1.7520398092288867,12.66643456746662,6.596415676687318,4.40706183916506,6.7626525613049395,2.0460459516260627,1.4967830989040631,1.5345036689083895,26.523221258657177,11.377253500147562,9.561232349235253,24.222606198101868,22.942923334010715,1.1899358874023769,2.533418843235129,2994,2.9833907692307697,0.11213624327427164,0.9445557782231129,0.9078156312625251,0.06279225116900468,0.026720106880427523,6,4,2595.527654947432,3.5143892714751392,0.11714630904917131,0.08651758849824773,0.44642729468237713,1.268191786442761,2.96572105943801
subject_11_task_1,11,1,,1,201,1000.0,1030.0,0.8615529387162966,30.0,0.5722222222222222,eye,中,5.666666666666667,6,84.33333333333333,0.5163977794943223,84.0,85.0,-1.2048674995189859e-13,6.975903636978732,3.479164152845172,2.2025726785512285,14.136488577390338,11.041195366098874,1.5795910785262435,6.418171220887386,8.776968752234996,4.763633924765358,3.1065427007465893,5.477460514719804,2.268363974864825,1.533419747818217,1.7632014243369059,13.043978035528161,6.2387327284802065,4.364464847993464,7.113111206563902,2.1661458402961036,1.4294381890481775,1.6297785534540647,23.561647579960965,11.294381872317027,10.46270793242376,26.245338407456003,25.25137328502129,1.0794893583252883,2.5084651676189997,2994,2.993635897435897,0.10539963235354796,0.9432197728790915,0.9034736138944556,0.06579826319305278,0.02738810955243821,6,4,3535.9046031170587,4.60173976078286,0.15339132535942868,0.11786348677056863,0.46941360869792537,1.232417915027416,2.970308827604868
subject_11_task_1,11,1,,1,202,1005.0,1035.0,0.8657352345353078,30.0,0.575,eye,中,5.666666666666667,7,85.42857142857143,1.8126539343499315,84.0,88.0,7.875507442489779,6.3980488067730805,3.473584755109671,2.341104015797323,15.621631018281782,12.077670161450921,1.4837378995852315,6.672762471410923,8.875965642688232,5.154006018540377,3.2596608944486043,5.553623008947208,2.3079376841157724,1.581147912446339,1.703742563652973,12.838163082918621,6.566901357628676,4.609910894026735,6.926577273743548,2.132540351659799,1.424518067396422,1.502540381576273,18.482949393121107,10.870189702566515,9.131772833948451,26.00077439330263,22.79243656158464,1.1903701395369026,2.8472865966005703,2994,2.9867261496225117,0.10066311117991417,0.9355377421509686,0.9018036072144289,0.061790247160988646,0.033066132264529056,4,3,4055.2815512867005,4.689090250090615,0.15630300833635383,0.13517605170955668,0.5328579687801118,0.9845910403881413,2.982971493544036
subject_11_task_1,11,1,,1,203,1010.0,1040.0,0.8699175303543188,30.0,0.5777777777777777,eye,中,5.666666666666667,6,85.5,1.9748417658131499,84.0,88.0,11.534569983136468,7.290079717247156,3.538754023983338,2.3063000824432818,14.573745586876587,10.766863778080054,1.5343857683230888,6.319102053466191,9.48400889955113,5.130306602159846,3.306006028062495,5.6294644776140785,2.3226193516972926,1.5518140495244326,1.7027992174936415,14.278462999846123,6.895472727617481,4.466758351494061,7.585223518175395,2.2213614056695645,1.54373086363874,1.698149512753081,19.157790260183013,11.658544720719554,11.113624500075053,28.71309249714932,24.41360262374664,1.049031728635498,2.583593902867189,2994,2.9769154057771665,0.10051904715360051,0.9331997327989312,0.8991315965263861,0.06279225116900468,0.03473613894455578,4,3,4995.658499456327,5.7764407393983355,0.1925480246466112,0.16652194998187758,0.5328579687801117,0.9845910403881413,2.982971493544035
subject_11_task_1,11,1,,1,204,1015.0,1045.0,0.87409982617333,30.0,0.5805555555555556,eye,中,5.666666666666667,6,85.83333333333333,1.7224014243685084,84.0,88.0,0.762804213585232,7.451273872080575,3.2854434083254502,2.3379704166659376,14.976389099958213,11.628144757844971,1.405254482651092,6.4057222423349955,9.786554853541073,5.195177919039194,3.485150810147879,5.6262050043999965,2.5030944298597686,1.490660864348294,1.614336168184719,14.850583597033161,6.89552917914024,4.764389831536842,7.952476276198882,2.3561677814451194,1.4473058299085406,1.6691489482156134,19.245872534097398,11.248405196143034,10.936317050151894,27.924203846616923,24.598536686024005,1.0285368597636628,2.553346224196114,2994,3.005726301275422,0.10742178659653069,0.9338677354709419,0.8864395457581831,0.06813627254509018,0.04041416165664663,4,3,4895.226241391812,5.660311707140272,0.18867705690467573,0.16317420804639374,0.5328579687801118,0.9845910403881413,2.9829714935440355
subject_11_task_1,11,1,,1,205,1020.0,1050.0,0.8782821219923411,30.0,0.5833333333333334,eye,中,5.666666666666667,6,85.5,2.073644135332772,83.0,88.0,-5.947588302316693,7.64181181407121,3.2611749253580236,2.250432265863589,13.745331163846245,10.540325137751449,1.4491326732318106,6.107862641478597,9.25896771422702,5.193596040581707,3.203307038286313,5.776242744914693,2.4910303805549865,1.6213232070816876,1.8032123289701367,15.167698386051866,7.250008316838866,4.866292207082388,8.706544808325967,2.5242792228550366,1.4898423703959296,1.7891537207022805,19.063761420850778,11.645574359861493,11.294155667186942,29.499242140874355,25.341091464728127,1.0311150920024532,2.611903271935492,2995,3.007049259386841,0.10787977322314894,0.9128547579298831,0.8818030050083473,0.07212020033388981,0.04106844741235392,4,3,3954.8492932221857,4.572961217832552,0.15243204059441842,0.13182830977407287,0.5328579687801117,0.9845910403881413,2.9829714935440355
subject_11_task_1,11,1,,1,206,1025.0,1055.0,0.8824644178113523,30.0,0.5861111111111111,eye,中,5.666666666666667,5,85.8,2.16794833886788,83.0,88.0,-16.56716417910464,6.860708055424252,3.1711825070342154,2.4605596102625977,13.882690077050173,10.525280400451868,1.2888053976858451,5.642086466488236,9.113409209529685,5.202252779309433,3.363336745670027,5.591726656387487,2.505225422785512,1.5467534691573281,1.6625533151226377,14.158323642602808,7.079200294688879,5.352199042236169,8.1863761708967,2.3677521126910714,1.3226713429049086,1.5295350763854256,16.352780484912028,11.100111150102165,11.347829224788383,29.248404447611076,24.94709551026537,0.9781704438990765,2.577444889963658,2995,3.0255313691507797,0.11999125663231075,0.9055091819699499,0.8751252086811352,0.07412353923205342,0.045075125208681135,5,4,3088.805645045892,3.5980665530230667,0.11993555176743556,0.10296018816819641,0.5200345361013031,1.0743611702230342,2.9828850628657375
subject_11_task_1,11,1,,1,207,1030.0,1060.0,0.8866467136303635,30.0,0.5888888888888889,eye,中,5.666666666666667,7,84.57142857142857,2.7602622373694166,81.0,88.0,-15.07205764611686,6.804145974068629,3.3636717517729373,2.452482575292168,15.43294691496854,11.054230734655084,1.3715374721356453,6.292785551444739,9.200532316543176,5.129187066446872,3.767966461993305,6.032838230774345,2.6231097702704913,1.3612613376960534,1.6010859681545289,13.567319090694518,7.383463244810972,5.250631577791672,8.633957987398073,2.472441239655462,1.4062047842092806,1.644365608114019,17.463713021599116,11.649225854002452,10.831711488360904,28.878521261860964,24.891201999454974,1.0754741636647172,2.666108794800532,2995,3.0125477928397637,0.1343381740993057,0.9045075125208681,0.8757929883138564,0.07178631051752922,0.04707846410684474,5,4,2258.6174012838137,2.677416070383347,0.08924720234611157,0.07528724670946045,0.489325132982247,1.187047335808586,2.982678079711679
subject_11_task_1,11,1,,1,208,1035.0,1065.0,0.8908290094493746,30.0,0.5916666666666667,eye,中,5.666666666666667,6,83.16666666666667,1.602081978759722,81.0,85.0,-8.36574265618536,6.523156616768063,3.0555412168796163,2.4542631954137413,16.063470251742572,11.22349259639111,1.2449932927281302,6.54512942285906,8.731813391650453,5.2703397164737185,4.021424244808027,5.780180430922322,2.481982547598446,1.3105654603038064,1.4373465914184476,12.965280033846422,6.890450192868368,5.2209889844983985,8.064833994958498,2.309505605003419,1.3197595730093963,1.5446946965227737,18.288703363527734,11.604210599881064,9.938335196781878,26.634304715970483,23.14934502086132,1.1676211729745853,2.6799563698148265,2995,3.026368402897551,0.12879060603206577,0.9085141903171954,0.884474123539232,0.07011686143572621,0.038397328881469114,5,4,1428.4291575217353,1.7567655877436268,0.05855885292478756,0.04761430525072451,0.4229197552912029,1.2904894607198272,2.982230503623415
subject_11_task_1,11,1,,1,209,1040.0,1070.0,0.8950113052683858,30.0,0.5944444444444444,eye,中,5.666666666666667,7,83.28571428571429,1.4960264830861911,81.0,85.0,-4.101769911504584,6.85109946933379,3.275149986806088,2.410619820503241,16.216492950046767,11.287690817759104,1.3586339741130842,6.727105125461638,8.738662891932107,5.471458748624358,3.8630844629515537,5.529111553726918,2.472225352128801,1.4163445819261071,1.4312686162451782,12.966397038317737,7.057770114034074,4.995116746797235,8.022457286978089,2.382698109399459,1.412933965669445,1.6060600169399286,18.60551626225967,12.151137539126294,8.296696803060685,24.10211586702452,21.696482574454212,1.4645753397477042,2.905025510650594,2995,3.0355060240963856,0.12620701289897618,0.9098497495826378,0.8901502504173623,0.0651085141903172,0.03772954924874791,5,4,598.2409137596566,0.8361151051039069,0.02787050350346356,0.01994136379198855,0.6768166534638685,0.9474491572731867,2.9805407109026243
subject_11_task_1,11,1,,1,210,1045.0,1075.0,0.8991936010873969,30.0,0.5972222222222222,eye,中,5.666666666666667,5,82.6,1.140175425099138,81.0,84.0,3.5506003430533686,6.659690192742708,3.3883221081575408,2.4087559753757057,17.2544366575434,11.766508293604224,1.4066688958100237,7.163214885165833,9.177550249890517,5.400237627485577,4.031421582189373,5.425589051875566,2.35044410112855,1.339536815336696,1.3458252731109932,12.154996854705747,6.625608228091373,4.82369919158465,6.886909566108823,2.022443855252354,1.3735533591419435,1.427723681054494,19.596987553193024,12.17144678378525,7.69195424940614,22.861243768238122,19.612337185203046,1.5823607875365289,2.972098250584776,2995,3.0130935276177566,0.11455525228417367,0.9348914858096828,0.9158597662771285,0.05843071786310518,0.020701168614357262,1,1,515.0881176235258,0.7792558511702357,0.025975195039007856,0.017169603920784194,1.0,-1.000088900581841e-12,2.97938
subject_11_task_1,11,1,,1,211,1050.0,1080.0,0.9033758969064081,30.0,0.6,eye,中,5.666666666666667,5,82.4,1.140175425099138,81.0,84.0,3.155416012558808,7.2416477487128965,3.442815766086992,2.2921032011199145,17.1559347242539,11.477923195316745,1.502033488023071,7.484800298639068,9.140878103493746,5.3956588729719135,3.9155510062281476,5.24990923155072,2.322247736743035,1.3780075561241518,1.3407842786877548,12.850345723170458,6.435370096099161,4.481086190355246,6.973752277514847,2.104473755522429,1.4361183478126731,1.5562638122258459,19.485105053313987,11.449068273092118,8.374223014547761,22.814654258849984,19.036460729793074,1.3671797673888926,2.7243905756051876,2994,3.0074432048681543,0.11588163756929559,0.9505678022712091,0.9245156980627922,0.05243820975283901,0.018036072144288578,1,1,625.276822031074,0.9459558578382359,0.0315318619279412,0.02084256073436913,1.0,-1.000088900581841e-12,2.97938
subject_11_task_1,11,1,,1,212,1055.0,1085.0,0.9075581927254192,30.0,0.6027777777777777,eye,中,5.666666666666667,7,82.0,1.1547005383792515,81.0,84.0,-1.8245004344047993,7.019745010785833,3.3105490950601655,2.167004263554352,15.252063102222861,10.251428000909593,1.527707698013549,7.038317071516142,9.202773640405882,5.492216240194453,3.9222107905695522,5.205907148063321,2.1209623257795696,1.4002858422091375,1.327288977068813,12.852607711237678,6.4424632983496135,4.303025513108989,6.903819342299863,2.15057180008934,1.4971938415709867,1.604410506344353,18.948851865326734,11.246793602016234,7.807382811088374,23.37008147401998,18.60993457055665,1.4405331305188551,2.9933310610604114,2994,3.0056392724823175,0.11996502278436756,0.9522378089512358,0.9265197060788243,0.05377421509686039,0.017034068136272545,1,1,586.6667000066701,0.8875441755017702,0.029584805850059008,0.019555556666889004,1.0,-1.000088900581841e-12,2.97938
subject_11_task_1,11,1,,1,213,1060.0,1090.0,0.9117404885444303,30.0,0.6055555555555555,eye,中,5.666666666666667,6,82.16666666666667,1.1690451944500122,81.0,84.0,-5.659432387312222,7.697204624106675,3.298733350958875,2.1904516626196773,14.077680062408653,9.587295428805879,1.505960349297891,6.4268389495399365,9.564062531766089,5.119963013968968,3.543364401544205,5.100274552288408,2.1625599700351748,1.4449439667389778,1.4393875352096719,14.116485162444565,6.505081453035255,4.353424457018653,7.378065424411045,2.136704096963182,1.4942447071862406,1.694772815574191,19.083699155669755,10.956721644298566,9.347803214331515,24.98304091170394,18.80535743583808,1.1721172764420575,2.6726109160493854,2994,3.0338216325159557,0.10711188422184734,0.9555778223112893,0.9308617234468938,0.052772211088844355,0.014362057448229793,1,1,476.4779955991219,0.7208441688337699,0.024028138961125663,0.015882599853304064,1.0,-1.000088900581841e-12,2.97938
subject_11_task_1,11,1,,1,214,1065.0,1095.0,0.9159227843634415,30.0,0.6083333333333333,eye,中,5.666666666666667,5,82.0,1.224744871391589,81.0,84.0,-7.253384912959643,6.404031514244905,3.331465642791974,2.2668614895090062,14.36451983181291,10.05362319263409,1.4696379369493622,6.336743510043135,8.613445815919244,5.146611052158811,3.5239440807268516,5.228419147524916,2.1712474888243736,1.460468989932799,1.483683914316398,12.034251603535827,6.5416384411431086,4.751413558947873,7.407151229388308,2.2030060450046194,1.3767773232081386,1.5589363328391281,16.275551245508517,10.626045342568768,9.124504535279412,25.23979384313442,18.879302898353107,1.1645613525078242,2.766155000038205,2994,3.029685646096148,0.12885243334537683,0.9195056780227121,0.9158316633266533,0.053440213760855046,0.029392117568470273,5,2,1402.4985855117,1.3687741105306488,0.04562580368435496,0.04674995285039,0.7388309015242724,0.5742762088647138,2.867971688359155
subject_11_task_1,11,1,,1,215,1070.0,1100.0,0.9201050801824526,30.0,0.6111111111111112,eye,中,5.666666666666667,6,82.33333333333333,1.505545305418162,81.0,85.0,7.281553398058253,7.11126152606354,3.2467982587718214,2.298505429423519,13.813731264066273,9.39129866267276,1.4125693231823868,6.009875411749997,9.27848831422042,4.763764494977971,3.7039174435216045,5.313530455148203,2.1024417388183303,1.2861421906986907,1.434570434187705,13.701044370220643,6.291893108150139,5.004966528919808,7.681455796662446,2.1970437687712794,1.257129907221993,1.5347666667253994,18.033456730951432,9.869442137194964,11.131875927651073,26.963585502110334,20.036015552613115,0.8865928978492941,2.4221960141627177,2995,3.0428413080895016,0.138154789326014,0.8888146911519199,0.9015025041736227,0.05909849749582638,0.03772954924874791,5,2,1528.1005867840138,1.3874441554977601,0.046248138516592006,0.050936686226133794,0.8324059364946611,0.45205070484363086,2.85386150883597
subject_11_task_1,11,1,,1,216,1075.0,1105.0,0.9242873760014638,30.0,0.6138888888888889,eye,中,5.666666666666667,7,82.28571428571429,1.3801311186847083,81.0,85.0,4.31674208144796,6.485664569996532,3.2346892879767264,2.458583822849313,13.516196214514913,9.698524621456334,1.3156717529475832,5.497553546435794,8.661118427012594,4.819266056102347,3.8924681361137226,5.55576291949167,2.18460589177822,1.2381003228748195,1.4273110852073916,12.498335449596834,6.110501600548039,5.350427875770487,8.24162856563582,2.3970930695861155,1.1420584937177753,1.540368126997504,17.28932085322838,9.836414058518912,11.518178883126586,28.38789325265812,22.22809280219499,0.853990388439673,2.464616458965107,2995,3.0536353514265837,0.13967663895457513,0.8634390651085142,0.8731218697829716,0.07178631051752922,0.04707846410684474,5,2,1417.9118823764657,1.22074414882976,0.04069147162765866,0.047263729412548854,0.8970938291793391,0.3314219602536664,2.8441072214980476
subject_11_task_1,11,1,,1,217,1080.0,1110.0,0.9284696718204749,30.0,0.6166666666666667,eye,中,5.666666666666667,6,82.33333333333333,1.505545305418162,81.0,85.0,5.7814336075206665,6.97930174709302,2.9643020259804986,2.4254002128977095,13.77849718018485,9.629584150780083,1.222190882237511,5.680916950082726,9.529600180543001,4.150158642970893,3.978668660412822,5.878207129059828,2.3276392305396967,1.043102353373723,1.4774306761322298,13.99449061360492,5.843808164531026,5.351556795249918,8.781765784486694,2.393693208829905,1.0919828356709274,1.6409740418491785,18.542501483268854,9.719350798849796,12.101684493206022,29.675647544470365,22.740386869796065,0.8031403235067245,2.452191474759609,2995,3.0551654188948305,0.1434054352056319,0.8257095158597663,0.8480801335559266,0.07612687813021703,0.06777963272120201,10,3,1755.1315264262585,1.7110314379875173,0.05703438126625058,0.058504384214208616,0.7247320105918176,0.6610208358267169,2.8730623149160848
subject_11_task_1,11,1,,1,218,1085.0,1115.0,0.9326519676394861,30.0,0.6194444444444445,eye,中,5.666666666666667,6,82.33333333333333,1.505545305418162,81.0,85.0,-5.6033057851239585,7.030381907626317,3.129918663132459,2.399450105172301,13.776277888261246,9.433156350441886,1.3044316513961036,5.741431279844009,9.0838938284072,4.466412340683843,4.051670463981548,5.990716098885951,2.266445255229858,1.10236318091248,1.4785793050402516,13.175910812420264,6.310913464349141,5.501726594762291,8.871341460226231,2.387500793613227,1.1470787135000866,1.6124649793888075,19.46600037265937,9.886522691218703,12.146304804636223,29.464277795068995,23.07011554829847,0.8139531199188279,2.425781195925738,2995,3.0443859275053304,0.12968852028570577,0.8293823038397329,0.847746243739566,0.07813021702838063,0.0637729549248748,9,2,1952.999999999989,1.9999999999999922,0.0666666666666664,0.06509999999999963,0.6513056835637456,0.6466346207217344,2.8852249308755766
subject_11_task_1,11,1,,1,219,1090.0,1120.0,0.9368342634584973,30.0,0.6222222222222222,eye,中,5.666666666666667,6,82.16666666666667,1.6020819787597218,81.0,85.0,-10.549118387909534,7.15795369093254,3.094267094363228,2.3158469680138998,13.300379893174616,9.045659148015178,1.3361276185778854,5.7432032758974545,8.98802777110193,4.52278483479478,3.9848924985150127,6.010480934038033,2.3468143183086356,1.1349828976516216,1.5083169586827911,13.326181275492798,6.391967858118446,5.160490674819926,8.588728774986862,2.4442589969542396,1.2386356765079305,1.6643240567984483,18.80199065961516,10.503836826282724,12.502142110675114,30.503343356504615,24.023970177146193,0.840162968337553,2.439849354332562,2995,3.023996061582528,0.1363861461381207,0.7949916527545909,0.8327212020033389,0.07979966611018365,0.07545909849749582,12,5,1984.5063467911655,2.0612793630281203,0.06870931210093735,0.06615021155970552,0.6409654481865177,0.7330859474923692,2.8874492643437284
subject_11_task_1,11,1,,1,220,1095.0,1125.0,0.9410165592775084,30.0,0.625,eye,中,5.666666666666667,6,82.16666666666667,1.6020819787597218,81.0,85.0,-10.549118387909534,7.879804653095208,3.173356950084279,2.413870048816282,13.340592358967312,9.038115349923494,1.3146345436617168,5.526640659678137,8.985572372746466,4.677179853096845,3.9553430287312494,5.936369370087527,2.4476392433608347,1.1824966429263504,1.5008481759903713,13.463207765949482,6.466883748814075,5.421233473817926,8.701586544230729,2.4921431995054117,1.1928805095825812,1.6050934877192442,19.148963291446233,10.631612956186396,13.230311462222858,31.297745056288857,25.992709885017515,0.8035799449274759,2.365609089827916,2995,3.0249661319073087,0.1228086024952531,0.732220367278798,0.8343906510851419,0.08347245409015025,0.07111853088480802,12,5,1698.4481665465337,2.7056818677136616,0.09018939559045538,0.056614938884884454,0.40095424365212334,1.4381515146124475,2.9842564712266832
subject_11_task_1,11,1,,1,221,1100.0,1130.0,0.9451988550965196,30.0,0.6277777777777778,eye,中,5.666666666666667,6,81.16666666666667,0.408248290463863,81.0,82.0,-1.609507640067934,7.150648360786467,2.9472378985106356,2.389603994795451,14.308356636401932,9.503119904618607,1.2333582907166665,5.9877522248730255,9.135858468267616,4.758187521168751,3.914695532082849,6.1238974297016755,2.4937669541296574,1.2154680950722916,1.564335560585321,13.480461619029466,6.476131694218006,5.2117336118705495,8.58656066415437,2.5623940456774132,1.2426060456097736,1.6475440426573447,16.949208430429866,10.416053072259635,12.581651395897211,31.202387599184174,24.702222628182742,0.8278764642657511,2.479991426988595,2994,3.0084099115044247,0.12084189932554636,0.7528390113560455,0.8283233132932531,0.08817635270541083,0.06880427521710086,8,4,2212.808574942166,3.97934426912897,0.13264480897096567,0.07376028583140554,0.36468435881091343,1.2797937091317897,3.0147680030604938
subject_11_task_1,11,1,,1,222,1105.0,1135.0,0.9493811509155307,30.0,0.6305555555555555,eye,中,5.666666666666667,5,81.0,0.0,81.0,81.0,3.294079288961551e-14,7.710551847385576,2.931335151723702,2.5032541960302743,14.186434120048451,9.192552410030842,1.1710097825351853,5.667196780313269,9.792952943477637,5.148806002789968,3.8714008515738314,6.271343071068151,2.518490812066245,1.3299594126753462,1.6199157130728732,13.874472219273443,6.883810523762035,5.575973952995637,8.329198919132939,2.6337429565611763,1.234548543768533,1.4937657509426059,16.196957876712066,11.45664125560203,13.508903444299536,33.35563138554023,26.39235747325232,0.84808077153268,2.4691590640997276,2994,2.992466104671584,0.13123556371311615,0.7715430861723447,0.8433533734134937,0.08383433533734135,0.06312625250501001,8,4,2962.959689017661,5.43837672217939,0.18127922407264632,0.09876532296725536,0.4057314861046003,1.2761504725967467,3.0174420902603054
subject_11_task_1,11,1,,1,223,1110.0,1140.0,0.9535634467345419,30.0,0.6333333333333333,eye,中,5.666666666666667,7,82.42857142857143,2.439750182371333,81.0,86.0,10.379202501954639,7.6713554619730076,2.7536900862509452,2.372132637273261,13.942975985690374,9.98185685487584,1.1608499638604863,5.877823089065401,9.897946701892787,5.185015434100021,4.033045699786104,6.469407686517115,2.5390837024037958,1.2856327004613441,1.604099771758159,13.985507592875457,6.600165608107252,5.457185626434435,8.478916057584762,2.7289685295882675,1.2094449520163393,1.5537158964344477,16.7380516573762,11.776275040341138,13.582587333301495,32.66701108707284,26.005399775019814,0.8670126501942911,2.4050654183522577,2994,3.004721685082873,0.13278770527780556,0.8022712090848363,0.8580494321977288,0.08249832999331998,0.04676018704074816,8,4,3265.7024546358143,6.240421879404052,0.20801406264680175,0.10885674848786048,0.48913072199664914,1.146152636702122,3.0228752799589995
subject_11_task_1,11,1,,1,224,1115.0,1145.0,0.9577457425535529,30.0,0.6361111111111111,eye,中,5.666666666666667,6,83.5,2.7386127875258306,81.0,86.0,14.884233737596478,7.407513932791795,2.524348550223657,2.4635483913342493,16.083652850342574,11.712851976304405,1.0246799125616033,6.528653103352163,10.526196464083563,5.16198081742761,4.761113630296372,6.601170092987295,2.579124870267559,1.084196097438297,1.3864760653856485,14.041461665060245,6.176096527224551,5.464071103815344,8.379898776464849,2.8861709871954804,1.1303104242022084,1.5336364804282099,16.561201886211936,9.65870107391447,12.28299207202069,29.96816672965967,25.71846892332522,0.786347578609607,2.4398099871711123,2994,3.0049647058823528,0.13248362477755007,0.7939211756847028,0.8647294589178357,0.0758183032732131,0.049432197728790914,3,3,3782.2619171686492,7.356441628280229,0.2452147209426743,0.12607539723895497,0.5268130036121145,0.9570324343091661,3.025330158377327
subject_11_task_1,11,1,,1,225,1120.0,1150.0,0.9619280383725641,30.0,0.6388888888888888,eye,中,5.666666666666667,6,84.5,2.7386127875258306,81.0,87.0,18.080959520239787,7.3375641880265965,2.4718409652664324,2.515480784855259,16.274552433151634,11.7236939877508,0.9826514995258301,6.4697581993607125,10.57920083475438,5.049395709575699,4.842711687665189,7.062108230863195,2.504750730644886,1.0426793984942264,1.45829623697215,13.73903985523592,6.261700597983439,5.88345886938515,9.018140552029463,3.0545926651314903,1.0642890070272246,1.5327957163014727,17.05797025985993,9.811845279435383,12.396860214409402,30.776050236533575,24.348088493242972,0.7914782541494382,2.4825681425980144,2994,3.004821563899414,0.13891496882299756,0.8256513026052105,0.8780895123580494,0.07314629258517034,0.04041416165664663,3,3,4500.906684452967,8.754194718302521,0.29180649061008407,0.1500302228150989,0.5268130036121145,0.9570324343091661,3.025330158377327
subject_11_task_1,11,1,,1,226,1125.0,1155.0,0.9661103341915753,30.0,0.6416666666666667,eye,中,5.666666666666667,6,84.5,2.7386127875258306,81.0,87.0,18.080959520239787,6.6247031745732725,2.5216551991525296,2.4940488466934716,18.31261680569474,12.44803583715845,1.0110688900482674,7.342525319812004,10.597790379338937,4.953969811641111,5.176622223827738,6.762843068299442,2.4468857321652444,0.9569888621267805,1.3064200507370245,13.789103117074944,6.1408785391077805,5.941296082867099,8.772269280306032,3.182803074169751,1.0335924103860463,1.4764908460971342,15.901767298282671,8.918144853253786,10.97584378908207,28.882017528955505,22.82760357800119,0.8125247611600371,2.6314165984837654,2995,2.992647820163488,0.13837266650901103,0.9375626043405676,0.8904841402337229,0.07078464106844741,0.030383973288814693,3,3,4500.906684452967,8.754194718302521,0.29180649061008407,0.1500302228150989,0.5268130036121145,0.9570324343091661,3.025330158377327
subject_11_task_1,11,1,,1,227,1130.0,1160.0,0.9702926300105864,30.0,0.6444444444444445,eye,中,5.666666666666667,6,85.0,2.0,82.0,87.0,-10.47111839410084,6.9244808109364975,2.455084381391485,2.401414029995807,18.90112525029137,13.117077437641347,1.0223494785677467,7.870831524343335,9.701966090195167,4.4893709117251985,5.223256389858201,6.648157475695247,2.330150833528707,0.8594965624207228,1.2727993763820828,13.484814699790697,5.684398008970479,6.020548140632448,9.128705321234502,3.045416364860267,0.9441661915476924,1.516258172511772,15.817918864184668,7.4212978036167385,9.228840780628458,24.287211642664435,20.562826617416587,0.8041419263830196,2.631664389924662,2995,2.9883403532608694,0.13043322435760363,0.9465776293823038,0.9048414023372288,0.0651085141903172,0.025041736227045076,3,3,4500.906684452967,8.754194718302521,0.29180649061008407,0.1500302228150989,0.5268130036121145,0.9570324343091661,3.025330158377327
subject_11_task_1,11,1,,1,228,1135.0,1165.0,0.9744749258295976,30.0,0.6472222222222223,eye,中,5.666666666666667,7,85.0,1.8257418583505538,82.0,87.0,-6.556728232189939,6.579088829090519,2.7210758210410555,2.4852637571204577,18.740856088146714,12.380501535332463,1.09488411974181,7.540791609925838,8.810137693255703,4.517801352142723,4.744628324263395,6.298589407919235,2.329429893621407,0.9521928891751733,1.3275200874448037,13.410085079958003,6.001392960984312,5.85481528692272,9.144615313508208,3.004355352689898,1.025035405367781,1.5618964673289635,14.396956767751272,7.638168176137808,8.501113390438329,24.25613955025534,20.607162797856144,0.8984903300700443,2.853289732323481,2995,3.0036530889341484,0.11719971991728283,0.9515859766277128,0.9178631051752921,0.05642737896494157,0.022036727879799666,3,3,4500.906684452967,8.754194718302521,0.29180649061008407,0.1500302228150989,0.5268130036121145,0.9570324343091661,3.025330158377327
subject_11_task_1,11,1,,1,229,1140.0,1170.0,0.9786572216486087,30.0,0.65,eye,中,5.666666666666667,5,84.6,2.073644135332772,82.0,87.0,-9.253731343283539,7.2649091876722895,2.74069777632364,2.4027664876664594,18.07326629012435,11.903441542759502,1.1406425844507995,7.521857152118394,9.247191801921948,4.367724628258645,4.134733310502262,5.685657547709323,2.232884497909058,1.0563497812941365,1.3750965590132982,13.031958827438693,5.727570437909396,5.5728216913578095,8.914916426604947,2.96069429669556,1.027768472619816,1.5997132010216608,15.679277061082194,7.138425528518089,8.523712623302954,24.58491237119553,20.437607897235903,0.8374784373891686,2.8842962518448716,2995,3.0172143342391307,0.12003524761967313,0.9582637729549248,0.9185308848080134,0.05676126878130217,0.024040066777963272,3,3,4500.906684452967,8.754194718302521,0.29180649061008407,0.1500302228150989,0.5268130036121145,0.9570324343091661,3.025330158377327
subject_11_task_1,11,1,,1,230,1145.0,1175.0,0.9828395174676199,30.0,0.6527777777777778,eye,中,5.666666666666667,5,84.0,2.0,82.0,87.0,-7.162346521146007,7.309411091016743,3.039143471561866,2.2757247533024128,17.093486839682797,11.14355223123933,1.3354617983355062,7.511227715424558,9.27104883396201,4.252129572051144,3.795538176542325,5.329617583817485,2.169457534037221,1.1202968786694611,1.4041796804353794,13.4856883564852,5.957816943361257,5.417859760776905,8.905805011765157,2.7981636673547663,1.099662450935593,1.6437865513314969,14.32436553654402,7.067033318958278,8.484404532912842,23.789205435658804,20.25388259119837,0.8329439374965828,2.8038744903517183,2995,3.0326122379986478,0.131943596639926,0.9612687813021703,0.9245409015025041,0.05375626043405676,0.02003338898163606,3,3,4500.906684452967,8.754194718302521,0.29180649061008407,0.1500302228150989,0.5268130036121145,0.9570324343091661,3.025330158377327
subject_11_task_1,11,1,,1,231,1150.0,1180.0,0.9870218132866311,30.0,0.6555555555555556,eye,中,5.666666666666667,6,83.33333333333333,1.0327955589886446,82.0,85.0,2.111292962356792,7.2477000119978685,2.8463553357346583,2.2401159731072853,15.955787535936842,10.630544900278991,1.270628561157239,7.12275066446869,9.146865242920356,4.220287171132724,3.8826285430296963,4.925153657635164,2.0526969916101336,1.0869665033265186,1.2685101350931614,13.180533822898003,5.757290262446726,5.282822260978098,8.415727706403086,2.7064468202565775,1.089813356957571,1.5930363148058932,15.535879090338781,7.266373491309842,8.676309909743845,23.213742250883715,20.082729291792827,0.837495844074151,2.675531705571484,2995,3.043114615123771,0.11965261973646561,0.9579298831385643,0.920534223706177,0.054757929883138566,0.02303839732888147,3,3,4500.906684452967,8.754194718302521,0.29180649061008407,0.1500302228150989,0.5268130036121145,0.9570324343091661,3.025330158377327
subject_11_task_1,11,1,,1,232,1155.0,1185.0,0.9912041091056422,30.0,0.6583333333333333,eye,中,5.666666666666667,7,83.14285714285714,1.0690449676496976,82.0,85.0,-0.3469010175762014,7.883440909342539,3.100348709512126,2.096333624115766,15.12920194204435,10.74818163415575,1.478938597295005,7.216981957452431,9.696348611267117,4.342745437312941,3.3796057341011507,5.07621523769521,2.228013050155795,1.2849858175743538,1.5020140327242326,13.42765226386345,6.125816373484501,4.9118860120450165,8.946678071171181,2.8225673686314776,1.2471413950695642,1.8214343837035254,14.87504214400513,7.999880783361616,8.701545551733869,25.232319399274786,20.905636701781393,0.9193632022954313,2.89975145785992,2994,3.061396200814111,0.10724259867371512,0.9542418169672678,0.9211756847027388,0.05377421509686039,0.02338009352037408,3,3,4500.906684452967,8.754194718302521,0.29180649061008407,0.1500302228150989,0.5268130036121145,0.9570324343091661,3.025330158377327
subject_11_task_1,11,1,,1,233,1160.0,1190.0,0.9953864049246534,30.0,0.6611111111111111,eye,中,5.666666666666667,5,83.4,1.140175425099138,82.0,85.0,-7.3996175908220465,7.54479446876642,2.936731987361621,2.225361303012819,15.087905617015013,11.794512963777683,1.3196652531819026,6.779980220105453,10.312315160103795,4.558520260232478,3.711053224901711,5.452656653318997,2.308082195693506,1.2283629428012885,1.4693016572036401,13.281994682687598,5.990289038683695,5.288447521205686,8.713521162804547,3.028615845990346,1.1327122023360836,1.647652005217969,15.652873421815926,8.097599621018015,8.686246280508557,25.808146249599115,20.160388068730686,0.9322323313798467,2.97115064622461,2994,3.083208588957055,0.10064916524353468,0.9345357381429525,0.9114896459585838,0.05811623246492986,0.029392117568470273,3,3,4500.906684452967,8.754194718302521,0.29180649061008407,0.1500302228150989,0.5268130036121145,0.9570324343091661,3.025330158377327
subject_11_task_1,11,1,,1,234,1165.0,1195.0,0.9995687007436644,30.0,0.6638888888888889,eye,中,5.666666666666667,6,85.83333333333333,4.445971959725642,82.0,92.0,24.937712344280822,7.29649109106597,2.9729638474474616,2.1473008934648488,16.38539116284073,12.611435939632793,1.3845119966630932,7.630691726859731,10.266772048067184,4.911687134090411,3.407123238928095,5.713704020521967,2.296065518966436,1.4415936230224717,1.6769877752703595,12.428363018580852,6.0794798682309725,5.1433447075528855,9.085917938954694,3.064468319403444,1.1820090260144132,1.7665387905290946,15.042587130330938,8.775586294910152,8.526355641396707,25.588808185681387,19.882074981986467,1.0292306190353349,3.0011424882917117,2994,3.1100469017459775,0.11246303589761612,0.9261857047428189,0.9014696058784235,0.0614562458249833,0.03473613894455578,3,3,4500.906684452967,8.754194718302521,0.29180649061008407,0.1500302228150989,0.5268130036121145,0.9570324343091661,3.025330158377327
subject_11_task_1,11,1,,1,235,1165.515625,1195.515625,1.0,30.0,0.6641753472222223,eye,中,5.666666666666667,6,85.83333333333333,4.445971959725642,82.0,92.0,24.937712344280822,7.4512508505195125,2.9667602103593924,2.2139196819978024,16.155202935626946,12.670749828991045,1.340048708398599,7.297104347095724,9.846447700106642,4.892091046282804,3.7104312516167752,5.704445928330258,2.3120335865200157,1.3184696641801772,1.5374077948067668,12.578121793790505,6.038139357549051,5.3962999349321255,9.075358366167706,3.0635728165097618,1.1189406501410486,1.6817742667377986,14.61144410397909,9.050058305305376,8.94268133215344,25.48031017961568,19.61226233366513,1.0120072458319478,2.8492919777875954,2995,3.109938056125941,0.11247596842973637,0.9262103505843072,0.9015025041736227,0.06143572621035059,0.0347245409015025,3,3,4500.906684452967,8.754194718302521,0.29180649061008407,0.1500302228150989,0.5268130036121145,0.9570324343091661,3.025330158377327
