sample_id,subject,task,repeat_id,label_task,window_id,window_start_sec,window_end_sec,progress_end_ratio,task_required_time_min,elapsed_required_ratio,anchor_source,task_difficulty,nasa_tlx_weighted_task_label,hr_n,hr_mean,hr_std,hr_min,hr_max,hr_slope_bpm_per_min,eeg_frontal_delta_power,eeg_frontal_theta_power,eeg_frontal_alpha_power,eeg_frontal_beta_power,eeg_frontal_gamma_power,eeg_frontal_theta_alpha,eeg_frontal_beta_alpha,eeg_central_delta_power,eeg_central_theta_power,eeg_central_alpha_power,eeg_central_beta_power,eeg_central_gamma_power,eeg_central_theta_alpha,eeg_central_beta_alpha,eeg_parietal_delta_power,eeg_parietal_theta_power,eeg_parietal_alpha_power,eeg_parietal_beta_power,eeg_parietal_gamma_power,eeg_parietal_theta_alpha,eeg_parietal_beta_alpha,eeg_occipital_delta_power,eeg_occipital_theta_power,eeg_occipital_alpha_power,eeg_occipital_beta_power,eeg_occipital_gamma_power,eeg_occipital_theta_alpha,eeg_occipital_beta_alpha,eye_n,eye_pupil_filtered_mean,eye_pupil_filtered_std,eye_valid_ratio,eye_fixation_ratio,eye_saccade_ratio,eye_eyes_not_found_ratio,eye_aoi_interval_n,eye_aoi_unique_hit_n,eye_aoi_total_fix_ms,eye_aoi_fixation_n,eye_aoi_fixation_density_per_sec,eye_aoi_coverage_ratio,eye_aoi_max_share,eye_aoi_entropy,eye_aoi_pupil_weighted_mean,log_action_count_win,log_unique_device_count_win,log_action_density_win,log_correct_action_count_win,log_error_action_count_win,log_duplicate_action_count_win,log_extra_action_count_win,log_disallowed_action_count_win,log_error_rate_win,log_duplicate_rate_win,log_extra_rate_win,log_unique_step_count_win,log_action_count_cum,log_unique_device_count_cum,log_action_density_cum,log_correct_action_count_cum,log_error_action_count_cum,log_duplicate_action_count_cum,log_extra_action_count_cum,log_disallowed_action_count_cum,log_error_rate_cum,log_duplicate_rate_cum,log_extra_rate_cum,log_unique_step_count_cum,log_time_since_last_action_sec,log_cum_gap_count,log_cum_idle_gap_total_sec,log_cum_idle_ratio,log_cum_mean_inter_action_sec,log_action_type_diversity_cum,log_recent_60s_action_count,log_recent_60s_action_density
subject_11_task_5_6,11,5_6,,5_6,1,0.0,30.0,0.0401463669628855,18.0,0.0277777777777777,eye,高,7.8,0,,,,,,11.029426742440188,3.531337267796608,2.4354418740374957,7.860070625450102,5.042546101371155,1.4499780534455244,3.2273694187657256,10.846382255443826,4.505422788257757,3.214168688156916,5.1343809288513835,2.203103445218064,1.4017381243425897,1.597421114756601,14.98209071557321,6.07646231484644,4.597259552505408,7.504939802700813,2.517699068548984,1.3217575047584378,1.6324812025483273,25.783154545502367,11.016699100128392,17.31617289965791,48.52023964542514,44.335017005657654,0.6362086567261078,2.8020186635110167,2995,2.9240140703517583,0.1346580285556927,0.9736227045075124,0.8951585976627713,0.0697829716193656,0.020033388981636,0,0,0.0,0.0,,,,,,0.0,0.0,0.0,0.0,0.0,0.0,0.0,0.0,0.0,0.0,0.0,0.0,0.0,0.0,0.0,0.0,0.0,0.0,0.0,0.0,0.0,0.0,0.0,0.0,,0.0,0.0,0.0,,0.0,0.0,0.0
subject_11_task_5_6,11,5_6,,5_6,2,5.0,35.0,0.0468374281233664,18.0,0.0324074074074074,eye,高,7.8,0,,,,,,10.460314800976546,3.484413179946123,2.5047894896118494,8.177884903758304,4.979032963872799,1.3911002079803836,3.2648990814096623,10.226127250481632,4.525945075734492,3.0898034340957827,5.183207252963886,2.0347500046971136,1.464800325415843,1.6775200634990324,14.764480513193682,6.307977991097021,4.755651117688606,7.878354237299629,2.5281502194174372,1.3264173159453492,1.6566299844822834,21.76776434048732,10.913082257232537,18.662622188022542,48.56617065596257,43.48126731975598,0.5847561048648581,2.60232298369796,2995,2.9299492095526407,0.1513910814166992,0.9712854757929884,0.8951585976627713,0.0664440734557596,0.0220367278797996,0,0,0.0,0.0,,,,,,0.0,0.0,0.0,0.0,0.0,0.0,0.0,0.0,0.0,0.0,0.0,0.0,0.0,0.0,0.0,0.0,0.0,0.0,0.0,0.0,0.0,0.0,0.0,0.0,,0.0,0.0,0.0,,0.0,0.0,0.0
subject_11_task_5_6,11,5_6,,5_6,3,10.0,40.0,0.0535284892838473,18.0,0.037037037037037,eye,高,7.8,0,,,,,,10.176933279560256,3.3946073438280084,2.519054391955831,8.457836927318427,5.301580946119213,1.3475720709596846,3.357544384244771,9.411537134115418,4.399179939618834,2.829940360376977,5.104196127232493,2.063943112175512,1.5545133039598114,1.8036408818709389,14.728767070992031,6.525052149924767,4.779838230449986,7.782365225021635,2.650381951439055,1.365119871287042,1.6281649817025257,16.221925662960928,10.20862439335079,16.349583345724163,48.98511589630089,43.41490938867222,0.6243966086157546,2.9961079044324244,2995,2.903127817019845,0.1237447953274672,0.9782971619365608,0.9081803005008348,0.0607679465776293,0.0173622704507512,0,0,0.0,0.0,,,,,,0.0,0.0,0.0,0.0,0.0,0.0,0.0,0.0,0.0,0.0,0.0,0.0,0.0,0.0,0.0,0.0,0.0,0.0,0.0,0.0,0.0,0.0,0.0,0.0,,0.0,0.0,0.0,,0.0,0.0,0.0
subject_11_task_5_6,11,5_6,,5_6,4,15.0,45.0,0.0602195504443282,18.0,0.0416666666666666,eye,高,7.8,0,,,,,,10.2413804405358,3.407567957461916,2.552507352632558,8.971929069407315,5.694278702763876,1.3349884982495666,3.51494739482494,9.058382990312095,4.573297503048163,2.9336123590077663,5.066444791167027,1.892469701710806,1.5589304050365351,1.7270328084112132,15.60751387989896,6.423144743445404,4.611767248051752,7.501658996412937,2.310201867159603,1.3927729648886489,1.6266343449101912,12.742761457116956,10.07146690743248,12.919902618067374,40.15682931670699,36.39305271329306,0.7795311779942056,3.1081371511694766,2995,2.8898437605681435,0.1140953916492521,0.9739565943238732,0.9131886477462438,0.0574290484140233,0.0203672787979966,6,5,969.269869452769,0.9042140481957388,0.0301404682731912,0.0323089956484256,0.4387489566455541,1.2677597492051849,2.83726986448667,0.0,0.0,0.0,0.0,0.0,0.0,0.0,0.0,0.0,0.0,0.0,0.0,0.0,0.0,0.0,0.0,0.0,0.0,0.0,0.0,0.0,0.0,0.0,0.0,,0.0,0.0,0.0,,0.0,0.0,0.0
subject_11_task_5_6,11,5_6,,5_6,5,20.0,50.0,0.0669106116048092,18.0,0.0462962962962962,eye,高,7.8,1,76.0,,76.0,76.0,,10.33251830510672,3.488144204327623,2.578261730672583,9.12876343200537,5.929621019713686,1.3529053946814322,3.5406659158781286,8.71687603229269,4.854356996292462,2.8675113654172772,4.953759991621959,1.816692510497068,1.6928815190889612,1.7275467680321095,16.522865598618097,6.600251437336862,4.5169856097436565,7.281437292569418,2.329376475434672,1.46120709862333,1.6120125060532675,12.142368177144926,9.573410262954509,10.906462087793685,36.96122333556089,34.00735196019229,0.8777741293089807,3.3889287871753777,2995,2.880602299628001,0.1166670666175345,0.9722871452420702,0.9138564273789648,0.0567612687813021,0.0203672787979966,6,5,2014.4174535079435,1.8792130218810297,0.0626404340627009,0.0671472484502647,0.4387489566455541,1.2677597492051849,2.8372698644866694,0.0,0.0,0.0,0.0,0.0,0.0,0.0,0.0,0.0,0.0,0.0,0.0,0.0,0.0,0.0,0.0,0.0,0.0,0.0,0.0,0.0,0.0,0.0,0.0,,0.0,0.0,0.0,,0.0,0.0,0.0
subject_11_task_5_6,11,5_6,,5_6,6,25.0,55.0,0.0736016727652901,18.0,0.0509259259259259,eye,高,7.8,2,76.5,0.7071067811865476,76.0,77.0,11.99999999999983,10.241284207211306,3.5180577005618745,2.5510552883060247,8.928428206086105,5.8019208775840845,1.379059762714107,3.4998960026518446,9.180412527656262,5.005954113415261,2.806578651365226,4.890175672510714,1.8210218917494847,1.7836500363102867,1.7423975166817247,16.318893048112585,6.5956266089638085,4.506343833833553,7.237327128748425,2.2976822200090146,1.4636314609293584,1.6060308302288646,13.103414782187397,10.327676926970415,11.299683043539838,34.701785424050975,32.905505210669745,0.9139793467813128,3.071040602673399,2995,2.8819797091646944,0.1150854521351395,0.9726210350584308,0.9191986644407344,0.0534223706176961,0.0190317195325542,6,5,3059.565037563118,2.8542119955663203,0.0951403998522106,0.1019855012521039,0.4387489566455541,1.2677597492051849,2.8372698644866694,0.0,0.0,0.0,0.0,0.0,0.0,0.0,0.0,0.0,0.0,0.0,0.0,0.0,0.0,0.0,0.0,0.0,0.0,0.0,0.0,0.0,0.0,0.0,0.0,,0.0,0.0,0.0,,0.0,0.0,0.0
subject_11_task_5_6,11,5_6,,5_6,7,30.0,60.0,0.080292733925771,18.0,0.0555555555555555,eye,高,7.8,3,77.0,1.0,76.0,78.0,13.278688524589915,9.872821344678762,3.3729811066148496,2.4352953094246024,8.037529029978254,5.199220011569967,1.385039873218414,3.3004330106796433,9.144806544470867,4.96098046992364,2.7899938878981025,4.668392231874583,1.780989325748077,1.7781330960768136,1.6732625301167272,15.381666109831889,6.113110886491331,3.84888604179671,6.8526782215137185,2.2134452335172963,1.5882805622474734,1.780431570874673,13.947085317978836,10.871931932726149,13.660195373338,37.57780897733022,38.483931575460126,0.7958840730745336,2.7508983546951806,2994,2.860314933965459,0.1181801870431628,0.9732798931195724,0.9258517034068136,0.0484301937207748,0.0183700734802939,6,5,4104.712621618293,3.829210969251611,0.1276403656417203,0.1368237540539431,0.438748956645554,1.2677597492051849,2.837269864486669,0.0,0.0,0.0,0.0,0.0,0.0,0.0,0.0,0.0,0.0,0.0,0.0,0.0,0.0,0.0,0.0,0.0,0.0,0.0,0.0,0.0,0.0,0.0,0.0,,0.0,0.0,0.0,,0.0,0.0,0.0
subject_11_task_5_6,11,5_6,,5_6,8,35.0,65.0,0.0869837950862519,18.0,0.0601851851851851,eye,高,7.8,5,77.4,0.8944271909999159,76.0,78.0,7.741935483871127,9.431922619269336,3.4747194408396207,2.4301840219301174,8.575969805598824,5.596119553504719,1.429817416904875,3.5289384376692423,9.298602825763174,4.956195610845991,2.727849880189854,4.85258908096668,1.922845620576,1.8168872293298808,1.7789062060222125,15.155122415530048,5.77973042977615,4.018684201828572,6.7612752422884235,2.0716598360255127,1.4382146343189322,1.6824599552291082,13.98126957076765,11.499837123243733,15.21924911666685,41.89110031364591,43.00055109830692,0.7556113337188278,2.7525076955189776,2994,2.8413530805687204,0.0770757468607154,0.9789579158316634,0.9468937875751504,0.0364061456245825,0.0143620574482297,6,5,5149.860205673467,4.804209942936903,0.1601403314312301,0.1716620068557822,0.4387489566455541,1.2677597492051849,2.83726986448667,0.0,0.0,0.0,0.0,0.0,0.0,0.0,0.0,0.0,0.0,0.0,0.0,0.0,0.0,0.0,0.0,0.0,0.0,0.0,0.0,0.0,0.0,0.0,0.0,,0.0,0.0,0.0,,0.0,0.0,0.0
subject_11_task_5_6,11,5_6,,5_6,9,40.0,70.0,0.0936748562467328,18.0,0.0648148148148148,eye,高,7.8,5,77.4,0.8944271909999159,76.0,78.0,7.741935483871127,9.26955218096957,3.469389970831324,2.314322259942662,8.754680784033846,5.802254680436015,1.4990954504828895,3.7828270226510057,9.284781093113562,5.119720442363494,2.858086906759429,4.799898232231719,1.8666247409653316,1.7913102748048912,1.6794094752261977,14.472906211106803,5.9933813390054675,3.807185037413928,6.78793911128846,2.0567733534107187,1.5742290642843395,1.782928605933806,13.613536850747032,11.89720050270779,16.306668706963965,44.59412360653433,45.501216161628065,0.7295911087975279,2.73471696812543,2994,2.834051455653351,0.0782562978118694,0.9769539078156312,0.947561790247161,0.0337341349365397,0.0163660654642618,6,5,6195.007789728642,5.779208916622192,0.1926402972207397,0.2065002596576214,0.4387489566455541,1.2677597492051849,2.8372698644866694,0.0,0.0,0.0,0.0,0.0,0.0,0.0,0.0,0.0,0.0,0.0,0.0,0.0,0.0,0.0,0.0,0.0,0.0,0.0,0.0,0.0,0.0,0.0,0.0,,0.0,0.0,0.0,,0.0,0.0,0.0
subject_11_task_5_6,11,5_6,,5_6,10,45.0,75.0,0.1003659174072138,18.0,0.0694444444444444,eye,高,7.8,7,79.28571428571429,3.352326839390103,76.0,85.0,19.446764091857972,8.724400416204693,3.4320390508531693,2.2684649991226156,8.89664261161076,5.809788293192145,1.5129345403965213,3.921877840324517,9.280613618956938,5.147597168592692,2.7512972936441407,4.716200955143299,1.9539704811654424,1.8709708981593227,1.7141735159040592,13.6059064125255,5.915566900498487,3.738030082983472,6.881793058872607,2.0372853024545865,1.5825359264570271,1.841021314997008,15.888766617829331,12.780355906945632,17.222502754709595,46.60123831269891,47.927548871934256,0.7420730940775009,2.705834278351648,2994,2.8203171970209886,0.0794558870735871,0.9782899131596526,0.9525718102872412,0.0300601202404809,0.0163660654642618,6,5,6270.885504331047,5.849993842111744,0.1949997947370581,0.2090295168110349,0.4387489566455541,1.2677597492051849,2.83726986448667,0.0,0.0,0.0,0.0,0.0,0.0,0.0,0.0,0.0,0.0,0.0,0.0,0.0,0.0,0.0,0.0,0.0,0.0,0.0,0.0,0.0,0.0,0.0,0.0,,0.0,0.0,0.0,,0.0,0.0,0.0
subject_11_task_5_6,11,5_6,,5_6,11,50.0,80.0,0.1070569785676947,18.0,0.074074074074074,eye,高,7.8,6,79.83333333333333,3.311595788538611,77.0,85.0,22.22547584187408,8.711388501045272,3.4398853492826205,2.311829886538865,9.455399217223723,6.372837550841565,1.4879491649935426,4.090006480269095,8.869178411553486,5.359727823479439,2.8955486551575427,5.0617380058124,2.006173123256102,1.8510232297194205,1.7481101541141253,12.94835881449815,6.072720505584245,3.811016062745333,7.235589192303863,2.0841996805717393,1.5934649462510146,1.8985984506954765,14.4262545907113,13.056745930434062,18.397947377586004,49.015371979355685,51.76574206168891,0.7096849263924375,2.664176115595945,2994,2.828297214673913,0.080642128467982,0.9739478957915833,0.9448897795591182,0.0327321309285237,0.0210420841683366,6,5,6270.885504331047,5.849993842111744,0.1949997947370581,0.2090295168110349,0.4387489566455541,1.2677597492051849,2.83726986448667,0.0,0.0,0.0,0.0,0.0,0.0,0.0,0.0,0.0,0.0,0.0,0.0,0.0,0.0,0.0,0.0,0.0,0.0,0.0,0.0,0.0,0.0,0.0,0.0,,0.0,0.0,0.0,,0.0,0.0,0.0
subject_11_task_5_6,11,5_6,,5_6,12,55.0,85.0,0.1137480397281756,18.0,0.0787037037037037,eye,高,7.8,6,81.33333333333333,3.777124126457412,78.0,86.0,22.361863488624163,8.735906728920767,3.512919581904251,2.369550252185338,10.4781799611911,6.694554497810861,1.4825258838315123,4.422012131427686,9.602679714092485,5.524942294219191,2.976447208932085,5.078790051984982,2.0717076118033044,1.856220489192374,1.7063262660073162,13.781418337872868,6.074500753766005,4.014328872684294,7.478949264973197,2.2467327542917293,1.5132045595716526,1.8630634166184268,16.017520682989044,12.540648236572665,19.248341201096753,51.41682046561253,52.86177574274461,0.6515183882888624,2.6712338444355317,2995,2.8309008179959103,0.0864243215829682,0.9706176961602672,0.9412353923205342,0.0327212020033388,0.0247078464106844,6,5,6270.885504331047,5.849993842111744,0.1949997947370581,0.2090295168110349,0.4387489566455541,1.2677597492051849,2.83726986448667,0.0,0.0,0.0,0.0,0.0,0.0,0.0,0.0,0.0,0.0,0.0,0.0,0.0,0.0,0.0,0.0,0.0,0.0,0.0,0.0,0.0,0.0,0.0,0.0,,0.0,0.0,0.0,,0.0,0.0,0.0
subject_11_task_5_6,11,5_6,,5_6,13,60.0,90.0,0.1204391008886565,18.0,0.0833333333333333,eye,高,7.8,6,82.5,3.6193922141707713,78.0,86.0,18.45873786407776,9.448087276013204,3.5253638162750662,2.3832167731977125,10.916901211758065,6.982500803960251,1.4792459737285513,4.580742018322642,9.591650142068907,5.930821353762453,2.8991390063718305,4.9165569443650865,1.9559538472145608,2.045718173819014,1.6958679571967068,14.61889425233928,6.198387567206019,4.485755634858442,8.23810451501273,2.641347464860273,1.381793408236252,1.8365031859950391,14.168922049656198,12.127362473263249,15.422425555126802,46.5378689924819,47.07612364028481,0.7863459888274064,3.0175453806623524,2995,2.854041058703767,0.0881552664065668,0.9759599332220368,0.9452420701168616,0.0340567612687813,0.0203672787979966,6,5,6270.885504331047,5.849993842111744,0.1949997947370581,0.2090295168110349,0.4387489566455541,1.2677597492051849,2.83726986448667,0.0,0.0,0.0,0.0,0.0,0.0,0.0,0.0,0.0,0.0,0.0,0.0,0.0,0.0,0.0,0.0,0.0,0.0,0.0,0.0,0.0,0.0,0.0,0.0,,0.0,0.0,0.0,,0.0,0.0,0.0
subject_11_task_5_6,11,5_6,,5_6,14,65.0,95.0,0.1271301620491375,18.0,0.0879629629629629,eye,高,7.8,6,84.83333333333333,0.9831920802501752,83.0,86.0,3.2247940368772676,9.060071190341503,3.3450372199256275,2.309035699561678,11.15847301599894,7.14715861103701,1.4486728033527645,4.832525117787109,9.83787870407235,5.586952038881093,2.8307718941248603,4.552943173876536,1.9662253549468351,1.9736496785475937,1.6083751514298856,13.925223213496292,6.025451278486152,4.390286253074507,8.08327334712207,2.8173950435390895,1.3724506629303597,1.8411722792474805,15.753837254317794,10.987253996667524,13.556737136151249,44.99293192648056,45.76674678524038,0.81046448613127,3.318861424737637,2995,2.865913455037187,0.0933420403930136,0.979966611018364,0.9472454090150252,0.0350584307178631,0.01669449081803,6,5,6270.885504331047,5.849993842111744,0.1949997947370581,0.2090295168110349,0.4387489566455541,1.2677597492051849,2.83726986448667,0.0,0.0,0.0,0.0,0.0,0.0,0.0,0.0,0.0,0.0,0.0,0.0,0.0,0.0,0.0,0.0,0.0,0.0,0.0,0.0,0.0,0.0,0.0,0.0,,0.0,0.0,0.0,,0.0,0.0,0.0
subject_11_task_5_6,11,5_6,,5_6,15,70.0,100.0,0.1338212232096184,18.0,0.0925925925925925,eye,高,7.8,6,84.83333333333333,0.9831920802501752,83.0,86.0,3.2247940368772676,9.101006349723653,3.4004367861327323,2.4620181778663612,11.466067395078152,7.564902799821273,1.3811582776694302,4.657182265410769,9.584036506944091,5.85809356890773,3.2181401221861172,4.769051256437938,1.9996038395270157,1.8203351459190855,1.4819277829326678,14.353570096630534,5.992311986068974,4.77716773678728,8.465478376380078,3.0021094548357117,1.2543649953767162,1.7720705746190202,14.547720227299733,10.810820160153773,12.930993784234444,44.807976430757115,45.061437721974016,0.8360393903625873,3.4651610833954076,2995,2.865319472616633,0.0885692747798457,0.9792988313856428,0.9479131886477462,0.0343906510851419,0.01669449081803,6,5,6270.885504331047,5.849993842111744,0.1949997947370581,0.2090295168110349,0.4387489566455541,1.2677597492051849,2.83726986448667,0.0,0.0,0.0,0.0,0.0,0.0,0.0,0.0,0.0,0.0,0.0,0.0,0.0,0.0,0.0,0.0,0.0,0.0,0.0,0.0,0.0,0.0,0.0,0.0,,0.0,0.0,0.0,,0.0,0.0,0.0
subject_11_task_5_6,11,5_6,,5_6,16,75.0,105.0,0.1405122843700993,18.0,0.0972222222222222,eye,高,7.8,5,84.6,1.51657508881031,82.0,86.0,-11.772908366533812,10.541203469052348,3.4170397624491984,2.691513738499589,10.793273824270594,7.310323047176951,1.2695605872530529,4.010112848351059,10.325913176213096,5.419222800150334,4.837344241766659,5.362544637333382,2.81104019476734,1.1202888463797165,1.1085720530352237,14.889655583198516,6.266953386657787,5.686633323921974,8.629253272708192,3.5688281946163296,1.1020498473665568,1.517462579556078,19.300680960056244,9.81358505339522,14.764261699209555,44.73063333396784,47.18667301906728,0.6646851196034148,3.029655952004875,2995,2.865592131809011,0.0918309592548198,0.9786310517529216,0.942237061769616,0.0397328881469115,0.0153589315525876,6,5,6270.885504331047,5.849993842111744,0.1949997947370581,0.2090295168110349,0.4387489566455541,1.2677597492051849,2.83726986448667,0.0,0.0,0.0,0.0,0.0,0.0,0.0,0.0,0.0,0.0,0.0,0.0,0.0,0.0,0.0,0.0,0.0,0.0,0.0,0.0,0.0,0.0,0.0,0.0,,0.0,0.0,0.0,,0.0,0.0,0.0
subject_11_task_5_6,11,5_6,,5_6,17,80.0,110.0,0.1472033455305802,18.0,0.1018518518518518,eye,高,7.8,7,83.28571428571429,2.563479777846623,80.0,86.0,-14.921391138637654,11.29859517478328,3.5504269076556847,2.8501008184537255,10.208374019445143,6.8537417990178255,1.2457197600405971,3.5817589165086186,10.37349049146832,5.286989086450327,5.295787265390717,5.445027525433715,2.7521797389946965,0.9983386457009162,1.0281809394078798,15.027432617286824,6.076833996560584,6.04331533795013,8.586062072522797,3.3706313223671343,1.0055464023861154,1.4207536083058605,17.630451218264355,9.92212160853545,14.376329005338084,46.0480375572027,47.57627598611358,0.6901707386392771,3.203045613390217,2995,2.858385392123864,0.0918047843321291,0.9796327212020032,0.9459098497495826,0.0367278797996661,0.015025041736227,6,5,6270.885504331047,5.849993842111744,0.1949997947370581,0.2090295168110349,0.4387489566455541,1.2677597492051849,2.83726986448667,0.0,0.0,0.0,0.0,0.0,0.0,0.0,0.0,0.0,0.0,0.0,0.0,0.0,0.0,0.0,0.0,0.0,0.0,0.0,0.0,0.0,0.0,0.0,0.0,,0.0,0.0,0.0,,0.0,0.0,0.0
subject_11_task_5_6,11,5_6,,5_6,18,85.0,115.0,0.1538944066910611,18.0,0.1064814814814814,eye,高,7.8,6,82.83333333333333,2.48327740429189,80.0,85.0,-16.55262018189681,10.68802319676502,3.6145069956798337,2.9853520233353397,9.268920705997834,6.335215516090083,1.210747331445884,3.104799914229971,9.422633366819898,4.799842185462466,5.6353297011257055,5.3444659863618,2.8106165368354312,0.8517411473730909,0.9483856792432565,13.784052382429964,6.384705531280067,5.991777811235083,8.03844666591056,3.2352436022279756,1.0655778188750946,1.3415795643886863,19.087246652079926,9.210585438186442,16.620026701036938,48.008717066997214,50.45541623228757,0.5541859591363825,2.888606494477046,2994,2.8561909275558564,0.0923338813989859,0.9749498997995992,0.9452237808951236,0.033066132264529,0.0193720774883099,6,5,6270.885504331047,5.849993842111744,0.1949997947370581,0.2090295168110349,0.4387489566455541,1.2677597492051849,2.83726986448667,0.0,0.0,0.0,0.0,0.0,0.0,0.0,0.0,0.0,0.0,0.0,0.0,0.0,0.0,0.0,0.0,0.0,0.0,0.0,0.0,0.0,0.0,0.0,0.0,,0.0,0.0,0.0,,0.0,0.0,0.0
subject_11_task_5_6,11,5_6,,5_6,19,90.0,120.0,0.160585467851542,18.0,0.1111111111111111,eye,高,7.8,6,82.83333333333333,2.48327740429189,80.0,85.0,-5.094534204193744,11.150945568236375,3.859306234667763,2.9523340063128933,8.362988652508768,5.676915168870199,1.3072051557904751,2.83267023129037,9.262845199111064,4.549496075104909,5.356529123380923,5.457250179085212,2.76129591992663,0.8493365704382407,1.018803417919385,14.0323510110413,6.491413599887062,5.587457056597037,7.793375121939249,2.829534962551123,1.161783175089057,1.3947982137487238,18.684373086612258,9.207669973357936,18.774132485099823,52.399633068966786,54.22866878821896,0.4904444975375371,2.791054825598679,2994,2.840975535168196,0.090206719763328,0.9692718770875084,0.9395457581830328,0.033066132264529,0.0250501002004008,6,5,6270.885504331047,5.849993842111744,0.1949997947370581,0.2090295168110349,0.4387489566455541,1.2677597492051849,2.83726986448667,0.0,0.0,0.0,0.0,0.0,0.0,0.0,0.0,0.0,0.0,0.0,0.0,0.0,0.0,0.0,0.0,0.0,0.0,0.0,0.0,0.0,0.0,0.0,0.0,,0.0,0.0,0.0,,0.0,0.0,0.0
subject_11_task_5_6,11,5_6,,5_6,20,95.0,125.0,0.167276529012023,18.0,0.1157407407407407,eye,高,7.8,5,82.8,3.1144823004794873,80.0,87.0,18.51063829787231,11.571086112171344,3.918678899486416,3.176359281509776,8.252187364040527,5.067841276841976,1.2337014021989992,2.59800187342728,10.663083626648511,4.7413615185190325,5.664173978968738,5.679584805623844,2.812000170300245,0.8370790756293613,1.0027207544669934,14.916762078353806,6.65537802333689,5.8519874500756925,7.794839723334678,2.8730886480104014,1.1372850813702289,1.3319987081028095,20.045328612788087,10.029703035306111,20.004079503528313,55.77692046843185,56.60194040778297,0.5013828821034768,2.7882772840706784,2994,2.8253917208347583,0.081315397478537,0.9609218436873748,0.928189712758851,0.0384101536406145,0.0317301269205076,6,5,6270.885504331047,5.849993842111744,0.1949997947370581,0.2090295168110349,0.4387489566455541,1.2677597492051849,2.83726986448667,0.0,0.0,0.0,0.0,0.0,0.0,0.0,0.0,0.0,0.0,0.0,0.0,0.0,0.0,0.0,0.0,0.0,0.0,0.0,0.0,0.0,0.0,0.0,0.0,,0.0,0.0,0.0,,0.0,0.0,0.0
subject_11_task_5_6,11,5_6,,5_6,21,100.0,130.0,0.1739675901725039,18.0,0.1203703703703703,eye,高,7.8,6,83.33333333333333,3.07679486912382,80.0,87.0,17.264485612928592,12.46426728288869,3.892214829062605,3.0290220590083634,7.98156380712967,4.65552022524364,1.2849740785106174,2.635029937597306,10.63644484560122,4.760185392660326,4.515460090038855,5.907197389048979,2.795445263962345,1.0541972019997117,1.3082160557858344,15.014163481712142,6.248940627350015,5.585866453377185,7.888736738257059,2.3141654029354517,1.1187056975864396,1.412267336518146,16.78207078923302,10.629372178450756,20.340227811184416,58.15307457382664,59.57897803498203,0.5225788165757916,2.8590178592714772,2994,2.8230506329113925,0.0919374480576265,0.9595858383433534,0.9238476953907816,0.042752171008684,0.0317301269205076,6,5,6270.885504331047,5.849993842111744,0.1949997947370581,0.2090295168110349,0.4387489566455541,1.2677597492051849,2.83726986448667,0.0,0.0,0.0,0.0,0.0,0.0,0.0,0.0,0.0,0.0,0.0,0.0,0.0,0.0,0.0,0.0,0.0,0.0,0.0,0.0,0.0,0.0,0.0,0.0,,0.0,0.0,0.0,,0.0,0.0,0.0
subject_11_task_5_6,11,5_6,,5_6,22,105.0,135.0,0.1806586513329848,18.0,0.125,eye,高,7.8,6,83.5,3.0166206257996713,80.0,87.0,14.512452511608142,10.08740063844254,3.697958811193882,2.837877308685169,7.126023760634729,3.622674747025163,1.303072123617353,2.511040113970368,10.304565259166893,4.553210671585851,4.149809483086692,5.39855458657611,2.0160541854910523,1.0972095683291714,1.300916248945622,14.919359022544294,6.1347863878258035,5.009080753341493,7.676379805808063,2.1175461940060205,1.2247329779487717,1.5324927234777057,16.604836857820825,10.685622127796783,20.964786928392304,61.06199478748912,59.274266329369176,0.5096938101157329,2.912597919361334,2995,2.8360718707015127,0.0878623755336023,0.9582637729549248,0.92220367278798,0.0437395659432387,0.0340567612687813,6,5,6270.885504331047,5.849993842111744,0.1949997947370581,0.2090295168110349,0.4387489566455541,1.2677597492051849,2.83726986448667,0.0,0.0,0.0,0.0,0.0,0.0,0.0,0.0,0.0,0.0,0.0,0.0,0.0,0.0,0.0,0.0,0.0,0.0,0.0,0.0,0.0,0.0,0.0,0.0,,0.0,0.0,0.0,,0.0,0.0,0.0
subject_11_task_5_6,11,5_6,,5_6,23,110.0,140.0,0.1873497124934657,18.0,0.1296296296296296,eye,高,7.8,5,84.4,2.4083189157584592,81.0,87.0,-15.753899480069355,10.429724387586631,4.140318098140964,2.864102745619673,7.110313555245676,3.7653063818761527,1.4455899336967295,2.482562319427999,10.422714193480918,4.671919449647818,3.6090513960119264,5.386052334346935,2.054340445632871,1.2945006698464814,1.492373408785098,15.347231732967805,6.4218453620767315,5.0238848028135505,7.6681089623612095,2.0991507689383457,1.2782628611389089,1.5263305715264015,15.757203713057912,11.308787812726573,21.13070482959368,60.735696719149985,59.45750341444366,0.5351827070571042,2.874286362378659,2995,2.8759555018972063,0.2251367510656161,0.9502504173622704,0.908848080133556,0.0520868113522537,0.0377295492487479,6,5,5810.811537829961,5.42079929389548,0.180693309796516,0.1936937179276653,0.4387489566455541,1.2677597492051849,2.8372698644866694,0.0,0.0,0.0,0.0,0.0,0.0,0.0,0.0,0.0,0.0,0.0,0.0,0.0,0.0,0.0,0.0,0.0,0.0,0.0,0.0,0.0,0.0,0.0,0.0,,0.0,0.0,0.0,,0.0,0.0,0.0
subject_11_task_5_6,11,5_6,,5_6,24,115.0,145.0,0.1940407736539466,18.0,0.1342592592592592,eye,高,7.8,7,83.14285714285714,2.9113897843110044,80.0,87.0,-16.036671368124022,10.313707020454464,3.895557735612771,2.6973096192797734,7.199769288174143,3.901982720996414,1.444238254210115,2.6692409490967526,10.862169691305402,4.4571573757109215,3.655421937451779,5.390196697220109,2.0185664590703283,1.2193277416335797,1.4745757916465465,15.602952432463653,6.11445132132069,4.932869774633224,7.758918534439218,2.138373998005344,1.2395322805324454,1.5729015540484483,15.659531553232938,10.586124947700709,19.030823765750153,58.9820300750386,58.210903647134536,0.5562620450909014,3.0992893844768186,2995,2.868568010936432,0.2242169263766361,0.9582637729549248,0.914524207011686,0.0530884808013355,0.0310517529215358,6,5,4765.663953774787,4.445800320210191,0.1481933440070063,0.1588554651258262,0.4387489566455541,1.2677597492051849,2.8372698644866694,0.0,0.0,0.0,0.0,0.0,0.0,0.0,0.0,0.0,0.0,0.0,0.0,0.0,0.0,0.0,0.0,0.0,0.0,0.0,0.0,0.0,0.0,0.0,0.0,,0.0,0.0,0.0,,0.0,0.0,0.0
subject_11_task_5_6,11,5_6,,5_6,25,120.0,150.0,0.2007318348144276,18.0,0.1388888888888889,eye,高,7.8,6,82.83333333333333,3.0605010483034745,80.0,87.0,-20.134228187919607,9.938694436032996,4.17637160679269,2.788029347906621,6.87824167618073,3.6997820279295177,1.4979654392549704,2.467062149595099,10.00977791984518,4.662005130161179,3.787024372723693,5.379520579073397,1.9524066341115816,1.2310470362270696,1.4205138519360394,15.550109723060247,6.565466914348045,5.181034017536998,7.86507809318064,1.978456554059192,1.2672116979207155,1.5180518148613904,15.539841452444856,11.7424765222992,18.83906274480009,54.753598064420906,56.06734178840498,0.6233047090169244,2.9063865228398296,2995,2.877940252645954,0.2258700320111734,0.9609348914858096,0.9108514190317196,0.0597662771285475,0.0280467445742904,12,5,4301.516369719617,4.470801346524907,0.1490267115508302,0.1433838789906538,0.4307684075475506,1.2245339450131385,2.818202241765498,0.0,0.0,0.0,0.0,0.0,0.0,0.0,0.0,0.0,0.0,0.0,0.0,0.0,0.0,0.0,0.0,0.0,0.0,0.0,0.0,0.0,0.0,0.0,0.0,,0.0,0.0,0.0,,0.0,0.0,0.0
subject_11_task_5_6,11,5_6,,5_6,26,125.0,155.0,0.2074228959749085,18.0,0.1435185185185185,eye,高,7.8,6,81.33333333333333,2.804757862395017,78.0,86.0,-17.29411764705879,10.089177033943509,4.126703701170508,2.4665331389906155,5.864447788952171,3.552618023087155,1.6730785554575147,2.3776075400114394,9.430806315741687,4.44444042052087,3.4855917669192102,4.832080472369651,1.9908130821861532,1.2750892008358028,1.386301321408202,15.646741401381338,6.078418511125378,4.426188320946109,6.963264202733107,1.973020475428023,1.3732851090769,1.5731965514844368,15.83754217767651,10.701106075615431,22.422612128019793,55.432217063652026,58.16413387395577,0.4772461840983769,2.472156979176512,2995,2.8780129604365623,0.2437614258281414,0.9569282136894824,0.9091819699499164,0.0601001669449081,0.0270450751252086,17,6,4203.784443579862,4.117874374097279,0.1372624791365759,0.1401261481193287,0.3557855809947871,1.466057580698997,2.8124987931502017,0.0,0.0,0.0,0.0,0.0,0.0,0.0,0.0,0.0,0.0,0.0,0.0,0.0,0.0,0.0,0.0,0.0,0.0,0.0,0.0,0.0,0.0,0.0,0.0,,0.0,0.0,0.0,,0.0,0.0,0.0
subject_11_task_5_6,11,5_6,,5_6,27,130.0,160.0,0.2141139571353894,18.0,0.1481481481481481,eye,高,7.8,6,80.0,1.8973665961010275,78.0,83.0,-11.647058823529392,9.729816701614078,4.446055294116985,2.648205003085672,5.723188438352391,3.4274836372915347,1.6788939258616569,2.1611576262728027,9.241009772840098,4.610325885099006,4.317071135989018,5.10754196499886,2.021577357243521,1.0679290981946734,1.1831034986706908,15.026508953799876,6.380848674547455,5.499285712988149,6.918826986776384,1.983768044574779,1.1603049936971344,1.258131937105137,15.00665079785606,10.983390239499585,22.2109743583769,55.93248438003644,60.56470058584957,0.494502855312927,2.5182364122149115,2995,2.877986630099417,0.2409503620700294,0.9539232053422372,0.9098497495826378,0.0557595993322203,0.0307178631051752,17,6,3734.221201609265,3.520803399154324,0.1173601133051441,0.1244740400536421,0.4078494330608106,1.359318719106246,2.8057863774266933,0.0,0.0,0.0,0.0,0.0,0.0,0.0,0.0,0.0,0.0,0.0,0.0,0.0,0.0,0.0,0.0,0.0,0.0,0.0,0.0,0.0,0.0,0.0,0.0,,0.0,0.0,0.0,,0.0,0.0,0.0
subject_11_task_5_6,11,5_6,,5_6,28,135.0,165.0,0.2208050182958703,18.0,0.1527777777777778,eye,高,7.8,6,79.33333333333333,1.2110601416389968,78.0,81.0,-6.439983613273132,9.017091600787523,4.179544549291616,2.6277938281493407,6.469535639013741,4.158724350119908,1.5905146379901185,2.461964698185626,8.851075089195914,5.175049010592198,4.115366723579321,5.059259679003417,2.02069463218954,1.2574940116372482,1.2293581638826951,14.464104349350082,6.080156201894464,5.219388577431102,7.255147851307312,2.0705183788650117,1.1649173292414678,1.3900378834944258,13.917029259439367,10.434042846817755,23.340776805302596,55.58602260969008,58.37215979100691,0.4470306594272103,2.381498399704587,2994,2.8676488706365504,0.2411472989018099,0.9579158316633266,0.919505678022712,0.0490981963927855,0.0277221108884435,17,6,2689.0736175540906,2.545804425469033,0.0848601475156344,0.089635787251803,0.5663660489091696,1.0954685055316296,2.793549862136236,0.0,0.0,0.0,0.0,0.0,0.0,0.0,0.0,0.0,0.0,0.0,0.0,0.0,0.0,0.0,0.0,0.0,0.0,0.0,0.0,0.0,0.0,0.0,0.0,,0.0,0.0,0.0,,0.0,0.0,0.0
subject_11_task_5_6,11,5_6,,5_6,29,140.0,170.0,0.2274960794563512,18.0,0.1574074074074074,eye,高,7.8,6,80.0,2.6076809620810595,78.0,85.0,6.708074534161457,9.619974293359268,4.021261341629757,2.68704866732402,7.12487992902073,4.9728589752248995,1.496534614549596,2.6515634106903843,9.25285114370297,5.326530839715228,4.287519889525522,5.182555211137419,2.0731283605348927,1.2423337913202517,1.2087536255629934,22.90704282874422,7.146008067160066,5.6918454555887115,7.705275622915524,2.195079631992379,1.2554817454053573,1.353739430038436,14.750135881791442,11.231684633122931,23.35857349745184,57.52234246494786,59.484564016302905,0.4808377803699436,2.462579423834375,2994,2.8184806385869563,0.1269782942974811,0.969939879759519,0.9328657314629258,0.0440881763527054,0.0207080828323313,16,3,2227.8287503576335,2.1396827415201765,0.0713227580506725,0.0742609583452544,0.6836252560954295,0.7711540749463142,2.790240979705585,0.0,0.0,0.0,0.0,0.0,0.0,0.0,0.0,0.0,0.0,0.0,0.0,0.0,0.0,0.0,0.0,0.0,0.0,0.0,0.0,0.0,0.0,0.0,0.0,,0.0,0.0,0.0,,0.0,0.0,0.0
subject_11_task_5_6,11,5_6,,5_6,30,145.0,175.0,0.2341871406168322,18.0,0.162037037037037,eye,高,7.8,6,81.16666666666667,3.1885210782848317,78.0,85.0,18.268156424581107,9.057603146875104,3.936814600902688,2.8272423563873783,8.022125958570461,6.348689289322777,1.3924574212778524,2.837438375400209,9.579237212909808,5.292907545153484,4.452481811359504,5.166389123334292,2.182298090105917,1.188754445138849,1.1603391865977788,19.381974115883843,6.613532978187747,5.727134507502736,8.335546826579222,2.7464015718152033,1.1547717221454812,1.455448063191004,16.24856636646452,11.409258723469186,25.218027798544146,57.36304600951923,60.28030881215718,0.4524247024633644,2.2746840660089545,2994,2.8334201909959074,0.1367112753811483,0.9659318637274548,0.9258517034068136,0.0480961923847695,0.023380093520374,16,3,2509.642019264395,2.457577009886518,0.0819192336628839,0.0836547339754798,0.6068594597592873,0.9363939243813366,2.80712400467921,0.0,0.0,0.0,0.0,0.0,0.0,0.0,0.0,0.0,0.0,0.0,0.0,0.0,0.0,0.0,0.0,0.0,0.0,0.0,0.0,0.0,0.0,0.0,0.0,,0.0,0.0,0.0,,0.0,0.0,0.0
subject_11_task_5_6,11,5_6,,5_6,31,150.0,180.0,0.2408782017773131,18.0,0.1666666666666666,eye,高,7.8,6,81.16666666666667,3.1885210782848317,78.0,85.0,18.268156424581107,8.314701424055796,4.005413013783806,2.94660802314206,8.976542013686576,7.287913226284973,1.359330111886653,3.0463984158010295,9.072397274844588,5.35954550433748,4.676432085378651,5.426924185386986,2.218497908905961,1.14607577026397,1.1604839087377803,22.269621884865415,7.225587918871832,6.180543457113119,8.88127896826726,2.95470267633421,1.1690861764843643,1.4369737920127226,14.694939924313324,11.448782906429525,25.32313044444865,61.34912702714644,61.58660295335244,0.4521077254466906,2.422651779239064,2994,2.84014387755102,0.1400928435398854,0.9542418169672678,0.9288577154308616,0.0460921843687374,0.0207080828323313,10,2,2210.455288171152,1.7754712782528517,0.0591823759417617,0.0736818429390384,0.6889983290546767,0.6198997767081846,2.8533214716419346,0.0,0.0,0.0,0.0,0.0,0.0,0.0,0.0,0.0,0.0,0.0,0.0,0.0,0.0,0.0,0.0,0.0,0.0,0.0,0.0,0.0,0.0,0.0,0.0,,0.0,0.0,0.0,,0.0,0.0,0.0
subject_11_task_5_6,11,5_6,,5_6,32,155.0,185.0,0.247569262937794,18.0,0.1712962962962963,eye,高,7.8,6,81.5,2.8809720581775866,78.0,85.0,5.007518796992397,8.522015996959318,3.838182801454949,2.9592602893102806,10.549505889912684,8.50549314548199,1.297007503976448,3.564913139956159,9.748830171364364,5.320975415270322,4.4617314969259745,5.240884272014193,2.3634304984517787,1.1925808218034513,1.1746301353241528,18.762948264437107,6.9802412278849415,5.7606770911158325,9.11894319367928,3.0289984754324055,1.2117049988186166,1.582963781764924,15.95987653934698,11.723514553777097,21.639254028455053,62.04621886510563,63.20171001514918,0.5417707347194585,2.8672993432914313,2995,2.838540210383441,0.1140364009503424,0.959933222036728,0.9358931552587646,0.0414023372287145,0.0207011686143572,10,2,1544.852899162493,1.47129354536153,0.0490431181787176,0.0514950966387497,0.6274180264045741,0.6603155642362826,2.893398767224403,0.0,0.0,0.0,0.0,0.0,0.0,0.0,0.0,0.0,0.0,0.0,0.0,0.0,0.0,0.0,0.0,0.0,0.0,0.0,0.0,0.0,0.0,0.0,0.0,,0.0,0.0,0.0,,0.0,0.0,0.0
subject_11_task_5_6,11,5_6,,5_6,33,160.0,190.0,0.254260324098275,18.0,0.1759259259259259,eye,高,7.8,6,81.83333333333333,2.48327740429189,79.0,85.0,-4.805194805194735,8.66293378549167,3.8933717694093177,2.9733472477043685,11.36732471695649,9.317247086328129,1.3094238395516271,3.8230733816014455,9.022418854347656,5.206011010871982,4.111439570405504,5.150747046654069,2.405678981457464,1.2662258368930672,1.2527843249185977,20.6465830607263,7.193819007751289,5.152581575738708,8.995727534247937,3.1148914442721773,1.396158197984461,1.7458680473114587,14.848540103701444,11.457311417965984,21.843046473439895,62.32423159120682,61.62686118538661,0.5245290043171189,2.8532756026953527,2995,2.842365293720459,0.1168426242241854,0.9649415692821368,0.9368948247078464,0.0447412353923205,0.0163606010016694,5,1,1251.0818259846776,1.411259814985536,0.0470419938328512,0.0417027275328225,1.0,-1.000088900581841e-12,2.94059,0.0,0.0,0.0,0.0,0.0,0.0,0.0,0.0,0.0,0.0,0.0,0.0,0.0,0.0,0.0,0.0,0.0,0.0,0.0,0.0,0.0,0.0,0.0,0.0,,0.0,0.0,0.0,,0.0,0.0,0.0
subject_11_task_5_6,11,5_6,,5_6,34,165.0,195.0,0.2609513852587559,18.0,0.1805555555555555,eye,高,7.8,6,82.33333333333333,2.065591117977289,80.0,85.0,-10.121951219512122,9.563373677727276,3.8499576624947256,2.966729478661327,11.533665501361932,9.066540802981509,1.2977110620250878,3.887670104173519,10.002714086409531,4.650430219281854,4.235899002049421,5.4783060894630955,2.426906609763369,1.0978614497257546,1.2933042281727138,17.87465664480949,6.671321270838306,5.297753953760093,9.167745366739762,3.033102898422719,1.259273520262926,1.730496630601905,16.066696848460307,12.171051538373026,19.674863573845528,62.25202219808409,61.61003360802717,0.618609196078616,3.1640383154085927,2995,2.852163286004057,0.1198235938925117,0.9639398998330552,0.9315525876460768,0.0484140233722871,0.0176961602671118,5,1,1532.8950948914392,1.7291540833518773,0.0576384694450625,0.0510965031630479,1.0,-1.000088900581841e-12,2.94059,0.0,0.0,0.0,0.0,0.0,0.0,0.0,0.0,0.0,0.0,0.0,0.0,0.0,0.0,0.0,0.0,0.0,0.0,0.0,0.0,0.0,0.0,0.0,0.0,,0.0,0.0,0.0,,0.0,0.0,0.0
subject_11_task_5_6,11,5_6,,5_6,35,170.0,200.0,0.2676424464192368,18.0,0.1851851851851851,eye,高,7.8,6,81.83333333333333,1.602081978759722,80.0,84.0,-4.519480519480459,9.024190852018,4.194567184378191,2.8996275426599643,12.083485637825492,8.639242304225196,1.4465882678608846,4.167254400798229,9.160677251157429,4.643374696052925,4.056027899253444,5.777326065352742,2.3890839725605955,1.1448083719807718,1.424380257940563,12.124519240345656,6.110795552511424,5.218041157037906,8.884462704213234,2.676097259283921,1.1710899490068996,1.7026432787388408,14.192178413080418,12.276048869708506,20.131321123891464,61.64607750244371,59.17036243815875,0.609798472447967,3.0621973154699385,2995,2.8835624151967436,0.1774195837332929,0.9572621035058432,0.9258764607679466,0.0490818030050083,0.021702838063439,5,1,1649.1712496423686,1.860317258479829,0.0620105752826609,0.0549723749880789,1.0,-1.000088900581841e-12,2.94059,0.0,0.0,0.0,0.0,0.0,0.0,0.0,0.0,0.0,0.0,0.0,0.0,0.0,0.0,0.0,0.0,0.0,0.0,0.0,0.0,0.0,0.0,0.0,0.0,,0.0,0.0,0.0,,0.0,0.0,0.0
subject_11_task_5_6,11,5_6,,5_6,36,175.0,205.0,0.2743335075797177,18.0,0.1898148148148148,eye,高,7.8,5,81.2,1.095445115010332,80.0,82.0,6.763005780346906,9.063140794628907,3.8745851280186736,2.9337294514149828,11.56257351897608,8.275192269354044,1.320702945580037,3.941254198951192,9.19629963845913,4.442244461986121,4.4705625250990195,5.455036188934964,2.321206485180505,0.9936656599803912,1.2202124807132944,12.066960612552975,5.839513962581206,5.474835774772984,8.017893448851481,2.5656086174413284,1.0666098861793427,1.4644993528018555,13.640991308548848,11.274560710860376,17.64232032852557,62.25865623526954,58.99402024278077,0.6390633715357004,3.528938091811232,2995,2.8696219594594594,0.1766563137405467,0.9619365609348914,0.9318864774624374,0.0470784641068447,0.0180300500834724,10,3,1414.185438991634,1.616634492896415,0.0538878164298805,0.0471395146330544,0.9668873282351028,0.1682029894810678,2.934516099587434,0.0,0.0,0.0,0.0,0.0,0.0,0.0,0.0,0.0,0.0,0.0,0.0,0.0,0.0,0.0,0.0,0.0,0.0,0.0,0.0,0.0,0.0,0.0,0.0,,0.0,0.0,0.0,,0.0,0.0,0.0
subject_11_task_5_6,11,5_6,,5_6,37,180.0,210.0,0.2810245687401986,18.0,0.1944444444444444,eye,高,7.8,6,81.33333333333333,1.0327955589886446,80.0,82.0,5.48520044960645,9.42883818989151,3.9427869334074135,2.783818514233236,11.93721618086386,8.77482232688821,1.4163232672132002,4.288072702954848,9.036949322328754,4.5197787108664915,3.930445260281663,5.662926226382012,2.3185181874218084,1.1499406330728534,1.4407849114723954,12.158190719639686,5.939948454985107,5.065453386033666,8.089596597195097,2.5599615110747926,1.1726390516913203,1.5970133333966745,14.868208482905574,12.40125152539892,19.387990717224156,59.30284077777611,57.600794649605014,0.6396357263768304,3.0587409310595493,2995,2.844836215666327,0.1779133403650201,0.9692821368948248,0.9302170283806344,0.0454090150250417,0.0230383973288814,10,3,2303.0586264856147,3.1540277941033574,0.1051342598034452,0.0767686208828538,0.471349143849346,1.0555438572452327,2.843618886461512,0.0,0.0,0.0,0.0,0.0,0.0,0.0,0.0,0.0,0.0,0.0,0.0,0.0,0.0,0.0,0.0,0.0,0.0,0.0,0.0,0.0,0.0,0.0,0.0,,0.0,0.0,0.0,,0.0,0.0,0.0
subject_11_task_5_6,11,5_6,,5_6,38,185.0,215.0,0.2877156299006795,18.0,0.199074074074074,eye,高,7.8,6,82.0,1.2649110640673518,80.0,84.0,6.506024096385565,8.775570109568696,4.02439841259163,3.0995150391394524,11.489207258858563,8.28611880553636,1.2983961560996204,3.706775774202542,8.729696229037378,4.598277344490914,4.881187078082404,5.690571169336088,2.2943824177920216,0.9420407927281016,1.1658170601344076,11.452742607658578,5.998749412520581,5.85292102685856,7.863011596886222,2.5022080359608667,1.024915488350659,1.3434337420244569,13.34328907568361,11.745932637168004,18.4816368715035,57.824117130819396,56.348720468108496,0.6355461217441646,3.128733538747174,2994,2.861258871240284,0.1772293064949268,0.9712758851035403,0.9158316633266532,0.0604542418169672,0.0200400801603206,10,3,2065.7314429220805,2.9066344533808,0.0968878151126933,0.0688577147640693,0.3890783798038942,1.089026625878814,2.828527853299776,0.0,0.0,0.0,0.0,0.0,0.0,0.0,0.0,0.0,0.0,0.0,0.0,0.0,0.0,0.0,0.0,0.0,0.0,0.0,0.0,0.0,0.0,0.0,0.0,,0.0,0.0,0.0,,0.0,0.0,0.0
subject_11_task_5_6,11,5_6,,5_6,39,190.0,220.0,0.2944066910611604,18.0,0.2037037037037037,eye,高,7.8,6,82.66666666666667,1.0327955589886446,82.0,84.0,5.358711566617918,9.749399186802982,4.13654261357327,2.8738140183296768,12.23317097796551,9.25276846891301,1.4393912017930508,4.256771976175305,9.075207553700151,4.4369779126494935,4.850742071372719,6.003520824251264,2.3312431812299774,0.9147008534704189,1.237649979305603,13.206856773984402,6.078185192707424,5.304265708717021,7.857504060926507,2.588334891381863,1.1459051123171573,1.4813556658772766,14.75324962473752,10.787955892006336,20.37482787076937,56.756984171632304,57.50546304720478,0.5294747008627846,2.7856423883245855,2994,2.8545421481985045,0.1762019820584911,0.962257849031396,0.9064796259185036,0.0634602538410153,0.0243820975283901,10,3,1783.9181740153188,2.5887401850144585,0.0862913395004819,0.0594639391338439,0.38734960496796,1.091586641673322,2.8108249113474466,0.0,0.0,0.0,0.0,0.0,0.0,0.0,0.0,0.0,0.0,0.0,0.0,0.0,0.0,0.0,0.0,0.0,0.0,0.0,0.0,0.0,0.0,0.0,0.0,,0.0,0.0,0.0,,0.0,0.0,0.0
subject_11_task_5_6,11,5_6,,5_6,40,195.0,225.0,0.3010977522216414,18.0,0.2083333333333333,eye,高,7.8,6,82.66666666666667,1.0327955589886444,82.0,84.0,2.547584187408448,8.142227336216623,4.144316537513107,2.890725786405259,12.345553169231152,9.320639827669565,1.4336595179671958,4.2707451627860475,8.213412593914532,4.800126647884393,4.932245610370136,5.633781688678571,2.431484884282967,0.9732132231598604,1.1422346196291286,12.350433315666866,6.488879203155615,5.161404781709071,7.633167608937902,2.5741716407933035,1.2571924655378384,1.4788934276164964,13.220093599395785,11.313589736130842,20.45302444120659,57.52174050792212,60.83501348449743,0.5531499641362291,2.8123831110294573,2994,2.845878213802436,0.1804699788083583,0.9615898463593856,0.9018036072144288,0.0694722778891115,0.0220440881763527,16,8,1702.1482269347844,2.6702478712355644,0.0890082623745188,0.0567382742311594,0.4059575946827767,1.400519578506053,2.7929564670390863,0.0,0.0,0.0,0.0,0.0,0.0,0.0,0.0,0.0,0.0,0.0,0.0,0.0,0.0,0.0,0.0,0.0,0.0,0.0,0.0,0.0,0.0,0.0,0.0,,0.0,0.0,0.0,,0.0,0.0,0.0
subject_11_task_5_6,11,5_6,,5_6,41,200.0,230.0,0.3077888133821223,18.0,0.2129629629629629,eye,高,7.8,6,82.33333333333333,1.505545305418162,80.0,84.0,-3.5256637168140323,8.17067013748413,3.9783549448498343,2.9951673489498014,12.171396219585269,9.416061623930748,1.3282579840638182,4.063678186079632,8.142499848034118,4.519414599692664,5.184086231724185,5.637881137225105,2.4316873410483533,0.8717861543343856,1.087536141417538,13.244292272561024,6.342708708440927,4.961774181245496,7.520837116017178,2.541210538888378,1.278314666639825,1.5157556231487566,14.94062761799397,10.66220063547682,21.782871782738933,58.26606132406331,60.811098760577586,0.4894763528804179,2.6748567363020603,2994,2.830322993931221,0.1077315077613048,0.9692718770875084,0.9078156312625252,0.0688042752171008,0.0170340681362725,11,7,1888.211455243835,3.2502795740749715,0.1083426524691657,0.0629403818414611,0.365954775923529,1.4913002904865271,2.7851604376064847,0.0,0.0,0.0,0.0,0.0,0.0,0.0,0.0,0.0,0.0,0.0,0.0,0.0,0.0,0.0,0.0,0.0,0.0,0.0,0.0,0.0,0.0,0.0,0.0,,0.0,0.0,0.0,,0.0,0.0,0.0
subject_11_task_5_6,11,5_6,,5_6,42,205.0,235.0,0.3144798745426032,18.0,0.2175925925925926,eye,高,7.8,7,81.57142857142857,1.9880595947760096,79.0,84.0,-9.096170970614486,8.163225038267127,3.892247289553355,3.0050426768447527,12.25504128480096,9.112034507363225,1.2952386066077948,4.078158815923559,8.347206539556153,4.856293778164105,4.623572529148959,5.429890818562044,2.467904929286004,1.05033364298883,1.1743929146411598,13.058651574830304,6.400800865959695,4.777096334967153,7.418194947777183,2.524232440351658,1.339893612592116,1.552866935815769,15.381801151076152,10.996078008201875,23.632191433710855,58.75152067273613,61.09932194940072,0.4653008181254061,2.4860800928063,2994,2.858950592216582,0.1455449717107123,0.9629258517034068,0.8884435537742151,0.0761523046092184,0.021376085504342,11,7,2267.552130405418,4.026945690779573,0.1342315230259857,0.0755850710135139,0.2934265179030466,1.6133714453826142,2.79634459187146,0.0,0.0,0.0,0.0,0.0,0.0,0.0,0.0,0.0,0.0,0.0,0.0,0.0,0.0,0.0,0.0,0.0,0.0,0.0,0.0,0.0,0.0,0.0,0.0,,0.0,0.0,0.0,,0.0,0.0,0.0
subject_11_task_5_6,11,5_6,,5_6,43,210.0,240.0,0.3211709357030841,18.0,0.2222222222222222,eye,高,7.8,6,81.5,2.16794833886788,79.0,84.0,-14.965164886205256,9.271284388392957,3.94361736281594,2.9751211970914757,12.746399236156195,8.782213781110496,1.3255316679775202,4.284329407695147,8.906386862352027,5.042905979194143,4.359658796832419,5.338067333773377,2.408782370336667,1.156720333907357,1.2244231905606549,14.9690034381866,6.441120698848849,4.861006252552568,7.656752978581032,2.478208562015923,1.3250591264857037,1.575137447017351,14.768717245054134,10.539233156705272,23.079207006522083,60.3219402262514,60.288867778780826,0.4566549081919032,2.6136920652951674,2995,2.876389619143916,0.1340118673103113,0.9682804674457428,0.891151919866444,0.0747913188647746,0.018363939899833,11,7,1523.0338074222873,3.022535740693818,0.1007511913564605,0.0507677935807429,0.4992402796867556,1.310456186787086,2.839125956624195,0.0,0.0,0.0,0.0,0.0,0.0,0.0,0.0,0.0,0.0,0.0,0.0,0.0,0.0,0.0,0.0,0.0,0.0,0.0,0.0,0.0,0.0,0.0,0.0,,0.0,0.0,0.0,,0.0,0.0,0.0
subject_11_task_5_6,11,5_6,,5_6,44,215.0,245.0,0.3278619968635651,18.0,0.2268518518518518,eye,高,7.8,6,80.5,2.16794833886788,78.0,84.0,-13.914473684210462,9.007361207713837,3.890558529490741,2.739640897018218,13.241378974046572,9.032997665130283,1.4200979893843615,4.833253507223622,9.174790784962708,5.725467548995382,3.737701365588307,5.155057623604818,2.4556879926443895,1.5318151422443038,1.3792053241774764,14.41387692661428,6.715047641769367,4.6596515833066325,8.018738503726208,2.699257998021122,1.4411050958887706,1.7208880021102058,15.03328110935744,12.21126186193059,21.41220538867137,61.0831829070216,62.31275026269763,0.5702944484359955,2.85272730194056,2995,2.8734052044609664,0.1289887871911549,0.9696160267111852,0.9085141903171954,0.0587646076794657,0.018363939899833,6,5,1904.7158554966704,3.8029124325375614,0.126763747751252,0.0634905285165556,0.5142612664004563,1.193213553809199,2.841592162007986,0.0,0.0,0.0,0.0,0.0,0.0,0.0,0.0,0.0,0.0,0.0,0.0,0.0,0.0,0.0,0.0,0.0,0.0,0.0,0.0,0.0,0.0,0.0,0.0,,0.0,0.0,0.0,,0.0,0.0,0.0
subject_11_task_5_6,11,5_6,,5_6,45,220.0,250.0,0.334553058024046,18.0,0.2314814814814814,eye,高,7.8,6,79.33333333333333,1.7511900715418265,77.0,82.0,-11.219903691813748,10.121091818428257,3.865086062219312,2.9651241416991674,13.018737546784708,8.67822969540498,1.3035157644375797,4.390621412338003,9.51826612275683,5.922988160796351,3.799839780850144,5.091431019173061,2.441142070276893,1.5587468162858151,1.3399067626040664,16.11741212057828,6.591054361093578,4.669973196776253,7.997666035286818,2.697793317574148,1.411368777371886,1.7125721494092765,15.988415952651945,12.19167130290395,23.42191394999405,62.292447884331715,63.284859227429024,0.5205241266334278,2.659579743027258,2995,2.8912160618279565,0.1290187766573775,0.9796327212020032,0.9168614357262104,0.0580968280467445,0.0126878130217028,6,5,2330.883988914281,4.653790052025091,0.155126335067503,0.0776961329638093,0.5142612664004563,1.1932135538091997,2.841592162007987,0.0,0.0,0.0,0.0,0.0,0.0,0.0,0.0,0.0,0.0,0.0,0.0,0.0,0.0,0.0,0.0,0.0,0.0,0.0,0.0,0.0,0.0,0.0,0.0,,0.0,0.0,0.0,,0.0,0.0,0.0
subject_11_task_5_6,11,5_6,,5_6,46,225.0,255.0,0.3412441191845269,18.0,0.2361111111111111,eye,高,7.8,6,78.33333333333333,1.632993161855452,76.0,80.0,-10.112604431529329,9.929563835146366,4.04946508694649,2.686529812269846,13.566382632452598,8.77537599084392,1.5073218500877534,5.049779299113891,10.129751856186829,6.188004593997458,3.2383997382341776,5.216052698886041,2.4182080143506863,1.910821731158992,1.6106883400781864,14.494682840194258,6.738411004320223,4.526566777292227,8.002554553119813,2.7360366929936237,1.4886361641948676,1.7679082065606702,16.419485447922824,11.991885598418468,21.74184689950356,63.535839547431785,62.33023873473865,0.5515578163091693,2.922283458305583,2995,2.8921381867205938,0.1389359517898276,0.9762938230383972,0.9061769616026712,0.0611018363939899,0.0153589315525876,6,5,2557.008800505665,5.105265716925171,0.1701755238975057,0.0852336266835221,0.5142612664004563,1.1932135538091997,2.8415921620079865,0.0,0.0,0.0,0.0,0.0,0.0,0.0,0.0,0.0,0.0,0.0,0.0,0.0,0.0,0.0,0.0,0.0,0.0,0.0,0.0,0.0,0.0,0.0,0.0,,0.0,0.0,0.0,,0.0,0.0,0.0
subject_11_task_5_6,11,5_6,,5_6,47,230.0,260.0,0.3479351803450078,18.0,0.2407407407407407,eye,高,7.8,7,77.42857142857143,1.618347187425374,76.0,80.0,-8.56637863315006,10.90926852100768,3.94647936737439,2.801772522926266,14.14136171095035,9.041250382191484,1.408565233287588,5.04729116844241,9.82764765117069,6.022260246809108,3.4675599764572618,5.125079642961811,2.4869790546053245,1.7367429223133248,1.478007497421286,16.21009294599421,6.808144758083246,4.758225131278097,8.161693115354003,2.746530817184027,1.4308160228338176,1.715280990322059,16.60876062162624,12.271709662941054,19.964209535123928,63.78345184610415,62.20137610059325,0.6146854770959445,3.1948899220821674,2995,2.8983242332322208,0.1391109475471096,0.9762938230383972,0.9065108514190318,0.0614357262103505,0.0153589315525876,6,5,2557.008800505665,5.105265716925171,0.1701755238975057,0.0852336266835221,0.5142612664004563,1.1932135538091997,2.8415921620079865,0.0,0.0,0.0,0.0,0.0,0.0,0.0,0.0,0.0,0.0,0.0,0.0,0.0,0.0,0.0,0.0,0.0,0.0,0.0,0.0,0.0,0.0,0.0,0.0,,0.0,0.0,0.0,,0.0,0.0,0.0
subject_11_task_5_6,11,5_6,,5_6,48,235.0,265.0,0.3546262415054887,18.0,0.2453703703703703,eye,高,7.8,5,76.6,0.8944271909999159,76.0,78.0,-7.044025157233001,9.86372058650278,4.191161043655374,2.8411688906105876,13.796804385719408,8.846427518532849,1.4751537852980865,4.856031062185246,10.132306541315774,6.179073064730731,3.3501878226466224,5.614116046825882,2.4771077887854576,1.8443960135492672,1.6757615823433964,13.57560987389864,6.822327732264587,4.806959557848422,8.462207655542342,2.72427180916734,1.4192604805933164,1.7604074995234609,14.58461547310583,12.395401144082165,19.432294137000454,65.37749419995684,62.7263841113068,0.6378763648127603,3.364373436251847,2995,2.891738368172623,0.1062472616033615,0.9779632721202004,0.9242070116861436,0.0520868113522537,0.0146911519198664,6,5,2453.6204113385497,4.898842806437493,0.163294760214583,0.0817873470446183,0.5142612664004564,1.1932135538091992,2.841592162007987,0.0,0.0,0.0,0.0,0.0,0.0,0.0,0.0,0.0,0.0,0.0,0.0,0.0,0.0,0.0,0.0,0.0,0.0,0.0,0.0,0.0,0.0,0.0,0.0,,0.0,0.0,0.0,,0.0,0.0,0.0
subject_11_task_5_6,11,5_6,,5_6,49,240.0,270.0,0.3613173026659697,18.0,0.25,eye,高,7.8,6,76.83333333333333,0.9831920802501752,76.0,78.0,-0.7304347826086329,9.593638211849743,3.934045927487336,2.7817247647269303,12.67421086666437,8.24439049105391,1.4142470086804306,4.556241878196221,9.73012051798001,5.919555616776229,3.374215686017763,5.414550726147847,2.3961513115602693,1.754350097211025,1.604684237757806,13.65890228405572,6.722718611072163,4.600161114806748,7.958823102536862,2.5734427751407667,1.4614093818221807,1.7301183380119962,15.390199721344027,12.898016601156874,20.46816822209684,65.65054539806528,60.90601499660871,0.6301500193472394,3.2074460540729217,2994,2.8862760487144787,0.1219061644963709,0.9769539078156312,0.918503674014696,0.0571142284569138,0.0156980627922511,6,5,2027.4522779209392,4.047965186949965,0.1349321728983321,0.0675817425973646,0.5142612664004563,1.1932135538091997,2.841592162007987,0.0,0.0,0.0,0.0,0.0,0.0,0.0,0.0,0.0,0.0,0.0,0.0,0.0,0.0,0.0,0.0,0.0,0.0,0.0,0.0,0.0,0.0,0.0,0.0,,0.0,0.0,0.0,,0.0,0.0,0.0
subject_11_task_5_6,11,5_6,,5_6,50,245.0,275.0,0.3680083638264506,18.0,0.2546296296296296,eye,高,7.8,6,77.16666666666667,1.602081978759722,76.0,80.0,7.632352941176448,9.515498769242985,3.903041274773512,2.639589418978981,13.05270932907542,8.557905662138742,1.4786546902749926,4.944977137438419,10.13155201430458,5.408812208914342,3.3320866406810947,5.5636302469485415,2.316247772604909,1.6232507711170303,1.6697135599725308,13.844682562799251,6.449168025492643,4.617674039864162,7.643733253582738,2.443187878737151,1.39662695327069,1.6553210962044418,13.403804497686002,11.738796506323242,18.96183725629395,66.58419128424572,59.72831823202288,0.6190748474242291,3.511484166026402,2994,2.8850311336717427,0.1310440977834569,0.976619906479626,0.9114896459585838,0.0634602538410153,0.0160320641282565,6,5,1601.284144503329,3.197087567462436,0.1065695855820812,0.0533761381501109,0.5142612664004563,1.1932135538091992,2.841592162007987,0.0,0.0,0.0,0.0,0.0,0.0,0.0,0.0,0.0,0.0,0.0,0.0,0.0,0.0,0.0,0.0,0.0,0.0,0.0,0.0,0.0,0.0,0.0,0.0,,0.0,0.0,0.0,,0.0,0.0,0.0
subject_11_task_5_6,11,5_6,,5_6,51,250.0,280.0,0.3746994249869315,18.0,0.2592592592592592,eye,高,7.8,6,77.66666666666667,1.96638416050035,76.0,80.0,11.741007194244563,9.801193401510975,3.984687899583493,2.7329826473331846,13.624288838885118,8.72509309567996,1.4579997071959858,4.985135508335391,9.620208545890998,5.289234025977984,3.345113604643544,5.465044678996126,2.232552552164285,1.5811821812675344,1.6337396348541895,14.029333254562374,7.031254085489165,4.916045888154992,7.863195666869521,2.6494519385720396,1.4302661621671755,1.5994959863608198,12.454575883001572,12.10993597536888,18.51176180172496,64.88809034530449,56.45035709870469,0.6541752268139304,3.505235808471676,2994,2.8580483925549913,0.136070370001596,0.974615898463594,0.9141616566466266,0.0594522378089512,0.0173680694722778,11,6,2196.283547867879,2.915740085611361,0.0971913361870453,0.0732094515955959,0.4649525047772161,1.329114434265182,2.8049714975007047,0.0,0.0,0.0,0.0,0.0,0.0,0.0,0.0,0.0,0.0,0.0,0.0,0.0,0.0,0.0,0.0,0.0,0.0,0.0,0.0,0.0,0.0,0.0,0.0,,0.0,0.0,0.0,,0.0,0.0,0.0
subject_11_task_5_6,11,5_6,,5_6,52,255.0,285.0,0.3813904861474124,18.0,0.2638888888888889,eye,高,7.8,7,78.57142857142857,1.9023794624226835,76.0,80.0,10.609418282548468,9.400352062898534,4.071128442996621,2.7947842509124508,13.834798280915956,9.21856122510355,1.4566879148783898,4.950220496054078,9.614598994851944,5.374924878051412,3.3141322822990555,5.755040047418209,2.2546200770047413,1.6218196560104592,1.736514887518571,13.42862554540963,6.719575217928453,4.826628954162344,8.629357886329384,2.7048521832043537,1.3921880637072148,1.787864360049404,11.810782140922328,12.300362237449162,20.6267458549131,64.77607867664408,57.43504321629016,0.5963307214802053,3.140392533668369,2994,2.8763174763832655,0.1201042272284853,0.9812959251837008,0.927187708750835,0.0554442217768871,0.0136940547762191,11,6,2541.9478776681144,2.495332328487383,0.0831777442829127,0.0847315959222704,0.7053645811356435,0.9578131221941544,2.786036122593885,0.0,0.0,0.0,0.0,0.0,0.0,0.0,0.0,0.0,0.0,0.0,0.0,0.0,0.0,0.0,0.0,0.0,0.0,0.0,0.0,0.0,0.0,0.0,0.0,,0.0,0.0,0.0,,0.0,0.0,0.0
subject_11_task_5_6,11,5_6,,5_6,53,260.0,290.0,0.3880815473078933,18.0,0.2685185185185185,eye,高,7.8,5,79.6,0.8944271909999159,78.0,80.0,6.463700234191964,9.289807462043443,3.9390032758900273,2.673038881877309,13.388582956121532,8.665873477006222,1.4736049305514087,5.008749796680309,8.679464261771484,5.147520148672014,3.280667989208371,5.84458640313736,2.212269491437466,1.569046354463353,1.7815232819544369,14.185980943954853,6.644071164204272,4.860440479778833,8.537233291292797,2.559300171704548,1.366968938688989,1.7564731688024435,11.350735340621409,11.40134771709927,18.2454806626118,59.30980175621706,55.17163330886202,0.624886125387896,3.25065712726074,2995,2.887280446549391,0.1237979420675997,0.9752921535893156,0.9235392320534224,0.0544240400667779,0.018363939899833,11,6,2115.779744250504,1.6444547089998545,0.0548151569666618,0.0705259914750168,0.8474417078962828,0.6091557788681671,2.774845820918334,1.0,1.0,0.03333333333333333,1.0,0.0,0.0,0.0,0.0,0.0,0.0,0.0,1.0,1.0,1.0,0.0034482758620689655,1.0,0.0,0.0,0.0,0.0,0.0,0.0,0.0,1.0,1.0,0.0,0.0,0.0,,1.0,1.0,0.016666666666666666
subject_11_task_5_6,11,5_6,,5_6,54,265.0,295.0,0.3947726084683743,18.0,0.2731481481481481,eye,高,7.8,7,80.14285714285714,1.2149857925879115,78.0,82.0,6.643543223052093,9.997253869044965,4.127101115974254,2.537855680755419,13.484106678734,8.977288519969514,1.6262158432688258,5.313188918102828,9.806469010707085,5.429044772904735,3.241649386089012,5.530809756677319,2.2841898706989396,1.674778523612874,1.7061714880121983,14.718510981929786,6.697028223984012,4.489143172400498,8.262871994859808,2.6866960636727626,1.4918277200775674,1.8406345437277216,11.84109083716685,12.33437372314009,20.02018281788248,60.17245227878093,55.456557335848665,0.6160969575224231,3.005589550612571,2995,2.87484617985125,0.1317749193059003,0.9736227045075124,0.9202003338898164,0.0567612687813021,0.01669449081803,11,1,1793.0000000000075,1.0000000000000042,0.0333333333333334,0.0597666666666669,1.0,-1.000088900581841e-12,2.76283,8.0,2.0,0.26666666666666666,4.0,0.0,4.0,0.0,4.0,0.5,0.5,0.0,1.0,8.0,2.0,0.02711864406779661,4.0,0.0,4.0,0.0,4.0,0.5,0.5,0.0,1.0,1.0,0.0,0.0,0.0,0.7142857142857143,1.0,8.0,0.13333333333333333
subject_11_task_5_6,11,5_6,,5_6,55,270.0,300.0,0.4014636696288552,18.0,0.2777777777777778,eye,高,7.8,6,80.5,0.8366600265340756,80.0,82.0,4.746835443038093,9.356079080869865,3.9425571165839,2.590411555061484,13.836619415932285,9.438297854278744,1.521980979771503,5.341475330009431,8.688722591267018,5.123858845794641,3.1774639822960125,5.6085815013742035,2.3514218801664377,1.6125623687139885,1.765112533965368,14.696378594809126,6.590238503850741,4.7918110537486065,8.65516805999923,2.8236115111310793,1.375312680305964,1.80624151555983,11.490972777756882,11.571738298205142,18.926019116583216,57.44058154562075,55.83571288274695,0.6114195609189594,3.035005998450598,2995,2.865122682844624,0.1342887627272768,0.9739565943238732,0.925542570951586,0.0537562604340567,0.0156928213689482,17,1,1793.0000000000075,1.0000000000000042,0.0333333333333334,0.0597666666666669,1.0,-1.000088900581841e-12,2.76283,12.0,3.0,0.4,4.0,0.0,8.0,0.0,8.0,0.6666666666666666,0.6666666666666666,0.0,1.0,12.0,3.0,0.04,4.0,0.0,8.0,0.0,8.0,0.6666666666666666,0.6666666666666666,0.0,1.0,2.0,0.0,0.0,0.0,0.8181818181818182,1.0,12.0,0.2
subject_11_task_5_6,11,5_6,,5_6,56,275.0,305.0,0.4081547307893361,18.0,0.2824074074074074,eye,高,7.8,6,80.83333333333333,0.9831920802501752,80.0,82.0,5.521172638436498,9.168369479370638,4.126040550904095,2.718839252668397,12.93023419386084,8.711539595991187,1.517574290887041,4.755792083393859,8.246605351253267,4.880125822988261,3.180244766402263,5.315676827532008,2.351998039457599,1.534512649637667,1.67146783281889,13.6733317273726,6.6087857961001735,4.628271141441928,7.955657164873012,2.4979093099896836,1.4279167304880975,1.7189263380957502,12.069119041047086,12.526311257542044,21.49371255279256,62.72881400849101,57.851623416183806,0.5827895588896096,2.918472732638317,2995,2.87496697000337,0.1458303066657684,0.968948247078464,0.9242070116861436,0.0524207011686143,0.0160267111853088,17,1,1793.0000000000075,1.0000000000000042,0.0333333333333334,0.0597666666666669,1.0,-1.000088900581841e-12,2.76283,12.0,3.0,0.4,4.0,0.0,8.0,0.0,8.0,0.6666666666666666,0.6666666666666666,0.0,1.0,12.0,3.0,0.03934426229508197,4.0,0.0,8.0,0.0,8.0,0.6666666666666666,0.6666666666666666,0.0,1.0,7.0,0.0,0.0,0.0,0.8181818181818182,1.0,12.0,0.2
subject_11_task_5_6,11,5_6,,5_6,57,280.0,310.0,0.414845791949817,18.0,0.287037037037037,eye,高,7.8,6,81.33333333333333,1.2110601416389968,80.0,83.0,6.747851002865356,8.236322476235172,3.617571495873483,2.6431488701145436,11.42215426381431,7.613561455662689,1.3686597591140268,4.321419195476235,7.685973220945725,4.824700265005391,3.1654448657236265,5.407786737462164,2.4442454895261214,1.5241776336870283,1.708381275573389,13.13997435361261,6.382233437197758,4.520420069312181,7.557646514105622,2.4951360271478658,1.4118673351896844,1.671890310684241,11.06350048420081,13.028931124406055,21.83579487657495,63.85008339527906,60.54795681291795,0.5966776661005944,2.924101630198783,2995,2.9026397034041125,0.1413281665311995,0.9702838063439064,0.920534223706177,0.0574290484140233,0.0146911519198664,17,1,771.8324632178463,0.4304698623635506,0.0143489954121183,0.0257277487739282,1.0,-1.000088900581841e-12,2.76283,12.0,3.0,0.4,4.0,0.0,8.0,0.0,8.0,0.6666666666666666,0.6666666666666666,0.0,1.0,12.0,3.0,0.03870967741935484,4.0,0.0,8.0,0.0,8.0,0.6666666666666666,0.6666666666666666,0.0,1.0,12.0,0.0,0.0,0.0,0.8181818181818182,1.0,12.0,0.2
subject_11_task_5_6,11,5_6,,5_6,58,285.0,315.0,0.421536853110298,18.0,0.2916666666666667,eye,高,7.8,5,82.0,0.7071067811865476,81.0,83.0,2.162516382699811,8.872886579214933,3.9372929196657034,2.4977783781617777,10.57966658436151,7.079990697075666,1.5763179608285849,4.2356306215395865,8.916304737707028,5.258822051797763,2.8598415953405323,5.221768121482996,2.420976309342082,1.8388508162010893,1.8258941788911285,13.119128375930275,6.853811724747386,4.322448999105858,7.08972554022309,2.364456816407211,1.5856316005498654,1.6402103394833971,12.892595017216076,14.70388856498276,22.45452386689094,67.15378204044913,60.55664475578078,0.6548296749530973,2.9906571361090837,2995,2.900790328035171,0.1405881156750942,0.9692821368948248,0.920534223706177,0.0564273789649415,0.01669449081803,12,0,0.0,0.0,0.0,0.0,,,,12.0,3.0,0.4,4.0,0.0,8.0,0.0,8.0,0.6666666666666666,0.6666666666666666,0.0,1.0,12.0,3.0,0.0380952380952381,4.0,0.0,8.0,0.0,8.0,0.6666666666666666,0.6666666666666666,0.0,1.0,17.0,0.0,0.0,0.0,0.8181818181818182,1.0,12.0,0.2
subject_11_task_5_6,11,5_6,,5_6,59,290.0,320.0,0.4282279142707789,18.0,0.2962962962962963,eye,高,7.8,7,82.28571428571429,0.7559289460184545,81.0,83.0,2.922230950510505,9.196864968865276,4.250897170222029,2.6489309664270664,10.947876646386092,7.504545887717447,1.6047595139694135,4.13294147153741,8.614447162990684,5.731162763564696,2.8994836872156555,5.33493990652734,2.5692083763569404,1.976614936250348,1.8399620353272024,13.894145216530106,7.386100624811725,4.448090906449561,7.170915921277676,2.5809073200934263,1.660510268372025,1.612133401068787,12.384940509948036,15.704028261461929,25.81946966271744,71.50666281722265,66.34492731852657,0.6082242767417522,2.769486118472688,2994,2.8954306913996626,0.1721715741551401,0.9652638610554444,0.9198396793587176,0.0594522378089512,0.0120240480961923,12,0,0.0,0.0,0.0,0.0,,,,11.0,3.0,0.36666666666666664,3.0,0.0,8.0,0.0,8.0,0.7272727272727273,0.7272727272727273,0.0,1.0,12.0,3.0,0.0375,4.0,0.0,8.0,0.0,8.0,0.6666666666666666,0.6666666666666666,0.0,1.0,22.0,0.0,0.0,0.0,0.8181818181818182,1.0,12.0,0.2
subject_11_task_5_6,11,5_6,,5_6,60,295.0,325.0,0.4349189754312598,18.0,0.3009259259259259,eye,高,7.8,5,82.6,0.5477225575051661,82.0,83.0,2.184724689165213,9.13770523857434,4.387823159008198,2.641101819177722,10.806514503659626,7.518482110189256,1.6613608483955753,4.091669024340802,8.27844553681304,5.421942755085124,2.8456792729933764,5.469216032505957,2.4738093133676773,1.9053246114351352,1.9219369113065496,13.53454782610874,7.0656125450753535,4.265229170372265,7.282036316930485,2.4951198760075384,1.6565610575289846,1.7073024745103944,13.760540799713176,14.622300348324202,26.836328448645776,71.79190980193867,68.07895484060765,0.5448696298491635,2.675176298401634,2994,2.917813599458728,0.1699332608055906,0.9595858383433534,0.9051436205744824,0.0701402805611222,0.0183700734802939,12,0,0.0,0.0,0.0,0.0,,,,4.0,1.0,0.13333333333333333,0.0,0.0,4.0,0.0,4.0,1.0,1.0,0.0,1.0,12.0,3.0,0.036923076923076927,4.0,0.0,8.0,0.0,8.0,0.6666666666666666,0.6666666666666666,0.0,1.0,27.0,0.0,0.0,0.0,0.8181818181818182,1.0,12.0,0.2
subject_11_task_5_6,11,5_6,,5_6,61,300.0,330.0,0.4416100365917407,18.0,0.3055555555555556,eye,高,7.8,6,82.83333333333333,0.752772652709081,82.0,84.0,3.7688442211054753,9.771926445845027,4.505769110309025,2.7782559147496335,11.064787757539747,7.789676139467523,1.621797720788824,3.982638063972903,9.994588823402845,5.657492444585341,3.011062934337531,5.421880194793897,2.505802820870205,1.8789020913739407,1.80065322878639,14.952793951286658,7.327029509210368,4.223891182927441,7.076276120604472,2.4628425867512407,1.734663416241761,1.6752979217850343,15.107279701529842,14.422056346477982,26.94739640705306,69.45460868959306,68.4478669417097,0.5351929414117066,2.5774144425846797,2994,2.959715546503734,0.1588343614361362,0.957247828991316,0.9054776219104876,0.0678022712090848,0.0197060788243153,12,0,0.0,0.0,0.0,0.0,,,,0.0,0.0,0.0,0.0,0.0,0.0,0.0,0.0,0.0,0.0,0.0,0.0,12.0,3.0,0.03636363636363636,4.0,0.0,8.0,0.0,8.0,0.6666666666666666,0.6666666666666666,0.0,1.0,32.0,0.0,0.0,0.0,0.8181818181818182,1.0,12.0,0.2
subject_11_task_5_6,11,5_6,,5_6,62,305.0,335.0,0.4483010977522216,18.0,0.3101851851851852,eye,高,7.8,6,83.33333333333333,1.0327955589886446,82.0,85.0,5.255172413793223,9.900563491081732,4.219341443832254,2.603798318210922,11.17285709510701,8.025315905752436,1.6204563211836531,4.290984066225189,9.936676755910096,5.4462600337746965,3.0343288448467725,5.620595051692631,2.5727933383471577,1.7948812776255705,1.8523355045179557,15.099868403702136,6.850173280176918,4.132568205047091,7.356387309258551,2.464145905132545,1.657606829528143,1.780100640631707,15.787049502059824,12.801163725482658,27.90717741608732,66.30769439037779,70.00972009414264,0.4587050683994764,2.376008630387471,2994,2.9464500000000005,0.1590797793542207,0.9515698062792252,0.9008016032064128,0.0701402805611222,0.0240480961923847,6,0,0.0,0.0,0.0,0.0,,,,3.0,1.0,0.1,3.0,0.0,0.0,0.0,0.0,0.0,0.0,0.0,1.0,15.0,4.0,0.04477611940298507,7.0,0.0,8.0,0.0,8.0,0.5333333333333333,0.5333333333333333,0.0,2.0,2.0,1.0,33.0,0.09850746268656717,3.142857142857143,1.0,15.0,0.25
subject_11_task_5_6,11,5_6,,5_6,63,310.0,340.0,0.4549921589127025,18.0,0.3148148148148148,eye,高,7.8,6,83.66666666666667,1.2110601416389968,82.0,85.0,7.475409836065518,9.837062709808803,4.312903239097679,2.7747448769611966,11.797274471607166,8.442730053144196,1.5543422658089632,4.251660961539328,10.525637300678342,5.451169258058809,2.947796850937023,5.402955390335433,2.4852472787091693,1.8492350503482065,1.832879151294969,15.33627361381817,6.937457086828553,4.274373694383637,7.468454117265056,2.4985457427502604,1.6230347608455729,1.7472627924597044,15.074420395544688,13.44082506987481,26.619377733892794,63.736107719136385,68.48421342548313,0.5049263436673596,2.3943500241174,2994,2.9468689866939615,0.1661387138792481,0.9472277889111556,0.9014696058784236,0.065130260521042,0.0270541082164328,6,0,0.0,0.0,0.0,0.0,,,,3.0,1.0,0.1,3.0,0.0,0.0,0.0,0.0,0.0,0.0,0.0,1.0,15.0,4.0,0.04411764705882353,7.0,0.0,8.0,0.0,8.0,0.5333333333333333,0.5333333333333333,0.0,2.0,7.0,1.0,33.0,0.09705882352941177,3.142857142857143,1.0,15.0,0.25
subject_11_task_5_6,11,5_6,,5_6,64,315.0,345.0,0.4616832200731834,18.0,0.3194444444444444,eye,高,7.8,6,84.0,0.8944271909999159,83.0,85.0,4.151967435549449,9.562021812594756,4.003190906629912,2.6452108495936035,12.434626176268932,8.951795020254135,1.513373086022591,4.700807188273601,9.387156490753071,5.087382232898665,3.0431538629211574,5.289499412426224,2.421320390914523,1.6717466359112154,1.7381636455768208,14.59113496634145,6.307204363997977,4.236546323853106,7.461443770850293,2.490869034389447,1.4887608636512262,1.7612090605123298,14.490138399746924,11.343973780242791,24.39737605703304,59.526993944767035,65.389830082915,0.4649669601240851,2.439893282196106,2995,2.938337865397689,0.1835564392577764,0.9415692821368948,0.9041736227045076,0.0634390651085141,0.0257095158597662,12,2,381.72466286497416,0.4613916150664474,0.0153797205022149,0.0127241554288324,0.9737107171635776,0.1215966756700576,2.912726003223207,3.0,1.0,0.1,3.0,0.0,0.0,0.0,0.0,0.0,0.0,0.0,1.0,15.0,4.0,0.043478260869565216,7.0,0.0,8.0,0.0,8.0,0.5333333333333333,0.5333333333333333,0.0,2.0,12.0,1.0,33.0,0.09565217391304348,3.142857142857143,1.0,15.0,0.25
subject_11_task_5_6,11,5_6,,5_6,65,320.0,350.0,0.4683742812336644,18.0,0.324074074074074,eye,高,7.8,5,84.4,0.5477225575051661,84.0,85.0,-0.8284883720931396,9.024604263588664,4.0011115980985466,2.5765117078448507,11.717027255971216,7.776809869383781,1.5529180736559962,4.547632064040586,10.615721685458688,5.245380697732577,3.105330695930364,5.050835868072872,2.287717043323904,1.6891536558753044,1.626504988564392,14.361685763763791,6.622777074447022,4.516314850666648,7.690369069866695,2.5158235303650724,1.4664117302338746,1.7027973744415823,15.905481703871134,12.370968285316016,21.94003860760725,57.400898826345305,61.632477244116814,0.5638535331030202,2.6162624347635717,2995,2.947831747110809,0.1526283604970728,0.9505843071786312,0.9081803005008348,0.0617696160267111,0.0257095158597662,12,2,989.17956876086,1.1956239751339968,0.0398541325044665,0.0329726522920286,0.9737107171635778,0.1215966756700575,2.9127260032232067,3.0,1.0,0.1,3.0,0.0,0.0,0.0,0.0,0.0,0.0,0.0,1.0,15.0,4.0,0.04285714285714286,7.0,0.0,8.0,0.0,8.0,0.5333333333333333,0.5333333333333333,0.0,2.0,17.0,1.0,33.0,0.09428571428571429,3.142857142857143,1.0,14.0,0.23333333333333334
subject_11_task_5_6,11,5_6,,5_6,66,325.0,355.0,0.4750653423941453,18.0,0.3287037037037037,eye,高,7.8,6,84.33333333333333,0.5163977794943223,84.0,85.0,-1.129707112970758,9.422056016999877,3.7012991479342663,2.5971599081917542,11.288496556592913,7.440895358922745,1.4251333297807056,4.3464772888984,10.357468637445695,5.083109437782704,3.086170433599392,4.981964666342919,2.2892606526532884,1.6470605065885124,1.614286953210315,14.26808389477952,6.240804374925719,4.432261757058913,7.330998985513169,2.443387455053339,1.4080405709311916,1.65400858237618,14.59896671166755,11.928671541441554,21.11361128802032,55.891055759158384,58.85510484215621,0.5649754264543925,2.6471575609081373,2995,2.9399054373522455,0.1488608110111075,0.9646076794657764,0.9285475792988314,0.0514190317195325,0.0160267111853088,12,2,1596.6344746567456,1.929856335201546,0.0643285445067182,0.0532211491552248,0.9737107171635778,0.1215966756700575,2.912726003223207,3.0,1.0,0.1,3.0,0.0,0.0,0.0,0.0,0.0,0.0,0.0,1.0,15.0,4.0,0.04225352112676056,7.0,0.0,8.0,0.0,8.0,0.5333333333333333,0.5333333333333333,0.0,2.0,22.0,1.0,33.0,0.09295774647887324,3.142857142857143,1.0,7.0,0.11666666666666667
subject_11_task_5_6,11,5_6,,5_6,67,330.0,360.0,0.4817564035546262,18.0,0.3333333333333333,eye,高,7.8,6,84.16666666666667,0.7527726527090811,83.0,85.0,-4.4563552833077535,9.042684341854178,3.7062579399454223,2.444879301450516,11.2240414589332,6.951258894778798,1.5159267525994216,4.5908366324153995,10.101414239514504,5.251449744921271,2.911512631832181,4.9090075492517355,2.1837525668975637,1.8036843417768704,1.6860677489702507,14.29324036917804,6.485007469292077,4.360731860741397,7.419915624843812,2.4062577353669843,1.487137406377818,1.7015298949342652,13.250919257182884,11.367753585313714,18.72137360046947,55.490864341515135,57.80466739391276,0.6072072395921124,2.964038084263412,2995,2.913435282189929,0.1421496575354202,0.9572621035058432,0.9268781302170284,0.0504173622704507,0.0190317195325542,12,2,2204.0893805526316,2.6640886952690956,0.0888029565089698,0.073469646018421,0.9737107171635776,0.1215966756700576,2.9127260032232067,3.0,1.0,0.1,3.0,0.0,0.0,0.0,0.0,0.0,0.0,0.0,1.0,15.0,4.0,0.041666666666666664,7.0,0.0,8.0,0.0,8.0,0.5333333333333333,0.5333333333333333,0.0,2.0,27.0,1.0,33.0,0.09166666666666666,3.142857142857143,1.0,3.0,0.05
subject_11_task_5_6,11,5_6,,5_6,68,335.0,365.0,0.4884474647151071,18.0,0.3379629629629629,eye,高,7.8,6,83.66666666666667,1.0327955589886446,82.0,85.0,-5.738786279683238,9.157123631194567,3.636078324524026,2.494727321447355,11.302496864333984,7.660426125511644,1.457505312610477,4.530554007712821,9.565283935122467,5.159992922822737,2.9620751434532315,4.725679517843716,2.1616403480424613,1.742019588607445,1.5953948799335482,14.289564098537095,6.792168164885507,4.389512337916707,7.494299494754616,2.564591399877228,1.5473628143642757,1.707319382615396,13.17426190689264,11.113540456197024,16.874010901727935,55.973104186567205,55.807707487437646,0.6586187789566363,3.317119119606319,2995,2.9128164088769335,0.1273006454899649,0.9716193656093488,0.9452420701168616,0.0414023372287145,0.0113522537562604,12,2,2811.5442864485176,3.3983210553366447,0.1132773685112214,0.0937181428816172,0.9737107171635778,0.1215966756700575,2.912726003223207,0.0,0.0,0.0,0.0,0.0,0.0,0.0,0.0,0.0,0.0,0.0,0.0,15.0,4.0,0.0410958904109589,7.0,0.0,8.0,0.0,8.0,0.5333333333333333,0.5333333333333333,0.0,2.0,32.0,1.0,33.0,0.09041095890410959,3.142857142857143,1.0,3.0,0.05
subject_11_task_5_6,11,5_6,,5_6,69,340.0,370.0,0.4951385258755881,18.0,0.3425925925925926,eye,高,7.8,7,83.0,1.0,82.0,84.0,-5.50344827586208,8.922792944197658,3.716813519321921,2.505267599370965,11.759811296009229,7.634668317495563,1.4835994048121472,4.69403400218082,10.31541638899944,5.419550219087362,3.0237688627558055,4.766153392337104,2.144931363168109,1.792316299648673,1.5762294039873546,14.747366470818982,7.043095606573237,4.633141026618791,7.7558829142046415,2.7199768350668885,1.5201556710897706,1.6740010437076611,13.577666199409302,11.233381940696608,16.170987733046342,55.94608617596109,57.717135707433165,0.6946626963138774,3.459657944185565,2995,2.906307408649011,0.1130825347259687,0.9756260434056762,0.9475792988313856,0.0420701168614357,0.0096828046744574,6,2,3418.9991923444036,4.132553415404194,0.1377517805134731,0.1139666397448134,0.9737107171635776,0.1215966756700576,2.9127260032232067,0.0,0.0,0.0,0.0,0.0,0.0,0.0,0.0,0.0,0.0,0.0,0.0,15.0,4.0,0.04054054054054054,7.0,0.0,8.0,0.0,8.0,0.5333333333333333,0.5333333333333333,0.0,2.0,37.0,1.0,33.0,0.0891891891891892,3.142857142857143,1.0,3.0,0.05
subject_11_task_5_6,11,5_6,,5_6,70,345.0,375.0,0.501829587036069,18.0,0.3472222222222222,eye,高,7.8,6,82.83333333333333,0.9831920802501752,82.0,84.0,-6.736741519350183,9.6431770033113,3.754361041644773,2.602913983481593,11.877390343133117,7.854491052196557,1.4423684629881746,4.56311288752086,10.580678603689368,5.071282014328867,3.204421984237789,4.895575883075503,2.1267300836994982,1.5825886975167331,1.527756302745494,14.992388626647912,6.539891268638247,4.673095168896305,7.766022986087119,2.742496386767822,1.3994774410260604,1.6618585124859129,13.340876718336084,10.950105653057252,15.41119485005182,57.06334058382887,55.841176674769706,0.7105293106472164,3.702720077128672,2994,2.9010167672702885,0.0903371506758411,0.981629926519706,0.9482297929191716,0.0420841683366733,0.0093520374081496,6,2,3644.729435375315,4.405394160405296,0.1468464720135099,0.1214909811791771,0.9737107171635776,0.1215966756700576,2.9127260032232067,0.0,0.0,0.0,0.0,0.0,0.0,0.0,0.0,0.0,0.0,0.0,0.0,15.0,4.0,0.04,7.0,0.0,8.0,0.0,8.0,0.5333333333333333,0.5333333333333333,0.0,2.0,42.0,1.0,33.0,0.088,3.142857142857143,1.0,3.0,0.05
subject_11_task_5_6,11,5_6,,5_6,71,350.0,380.0,0.50852064819655,18.0,0.3518518518518518,eye,高,7.8,6,83.0,1.2649110640673518,82.0,85.0,1.586538461538515,8.68436728754333,3.6380148695534023,2.6109932051737696,12.357318597322887,8.673372055977042,1.3933452076185244,4.732803813061041,9.863271621812324,4.855083563373704,3.266168985496114,4.889188515648326,2.0967418422708946,1.486476537170425,1.4969184195182368,14.513693908851147,6.722386072986654,4.317631430053216,7.560246618197169,2.694751373813234,1.5569615382626116,1.7510171353611783,12.634444585199006,9.561380018740469,14.01092072327127,56.79931531549923,55.840214198940345,0.6824233901245055,4.05393167496545,2994,2.8968356807511744,0.085797127532202,0.98062792251169,0.9488977955911824,0.0394121576486306,0.0113560454241816,6,2,3644.729435375315,4.405394160405296,0.1468464720135099,0.1214909811791771,0.9737107171635776,0.1215966756700576,2.9127260032232067,0.0,0.0,0.0,0.0,0.0,0.0,0.0,0.0,0.0,0.0,0.0,0.0,15.0,4.0,0.039473684210526314,7.0,0.0,8.0,0.0,8.0,0.5333333333333333,0.5333333333333333,0.0,2.0,47.0,1.0,33.0,0.0868421052631579,3.142857142857143,1.0,3.0,0.05
subject_11_task_5_6,11,5_6,,5_6,72,355.0,385.0,0.5152117093570309,18.0,0.3564814814814814,eye,高,7.8,7,84.28571428571429,2.751622897751175,82.0,88.0,13.827213822894151,8.701003908669447,3.758415151907916,2.6456443374651415,12.167284100559757,8.904996838240788,1.4206048404484135,4.598987070279272,9.20232247486442,4.763152301461056,3.4654530672132147,4.793065836927425,2.101578770950218,1.3744674099111092,1.3830993362093995,14.667253137294605,6.788379907898016,4.796150346286799,7.720215196538493,2.693925721991918,1.4153809655182328,1.6096691386072828,11.400725657337142,10.384886392834083,14.567011537837812,57.87728628276969,55.55102070480308,0.7129043843934182,3.973175014822597,2994,2.8860204560697524,0.0761882671218108,0.98062792251169,0.9549098196392786,0.0334001336005344,0.0113560454241816,6,2,3644.729435375315,4.405394160405296,0.1468464720135099,0.1214909811791771,0.9737107171635776,0.1215966756700576,2.9127260032232067,0.0,0.0,0.0,0.0,0.0,0.0,0.0,0.0,0.0,0.0,0.0,0.0,15.0,4.0,0.03896103896103896,7.0,0.0,8.0,0.0,8.0,0.5333333333333333,0.5333333333333333,0.0,2.0,52.0,1.0,33.0,0.08571428571428572,3.142857142857143,1.0,3.0,0.05
subject_11_task_5_6,11,5_6,,5_6,73,360.0,390.0,0.5219027705175118,18.0,0.3611111111111111,eye,高,7.8,6,84.5,2.949576240750525,82.0,88.0,18.566929133858217,9.000143461182759,3.7646224421838608,2.7854463695805345,13.047272393696495,10.017170548619978,1.351532911671454,4.684086736037681,9.836156365751988,4.711820658046736,3.5744188689489618,5.352689325381342,2.2696472746883978,1.3182060723152518,1.4974991800430124,21.612243071299595,7.432747578581951,4.967410371161581,8.493488961529588,3.102237350573958,1.4963023030537088,1.7098424182625902,12.562236993686218,9.837521225299392,16.364852925847973,60.15758340006624,60.18859711659953,0.6011371608333378,3.676023467650509,2994,2.871472611890447,0.0810311268563141,0.990313961255845,0.9605878423513694,0.0327321309285237,0.0066800267201068,6,2,3644.729435375315,4.405394160405296,0.1468464720135099,0.1214909811791771,0.9737107171635776,0.1215966756700576,2.9127260032232067,0.0,0.0,0.0,0.0,0.0,0.0,0.0,0.0,0.0,0.0,0.0,0.0,15.0,4.0,0.038461538461538464,7.0,0.0,8.0,0.0,8.0,0.5333333333333333,0.5333333333333333,0.0,2.0,57.0,1.0,33.0,0.08461538461538462,3.142857142857143,1.0,3.0,0.05
subject_11_task_5_6,11,5_6,,5_6,74,365.0,395.0,0.5285938316779927,18.0,0.3657407407407407,eye,高,7.8,7,85.14285714285714,2.47847879612821,82.0,88.0,9.074650077760484,9.55685288297803,3.8260468436551176,2.7593365977627435,13.22426976464652,10.005160393270982,1.3865821396190872,4.792554041927575,10.552802337807522,4.60667888049191,3.462478256828947,5.499793095971096,2.4456567603068584,1.3304571289094131,1.588397872282378,19.454688149045985,7.085706702254432,4.927691312230483,8.19338122842074,3.08184129649762,1.437936399276427,1.6627220962654148,13.355068945557756,10.416378414616338,18.25392020751846,65.18414052287179,61.80286125472927,0.5706378846953665,3.5709666626034458,2995,2.885754438860971,0.1308830200889926,0.9756260434056762,0.9302170283806344,0.0507512520868113,0.0136894824707846,6,2,3644.729435375315,4.405394160405296,0.1468464720135099,0.1214909811791771,0.9737107171635776,0.1215966756700576,2.9127260032232067,0.0,0.0,0.0,0.0,0.0,0.0,0.0,0.0,0.0,0.0,0.0,0.0,15.0,4.0,0.0379746835443038,7.0,0.0,8.0,0.0,8.0,0.5333333333333333,0.5333333333333333,0.0,2.0,62.0,1.0,33.0,0.08354430379746836,3.142857142857143,1.0,0.0,0.0
subject_11_task_5_6,11,5_6,,5_6,75,370.0,400.0,0.5352848928384736,18.0,0.3703703703703703,eye,高,7.8,5,86.4,1.51657508881031,85.0,88.0,-3.4249471458773173,9.178732509638898,3.838325971017843,2.625043293057613,12.072364451542786,9.09455869613462,1.4621953021380518,4.5989201334203775,9.188736911969018,4.220169160574524,3.287973899012415,5.50597091335296,2.520028626255654,1.2835166245821188,1.6745786561769085,20.996208961426895,7.017528046701953,4.666572985669776,7.942338619303013,2.9395541847950417,1.5037861977625862,1.7019638702089384,12.86378179543523,9.85206818928299,18.670508253681575,69.68200866603571,69.25408437414325,0.5276807709474268,3.732196666488463,2995,2.8950984822934234,0.1406823083774514,0.9659432387312188,0.9158597662771284,0.0557595993322203,0.0213689482470784,6,2,3644.729435375315,4.405394160405296,0.1468464720135099,0.1214909811791771,0.9737107171635776,0.1215966756700576,2.9127260032232067,0.0,0.0,0.0,0.0,0.0,0.0,0.0,0.0,0.0,0.0,0.0,0.0,15.0,4.0,0.0375,7.0,0.0,8.0,0.0,8.0,0.5333333333333333,0.5333333333333333,0.0,2.0,67.0,1.0,33.0,0.0825,3.142857142857143,1.0,0.0,0.0
subject_11_task_5_6,11,5_6,,5_6,76,375.0,405.0,0.5419759539989545,18.0,0.375,eye,高,7.8,6,86.16666666666667,1.4719601443879744,85.0,88.0,-4.552476147205639,9.97149449614644,3.8225064225069434,2.609775275734169,12.726879232868852,9.745200712631492,1.4646879591698236,4.876618822779134,10.56237752511468,4.6179216934303495,3.1639095087903364,5.658129289266587,2.5489878092278815,1.4595618745100989,1.788334740151867,19.796072672553315,6.950569547685007,4.647682469797932,7.903556442397937,2.8296910396325288,1.495491482658711,1.70053709429542,14.490206424721212,11.354369352092414,21.85246187704365,69.96053486867442,68.9236775866398,0.5195922279137051,3.201494424853295,2995,2.9076962411107345,0.1383733712852744,0.9612687813021704,0.90550918196995,0.0584307178631051,0.0247078464106844,6,2,3644.729435375315,4.405394160405296,0.1468464720135099,0.1214909811791771,0.9737107171635776,0.1215966756700576,2.9127260032232067,0.0,0.0,0.0,0.0,0.0,0.0,0.0,0.0,0.0,0.0,0.0,0.0,15.0,4.0,0.037037037037037035,7.0,0.0,8.0,0.0,8.0,0.5333333333333333,0.5333333333333333,0.0,2.0,72.0,1.0,33.0,0.08148148148148149,3.142857142857143,1.0,0.0,0.0
subject_11_task_5_6,11,5_6,,5_6,77,380.0,410.0,0.5486670151594354,18.0,0.3796296296296296,eye,高,7.8,6,86.0,1.6733200530681511,84.0,88.0,-10.941780821917774,10.430365320851688,4.2300579134939245,2.8838258328895945,12.34556779688436,9.202487584340265,1.4668215622631429,4.280968585579975,10.841174244924844,4.575250495217853,3.1689172858218466,5.831790868169656,2.610915903744515,1.4437898129080635,1.8403102202325872,22.788359025347415,7.378658627794389,4.81235351542865,7.941394888486739,2.944446397513673,1.533274437162198,1.6502102065083588,15.189463486004982,11.61878589548639,24.158638048737128,71.38352059579665,72.76866697743587,0.4809371236924405,2.9547824861562577,2995,2.915515678254942,0.1426668107209313,0.952253756260434,0.8891485809682804,0.0651085141903172,0.0313856427378964,6,2,3644.729435375315,4.405394160405296,0.1468464720135099,0.1214909811791771,0.9737107171635776,0.1215966756700576,2.9127260032232067,0.0,0.0,0.0,0.0,0.0,0.0,0.0,0.0,0.0,0.0,0.0,0.0,15.0,4.0,0.036585365853658534,7.0,0.0,8.0,0.0,8.0,0.5333333333333333,0.5333333333333333,0.0,2.0,77.0,1.0,33.0,0.08048780487804878,3.142857142857143,1.0,0.0,0.0
subject_11_task_5_6,11,5_6,,5_6,78,385.0,415.0,0.5553580763199164,18.0,0.3842592592592592,eye,高,7.8,5,84.2,1.9235384061671343,81.0,86.0,-13.440000000000088,10.400186505729598,4.020431803806724,2.681707159789577,13.446651221891711,9.96867877236357,1.4992061266384475,5.014213118984557,11.492573388077446,4.851262325689009,2.9016753580218015,5.839154053967192,2.722520484629563,1.671883214735754,2.012338850321284,19.705165555079624,6.770335461032008,4.482199295400852,7.550657670965613,2.775376010416899,1.510494071064398,1.6845876707698566,15.651483921161786,12.31948175375033,23.316625738153203,70.7717987729871,72.2492573986123,0.5283561134487762,3.035250450376384,2995,2.9137493150684937,0.1489890593556593,0.9452420701168616,0.8761268781302171,0.072787979966611,0.0367278797996661,6,2,3644.729435375315,4.405394160405296,0.1468464720135099,0.1214909811791771,0.9737107171635776,0.1215966756700576,2.9127260032232067,0.0,0.0,0.0,0.0,0.0,0.0,0.0,0.0,0.0,0.0,0.0,0.0,15.0,4.0,0.03614457831325301,7.0,0.0,8.0,0.0,8.0,0.5333333333333333,0.5333333333333333,0.0,2.0,82.0,1.0,33.0,0.07951807228915662,3.142857142857143,1.0,0.0,0.0
subject_11_task_5_6,11,5_6,,5_6,79,390.0,420.0,0.5620491374803973,18.0,0.3888888888888889,eye,高,7.8,6,83.66666666666667,2.1602468994692865,81.0,86.0,-13.548387096774306,9.969721313362689,4.062752959680246,2.930375584552887,13.336343974957508,10.03897869532259,1.3864273853142055,4.5510698509973935,10.803401771477075,4.653936115525794,3.0137875785708848,5.729781612803504,2.507380173192302,1.544215043096254,1.901189603920434,17.84565075567437,6.525435778158102,4.5027836849583895,7.682956681963935,2.706094404711224,1.4492003690864408,1.7062682152884574,15.356980341589455,11.639778746350824,22.58950439258748,69.78126946176728,70.53227537723977,0.5152737547517996,3.089101391913021,2995,2.935265383293228,0.1382538595665251,0.9409015025041736,0.8714524207011686,0.0747913188647746,0.0387312186978297,6,2,3644.729435375315,4.405394160405296,0.1468464720135099,0.1214909811791771,0.9737107171635776,0.1215966756700576,2.9127260032232067,0.0,0.0,0.0,0.0,0.0,0.0,0.0,0.0,0.0,0.0,0.0,0.0,15.0,4.0,0.03571428571428571,7.0,0.0,8.0,0.0,8.0,0.5333333333333333,0.5333333333333333,0.0,2.0,87.0,1.0,33.0,0.07857142857142857,3.142857142857143,1.0,0.0,0.0
subject_11_task_5_6,11,5_6,,5_6,80,395.0,425.0,0.5687401986408782,18.0,0.3935185185185185,eye,高,7.8,6,81.83333333333333,2.1369760566432805,80.0,85.0,-13.718592964824088,10.447015858828069,4.076715509769849,2.7241623695587567,14.775659896120608,10.733419253409687,1.496502394763705,5.423927758944075,11.605219904162432,4.9495257749859025,3.0096989817718547,5.697128598219918,2.507653548886914,1.6445251850642029,1.892923057330449,16.586696643361947,6.651102680548092,4.325069504290424,7.6966309802946595,2.7157145976996917,1.5378024963414505,1.779539258885824,15.62260787562256,12.009223138640856,20.830556682766822,66.72022763659531,67.36790017412771,0.5765195487346778,3.2029978196306743,2994,2.924475437993817,0.1025227088980753,0.9525718102872412,0.8917835671342685,0.0644622578490314,0.034068136272545,6,2,3471.726278176169,4.1962847842580615,0.1398761594752687,0.1157242092725389,0.9737107171635776,0.1215966756700576,2.9127260032232067,0.0,0.0,0.0,0.0,0.0,0.0,0.0,0.0,0.0,0.0,0.0,0.0,15.0,4.0,0.03529411764705882,7.0,0.0,8.0,0.0,8.0,0.5333333333333333,0.5333333333333333,0.0,2.0,92.0,1.0,33.0,0.07764705882352942,3.142857142857143,1.0,0.0,0.0
subject_11_task_5_6,11,5_6,,5_6,81,400.0,430.0,0.5754312598013591,18.0,0.3981481481481481,eye,高,7.8,6,81.83333333333333,2.1369760566432805,80.0,85.0,-13.718592964824088,9.59853257831548,3.7361441923748706,2.805849290150165,14.126327251052228,10.088448422886485,1.3315555491488702,5.034599435059539,11.49567281878816,4.732798607748909,3.034740366961747,5.596492766430735,2.3808402337026435,1.5595398734182937,1.8441421965971032,18.00944156669457,6.332164612982404,4.372838216113761,7.866357488156798,2.6989976245894507,1.448067433560334,1.7989134514900498,15.79444469309018,11.138258528170477,19.185573139057094,62.46074230865904,60.26481108216557,0.5805538592691676,3.255609923974821,2994,2.9240640630352863,0.1044470065778567,0.959251837007348,0.9014696058784236,0.0611222444889779,0.0290581162324649,11,3,4006.271372280279,4.462052424190508,0.1487350808063502,0.1335423790760093,0.6961514767450014,0.6845978302471925,2.901869470642353,0.0,0.0,0.0,0.0,0.0,0.0,0.0,0.0,0.0,0.0,0.0,0.0,15.0,4.0,0.03488372093023256,7.0,0.0,8.0,0.0,8.0,0.5333333333333333,0.5333333333333333,0.0,2.0,97.0,1.0,33.0,0.07674418604651163,3.142857142857143,1.0,0.0,0.0
subject_11_task_5_6,11,5_6,,5_6,82,405.0,435.0,0.58212232096184,18.0,0.4027777777777778,eye,高,7.8,6,80.83333333333333,1.7224014243685082,79.0,84.0,-10.74886222590002,9.156823799427857,3.5102248574974926,2.557127489088556,13.816919878718876,9.683802676642149,1.372721881281192,5.403297230066413,9.47496766674149,4.7593271120589735,2.8575409081104532,5.143223076430282,2.295591489552471,1.665532450839374,1.7998773217322843,14.588424414587514,6.21292230273412,3.987214334006232,7.275855785554556,2.695156842712388,1.5582112678882662,1.8247967568485328,14.274404981629566,11.742931967741889,15.788519767773847,60.75865631901892,58.26073702632965,0.7437639589057956,3.848280726292923,2994,2.9201886728079147,0.1169121204692078,0.966933867735471,0.916499665998664,0.0551102204408817,0.0240480961923847,11,3,3398.8164663843927,3.7278200641229584,0.1242606688040986,0.113293882212813,0.6465445844821901,0.7190863905724484,2.899929132279725,0.0,0.0,0.0,0.0,0.0,0.0,0.0,0.0,0.0,0.0,0.0,0.0,15.0,4.0,0.034482758620689655,7.0,0.0,8.0,0.0,8.0,0.5333333333333333,0.5333333333333333,0.0,2.0,102.0,1.0,33.0,0.07586206896551724,3.142857142857143,1.0,0.0,0.0
subject_11_task_5_6,11,5_6,,5_6,83,410.0,440.0,0.5888133821223209,18.0,0.4074074074074074,eye,高,7.8,7,79.42857142857143,1.511857892036909,77.0,81.0,-8.522427440633214,8.864704637996109,3.468648794880588,2.6926771998790326,13.099221669426322,8.63132896771122,1.2881784697536027,4.864757524598493,9.97227228172403,4.597709074762524,3.1028915541497706,5.354025403542294,2.292855550656802,1.4817498435011698,1.7254954967349354,16.33487814189556,6.071398538160644,4.067001655039784,7.575053969720733,2.5967002235296697,1.4928438818403318,1.8625647620117904,13.348099063444955,11.000000901613424,15.959122433780202,62.228436894638946,58.13288013294336,0.689261013395702,3.8992392691293514,2994,2.8881498305084743,0.1180300548751038,0.974615898463594,0.934869739478958,0.0457581830327321,0.0177020708082832,11,3,2791.361560488507,2.9935877040554093,0.0997862568018469,0.0930453853496169,0.5753468309724253,0.7483855376025018,2.897144282712127,0.0,0.0,0.0,0.0,0.0,0.0,0.0,0.0,0.0,0.0,0.0,0.0,15.0,4.0,0.03409090909090909,7.0,0.0,8.0,0.0,8.0,0.5333333333333333,0.5333333333333333,0.0,2.0,107.0,1.0,33.0,0.075,3.142857142857143,1.0,0.0,0.0
subject_11_task_5_6,11,5_6,,5_6,84,415.0,445.0,0.5955044432828018,18.0,0.412037037037037,eye,高,7.8,7,79.0,1.4142135623730951,77.0,81.0,-7.544910179640697,8.755083946027005,3.660981411974475,2.678444644821665,12.122669691859366,7.952694908611515,1.366831089472909,4.526010912824563,8.662754984345812,4.904822016503698,3.098382657369638,5.1410237402553935,2.3120458627124427,1.5830265525264824,1.6592604299624665,12.116548753566514,6.066910830067693,3.8570017937755967,7.099959466936328,2.5677201616756333,1.5729603340756626,1.8407975537875545,13.381387631158,11.638703937825936,16.90997061682064,60.5890261359657,59.25012647593736,0.6882746399481449,3.5830355657564983,2994,2.9365930311231394,0.2294884942807719,0.9599198396793588,0.9251837007348028,0.0511022044088176,0.0173680694722778,11,3,2183.9066545926216,2.25935534398786,0.0753118447995953,0.0727968884864207,0.5229161226275123,0.7501083286921303,2.8928102180913484,0.0,0.0,0.0,0.0,0.0,0.0,0.0,0.0,0.0,0.0,0.0,0.0,15.0,4.0,0.033707865168539325,7.0,0.0,8.0,0.0,8.0,0.5333333333333333,0.5333333333333333,0.0,2.0,112.0,1.0,33.0,0.07415730337078652,3.142857142857143,1.0,0.0,0.0
subject_11_task_5_6,11,5_6,,5_6,85,420.0,450.0,0.6021955044432828,18.0,0.4166666666666667,eye,高,7.8,7,78.85714285714286,1.2149857925879115,77.0,80.0,-2.830948121645816,8.828650661765295,3.393381245019992,2.5149112286240944,10.805010429609649,7.403922807256439,1.3493045823635326,4.2963784592592,8.17899414251913,4.662746272671297,2.9197437000414204,5.058126548796644,2.3750845243038157,1.5969710877722418,1.7323871779310247,13.341391307290689,5.787990014472312,3.744702646022364,7.14252650674899,2.453264928199512,1.5456474282731991,1.90736813624863,12.650215936288475,11.61407025863651,17.004254711795642,59.89631947476488,62.15421920601488,0.6830096617277776,3.5224313261560085,2995,2.964270215633423,0.2901111378263287,0.9569282136894824,0.9218697829716194,0.0557595993322203,0.0136894824707846,11,3,1576.4517486967356,1.5251229839203106,0.0508374327973436,0.0525483916232245,0.7244116421223138,0.6222488922358927,2.8851360590864075,0.0,0.0,0.0,0.0,0.0,0.0,0.0,0.0,0.0,0.0,0.0,0.0,15.0,4.0,0.03333333333333333,7.0,0.0,8.0,0.0,8.0,0.5333333333333333,0.5333333333333333,0.0,2.0,117.0,1.0,33.0,0.07333333333333333,3.142857142857143,1.0,0.0,0.0
subject_11_task_5_6,11,5_6,,5_6,86,425.0,455.0,0.6088865656037638,18.0,0.4212962962962963,eye,高,7.8,5,78.4,1.140175425099138,77.0,80.0,2.727272727272682,8.86154854080912,3.7465388258251138,2.6933917243200174,12.044726246814603,7.951163739479938,1.391011486370768,4.471954873127657,8.183594681986085,5.212860650393978,2.975359272707538,5.41871351173906,2.6219456899529656,1.7520104876781293,1.8211963716261068,12.87012160123242,7.429278388347735,4.781087230032217,9.848438207562085,4.756285455528197,1.553888902440643,2.059874194660055,11.733944030014678,11.782054940115245,18.03641960595745,59.88944309384544,64.47797559057098,0.6532369060777239,3.320472932114747,2995,2.964161779575329,0.2902983353639938,0.9572621035058432,0.9228714524207012,0.0544240400667779,0.0140233722871452,5,1,1141.9999999999957,0.999999999999996,0.0333333333333332,0.0380666666666665,1.0,-1.000088900581841e-12,2.87464,0.0,0.0,0.0,0.0,0.0,0.0,0.0,0.0,0.0,0.0,0.0,0.0,15.0,4.0,0.03296703296703297,7.0,0.0,8.0,0.0,8.0,0.5333333333333333,0.5333333333333333,0.0,2.0,122.0,1.0,33.0,0.07252747252747253,3.142857142857143,1.0,0.0,0.0
subject_11_task_5_6,11,5_6,,5_6,87,430.0,460.0,0.6155776267642447,18.0,0.4259259259259259,eye,高,7.8,6,79.16666666666667,2.136976056643281,77.0,83.0,9.837763203313711,8.820399938814639,3.740984758330437,2.5751063920955057,12.983384995601028,8.967238674142656,1.45274959116784,5.041882943343452,8.20056880688781,5.471104362867787,3.101554709871102,5.539636380618885,2.6508263769271294,1.763987701218129,1.786083722137246,13.631345497520872,6.945905236414734,4.6204305433651145,9.28357797852356,3.942243680060919,1.5033025972847864,2.009245218901661,12.93819908984998,12.246384735250878,19.10642832500008,61.35344121124019,66.79699627028828,0.6409562544574028,3.211141306350879,2995,2.962935884525008,0.2880453339732404,0.9606010016694492,0.9242070116861436,0.0564273789649415,0.0110183639398998,6,3,935.5904107347354,0.8717067583046916,0.0290568919434897,0.0311863470244911,0.8386796219885532,0.5534024506325491,2.802849968055371,0.0,0.0,0.0,0.0,0.0,0.0,0.0,0.0,0.0,0.0,0.0,0.0,15.0,4.0,0.03260869565217391,7.0,0.0,8.0,0.0,8.0,0.5333333333333333,0.5333333333333333,0.0,2.0,127.0,1.0,33.0,0.07173913043478261,3.142857142857143,1.0,0.0,0.0
subject_11_task_5_6,11,5_6,,5_6,88,435.0,465.0,0.6222686879247256,18.0,0.4305555555555556,eye,高,7.8,6,80.16666666666667,3.1885210782848317,77.0,85.0,17.852760736196327,9.112118360391936,4.230911208505891,2.7579254497984724,13.91619261046292,9.2811674980894,1.5340919417582708,5.045891509315383,9.748945822777587,6.0293808513841505,3.3175806318435694,5.630514097389049,2.7218219402049706,1.81740295729712,1.697174755406077,13.957873552793735,8.214785557563642,5.524574035180565,10.856894198485808,4.988901783827302,1.4869536556577527,1.9652002361356649,15.838653445657934,13.274053257737352,20.571808830968596,59.152506527260094,64.60368624548617,0.6452545503803596,2.8754159156978214,2995,2.9713051359516616,0.2812702428392611,0.9579298831385644,0.9232053422370616,0.0567612687813021,0.0120200333889816,6,3,1960.1090383461467,1.826269568537605,0.0608756522845868,0.0653369679448715,0.8386796219885532,0.5534024506325491,2.8028499680553702,3.0,1.0,0.1,3.0,0.0,0.0,0.0,0.0,0.0,0.0,0.0,1.0,18.0,5.0,0.03870967741935484,10.0,0.0,8.0,0.0,8.0,0.4444444444444444,0.4444444444444444,0.0,3.0,1.0,2.0,164.0,0.35268817204301073,10.294117647058824,1.0,3.0,0.05
subject_11_task_5_6,11,5_6,,5_6,89,440.0,470.0,0.6289597490852065,18.0,0.4351851851851852,eye,高,7.8,5,81.8,2.7748873851023217,78.0,85.0,15.015416238437584,8.98242197337266,3.9351880931277656,2.4882485135520884,15.443616883544289,10.40236018589766,1.58150927115801,6.206621565101558,9.539950395335303,6.06819393551444,3.2694417190174008,5.675076504448891,2.6264729570688563,1.856033677008984,1.735793750791949,14.559496074980256,7.626482914394446,5.091631354915961,9.973454910855558,4.097071813159362,1.4978466394726495,1.958793599859936,15.735574846539848,12.382241462762872,18.67466057843253,57.5826667806546,60.77132605519273,0.6630504158701119,3.0834652409777745,2995,2.9855232166890984,0.27635817872436,0.9559265442404008,0.917863105175292,0.0604340567612687,0.0140233722871452,6,3,2984.627665957558,2.7808323787705187,0.0926944126256839,0.0994875888652519,0.8386796219885532,0.5534024506325491,2.8028499680553702,7.0,1.0,0.23333333333333334,7.0,0.0,0.0,0.0,0.0,0.0,0.0,0.0,2.0,22.0,5.0,0.04680851063829787,14.0,0.0,8.0,0.0,8.0,0.36363636363636365,0.36363636363636365,0.0,4.0,1.0,2.0,164.0,0.34893617021276596,8.571428571428571,1.0,7.0,0.11666666666666667
subject_11_task_5_6,11,5_6,,5_6,90,445.0,475.0,0.6356508102456874,18.0,0.4398148148148148,eye,高,7.8,5,82.8,1.7888543819998317,80.0,85.0,8.084544253632679,8.801972568808567,4.028569889950208,2.606794454586937,15.197747136250984,10.608738425696288,1.5454114085832518,5.830051966509635,9.53239123097259,6.008011760272957,3.4704407404015107,5.686893790892042,2.5464694025955867,1.7311956058866067,1.6386661569199132,14.661112179768574,8.040492661341322,5.483759058775005,10.867201260481814,4.839179112439895,1.46623740670646,1.9817065527509503,15.23797675791137,12.113144785957331,17.517021735984283,55.2046991788373,54.741207766595984,0.6915070934161112,3.151488878125511,2995,2.937962416107382,0.2017260145797819,0.9756260434056762,0.9345575959933222,0.0510851419031719,0.010016694490818,6,3,4009.1462935689688,3.735395189003432,0.124513172966781,0.1336382097856323,0.8386796219885532,0.5534024506325491,2.8028499680553702,7.0,1.0,0.23333333333333334,7.0,0.0,0.0,0.0,0.0,0.0,0.0,0.0,2.0,22.0,5.0,0.04631578947368421,14.0,0.0,8.0,0.0,8.0,0.36363636363636365,0.36363636363636365,0.0,4.0,6.0,2.0,164.0,0.3452631578947368,8.571428571428571,1.0,7.0,0.11666666666666667
subject_11_task_5_6,11,5_6,,5_6,91,450.0,480.0,0.6423418714061683,18.0,0.4444444444444444,eye,高,7.8,5,83.4,0.8944271909999159,83.0,85.0,-2.696629213483245,8.785579455730641,3.919198613333481,2.5703254774748645,15.343055684274152,10.497914879307924,1.524786898655253,5.969304595364886,9.397137818542022,6.221716389303239,3.840186348952491,5.722750981369764,2.347676456239549,1.620160019317909,1.490227416419724,14.358546811930845,7.113013452018153,4.724038400984167,8.755972918645236,2.9719463972917923,1.5057061031799164,1.8534931716095049,15.1936161395862,12.63508290601114,18.372102439751853,53.00498831119787,52.46193622318581,0.6877320082143957,2.8850801635261183,2994,2.879692178583417,0.1094669800466679,0.9853039412157648,0.9458917835671342,0.042752171008684,0.0100200400801603,6,3,5033.664921180381,4.689957999236345,0.1563319333078781,0.1677888307060127,0.8386796219885532,0.5534024506325491,2.8028499680553702,7.0,1.0,0.23333333333333334,7.0,0.0,0.0,0.0,0.0,0.0,0.0,0.0,2.0,22.0,5.0,0.04583333333333333,14.0,0.0,8.0,0.0,8.0,0.36363636363636365,0.36363636363636365,0.0,4.0,11.0,2.0,164.0,0.3416666666666667,8.571428571428571,1.0,7.0,0.11666666666666667
subject_11_task_5_6,11,5_6,,5_6,92,455.0,485.0,0.6490329325666493,18.0,0.449074074074074,eye,高,7.8,6,83.33333333333333,0.816496580927726,83.0,85.0,-2.0442930153321877,9.131583883677385,3.8893621953314135,2.561457554082482,14.62084314992724,10.29807431958704,1.5184175857735769,5.708016955668215,10.251903215830277,6.007480847822965,4.10048077446423,5.586440746382505,2.210468188329199,1.4650674343444283,1.3623867672230292,14.231416626920383,6.726844225955591,4.58691898216831,7.959547068748557,2.538121718305944,1.4665278048525077,1.7352709083573026,15.672671470829629,12.573180658179396,17.886857497297875,50.87789708289764,49.39030573194427,0.7029284299983268,2.844429050244496,2994,2.857107130900569,0.1340649437725289,0.9832999331997327,0.9482297929191716,0.0400801603206412,0.0103540414161656,6,3,6058.1835487917915,5.644520809469259,0.1881506936489753,0.201939451626393,0.8386796219885532,0.5534024506325491,2.8028499680553702,10.0,2.0,0.3333333333333333,10.0,0.0,0.0,0.0,0.0,0.0,0.0,0.0,3.0,25.0,5.0,0.05154639175257732,17.0,0.0,8.0,0.0,8.0,0.32,0.32,0.0,5.0,5.0,3.0,175.0,0.36082474226804123,7.958333333333333,1.0,10.0,0.16666666666666666
subject_11_task_5_6,11,5_6,,5_6,93,460.0,490.0,0.6557239937271302,18.0,0.4537037037037037,eye,高,7.8,6,83.0,1.2649110640673518,81.0,85.0,-6.797583081570965,7.955670077140486,3.6184671024510937,2.528959604040841,13.38845129865711,9.161837723087062,1.4308125351901264,5.294055024550284,8.74716226105128,5.465375976549452,4.034064060853916,5.436887154535925,2.1294279919671917,1.3548064418671035,1.3477443770154371,14.116376892935136,6.544931281875529,4.328601400625207,7.730594844763364,2.333260277081207,1.5120198595625378,1.785933637513213,12.802512173061054,11.242738615078586,17.991496511760772,50.02289649125904,48.78386394038603,0.6248917986188295,2.780363293212425,2994,2.8481306245802553,0.1265235431947177,0.98062792251169,0.9468937875751504,0.0390781563126252,0.0123580494321977,6,3,6147.111765668467,5.727376861397481,0.1909125620465827,0.2049037255222822,0.8386796219885532,0.5534024506325491,2.8028499680553702,10.0,2.0,0.3333333333333333,10.0,0.0,0.0,0.0,0.0,0.0,0.0,0.0,3.0,25.0,5.0,0.05102040816326531,17.0,0.0,8.0,0.0,8.0,0.32,0.32,0.0,5.0,10.0,3.0,175.0,0.35714285714285715,7.958333333333333,1.0,10.0,0.16666666666666666
subject_11_task_5_6,11,5_6,,5_6,94,465.0,495.0,0.6624150548876111,18.0,0.4583333333333333,eye,高,7.8,6,82.33333333333333,1.0327955589886446,81.0,83.0,-5.41353383458641,8.447293166507558,3.5036798290492484,2.5128217640281063,11.450625233596334,8.353178222807022,1.3943208703480727,4.556879201508005,9.782780596711529,5.128491014842791,3.84178034693644,5.584584414065177,2.0509853961118343,1.334925620860239,1.4536449015151285,14.285893743432167,6.280386742585083,4.24838486969197,7.398849130812653,2.1853550994095547,1.4782998563499838,1.741567526896194,13.450217906456777,10.715307379590564,17.670052457696634,50.530849402629634,48.153729949433455,0.6064106150926136,2.8596887034491885,2994,2.8386284171447858,0.1231332642798311,0.9782899131596526,0.9418837675350702,0.0400801603206412,0.0163660654642618,6,3,5552.890961653853,5.173730431462395,0.1724576810487464,0.1850963653884617,0.8386796219885532,0.5534024506325491,2.8028499680553707,7.0,2.0,0.23333333333333334,7.0,0.0,0.0,0.0,0.0,0.0,0.0,0.0,3.0,25.0,5.0,0.050505050505050504,17.0,0.0,8.0,0.0,8.0,0.32,0.32,0.0,5.0,15.0,3.0,175.0,0.35353535353535354,7.958333333333333,1.0,10.0,0.16666666666666666
subject_11_task_5_6,11,5_6,,5_6,95,470.0,500.0,0.669106116048092,18.0,0.4629629629629629,eye,高,7.8,6,82.33333333333333,1.0327955589886444,81.0,83.0,-3.185840707964542,8.288293696509736,3.451677441049142,2.4633385768926024,10.083974597729654,7.053688102896826,1.4012192531825194,4.093621028113058,9.721696755150958,5.120007599097251,3.779054434686152,5.209781000857332,1.9995833199377648,1.3548382770311864,1.378593796649029,13.706010630455468,6.38557730369013,4.303170533328016,6.66029779164149,2.181128213019089,1.4839238310993936,1.5477652442675802,13.47750571630737,11.848213355670552,18.56229324188638,50.44189926384016,49.080368575566496,0.6382946978197014,2.7174389827015815,2995,2.838996954314721,0.1209193778036929,0.9746243739565944,0.935559265442404,0.0430717863105175,0.0186978297161936,12,3,4528.372334042442,4.219167621229482,0.1406389207076493,0.1509457444680814,0.8386796219885532,0.5534024506325491,2.8028499680553707,7.0,2.0,0.23333333333333334,7.0,0.0,0.0,0.0,0.0,0.0,0.0,0.0,2.0,29.0,6.0,0.058,21.0,0.0,8.0,0.0,8.0,0.27586206896551724,0.27586206896551724,0.0,6.0,2.0,4.0,192.0,0.384,7.464285714285714,1.0,14.0,0.23333333333333334
subject_11_task_5_6,11,5_6,,5_6,96,475.0,505.0,0.6757971772085729,18.0,0.4675925925925926,eye,高,7.8,6,83.0,2.1908902300206643,81.0,87.0,6.591549295774603,8.714190206253422,3.518387073044162,2.6556588112946353,9.680418049533914,6.239804938040702,1.324864119622711,3.645203972875832,9.608732446710327,5.160861693683706,3.751028844051677,5.176819373712685,1.988128477814621,1.3758523083254133,1.3801065224870253,13.47858632663377,6.492881154086447,4.39252137050082,6.812626058993649,2.225710706743725,1.4781672316249088,1.5509602536587994,17.812760400220306,11.172185599274265,18.470920747142276,51.47583293847214,48.9234445654075,0.6048526628540033,2.786857983050802,2995,2.882596954314721,0.2505523424237701,0.9729549248747912,0.932220367278798,0.0477462437395659,0.0176961602671118,12,3,3503.8537064310312,3.264604810996568,0.1088201603665522,0.116795123547701,0.8386796219885532,0.5534024506325492,2.8028499680553707,7.0,2.0,0.23333333333333334,7.0,0.0,0.0,0.0,0.0,0.0,0.0,0.0,2.0,29.0,6.0,0.05742574257425743,21.0,0.0,8.0,0.0,8.0,0.27586206896551724,0.27586206896551724,0.0,6.0,7.0,4.0,192.0,0.3801980198019802,7.464285714285714,1.0,14.0,0.23333333333333334
subject_11_task_5_6,11,5_6,,5_6,97,480.0,510.0,0.6824882383690538,18.0,0.4722222222222222,eye,高,7.8,7,84.42857142857143,3.1547394428670255,81.0,88.0,16.896046852122996,9.099609342273864,3.4086241425881125,2.447712025204712,8.277524642286494,5.408604104877675,1.3925756410430006,3.3817395825369663,10.285017285257664,4.78775742934331,3.3576140221260276,5.123109797420405,1.8928189078966808,1.4259403843899012,1.525818561532118,13.27092915544416,6.0058454071588425,4.367809139773701,6.473975461949006,2.130239505495649,1.3750246897166412,1.482202004432004,16.3161837169439,10.707341335006475,17.60098639786034,52.01075526499731,48.48602243667862,0.6083375722799327,2.9549909356966486,2995,2.9171880312818765,0.2929895386088931,0.9519198664440734,0.9148580968280468,0.0554257095158597,0.0237061769616026,18,3,2479.33507881962,2.310042000763655,0.0770014000254551,0.0826445026273206,0.8386796219885532,0.5534024506325492,2.8028499680553702,7.0,2.0,0.23333333333333334,7.0,0.0,0.0,0.0,0.0,0.0,0.0,0.0,2.0,29.0,6.0,0.056862745098039215,21.0,0.0,8.0,0.0,8.0,0.27586206896551724,0.27586206896551724,0.0,6.0,12.0,4.0,192.0,0.3764705882352941,7.464285714285714,1.0,14.0,0.23333333333333334
subject_11_task_5_6,11,5_6,,5_6,98,485.0,515.0,0.6891792995295347,18.0,0.4768518518518518,eye,高,7.8,6,84.66666666666667,3.386246693120078,81.0,88.0,23.27868852459017,9.246332542978942,3.5955093148694033,2.5170086530330176,7.392057260802456,4.810201863649368,1.4284850830913047,2.9368422122406934,10.473600595102145,4.966642261478632,3.3602808617748496,5.216052445112515,1.8288730537635527,1.4780437903203505,1.5522668073517745,13.659034883681628,6.301195088612634,4.57388746556289,6.608300664990908,2.049681361202592,1.377645413459505,1.4447886430843029,17.598450142464525,9.80233429421718,16.14873348539272,50.22701826929504,45.748248676853336,0.6070032862381342,3.110276004909469,2995,2.940107446446787,0.2758293332921564,0.9545909849749584,0.9181969949916527,0.0540901502504173,0.021702838063439,18,3,1454.8164512082085,1.3554791905307413,0.045182639684358,0.0484938817069402,0.8386796219885533,0.553402450632549,2.802849968055371,4.0,1.0,0.13333333333333333,4.0,0.0,0.0,0.0,0.0,0.0,0.0,0.0,1.0,29.0,6.0,0.05631067961165048,21.0,0.0,8.0,0.0,8.0,0.27586206896551724,0.27586206896551724,0.0,6.0,17.0,4.0,192.0,0.37281553398058254,7.464285714285714,1.0,14.0,0.23333333333333334
subject_11_task_5_6,11,5_6,,5_6,99,490.0,520.0,0.6958703606900157,18.0,0.4814814814814814,eye,高,7.8,6,85.33333333333333,2.875181153713043,81.0,88.0,14.071146245059408,9.401283992941185,3.611156560585352,2.417845292281724,7.850674256386995,5.385826747981298,1.4935432685097476,3.246971293592694,10.966682249151738,4.778280106195111,3.094781757169995,4.963120721671207,1.8135798416793565,1.5439796667809562,1.6037062097101489,13.36499327593627,6.159422385266479,4.431715917265496,6.627058062741057,2.103351694884763,1.3898504552762558,1.4953706840555234,15.80385805097064,9.59706845892528,15.528177047889102,50.85503337479216,48.67381372127508,0.6180421841744717,3.275016327927906,2995,2.9407847457627128,0.2745670276390033,0.9572621035058432,0.921202003338898,0.0530884808013355,0.020033388981636,24,3,430.29782359679734,0.4009163802978279,0.0133638793432609,0.0143432607865599,0.8386796219885532,0.5534024506325492,2.8028499680553707,7.0,2.0,0.23333333333333334,4.0,0.0,3.0,0.0,3.0,0.42857142857142855,0.42857142857142855,0.0,2.0,32.0,6.0,0.06153846153846154,21.0,0.0,11.0,0.0,11.0,0.34375,0.34375,0.0,6.0,1.0,5.0,212.0,0.4076923076923077,7.419354838709677,1.0,17.0,0.2833333333333333
subject_11_task_5_6,11,5_6,,5_6,100,495.0,525.0,0.7025614218504966,18.0,0.4861111111111111,eye,高,7.8,6,86.0,2.0,83.0,88.0,2.314616373767769,9.320736653477203,3.6661528507142034,2.480264741893073,8.600918008722303,6.24554869281029,1.4781296483358448,3.4677419161946452,10.28718484346321,4.748870843233587,3.1734228856803792,4.981817212779142,1.9984455077860843,1.4964506825302717,1.5698560804041863,12.768320367933804,6.136665527155019,4.460635309020763,6.941321524418981,2.203792767765722,1.3757380063653293,1.5561284533576452,17.417833052014974,9.863314407329147,14.485788414696566,49.437834511025336,49.64862960468509,0.6808959322726483,3.4128507952572433,2995,2.940540640809443,0.2734275472603369,0.9602671118530884,0.925542570951586,0.0520868113522537,0.01669449081803,18,0,0.0,0.0,0.0,0.0,,,,7.0,2.0,0.23333333333333334,4.0,0.0,3.0,0.0,3.0,0.42857142857142855,0.42857142857142855,0.0,2.0,32.0,6.0,0.06095238095238095,21.0,0.0,11.0,0.0,11.0,0.34375,0.34375,0.0,6.0,6.0,5.0,212.0,0.4038095238095238,7.419354838709677,1.0,14.0,0.23333333333333334
subject_11_task_5_6,11,5_6,,5_6,101,500.0,530.0,0.7092524830109775,18.0,0.4907407407407407,eye,高,7.8,7,85.28571428571429,2.563479777846623,82.0,88.0,-14.41245870693746,9.097182720677488,3.880032920505696,2.3296507173347405,9.15760863373188,6.667900087653582,1.6654998500997116,3.9308934019983615,9.538962313118754,4.509643087656838,3.066328273030461,4.825576972630625,1.9909960007508856,1.4706980747367746,1.5737313630355347,12.477798076234423,6.239538623428869,4.528945798197341,6.84185234230768,2.1926910703224665,1.377702207412682,1.5106942425831076,13.52928615132886,9.72346527097606,12.775096513496814,49.64876709383835,51.05441557245204,0.7611265606254539,3.8863711942516224,2994,2.9364563826204115,0.2735003785664541,0.9642618570474282,0.9291917167668672,0.0514362057448229,0.0136940547762191,17,2,107.6895811504954,0.2335999591117036,0.0077866653037234,0.0035896527050165,0.6666666666666666,0.6365141682928128,2.8995633333333335,3.0,1.0,0.1,0.0,0.0,3.0,0.0,3.0,1.0,1.0,0.0,1.0,32.0,6.0,0.06037735849056604,21.0,0.0,11.0,0.0,11.0,0.34375,0.34375,0.0,6.0,11.0,5.0,212.0,0.4,7.419354838709677,1.0,10.0,0.16666666666666666
subject_11_task_5_6,11,5_6,,5_6,102,505.0,535.0,0.7159435441714584,18.0,0.4953703703703703,eye,高,7.8,6,85.0,2.6832815729997477,82.0,88.0,-17.273090763694515,9.074071465849409,3.8959576789548103,2.598788256749647,9.19082343698101,6.947942580522201,1.4991439448120167,3.5365803324339105,9.440865046256851,4.742534166474368,3.4360542305717026,5.134419705373437,2.0269263256833585,1.3802268090760863,1.4942778433736057,11.916451184420254,6.446189604902044,5.201353316314821,7.245388641798374,2.1879302656752415,1.2393293077558505,1.3929814417859545,11.84478764858101,10.370561660377826,12.707331310222306,47.81281887677252,49.20639765346653,0.8161085445246331,3.7626168476704382,2994,2.89303311929706,0.1801224404711817,0.9639278557114228,0.9245156980627922,0.0511022044088176,0.0170340681362725,17,2,284.40369527995796,0.6169277554879782,0.0205642585162659,0.0094801231759986,0.6666666666666666,0.6365141682928128,2.8995633333333335,3.0,1.0,0.1,0.0,0.0,3.0,0.0,3.0,1.0,1.0,0.0,1.0,32.0,6.0,0.059813084112149535,21.0,0.0,11.0,0.0,11.0,0.34375,0.34375,0.0,6.0,16.0,5.0,212.0,0.39626168224299063,7.419354838709677,1.0,10.0,0.16666666666666666
subject_11_task_5_6,11,5_6,,5_6,103,510.0,540.0,0.7226346053319394,18.0,0.5,eye,高,7.8,6,82.33333333333333,2.250925735484551,80.0,85.0,-14.572490706319632,8.647410015892797,3.7382081397508697,2.5426452269348605,9.67497706070423,7.287909046144979,1.470204376194964,3.805083366808251,8.325344584557001,4.4527012867132445,3.3061403769149487,4.742222264979495,2.046254679721706,1.3467974069716253,1.43436809219958,12.209824229413863,6.172502837584217,5.231488913386208,6.992294878745362,2.155745315926503,1.1798749724557698,1.3365783612488686,10.125747390393984,10.219721764450467,11.215929054302862,47.788280591901184,50.642417377982035,0.9111792447126604,4.260750969494387,2994,2.873334678775647,0.0747299894996998,0.9843019372077488,0.9352037408149632,0.0501002004008016,0.0110220440881763,11,2,461.1178094094205,1.0002555518642526,0.0333418517288084,0.0153705936469806,0.6666666666666666,0.6365141682928128,2.8995633333333335,3.0,1.0,0.1,0.0,0.0,3.0,0.0,3.0,1.0,1.0,0.0,1.0,32.0,6.0,0.05925925925925926,21.0,0.0,11.0,0.0,11.0,0.34375,0.34375,0.0,6.0,21.0,5.0,212.0,0.3925925925925926,7.419354838709677,1.0,10.0,0.16666666666666666
subject_11_task_5_6,11,5_6,,5_6,104,515.0,545.0,0.7293256664924203,18.0,0.5046296296296297,eye,高,7.8,6,82.33333333333333,2.250925735484551,80.0,85.0,-14.572490706319632,8.795017118452224,3.759589527495803,2.5759829431468297,10.250075662542605,7.4013070446547635,1.4594776481334446,3.9790929865479137,8.756029700163298,4.810438980203978,3.445873659364649,4.901635593464161,2.094737745596062,1.3959998118709112,1.4224652665785564,11.902045841567432,6.3226353541208224,5.148352343024995,7.264117280193857,2.119730289020524,1.228089091976533,1.4109596228461925,12.338565967223904,10.565610327724004,11.472605501592096,46.84928696589552,50.540984582209376,0.9209425292500272,4.083578656948856,2994,2.8576145025295108,0.0790073075601572,0.9812959251837008,0.9308617234468938,0.0511022044088176,0.0143620574482297,11,2,637.8319235388831,1.3835833482405273,0.0461194449413509,0.0212610641179627,0.6666666666666666,0.6365141682928128,2.8995633333333335,3.0,1.0,0.1,0.0,0.0,3.0,0.0,3.0,1.0,1.0,0.0,1.0,32.0,6.0,0.05871559633027523,21.0,0.0,11.0,0.0,11.0,0.34375,0.34375,0.0,6.0,26.0,5.0,212.0,0.3889908256880734,7.419354838709677,1.0,7.0,0.11666666666666667
subject_11_task_5_6,11,5_6,,5_6,105,520.0,550.0,0.7360167276529012,18.0,0.5092592592592593,eye,高,7.8,7,80.71428571428571,2.497617912751115,78.0,85.0,-13.951367781155003,9.65813954541072,3.757596057461685,2.737927995468306,10.165481071968356,7.034097208955605,1.3724232571788182,3.7128372582455778,8.47579397788245,4.725477601639216,3.886645872293213,4.741221575084837,1.9325653429843617,1.215824069624093,1.2198748563340052,12.74606894651154,6.153896827274587,5.600294493261892,7.24358099635298,2.1046781731987334,1.0988523611890006,1.293428587562358,11.461873934584029,10.621437407345228,12.239552651305402,45.98916974749648,47.32166326185618,0.8677962103633261,3.757422436725375,2994,2.8583270142180095,0.0812386960627972,0.9769539078156312,0.9288577154308616,0.0497661990647962,0.0177020708082832,5,2,814.5460376683457,1.766911144616802,0.0588970381538934,0.0271515345889448,0.6666666666666666,0.6365141682928128,2.8995633333333335,0.0,0.0,0.0,0.0,0.0,0.0,0.0,0.0,0.0,0.0,0.0,0.0,32.0,6.0,0.05818181818181818,21.0,0.0,11.0,0.0,11.0,0.34375,0.34375,0.0,6.0,31.0,5.0,212.0,0.38545454545454544,7.419354838709677,1.0,7.0,0.11666666666666667
subject_11_task_5_6,11,5_6,,5_6,106,525.0,555.0,0.7427077888133822,18.0,0.5138888888888888,eye,高,7.8,6,80.0,1.7888543819998317,78.0,82.0,-11.83312262958282,9.865631562596196,3.8564724991125297,2.9660426099103803,10.357676297238312,7.006850301171319,1.3002080571017332,3.4920861428728,8.542465170579531,5.13493067611714,3.899527007024136,5.10453761009521,1.9928037167417132,1.316808594187884,1.309014555073093,12.73972655081721,6.882337083796395,5.6969583027855775,7.388953606497608,2.0732844686260585,1.2080722234584755,1.296999769663877,12.272357249358176,10.956355289282731,14.94764929827945,47.51136863759377,47.66227092916122,0.7329818268176699,3.178517751487692,2995,2.8456270727580377,0.0834355228341569,0.9782971619365608,0.9315525876460768,0.0487479131886477,0.0160267111853088,5,2,991.2601517978082,2.150238940993076,0.0716746313664358,0.0330420050599269,0.6666666666666666,0.6365141682928128,2.899563333333333,0.0,0.0,0.0,0.0,0.0,0.0,0.0,0.0,0.0,0.0,0.0,0.0,32.0,6.0,0.05765765765765766,21.0,0.0,11.0,0.0,11.0,0.34375,0.34375,0.0,6.0,36.0,5.0,212.0,0.38198198198198197,7.419354838709677,1.0,7.0,0.11666666666666667
subject_11_task_5_6,11,5_6,,5_6,107,530.0,560.0,0.7493988499738631,18.0,0.5185185185185185,eye,高,7.8,6,78.66666666666667,1.0327955589886446,78.0,80.0,-5.798019801980178,10.858408242554898,4.053871502454346,3.0800069771852954,11.319514590691266,7.490163007646899,1.3161890646621293,3.675158749489507,8.761741450128026,5.2263889887170185,3.9778738254317463,4.9164985964781165,2.10450600088045,1.313864948481558,1.2359614236744914,13.06698909332042,6.846497492781138,5.72709921465294,7.611222303151299,2.237572789946108,1.1954564145255573,1.3289838394414015,11.1633081489259,11.50857233098958,21.30328512433324,53.030158462280234,53.38731326107291,0.5402252405589855,2.4892948741369296,2995,2.860996280013527,0.0935694132779367,0.9739565943238732,0.9252086811352254,0.0534223706176961,0.018363939899833,5,2,1060.2846847767755,2.299966778257647,0.0766655592752549,0.0353428228258925,0.6666666666666666,0.6365141682928128,2.8995633333333335,0.0,0.0,0.0,0.0,0.0,0.0,0.0,0.0,0.0,0.0,0.0,0.0,32.0,6.0,0.05714285714285714,21.0,0.0,11.0,0.0,11.0,0.34375,0.34375,0.0,6.0,41.0,5.0,212.0,0.37857142857142856,7.419354838709677,1.0,3.0,0.05
subject_11_task_5_6,11,5_6,,5_6,108,535.0,565.0,0.756089911134344,18.0,0.5231481481481481,eye,高,7.8,6,78.66666666666667,1.0327955589886446,78.0,80.0,-5.798019801980178,9.754212163983633,4.048997554076336,2.7702715132403646,11.16636942107766,7.363828627841034,1.4615887051952736,4.030785201995037,8.927165949888227,5.7281893533381245,3.4556795903376867,5.219293834699018,2.217345730214807,1.6576158765860494,1.5103523629020803,13.003837825862488,7.179387757361708,5.19864608037617,7.658872549074517,2.2381637837091377,1.3810110644889704,1.4732436928117114,12.948097444935378,12.156113354308696,20.102679921770925,53.42335209088287,55.10380131011717,0.6047011344563962,2.6575238873015192,2995,2.867941216216216,0.0994025032130605,0.9706176961602672,0.9252086811352254,0.0534223706176961,0.0210350584307178,5,2,1060.2846847767755,2.299966778257647,0.0766655592752549,0.0353428228258925,0.6666666666666666,0.6365141682928128,2.8995633333333335,0.0,0.0,0.0,0.0,0.0,0.0,0.0,0.0,0.0,0.0,0.0,0.0,32.0,6.0,0.05663716814159292,21.0,0.0,11.0,0.0,11.0,0.34375,0.34375,0.0,6.0,46.0,5.0,212.0,0.3752212389380531,7.419354838709677,1.0,3.0,0.05
subject_11_task_5_6,11,5_6,,5_6,109,540.0,570.0,0.7627809722948249,18.0,0.5277777777777778,eye,高,7.8,5,78.0,0.0,78.0,78.0,6.256148352409695e-14,11.005558273633238,4.426927840552817,2.951597929793774,11.17375068592873,7.369889991112891,1.4998410846771812,3.7856615134261977,9.461843488025046,5.57954124498352,3.489313155458136,5.547337602784587,2.169674624686936,1.5990371160168753,1.589807895031491,13.25674985935637,7.346458192788374,5.226498900491797,8.058031518168399,2.255912340260951,1.4056174759927904,1.5417647016839826,13.266945000878076,12.86495072763383,23.36806638860263,54.7109979066857,56.42963306895958,0.5505355262902063,2.341271930542359,2995,2.896927118644068,0.106334519102212,0.9676126878130216,0.9228714524207012,0.0524207011686143,0.0243739565943238,5,2,921.8821905905784,1.999744448135745,0.0666581482711915,0.0307294063530192,0.6666666666666666,0.6365141682928128,2.8995633333333335,0.0,0.0,0.0,0.0,0.0,0.0,0.0,0.0,0.0,0.0,0.0,0.0,32.0,6.0,0.056140350877192984,21.0,0.0,11.0,0.0,11.0,0.34375,0.34375,0.0,6.0,51.0,5.0,212.0,0.3719298245614035,7.419354838709677,1.0,3.0,0.05
subject_11_task_5_6,11,5_6,,5_6,110,545.0,575.0,0.7694720334553058,18.0,0.5324074074074074,eye,高,7.8,6,78.0,0.0,78.0,78.0,-2.347734878942255e-14,10.161335792172125,4.5777826296308595,2.862368727736392,11.011048443768884,7.825655801818875,1.5992987155260898,3.8468308911677505,9.634856164360029,6.073479739116195,3.2821231222060896,5.450937368730518,2.255141219003805,1.850472853387013,1.660796126705525,13.70047543655356,7.562591365234546,5.45609222573456,7.495186710751726,2.2695260770256516,1.3860820258067368,1.373728009105022,14.90881680581191,13.145127233566674,22.12756227409812,56.35731423500736,58.887132715409415,0.59406124681678,2.546928285045551,2995,2.910082061715835,0.0982622176263299,0.9669449081803004,0.9198664440734556,0.0534223706176961,0.0240400667779632,5,2,745.1680764611159,1.6164166517594705,0.053880555058649,0.0248389358820371,0.6666666666666666,0.6365141682928128,2.8995633333333335,0.0,0.0,0.0,0.0,0.0,0.0,0.0,0.0,0.0,0.0,0.0,0.0,32.0,6.0,0.05565217391304348,21.0,0.0,11.0,0.0,11.0,0.34375,0.34375,0.0,6.0,56.0,5.0,212.0,0.36869565217391304,7.419354838709677,1.0,3.0,0.05
subject_11_task_5_6,11,5_6,,5_6,111,550.0,580.0,0.7761630946157867,18.0,0.5370370370370371,eye,高,7.8,5,78.0,0.0,78.0,78.0,2.782522300740471e-14,11.271263553122711,4.394780931307894,2.742123955377608,10.910015437397464,7.409811342601533,1.6026922935738346,3.978673325836244,9.956008811042029,5.4057668905023375,3.2116700867214347,5.730205349732849,2.223959342958792,1.6831638196128358,1.7841824331285556,13.889436551293564,7.234954423377387,5.334386830147714,7.76468260083707,2.302820059138662,1.3562860463152882,1.4555904639225534,14.72809237505238,12.592055948089977,24.359746596330854,58.953520352891296,60.202743213965334,0.5169206460459089,2.4201204277622113,2995,2.8918641598915986,0.1076747309645153,0.9686143572621037,0.92220367278798,0.0517529215358931,0.023372287145242,11,4,617.8342723779599,1.447785855584529,0.0482595285194843,0.0205944757459319,0.6133834349501218,0.919323782945772,2.9060747874986306,3.0,1.0,0.1,0.0,0.0,0.0,3.0,3.0,1.0,0.0,1.0,0.0,35.0,6.0,0.0603448275862069,21.0,0.0,11.0,3.0,14.0,0.4,0.3142857142857143,0.08571428571428572,6.0,4.0,6.0,269.0,0.46379310344827585,8.441176470588236,1.0,3.0,0.05
subject_11_task_5_6,11,5_6,,5_6,112,555.0,585.0,0.7828541557762676,18.0,0.5416666666666666,eye,高,7.8,6,78.0,0.0,78.0,78.0,4.2434118238938886e-14,10.52084763690389,4.478016852395386,2.5348843314264453,10.861800341767404,8.277762208486404,1.766556681454372,4.284929378081399,11.0756417554207,5.678582822814179,3.2156651844276385,5.544244166275209,2.1076148720214127,1.765912337613258,1.7241360179921958,14.866048743195329,7.343535508214796,5.246514565088445,7.554435736366432,2.2772432932778255,1.3996979169905344,1.4398960762704147,16.598928395147542,11.17215191863196,16.991489106032823,53.19580679531932,55.197987568857705,0.6575145856207087,3.130732478087054,2994,2.8985506458191708,0.1039543617884448,0.9629258517034068,0.9141616566466266,0.0554442217768871,0.0277221108884435,11,4,533.7313923938567,1.4671155989706866,0.0489038532990228,0.0177910464131285,0.4893096087717895,1.2298492396144147,2.9212371754816124,6.0,1.0,0.2,0.0,0.0,3.0,3.0,6.0,1.0,0.5,0.5,1.0,38.0,6.0,0.06495726495726496,21.0,0.0,14.0,3.0,17.0,0.4473684210526316,0.3684210526315789,0.07894736842105263,6.0,3.0,6.0,269.0,0.4598290598290598,7.918918918918919,1.0,6.0,0.1
subject_11_task_5_6,11,5_6,,5_6,113,560.0,590.0,0.7895452169367486,18.0,0.5462962962962963,eye,高,7.8,5,77.8,0.4472135954999579,77.0,78.0,-2.4665391969405923,10.45939370643064,4.322648426747281,2.746923468415128,11.242551176807638,8.647710050849815,1.5736326390051512,4.092779178625667,11.23163891333227,5.374979907429036,3.290603825070637,5.696747117611586,2.122058886103616,1.633432705109572,1.7312163421828204,14.577590859311918,7.226188842350254,5.315597175860142,7.820118915298172,2.54828428838002,1.359431236657046,1.47116469826041,17.33956688058699,11.602265705861976,17.933388210392234,54.068318135592015,55.13551730082813,0.6469645094248598,3.014952751887673,2994,2.880550867642055,0.1097345319865578,0.9639278557114228,0.9104876419505676,0.0561122244488977,0.0283901135604542,11,4,449.62851240975345,1.486445342356844,0.0495481780785614,0.0149876170803251,0.3188198377668301,1.356287422818853,2.9420718038212863,6.0,1.0,0.2,0.0,0.0,3.0,3.0,6.0,1.0,0.5,0.5,1.0,38.0,6.0,0.06440677966101695,21.0,0.0,14.0,3.0,17.0,0.4473684210526316,0.3684210526315789,0.07894736842105263,6.0,8.0,6.0,269.0,0.4559322033898305,7.918918918918919,1.0,6.0,0.1
subject_11_task_5_6,11,5_6,,5_6,114,565.0,595.0,0.7962362780972295,18.0,0.5509259259259259,eye,高,7.8,6,77.83333333333333,0.408248290463863,77.0,78.0,-0.9564842740195756,10.003387679295724,4.308876988979712,2.631437340524568,11.44116475030201,8.831518178778492,1.637461368592099,4.3478765669644455,11.147167196180662,4.982660655860969,3.237908570076455,5.301151191836574,2.109896749130069,1.5388515605131237,1.6372146022984833,13.901575953396192,7.353891014474466,4.967400717676006,7.601018245059548,2.687647314322115,1.480430396586764,1.5301802043092825,18.310264662000467,10.186973752108008,16.40993961968488,52.50316692794877,54.012119075258795,0.6207806968337661,3.199473498669521,2994,2.8750512559402583,0.1070761581948574,0.9682698730794924,0.9158316633266532,0.0551102204408817,0.0240480961923847,11,4,365.5256324256503,1.5057750857430017,0.0501925028581,0.0121841877475216,0.4865149982942739,1.0193526406826094,2.9724940073749715,6.0,1.0,0.2,0.0,0.0,3.0,3.0,6.0,1.0,0.5,0.5,1.0,38.0,6.0,0.06386554621848739,21.0,0.0,14.0,3.0,17.0,0.4473684210526316,0.3684210526315789,0.07894736842105263,6.0,13.0,6.0,269.0,0.45210084033613446,7.918918918918919,1.0,6.0,0.1
subject_11_task_5_6,11,5_6,,5_6,115,570.0,600.0,0.8029273392577104,18.0,0.5555555555555556,eye,高,7.8,6,77.83333333333333,0.408248290463863,77.0,78.0,-0.2442996742672118,9.45693435036928,3.7709309717695416,2.667127480039545,11.520023747318348,8.847808569998678,1.41385479321507,4.31926251502142,10.676849397657206,4.931734240132939,3.3938160300925166,5.166313210052429,2.1121038536567416,1.453153086791949,1.522272617090442,13.239831896523604,6.581752880539198,5.006908682435801,7.395484915018426,2.6530753871017243,1.3145342361900745,1.4770560807233677,16.833577434944985,10.033771705745794,16.040647707524354,52.05765198406647,50.51424621395514,0.6255216054049456,3.2453584751223756,2994,2.8587248299319725,0.1020376015451981,0.9639278557114228,0.9124916499665998,0.054442217768871,0.0280561122244488,6,2,419.825246627744,1.8253271592510611,0.060844238641702,0.0139941748875914,0.5434782608695653,0.6893616831415101,2.9810330434782615,6.0,1.0,0.2,0.0,0.0,3.0,3.0,6.0,1.0,0.5,0.5,1.0,38.0,6.0,0.06333333333333334,21.0,0.0,14.0,3.0,17.0,0.4473684210526316,0.3684210526315789,0.07894736842105263,6.0,18.0,6.0,269.0,0.4483333333333333,7.918918918918919,1.0,6.0,0.1
subject_11_task_5_6,11,5_6,,5_6,116,575.0,605.0,0.8096184004181913,18.0,0.5601851851851852,eye,高,7.8,7,78.42857142857143,1.1338934190276817,77.0,80.0,5.346117867165645,9.951900895645489,3.7439861627729902,2.600779621995013,10.874272467269774,8.609876442047371,1.4395630183771757,4.181158747671327,10.217359552633718,4.630648611739905,3.414795389673632,4.991396170294343,2.1373595013345708,1.3560544874058993,1.461696998124211,13.764603507037634,6.813428313528526,4.757319253761938,7.341620811146202,2.603835802634757,1.43219909156626,1.5432264305870746,17.581949299496564,9.19597101346313,15.951304243451927,50.21948650532869,48.9131885770344,0.576502765737047,3.1482997088431803,2995,2.868953559322034,0.1531467763598118,0.9676126878130216,0.9048414023372288,0.0617696160267111,0.0247078464106844,6,2,460.0000000000006,2.0000000000000027,0.0666666666666667,0.0153333333333333,0.5434782608695652,0.6893616831415101,2.981033043478261,7.0,1.0,0.23333333333333334,1.0,0.0,3.0,3.0,6.0,0.8571428571428571,0.42857142857142855,0.42857142857142855,2.0,39.0,6.0,0.06446280991735537,22.0,0.0,14.0,3.0,17.0,0.4358974358974359,0.358974358974359,0.07692307692307693,7.0,1.0,7.0,291.0,0.4809917355371901,8.289473684210526,2.0,7.0,0.11666666666666667
subject_11_task_5_6,11,5_6,,5_6,117,580.0,610.0,0.8163094615786722,18.0,0.5648148148148148,eye,高,7.8,6,78.5,1.224744871391589,77.0,80.0,6.8899521531100865,9.003068640492936,3.659816297561976,2.6759310908240037,10.911094133012936,8.341574558151283,1.3676795751997497,4.077494435648216,9.796423087075755,4.707417957824385,3.1957114512961944,4.863921799044182,2.0625354494007717,1.4730422410055313,1.52201532371496,12.850376642796247,6.281191902295134,4.8565322622664135,7.400709228268104,2.4988293978761855,1.2933491559600738,1.5238669957510775,15.45634520614164,8.909388283822826,16.427541479438663,47.76093867812326,48.70716837922051,0.5423445921578806,2.9073698421582237,2995,2.913880231371215,0.1973603735112132,0.9565943238731218,0.8834724540901503,0.076126878130217,0.0270450751252086,12,2,410.6196899536941,1.7853029997986698,0.0595100999932889,0.0136873229984564,0.5434782608695652,0.6893616831415101,2.9810330434782606,4.0,1.0,0.13333333333333333,1.0,0.0,3.0,0.0,3.0,0.75,0.75,0.0,2.0,39.0,6.0,0.06393442622950819,22.0,0.0,14.0,3.0,17.0,0.4358974358974359,0.358974358974359,0.07692307692307693,7.0,6.0,7.0,291.0,0.47704918032786886,8.289473684210526,2.0,7.0,0.11666666666666667
subject_11_task_5_6,11,5_6,,5_6,118,585.0,615.0,0.8230005227391531,18.0,0.5694444444444444,eye,高,7.8,6,79.66666666666667,2.875181153713043,77.0,85.0,16.60714285714279,8.991096256086625,3.5989854889507233,2.529861433391953,10.67037974214869,7.681026238672875,1.4226018237391465,4.2177724049661505,9.963075876736555,4.706107614101475,3.224418619028078,4.781755141587231,2.065001811155032,1.4595212874437549,1.4829821144714064,12.873033574796876,6.726837789946565,4.79080316640586,7.651216893847337,2.514403191183866,1.4041148334201237,1.5970635044034605,16.72805058172689,8.371170330590969,16.02578550516961,45.1707424802905,45.92049637283787,0.522356319313683,2.81862891935745,2995,2.926577001356852,0.1960095767144834,0.9582637729549248,0.8804674457429048,0.0791318864774624,0.0257095158597662,17,3,866.2734950411035,1.9972923650057095,0.0665764121668569,0.0288757831680367,0.632900628232605,0.9104580914782838,2.9609934833691134,1.0,0.0,0.03333333333333333,1.0,0.0,0.0,0.0,0.0,0.0,0.0,0.0,1.0,39.0,6.0,0.06341463414634146,22.0,0.0,14.0,3.0,17.0,0.4358974358974359,0.358974358974359,0.07692307692307693,7.0,11.0,7.0,291.0,0.47317073170731705,8.289473684210526,2.0,7.0,0.11666666666666667
subject_11_task_5_6,11,5_6,,5_6,119,590.0,620.0,0.829691583899634,18.0,0.5740740740740741,eye,高,7.8,6,82.0,5.0990195135927845,78.0,91.0,28.82412060301502,9.64484128114365,3.568657979647957,2.5161327658733867,10.04178873198673,6.752423996653793,1.418310682190581,3.990961394479944,9.797410168728074,4.63083724113107,3.1529592654187923,4.8612940446803545,1.9283439392719843,1.4687272658170478,1.541819489391549,13.77064393169016,6.092211210135799,4.959566796904777,7.522690348075912,2.177711471890272,1.228375674653257,1.5168039177878918,28.16857627647643,9.167485219380204,15.92228239411054,46.51175415059792,44.42849950860771,0.5757645161959409,2.921173799040397,2995,2.9431469594594595,0.1895398467930965,0.9646076794657764,0.8864774624373957,0.0774624373956594,0.0207011686143572,17,3,1117.3972216629686,1.979987920273798,0.0659995973424599,0.0372465740554322,0.7982837103107099,0.6418280017310523,2.9557569516507054,2.0,0.0,0.06666666666666667,1.0,0.0,0.0,1.0,1.0,0.5,0.0,0.5,1.0,40.0,6.0,0.06451612903225806,22.0,0.0,14.0,4.0,18.0,0.45,0.35,0.1,7.0,3.0,8.0,304.0,0.49032258064516127,8.41025641025641,2.0,8.0,0.13333333333333333
subject_11_task_5_6,11,5_6,,5_6,120,595.0,625.0,0.836382645060115,18.0,0.5787037037037037,eye,高,7.8,6,83.33333333333333,4.88535225614967,78.0,91.0,24.4357034795764,9.899533151090036,3.501167812599679,2.5399761293730982,10.248184803040248,6.9179960963504525,1.3784254789291333,4.034756344568342,9.935802604770124,4.54740371674128,3.5379182055134866,4.900530351474729,2.018616782587824,1.2853331966959023,1.3851451805295414,14.64930655619614,6.365790469483268,5.1485568707768286,7.69700303632737,2.357007619332796,1.2364222886641203,1.4949826193074611,49.74042407185899,11.402970435092683,17.747732710320733,47.11981103420133,46.473960872559665,0.642502939457815,2.654976373787736,2995,2.9380732203389828,0.1998696083804545,0.9612687813021704,0.879465776293823,0.079465776293823,0.0223706176961602,23,4,1210.8800982691157,1.7519436676345244,0.0583981222544841,0.0403626699423038,0.7366542742547811,0.8255108933155236,2.9318151005382265,2.0,0.0,0.06666666666666667,1.0,0.0,0.0,1.0,1.0,0.5,0.0,0.5,1.0,40.0,6.0,0.064,22.0,0.0,14.0,4.0,18.0,0.45,0.35,0.1,7.0,8.0,8.0,304.0,0.4864,8.41025641025641,2.0,8.0,0.13333333333333333
subject_11_task_5_6,11,5_6,,5_6,121,600.0,630.0,0.843073706220596,18.0,0.5833333333333334,eye,高,7.8,6,84.5,4.135214625627067,80.0,91.0,15.84352078239615,10.459110600428726,3.81777609036278,2.50215493701491,10.743211725921247,6.857956737230785,1.5257952390899567,4.293583729366488,10.01962003944769,4.568510235568383,3.1881513321798365,5.33091696049924,1.9731244875392615,1.4329653016956234,1.6721028599524883,15.187993033736994,6.4855732829599635,5.056092263681615,8.3374251480937,2.497563696767873,1.282724472721047,1.6489859585795552,40.406650563910375,10.959541010404122,17.496990114762465,47.54145025994335,46.6684697377349,0.6263672173625678,2.717121627669661,2995,2.9460064232589587,0.2065463506180999,0.9639398998330552,0.8737896494156928,0.0868113522537562,0.0193656093489148,23,4,1661.4507402227343,1.8589571352368388,0.0619652378412279,0.0553816913407578,0.5368801965686998,1.121322728406671,2.8900802150907685,2.0,0.0,0.06666666666666667,1.0,0.0,0.0,1.0,1.0,0.5,0.0,0.5,1.0,40.0,6.0,0.06349206349206349,22.0,0.0,14.0,4.0,18.0,0.45,0.35,0.1,7.0,13.0,8.0,304.0,0.48253968253968255,8.41025641025641,2.0,8.0,0.13333333333333333
subject_11_task_5_6,11,5_6,,5_6,122,605.0,635.0,0.8497647673810769,18.0,0.5879629629629629,eye,高,7.8,6,85.83333333333333,2.6394443859772205,84.0,91.0,-8.742216687422173,10.427750938536064,3.74345068882029,2.5760676771539335,10.441956106046636,6.936153379010985,1.4531647293350978,4.053447896051791,10.200712451955129,4.667964773916376,3.4205584173414074,5.1773861973181745,1.9890700040697176,1.3646791559679023,1.513608471374169,15.070003735476304,6.670764651897443,4.963115929919488,8.238292336256992,2.5986347269899803,1.3440678690746717,1.659903264921445,48.43363892831234,12.31654390179546,17.791076724838046,47.09214588604408,46.171883824780515,0.692287717729888,2.6469531110671305,2994,2.9396795523906416,0.1796087808858622,0.9615898463593856,0.8841015364061456,0.0804943219772879,0.021376085504342,17,4,2164.4578629494554,2.1939553018526428,0.073131843395088,0.0721485954316485,0.4121124348359852,1.217441240367174,2.868935568785433,1.0,0.0,0.03333333333333333,0.0,0.0,0.0,1.0,1.0,1.0,0.0,1.0,0.0,40.0,6.0,0.06299212598425197,22.0,0.0,14.0,4.0,18.0,0.45,0.35,0.1,7.0,18.0,8.0,304.0,0.47874015748031495,8.41025641025641,2.0,8.0,0.13333333333333333
subject_11_task_5_6,11,5_6,,5_6,123,610.0,640.0,0.8564558285415578,18.0,0.5925925925925926,eye,高,7.8,6,85.83333333333333,2.6394443859772205,84.0,91.0,-8.742216687422173,10.981118283058388,3.9970285093597138,2.6738328841231267,11.961156743930216,7.756563347172342,1.4948684837760622,4.473412237149904,10.444554470174566,4.889672073677208,3.622763105873053,6.671061494316895,3.338912340389023,1.3497079248020116,1.8414291244994971,16.07448471847649,6.56950560680781,4.774368956763098,8.133924924648975,2.9316300397386947,1.3759945379801082,1.7036649237438848,41.97457848683956,13.08973572778151,17.37654461483183,49.69171541463518,46.910807021389566,0.7532991177433923,2.859700620353519,2994,2.897484046164291,0.1622147979137441,0.9649298597194388,0.8934535738142952,0.0721442885771543,0.0237140948563794,17,4,2707.639739048434,2.7036263092173893,0.0901208769739129,0.0902546579682811,0.4199859179944879,1.2495180753123187,2.857624130481947,1.0,0.0,0.03333333333333333,0.0,0.0,0.0,1.0,1.0,1.0,0.0,1.0,0.0,40.0,6.0,0.0625,22.0,0.0,14.0,4.0,18.0,0.45,0.35,0.1,7.0,23.0,8.0,304.0,0.475,8.41025641025641,2.0,5.0,0.08333333333333333
subject_11_task_5_6,11,5_6,,5_6,124,615.0,645.0,0.8631468897020387,18.0,0.5972222222222222,eye,高,7.8,6,85.66666666666667,2.7325202042558927,84.0,91.0,-15.875912408759165,11.331322431812056,3.925762933862726,2.6845418688891587,12.694398182001573,8.875229485011149,1.462358616700277,4.728701879868392,10.317540479642211,5.01359988001714,3.448634914763288,8.092880327785327,5.015321446604934,1.4537925886426486,2.346690945202826,14.879756737540212,6.833254083114783,4.713775692838113,8.410920390287647,3.2720470829517314,1.449634969584341,1.784327668171992,50.051531250021945,14.162194292586795,18.84994730658202,48.22717637975515,49.688357924299424,0.7513121422701083,2.558478047464631,2994,2.902073659198914,0.1609728309294386,0.9676018704074816,0.8944555778223113,0.072812291249165,0.0217100868403473,11,4,2702.556575914643,2.598650411612663,0.0866216803870887,0.0900852191971547,0.5466586609083596,1.1824594996190103,2.8299524861602388,1.0,0.0,0.03333333333333333,0.0,0.0,0.0,1.0,1.0,1.0,0.0,1.0,0.0,40.0,6.0,0.06201550387596899,22.0,0.0,14.0,4.0,18.0,0.45,0.35,0.1,7.0,28.0,8.0,304.0,0.47131782945736433,8.41025641025641,2.0,2.0,0.03333333333333333
subject_11_task_5_6,11,5_6,,5_6,125,620.0,650.0,0.8698379508625196,18.0,0.6018518518518519,eye,高,7.8,6,84.33333333333333,1.0327955589886446,83.0,86.0,-6.469833119383726,10.48824381908194,4.045896483564614,2.7393716271799895,12.392341980448483,8.519642991697406,1.4769432680915986,4.523790002602028,9.684289732774518,5.313908354676671,3.5589024734917865,7.398152722319954,4.516857871498304,1.4931312094829547,2.078773660538475,14.882387052517691,7.0074627985617814,4.689884436421638,8.218496331426962,3.12681505743807,1.4941653453423782,1.7523878131414343,17.861287972286593,11.28240613355518,17.170701581388528,47.94683654805837,46.91980966439306,0.6570731009491352,2.792363277690899,2994,2.901622539035981,0.1620333197026361,0.9665998663994656,0.9064796259185036,0.0637942551770207,0.0217100868403473,6,3,2902.0034912463966,2.7229683239468887,0.0907656107982296,0.0967334497082132,0.6263194933145672,0.9182420096740516,2.812550587614356,0.0,0.0,0.0,0.0,0.0,0.0,0.0,0.0,0.0,0.0,0.0,0.0,40.0,6.0,0.06153846153846154,22.0,0.0,14.0,4.0,18.0,0.45,0.35,0.1,7.0,33.0,8.0,304.0,0.4676923076923077,8.41025641025641,2.0,2.0,0.03333333333333333
subject_11_task_5_6,11,5_6,,5_6,126,625.0,655.0,0.8765290120230005,18.0,0.6064814814814815,eye,高,7.8,6,83.83333333333333,0.7527726527090811,83.0,85.0,-4.488188976377994,10.07732982346852,3.907235629235377,2.795501456007595,12.495222966126269,9.08217185139976,1.3976868517949224,4.469760850695947,10.332233454173704,5.283067822906205,3.6344040578137142,8.312416891114905,5.193182795429805,1.4536269877720334,2.28714715229414,14.501321259099672,7.087428924460772,4.817416817493621,8.39152162613918,3.4682933716943314,1.4712094039120702,1.741913133957355,14.349215033299282,11.934727357173628,17.35428589557301,47.95314802796213,48.89483514068633,0.687710657124654,2.763187625034732,2994,2.9044755434782608,0.1615390831302741,0.9649298597194388,0.9018036072144288,0.0668002672010688,0.0240480961923847,6,3,3259.091256593869,3.0580260441884763,0.1019342014729492,0.1086363752197956,0.6263194933145672,0.9182420096740512,2.812550587614356,0.0,0.0,0.0,0.0,0.0,0.0,0.0,0.0,0.0,0.0,0.0,0.0,40.0,6.0,0.061068702290076333,22.0,0.0,14.0,4.0,18.0,0.45,0.35,0.1,7.0,38.0,8.0,304.0,0.46412213740458014,8.41025641025641,2.0,2.0,0.03333333333333333
subject_11_task_5_6,11,5_6,,5_6,127,630.0,660.0,0.8832200731834814,18.0,0.6111111111111112,eye,高,7.8,6,83.16666666666667,1.1690451944500122,81.0,84.0,-6.243243243243328,10.12440379932416,3.9381727012744943,2.738815240724511,12.243528786647486,8.899095677009331,1.437911050996164,4.470374125495464,10.208828547771065,5.344154445190768,3.4831785606072283,7.1734305683441235,4.729275184061424,1.5342751892280575,2.059449564105484,14.62289690075125,6.940246154399182,4.850286474549799,8.12610603580398,3.4057332161284677,1.43089407003395,1.675386820643051,15.125025013827177,11.38080798794769,16.800877277549535,50.99717617660713,49.26116352375444,0.6773936741479264,3.035387696376605,2995,2.8961445987131724,0.1457058969986204,0.9696160267111852,0.914524207011686,0.0590984974958263,0.0203672787979966,6,3,3259.091256593869,3.0580260441884763,0.1019342014729492,0.1086363752197956,0.6263194933145672,0.9182420096740512,2.812550587614356,0.0,0.0,0.0,0.0,0.0,0.0,0.0,0.0,0.0,0.0,0.0,0.0,40.0,6.0,0.06060606060606061,22.0,0.0,14.0,4.0,18.0,0.45,0.35,0.1,7.0,43.0,8.0,304.0,0.46060606060606063,8.41025641025641,2.0,2.0,0.03333333333333333
subject_11_task_5_6,11,5_6,,5_6,128,635.0,665.0,0.8899111343439624,18.0,0.6157407407407407,eye,高,7.8,5,82.2,1.6431676725154982,80.0,84.0,-11.394025604551809,9.606634292413666,3.8465627394100497,2.670861679118941,13.417135126420352,10.173265474168916,1.4401954131443253,5.023523019300039,10.50768393575872,5.3755284450358305,3.546467768830865,8.546204084390022,5.388131872255467,1.5157415195705943,2.409779149693888,13.773633628356729,7.0926073142050114,4.845734517475694,8.478026883220503,3.4949484110574214,1.463680539787349,1.7495855071393784,14.93525506173124,11.816525274728136,16.43649557613111,49.76515870667102,49.98036820488914,0.7189199924032442,3.0277231832154907,2995,2.900639783124365,0.1680662844312601,0.965609348914858,0.9075125208681136,0.0637729549248748,0.0210350584307178,6,3,3259.091256593869,3.0580260441884763,0.1019342014729492,0.1086363752197956,0.6263194933145672,0.9182420096740512,2.812550587614356,0.0,0.0,0.0,0.0,0.0,0.0,0.0,0.0,0.0,0.0,0.0,0.0,40.0,6.0,0.06015037593984962,22.0,0.0,14.0,4.0,18.0,0.45,0.35,0.1,7.0,48.0,8.0,304.0,0.45714285714285713,8.41025641025641,2.0,1.0,0.016666666666666666
subject_11_task_5_6,11,5_6,,5_6,129,640.0,670.0,0.8966021955044433,18.0,0.6203703703703703,eye,高,7.8,7,81.42857142857143,1.9023794624226835,79.0,84.0,-11.289701636188724,8.47583524050295,3.74843312563251,2.545358570338464,12.11988726079252,9.53836181571492,1.472654253633927,4.761563813455525,9.986787569411351,4.803646664448041,3.797944615121227,6.192164272661418,2.7482336185151635,1.264801662805373,1.6303987814903322,13.407558311117674,6.799568447057586,5.216320276803218,8.151404063623836,2.969811230386594,1.3035182056007977,1.562673231525454,15.178516584141256,10.11788786895608,15.696972606880225,49.2050735577922,45.54497069433692,0.6445757486078082,3.1346855721863753,2995,2.9082734611503533,0.1640743568469055,0.9709515859766276,0.912186978297162,0.066110183639399,0.0140233722871452,6,3,3259.091256593869,3.0580260441884763,0.1019342014729492,0.1086363752197956,0.6263194933145672,0.9182420096740512,2.812550587614356,0.0,0.0,0.0,0.0,0.0,0.0,0.0,0.0,0.0,0.0,0.0,0.0,40.0,6.0,0.05970149253731343,22.0,0.0,14.0,4.0,18.0,0.45,0.35,0.1,7.0,53.0,8.0,304.0,0.4537313432835821,8.41025641025641,2.0,1.0,0.016666666666666666
subject_11_task_5_6,11,5_6,,5_6,130,645.0,675.0,0.9032932566649242,18.0,0.625,eye,高,7.8,6,81.0,1.6733200530681511,79.0,83.0,-11.791907514450775,8.393237420693891,3.842647409640664,2.7536535043461514,13.284853932646222,10.463126932471472,1.3954723800854865,4.824446471452725,10.304899857930446,5.343074933133633,3.938660676416737,6.3669584841611035,2.5316172229713025,1.3565715282674684,1.616528817088542,13.63902973939103,6.997947515600471,5.195839770590128,8.275136717875068,2.9212927125950396,1.3468366663673434,1.5926466333150997,15.263137015152106,10.558968970864726,14.698378185665282,47.80208220223659,44.59186420148808,0.7183764655860093,3.252201133922107,2995,2.89818432559704,0.16396959451012,0.9679465776293824,0.9105175292153588,0.067779632721202,0.0153589315525876,6,3,3259.091256593869,3.0580260441884763,0.1019342014729492,0.1086363752197956,0.6263194933145672,0.9182420096740512,2.812550587614356,0.0,0.0,0.0,0.0,0.0,0.0,0.0,0.0,0.0,0.0,0.0,0.0,40.0,6.0,0.05925925925925926,22.0,0.0,14.0,4.0,18.0,0.45,0.35,0.1,7.0,58.0,8.0,304.0,0.45037037037037037,8.41025641025641,2.0,1.0,0.016666666666666666
subject_11_task_5_6,11,5_6,,5_6,131,650.0,680.0,0.9099843178254052,18.0,0.6296296296296297,eye,高,7.8,6,80.5,1.378404875209022,79.0,83.0,-7.499999999999979,7.423306784994145,4.033180022516644,2.669395585754939,14.976089127683949,12.227696413819483,1.5108963407444946,5.6102921603687745,9.570086285466171,5.02147795321833,4.184762041625988,6.518989593347734,2.5747825982316512,1.199943486217256,1.5577921823279544,12.45497418153342,6.743696709023321,5.100150358394133,8.167066311300143,2.885095725403131,1.3222544896003194,1.6013383405174115,14.94997731921948,9.53463766809616,14.64932041767094,47.04930228499736,45.12194849589172,0.6508587017179905,3.2117054541481327,2995,2.8884161322983464,0.1865065017330013,0.9642737896494156,0.9008347245409016,0.0721202003338898,0.018363939899833,6,3,3259.091256593869,3.0580260441884763,0.1019342014729492,0.1086363752197956,0.6263194933145672,0.9182420096740512,2.812550587614356,0.0,0.0,0.0,0.0,0.0,0.0,0.0,0.0,0.0,0.0,0.0,0.0,40.0,6.0,0.058823529411764705,22.0,0.0,14.0,4.0,18.0,0.45,0.35,0.1,7.0,63.0,8.0,304.0,0.4470588235294118,8.41025641025641,2.0,0.0,0.0
subject_11_task_5_6,11,5_6,,5_6,132,655.0,685.0,0.916675378985886,18.0,0.6342592592592593,eye,高,7.8,6,80.0,0.6324555320336759,79.0,81.0,-1.6256157635468005,7.920170773766046,3.708507474743748,2.5810487672314224,16.299806150886635,13.311979229282034,1.4368219313894257,6.315187205226936,10.051770739588765,5.040225632180537,3.716700379125691,6.526328251976022,2.5001190159990014,1.3561022191856609,1.7559468308584134,13.496572260117,6.440755815718903,4.622071151944265,8.009533163827534,2.766477469106484,1.3934782923040057,1.7328883309073118,15.800561385628702,10.17716471967727,13.542404455136628,45.459907703959914,43.401733642367795,0.7515035275598401,3.3568564470629876,2995,2.9032406722689075,0.1756052380282283,0.9702838063439064,0.9161936560934892,0.0637729549248748,0.0140233722871452,6,3,3259.091256593869,3.0580260441884763,0.1019342014729492,0.1086363752197956,0.6263194933145672,0.9182420096740512,2.812550587614356,0.0,0.0,0.0,0.0,0.0,0.0,0.0,0.0,0.0,0.0,0.0,0.0,40.0,6.0,0.058394160583941604,22.0,0.0,14.0,4.0,18.0,0.45,0.35,0.1,7.0,68.0,8.0,304.0,0.44379562043795623,8.41025641025641,2.0,0.0,0.0
subject_11_task_5_6,11,5_6,,5_6,133,660.0,690.0,0.9233664401463668,18.0,0.6388888888888888,eye,高,7.8,6,79.83333333333333,0.408248290463863,79.0,80.0,0.6048387096774958,7.962283743634235,4.064118884298968,2.8174183976981464,17.031306129938102,13.834473016013458,1.442497460660932,6.0450042293515285,10.146793443055945,5.066692037578924,4.087254743308439,6.956314260613417,2.6590722371025257,1.239632064987874,1.701952703584756,13.497889397612385,6.849662823076722,5.127913668758481,8.395222614977156,2.760408195422549,1.3357601678842408,1.637161457324168,16.607954957676867,9.688042992955408,14.611991928914245,45.19852914539874,42.687609836561165,0.6630200071343241,3.093248981061903,2994,2.908431405514459,0.1742334221790208,0.9712758851035403,0.920507682030728,0.0601202404809619,0.0133600534402137,6,3,3259.091256593869,3.0580260441884763,0.1019342014729492,0.1086363752197956,0.6263194933145672,0.9182420096740512,2.812550587614356,0.0,0.0,0.0,0.0,0.0,0.0,0.0,0.0,0.0,0.0,0.0,0.0,40.0,6.0,0.057971014492753624,22.0,0.0,14.0,4.0,18.0,0.45,0.35,0.1,7.0,73.0,8.0,304.0,0.4405797101449275,8.41025641025641,2.0,0.0,0.0
subject_11_task_5_6,11,5_6,,5_6,134,665.0,695.0,0.9300575013068478,18.0,0.6435185185185185,eye,高,7.8,7,80.28571428571429,0.951189731211342,79.0,82.0,3.942457231726318,8.55123375949245,4.020088581308711,2.805055637577661,17.907580827060176,14.048704345392188,1.4331582331038202,6.384037659418577,10.376144604145278,5.080755832281544,3.6131559580095582,6.551757117146939,2.548013846781752,1.406182265954683,1.8133059279168835,13.86589756434072,6.479904645877191,4.695894385839195,8.123285822870743,2.8418610242016227,1.3799085144286478,1.72986978739707,16.827386206379916,9.824505222493924,13.652370571202406,44.22563206526431,42.25092414545615,0.7196189973935531,3.2394104624255906,2994,2.89418264075067,0.1483782771432156,0.9772879091516368,0.9311957247828992,0.0521042084168336,0.0123580494321977,6,3,3259.091256593869,3.0580260441884763,0.1019342014729492,0.1086363752197956,0.6263194933145672,0.9182420096740512,2.812550587614356,0.0,0.0,0.0,0.0,0.0,0.0,0.0,0.0,0.0,0.0,0.0,0.0,40.0,6.0,0.05755395683453238,22.0,0.0,14.0,4.0,18.0,0.45,0.35,0.1,7.0,78.0,8.0,304.0,0.437410071942446,8.41025641025641,2.0,0.0,0.0
subject_11_task_5_6,11,5_6,,5_6,135,670.0,700.0,0.9367485624673288,18.0,0.6481481481481481,eye,高,7.8,5,80.6,0.8944271909999159,80.0,82.0,6.279069767441941,8.612807952631318,4.354823486075058,2.70808353559613,17.23131793749844,13.246254451160882,1.608083143977474,6.362919648158236,10.036377711396154,5.6835834147301965,3.133878217709109,6.150548597296933,2.6439026232833687,1.813594217737326,1.9625997470294283,13.447282982393954,6.8959912745684875,4.436265913831468,8.183807599906732,2.844609984134914,1.5544585037312677,1.844751364969154,14.727578322739015,10.002084246291988,13.837688362716868,43.88797762259617,42.41474206943199,0.7228146771422301,3.17162639251541,2994,2.8883951072386056,0.1251062319875416,0.9812959251837008,0.9405477621910489,0.0434201736806947,0.0130260521042084,6,3,3259.091256593869,3.0580260441884763,0.1019342014729492,0.1086363752197956,0.6263194933145672,0.9182420096740512,2.812550587614356,3.0,1.0,0.1,0.0,0.0,0.0,3.0,3.0,1.0,0.0,1.0,0.0,43.0,6.0,0.06142857142857143,22.0,0.0,14.0,7.0,21.0,0.4883720930232558,0.32558139534883723,0.16279069767441862,7.0,1.0,9.0,384.0,0.5485714285714286,9.761904761904763,2.0,3.0,0.05
subject_11_task_5_6,11,5_6,,5_6,136,675.0,705.0,0.9434396236278098,18.0,0.6527777777777778,eye,高,7.8,6,82.16666666666667,3.920034013457877,80.0,90.0,21.46438519697565,8.52891783106968,3.9447763009487766,2.651456550969714,16.754505696480194,12.99558422536693,1.4877770859590584,6.318981802795369,9.561055913972956,5.598976625785954,3.0924553179881804,6.055657960343127,2.4053421236337997,1.8105278977574395,1.9582038663965824,13.068185658198251,6.612342936821495,4.374430868758258,8.383112189658602,2.836116772263529,1.5115893096050914,1.9163892266603049,12.363177624375448,10.915418273951348,13.160581636213772,42.67355064899588,42.02147991635356,0.8294024212361221,3.2425277110528095,2994,2.8971896435776734,0.1609993503015412,0.9809619238476954,0.9342017368069472,0.0470941883767535,0.0140280561122244,6,3,2908.0871282587095,2.728676639229378,0.0909558879743126,0.0969362376086236,0.6263194933145673,0.9182420096740516,2.8125505876143566,3.0,1.0,0.1,0.0,0.0,0.0,3.0,3.0,1.0,0.0,1.0,0.0,43.0,6.0,0.06099290780141844,22.0,0.0,14.0,7.0,21.0,0.4883720930232558,0.32558139534883723,0.16279069767441862,7.0,6.0,9.0,384.0,0.5446808510638298,9.761904761904763,2.0,3.0,0.05
subject_11_task_5_6,11,5_6,,5_6,137,680.0,710.0,0.9501306847882908,18.0,0.6574074074074074,eye,高,7.8,6,83.66666666666667,4.589843860815602,80.0,90.0,28.26086956521739,9.149183544942504,3.8432013787003094,2.7103402075312726,15.25590262307093,11.451003972410474,1.417977480473165,5.628777738189129,10.237386694752743,5.67714143332266,2.9276449610919832,5.881868838175841,2.4500073974107894,1.9391495583553071,2.009078599469917,13.163887489573774,6.457100720129585,4.3825341065642895,8.427195702663909,2.7261605155876873,1.473371470277424,1.9229047618913917,13.566886305682502,11.45392918191087,13.39921960818809,41.9058436324217,42.184823879980506,0.8548206176807135,3.127483902630686,2995,2.9025711892797323,0.135286446579505,0.9853088480801336,0.9382303839732888,0.0467445742904841,0.0113522537562604,12,3,2364.9052521597314,2.219005631864632,0.0739668543954877,0.078830175071991,0.6263194933145673,0.9182420096740516,2.812550587614356,6.0,1.0,0.2,0.0,0.0,3.0,3.0,6.0,1.0,0.5,0.5,1.0,46.0,6.0,0.0647887323943662,22.0,0.0,17.0,7.0,24.0,0.5217391304347826,0.3695652173913043,0.15217391304347827,7.0,4.0,10.0,390.0,0.5492957746478874,9.266666666666667,2.0,6.0,0.1
subject_11_task_5_6,11,5_6,,5_6,138,685.0,715.0,0.9568217459487716,18.0,0.6620370370370371,eye,高,7.8,7,85.14285714285714,4.059087394500207,80.0,90.0,18.717504332755635,10.499023681014284,3.9962504580748623,3.0473630568240195,16.30866806108582,13.30859414220191,1.311379833500961,5.351731236803407,11.28751275972074,5.919096159982916,3.521614303499947,8.052824138278913,5.680560128423333,1.68079058348333,2.2866854357888187,12.956198439855232,6.623038365504518,4.820600103839664,8.525504175742455,3.075887166169159,1.3739032947846457,1.7685566095706202,11.383450724704526,11.99394885643519,15.169954625272888,46.284795132643545,44.29076002297003,0.7906384134105104,3.0510832943121566,2995,2.884975773889636,0.1462976731664631,0.9789649415692822,0.9235392320534224,0.0540901502504173,0.0156928213689482,17,4,1848.5344422644312,1.8124541098986464,0.0604151369966215,0.0616178147421477,0.6172353815901784,0.980722224215422,2.8159558183878883,6.0,1.0,0.2,0.0,0.0,3.0,3.0,6.0,1.0,0.5,0.5,1.0,46.0,6.0,0.06433566433566433,22.0,0.0,17.0,7.0,24.0,0.5217391304347826,0.3695652173913043,0.15217391304347827,7.0,9.0,10.0,390.0,0.5454545454545454,9.266666666666667,2.0,6.0,0.1
subject_11_task_5_6,11,5_6,,5_6,139,690.0,720.0,0.9635128071092524,18.0,0.6666666666666666,eye,高,7.8,6,86.0,3.687817782917155,81.0,90.0,16.670341786108168,10.098875826658224,4.132114848043768,3.017778305723992,16.103160203494653,12.040728043282469,1.36925725796562,5.336097808427766,10.515963609772708,5.827775799887601,3.528072426314788,7.571774583428545,4.892871320834903,1.651829978438097,2.1461505514889794,12.944060295622249,6.290024317624004,4.8091138376463665,8.580487429718545,3.04640399068787,1.307938329175092,1.7842138321928205,11.54320387666319,13.103458794607974,19.521312758490623,50.4057298693422,47.927915197428455,0.6712386076038221,2.5820871010541375,2995,2.870129205921938,0.1477252427742742,0.9746243739565944,0.9135225375626044,0.0604340567612687,0.0190317195325542,17,4,1342.3537615886898,1.4450953926232724,0.0481698464207757,0.0447451253862896,0.5965457745579523,1.0657909792964813,2.823711434863769,6.0,1.0,0.2,0.0,0.0,3.0,3.0,6.0,1.0,0.5,0.5,1.0,46.0,6.0,0.06388888888888888,22.0,0.0,17.0,7.0,24.0,0.5217391304347826,0.3695652173913043,0.15217391304347827,7.0,14.0,10.0,390.0,0.5416666666666666,9.266666666666667,2.0,6.0,0.1
subject_11_task_5_6,11,5_6,,5_6,140,695.0,725.0,0.9702038682697334,18.0,0.6712962962962963,eye,高,7.8,6,88.16666666666667,1.1690451944500122,87.0,90.0,-5.3235908141962325,9.480642517539804,3.786358908964485,3.1221596368330085,15.413880358661563,12.783367389035725,1.212737127306281,4.9369289695567184,10.584537075165644,6.118825185892483,3.4964332593363103,7.933749195479674,5.704114256917266,1.7500191572522543,2.269097851158655,12.323525672119786,6.1457041461200195,5.069556207062112,8.549105663150057,3.022172371845084,1.21227655737573,1.6863617472552688,10.568465831926195,12.972725680182425,16.379824981814366,48.842489464366984,44.76273652553144,0.7919941571161682,2.981868824520052,2995,2.874634589502019,0.1474558131010788,0.9752921535893156,0.9125208681135224,0.0624373956594323,0.0180300500834724,17,4,836.1730809129484,1.0777366753478983,0.0359245558449299,0.0278724360304316,0.5508070966825186,1.1755836856436974,2.8408568375368692,7.0,1.0,0.23333333333333334,1.0,0.0,3.0,3.0,6.0,0.8571428571428571,0.42857142857142855,0.42857142857142855,2.0,47.0,6.0,0.06482758620689655,23.0,0.0,17.0,7.0,24.0,0.5106382978723404,0.3617021276595745,0.14893617021276595,8.0,2.0,11.0,407.0,0.5613793103448276,9.434782608695652,2.0,7.0,0.11666666666666667
subject_11_task_5_6,11,5_6,,5_6,141,700.0,730.0,0.9768949294302144,18.0,0.6759259259259259,eye,高,7.8,6,88.16666666666667,1.1690451944500122,87.0,90.0,-5.3235908141962325,9.47303385744282,3.6379535593420607,2.977348330479616,15.35311719042992,11.710116315411437,1.221877038067638,5.156641241220409,10.266500349287178,5.902652594773614,3.478439103467119,7.239265092775597,4.7802055669911505,1.6969256667136046,2.0811820697277383,12.23938609855289,6.08590373438283,4.820411115175879,8.636235411353066,2.906227094080628,1.262527943980309,1.791597273552873,11.387871920143471,13.642640900178534,19.233553075707643,51.42023878803976,46.22566754240828,0.7093146464658919,2.673465406294822,2995,2.884552153432032,0.1434511856034402,0.9779632721202004,0.91118530884808,0.0651085141903172,0.0156928213689482,17,4,329.992400237207,0.7103779580725245,0.0236792652690841,0.0109997466745735,0.4176297768503857,1.2142722221577469,2.9106014612180373,4.0,1.0,0.13333333333333333,1.0,0.0,3.0,0.0,3.0,0.75,0.75,0.0,2.0,47.0,6.0,0.06438356164383562,23.0,0.0,17.0,7.0,24.0,0.5106382978723404,0.3617021276595745,0.14893617021276595,8.0,7.0,11.0,407.0,0.5575342465753425,9.434782608695652,2.0,7.0,0.11666666666666667
subject_11_task_5_6,11,5_6,,5_6,142,705.0,735.0,0.9835859905906952,18.0,0.6805555555555556,eye,高,7.8,6,87.16666666666667,1.7224014243685084,84.0,89.0,-8.375634517766619,9.75034552844144,3.8877887483433855,3.296189897641238,14.529445455377068,11.501104238247043,1.1794796019263023,4.4079515763865365,10.717343160488106,5.78127757163616,3.623687114660068,7.840432751179506,5.649976905264103,1.5954130113075429,2.163661625050375,12.8332039226263,6.532344973184112,5.189035815098073,8.413356011168176,2.9885147176180427,1.258874520421989,1.6213717366699585,11.78426940352244,13.310057596148654,18.15851963399336,51.19282376195068,45.840230342498536,0.7329924390549865,2.819217909488392,2995,2.902058803649882,0.1307487510145873,0.96661101836394,0.9061769616026712,0.0651085141903172,0.0220367278797996,11,1,174.81584789662472,0.6723686457562489,0.0224122881918749,0.0058271949298874,1.0,-1.000088900581841e-12,3.04733,4.0,1.0,0.13333333333333333,1.0,0.0,3.0,0.0,3.0,0.75,0.75,0.0,2.0,47.0,6.0,0.06394557823129252,23.0,0.0,17.0,7.0,24.0,0.5106382978723404,0.3617021276595745,0.14893617021276595,8.0,12.0,11.0,407.0,0.5537414965986395,9.434782608695652,2.0,7.0,0.11666666666666667
subject_11_task_5_6,11,5_6,,5_6,143,710.0,740.0,0.9902770517511762,18.0,0.6851851851851852,eye,高,7.8,7,86.0,1.914854215512676,84.0,88.0,-9.045293072824167,10.286258440161737,3.857259481810883,3.1284220210683076,14.094018281056698,10.274328664734789,1.2329728712540162,4.505152497374318,10.567029141291783,5.39615596300811,3.5687239175191636,7.189095030185818,4.9776114905942475,1.512068763996545,2.014472174463805,14.496307043466388,6.71904556040881,5.083986457271707,8.557770805675066,3.1720548158313937,1.3216096496084195,1.6832796227131466,13.36629760319181,12.569520985326138,19.88853443745911,54.48631955454248,49.78477118184285,0.6319983518570398,2.739584443784861,2994,2.928594099694811,0.1429837514102408,0.958249832999332,0.8981295925183701,0.0694722778891115,0.0247160988643954,5,1,211.81704331986143,0.814680935845621,0.027156031194854,0.007060568110662,1.0,-1.000088900581841e-12,3.04733,1.0,0.0,0.03333333333333333,1.0,0.0,0.0,0.0,0.0,0.0,0.0,0.0,1.0,47.0,6.0,0.06351351351351352,23.0,0.0,17.0,7.0,24.0,0.5106382978723404,0.3617021276595745,0.14893617021276595,8.0,17.0,11.0,407.0,0.55,9.434782608695652,2.0,7.0,0.11666666666666667
subject_11_task_5_6,11,5_6,,5_6,144,715.0,745.0,0.9969681129116572,18.0,0.6898148148148148,eye,高,7.8,5,85.6,2.1908902300206643,84.0,88.0,-15.118110236220572,11.258445305938734,4.16989551713829,3.229016879994603,11.767993028228783,8.26799281040217,1.2913823842089234,3.644450761820872,10.028470100765745,5.279429789839582,3.1983289603796483,5.484241985583151,2.403839847327262,1.6506837962074117,1.7147210476223684,15.261955441695097,6.642077523618665,4.969310734137519,8.347991695486042,2.777369887938715,1.3366194788323045,1.6799093761913708,17.18596241454877,11.530816411806471,16.01363027542811,49.506753960215235,44.41751913464176,0.7200626100066623,3.091538464965073,2994,2.977063685636856,0.1531730140135416,0.9555778223112892,0.894121576486306,0.072812291249165,0.0243820975283901,5,1,222.00717253942048,0.8538737405362327,0.0284624580178744,0.0074002390846473,1.0,-1.000088900581841e-12,3.04733,1.0,0.0,0.03333333333333333,1.0,0.0,0.0,0.0,0.0,0.0,0.0,0.0,1.0,47.0,6.0,0.06308724832214765,23.0,0.0,17.0,7.0,24.0,0.5106382978723404,0.3617021276595745,0.14893617021276595,8.0,22.0,11.0,407.0,0.5463087248322148,9.434782608695652,2.0,7.0,0.11666666666666667
subject_11_task_5_6,11,5_6,,5_6,145,717.265625,747.265625,1.0,18.0,0.6919126157407407,eye,高,7.8,6,85.0,2.449489742783178,82.0,88.0,-14.379457917261057,11.783545257694524,3.871936389938494,3.146582338273193,11.330565525774944,7.484031927164078,1.2305212365945484,3.600911817229936,10.32690330907172,5.036507188969323,3.16748926359007,5.482047726060944,2.3834949518711572,1.5900629078252615,1.7307233805261668,15.513915126235768,6.656108052711344,4.975816126801201,8.660216244161672,2.784928285708885,1.3376917239484796,1.7404614687257465,17.18065491358425,10.902706233915794,17.16832912750454,49.30037762657605,44.970711175804695,0.6350476014843578,2.871588566390793,2994,2.9982105987611836,0.1501974204150375,0.9385437541750168,0.8764195056780227,0.0751503006012024,0.0397461589846359,5,1,216.42276712016823,0.8323952581544933,0.0277465086051497,0.0072140922373389,1.0,-1.000088900581841e-12,3.04733,1.0,0.0,0.03333333333333333,1.0,0.0,0.0,0.0,0.0,0.0,0.0,0.0,1.0,47.0,6.0,0.06289597490852065,23.0,0.0,17.0,7.0,24.0,0.5106382978723404,0.3617021276595745,0.14893617021276595,8.0,24.265625,11.0,407.0,0.5446523784631468,9.434782608695652,2.0,7.0,0.11666666666666667
