sample_id,subject,task,repeat_id,label_task,window_id,window_start_sec,window_end_sec,progress_end_ratio,task_required_time_min,elapsed_required_ratio,anchor_source,task_difficulty,nasa_tlx_weighted_task_label,hr_n,hr_mean,hr_std,hr_min,hr_max,hr_slope_bpm_per_min,eeg_frontal_delta_power,eeg_frontal_theta_power,eeg_frontal_alpha_power,eeg_frontal_beta_power,eeg_frontal_gamma_power,eeg_frontal_theta_alpha,eeg_frontal_beta_alpha,eeg_central_delta_power,eeg_central_theta_power,eeg_central_alpha_power,eeg_central_beta_power,eeg_central_gamma_power,eeg_central_theta_alpha,eeg_central_beta_alpha,eeg_parietal_delta_power,eeg_parietal_theta_power,eeg_parietal_alpha_power,eeg_parietal_beta_power,eeg_parietal_gamma_power,eeg_parietal_theta_alpha,eeg_parietal_beta_alpha,eeg_occipital_delta_power,eeg_occipital_theta_power,eeg_occipital_alpha_power,eeg_occipital_beta_power,eeg_occipital_gamma_power,eeg_occipital_theta_alpha,eeg_occipital_beta_alpha,eye_n,eye_pupil_filtered_mean,eye_pupil_filtered_std,eye_valid_ratio,eye_fixation_ratio,eye_saccade_ratio,eye_eyes_not_found_ratio,eye_aoi_interval_n,eye_aoi_unique_hit_n,eye_aoi_total_fix_ms,eye_aoi_fixation_n,eye_aoi_fixation_density_per_sec,eye_aoi_coverage_ratio,eye_aoi_max_share,eye_aoi_entropy,eye_aoi_pupil_weighted_mean,log_action_count_win,log_unique_device_count_win,log_action_density_win,log_correct_action_count_win,log_error_action_count_win,log_duplicate_action_count_win,log_extra_action_count_win,log_disallowed_action_count_win,log_error_rate_win,log_duplicate_rate_win,log_extra_rate_win,log_unique_step_count_win,log_action_count_cum,log_unique_device_count_cum,log_action_density_cum,log_correct_action_count_cum,log_error_action_count_cum,log_duplicate_action_count_cum,log_extra_action_count_cum,log_disallowed_action_count_cum,log_error_rate_cum,log_duplicate_rate_cum,log_extra_rate_cum,log_unique_step_count_cum,log_time_since_last_action_sec,log_cum_gap_count,log_cum_idle_gap_total_sec,log_cum_idle_ratio,log_cum_mean_inter_action_sec,log_action_type_diversity_cum,log_recent_60s_action_count,log_recent_60s_action_density
subject_18_task_5_6,18,5_6,,5_6,1,0.0,30.0,0.0355266079490785,18.0,0.0277777777777777,eye,高,6.6,0,,,,,,261.40731812459774,34.73681449456164,6.9388868844952505,23.95199012939837,19.78215170278565,5.006107618237745,3.4518490541931772,16.36177529951046,2.9971040802703413,1.6456187568512328,4.387995142960125,2.8712997966531177,1.8212627121515517,2.666471273915364,29.213265357407252,6.836008885056946,5.0649242875656775,27.985452341793778,19.223689199863443,1.3496764209959184,5.525344655298736,65.41820265572166,11.619171452223652,17.005155770783457,51.89437087568689,36.774004825370305,0.6832734500548675,3.051684534689566,2989,3.2608846866889136,0.2475751100980157,0.7269989963198394,0.7092673134827702,0.1361659417865507,0.1207761793241886,0,0,0.0,0.0,,,,,,0.0,0.0,0.0,0.0,0.0,0.0,0.0,0.0,0.0,0.0,0.0,0.0,0.0,0.0,0.0,0.0,0.0,0.0,0.0,0.0,0.0,0.0,0.0,0.0,,0.0,0.0,0.0,,0.0,0.0,0.0
subject_18_task_5_6,18,5_6,,5_6,2,5.0,35.0,0.0414477092739249,18.0,0.0324074074074074,eye,高,6.6,0,,,,,,143.076955339944,21.953892610313112,5.965938200083225,23.432206726184223,18.68468028542958,3.679872615845543,3.927665010988103,11.136888156858868,2.594181759972612,1.6060050492704538,4.21921691129974,2.714709811296166,1.6153011232131858,2.627150464574422,19.49751179803781,5.940103305621576,4.765603869744467,24.72583321992475,17.20277572553578,1.2464534333904016,5.188394565671392,37.56094557102265,9.406701795421652,14.835073370912092,47.65200093151922,32.93377279143505,0.6340852896532259,3.2121176444568857,2995,3.2127544977511246,0.2419670872548492,0.7258764607679465,0.7185308848080133,0.1205342237061769,0.1308848080133555,0,0,0.0,0.0,,,,,,0.0,0.0,0.0,0.0,0.0,0.0,0.0,0.0,0.0,0.0,0.0,0.0,0.0,0.0,0.0,0.0,0.0,0.0,0.0,0.0,0.0,0.0,0.0,0.0,,0.0,0.0,0.0,,0.0,0.0,0.0
subject_18_task_5_6,18,5_6,,5_6,3,10.0,40.0,0.0473688105987713,18.0,0.037037037037037,eye,高,6.6,0,,,,,,164.68019372935498,26.92641405261803,5.956394651483888,23.721521804510616,19.10073460851859,4.520589320909081,3.982530237246954,11.480263073674276,2.8865244260231044,1.5926938415778302,4.043875112361241,2.6622831142668666,1.8123536053630485,2.539015978334609,20.799691142750625,6.491220176608516,4.791262249870815,23.68230037188793,16.87433627808647,1.354803773636798,4.942810294411763,42.01327496876666,9.250637185417782,13.936509274105092,44.72158361667355,31.235279425585045,0.6637700304627965,3.208951591613336,2995,3.1790688365132818,0.2210199168468638,0.78330550918197,0.7425709515859766,0.1078464106844741,0.1258764607679466,6,3,43.590018166172605,0.0743856965293047,0.0024795232176434,0.001453000605539,0.4744027303754266,1.0557194594983144,2.832697423208191,0.0,0.0,0.0,0.0,0.0,0.0,0.0,0.0,0.0,0.0,0.0,0.0,0.0,0.0,0.0,0.0,0.0,0.0,0.0,0.0,0.0,0.0,0.0,0.0,,0.0,0.0,0.0,,0.0,0.0,0.0
subject_18_task_5_6,18,5_6,,5_6,4,15.0,45.0,0.0532899119236177,18.0,0.0416666666666666,eye,高,6.6,0,,,,,,202.8598191403516,31.60062282464216,6.437405199275757,22.816586952041224,18.4703173484143,4.908906903700485,3.5443763823672643,11.626039177694327,2.8791206594479437,1.6700131371805889,3.789735278893652,2.4080744826551186,1.7240107849143265,2.269284710712934,24.014599316064523,6.606507180235171,4.867750992923893,23.117378179440475,16.451533772708213,1.3571990822535616,4.74908807230393,45.90183770661843,10.014001354971532,14.887301001220273,45.35822835402531,29.97125617887468,0.6726539185410917,3.0467731088601897,2995,3.1460835734870316,0.2181405337676031,0.8470784641068447,0.813355592654424,0.0901502504173622,0.0804674457429048,6,3,323.7315230901615,0.5524428721675111,0.0184147624055837,0.010791050769672,0.4744027303754267,1.0557194594983144,2.832697423208191,0.0,0.0,0.0,0.0,0.0,0.0,0.0,0.0,0.0,0.0,0.0,0.0,0.0,0.0,0.0,0.0,0.0,0.0,0.0,0.0,0.0,0.0,0.0,0.0,,0.0,0.0,0.0,,0.0,0.0,0.0
subject_18_task_5_6,18,5_6,,5_6,5,20.0,50.0,0.0592110132484642,18.0,0.0462962962962962,eye,高,6.6,0,,,,,,255.09254380273467,36.80686249413345,6.625924421325052,24.60245096921622,19.795498487199595,5.554977713852766,3.7130594019507734,12.746550366452526,2.908174286112518,1.677186102497234,3.7686867648545976,2.4200458763872477,1.7339604005676017,2.2470295688971182,27.05143177426264,7.124327438390203,4.933870011564781,24.414956620119845,16.962383320030508,1.443963343519607,4.948439371708664,56.21270573981027,10.912664934685097,14.485048859350607,46.321200865272374,30.988295335339014,0.7533743959476249,3.1978629354343124,2995,3.100382010943912,0.2095745231917486,0.9128547579298832,0.8734557595993322,0.0891485809682804,0.0290484140233722,6,3,603.8730280141506,1.0305000478057176,0.0343500015935239,0.020129100933805,0.4744027303754266,1.0557194594983144,2.8326974232081907,0.0,0.0,0.0,0.0,0.0,0.0,0.0,0.0,0.0,0.0,0.0,0.0,0.0,0.0,0.0,0.0,0.0,0.0,0.0,0.0,0.0,0.0,0.0,0.0,,0.0,0.0,0.0,,0.0,0.0,0.0
subject_18_task_5_6,18,5_6,,5_6,6,25.0,55.0,0.0651321145733106,18.0,0.0509259259259259,eye,高,6.6,0,,,,,,248.46341112868492,35.59205580108977,7.075444522803443,24.94229822433745,19.53044355243259,5.030363207057898,3.52519168851525,13.833089100745516,3.0766126292509983,1.703709427325266,3.83170548260326,2.5735324615552444,1.8058317808812727,2.2490369667196335,26.54446751731006,7.27063849685635,4.908986532316494,22.507465243679437,15.969473633973198,1.481087480886899,4.584951516063424,56.58630615744943,11.777966777715925,17.048136983115377,46.51812327581431,32.011117331767785,0.6908653297061682,2.728633827959399,2995,3.0125467257844476,0.1747287517165201,0.9375626043405676,0.8697829716193656,0.0934891485809682,0.0257095158597662,6,3,884.0145329381394,1.5085572234439235,0.0502852407814641,0.0294671510979379,0.4744027303754266,1.0557194594983144,2.832697423208191,0.0,0.0,0.0,0.0,0.0,0.0,0.0,0.0,0.0,0.0,0.0,0.0,0.0,0.0,0.0,0.0,0.0,0.0,0.0,0.0,0.0,0.0,0.0,0.0,,0.0,0.0,0.0,,0.0,0.0,0.0
subject_18_task_5_6,18,5_6,,5_6,7,30.0,60.0,0.071053215898157,18.0,0.0555555555555555,eye,高,6.6,0,,,,,,316.9230758693042,50.03480469066215,7.422710863221257,24.11875054167758,18.060375353368425,6.740772422994311,3.249318340174535,13.664486016474273,3.0796983355552787,1.5959649412364134,3.7328056569876753,2.2649436245015893,1.9296779371415256,2.338902040101097,31.025332398814538,8.766805976041422,4.981722496374038,23.00450280425978,16.049911676957915,1.759794123904406,4.617780862142296,69.25863859663654,14.075910646255174,15.432790047036798,46.88917699176716,32.22109254961786,0.9120781532926928,3.0382825690530404,2995,2.9651145090044175,0.1250269969629231,0.9462437395659432,0.8804674457429048,0.0908180300500834,0.0213689482470784,6,3,1164.1560378621284,1.98661439908213,0.0662204799694043,0.0388052012620709,0.4744027303754265,1.0557194594983144,2.8326974232081907,0.0,0.0,0.0,0.0,0.0,0.0,0.0,0.0,0.0,0.0,0.0,0.0,0.0,0.0,0.0,0.0,0.0,0.0,0.0,0.0,0.0,0.0,0.0,0.0,,0.0,0.0,0.0,,0.0,0.0,0.0
subject_18_task_5_6,18,5_6,,5_6,8,35.0,65.0,0.0769743172230034,18.0,0.0601851851851851,eye,高,6.6,1,82.0,,82.0,82.0,,276.70253505743506,48.1062496155714,7.310324668733084,22.69929583942131,17.314261552031322,6.580590027871971,3.1051009179535134,13.421685457021375,3.2234930278593605,1.6284553744067616,3.8222955425091976,2.3048321495149913,1.9794788844205593,2.3471908426730095,27.126516483344624,8.119763663689668,4.789215304110121,23.319083272909545,15.590364165215348,1.6954267344634222,4.86908225923713,62.55682551440413,14.21363466590494,16.803472961593005,43.98209577342916,32.21576315754163,0.8458748199489742,2.617440803693212,2994,2.938554249244206,0.1180043560806738,0.9679358717434868,0.8994655978623914,0.0858383433533734,0.0093520374081496,6,3,1444.2975427861172,2.4646715747203367,0.0821557191573445,0.0481432514262039,0.4744027303754266,1.0557194594983144,2.832697423208191,0.0,0.0,0.0,0.0,0.0,0.0,0.0,0.0,0.0,0.0,0.0,0.0,0.0,0.0,0.0,0.0,0.0,0.0,0.0,0.0,0.0,0.0,0.0,0.0,,0.0,0.0,0.0,,0.0,0.0,0.0
subject_18_task_5_6,18,5_6,,5_6,9,40.0,70.0,0.0828954185478499,18.0,0.0648148148148148,eye,高,6.6,3,83.33333333333333,1.1547005383792517,82.0,84.0,18.46153846153864,300.0661856050981,53.38903772807674,8.097756378809049,23.03567249442693,17.144932585787682,6.593065440668241,2.8446981382039085,13.681617637381402,3.200382558976349,1.6033988669289605,3.794011454466233,2.2732038459440225,1.9959990149588551,2.3662305947197164,30.731299924609697,9.375269321008856,5.072786245991005,23.491324723954257,15.336137918629198,1.8481498857591483,4.630852471365084,68.60656191363118,14.498123027139307,15.5757211124185,43.86485294978018,31.14049587420885,0.930815525168846,2.816232560482018,2994,2.9315596237823316,0.116429927335837,0.9549098196392786,0.9031396125584502,0.0798263193052772,0.0100200400801603,6,3,1680.8490295439335,2.8683430538292383,0.0956114351276412,0.0560283009847977,0.4744027303754266,1.0557194594983144,2.832697423208191,0.0,0.0,0.0,0.0,0.0,0.0,0.0,0.0,0.0,0.0,0.0,0.0,0.0,0.0,0.0,0.0,0.0,0.0,0.0,0.0,0.0,0.0,0.0,0.0,,0.0,0.0,0.0,,0.0,0.0,0.0
subject_18_task_5_6,18,5_6,,5_6,10,45.0,75.0,0.0888165198726963,18.0,0.0694444444444444,eye,高,6.6,4,83.0,1.1547005383792517,82.0,84.0,0.9561752988046444,245.11726647742665,48.7961363012192,8.156476464834618,23.046394697094605,16.997036247643802,5.982501943283496,2.8255331571733895,12.571964527072684,3.274415919200997,1.6738588267603058,3.9526855736363338,2.338070325149895,1.9562079351330437,2.3614211129660294,26.412834571048563,8.7867619438327,4.794361563391368,21.796312417199907,14.004280361062232,1.832728263743472,4.5462387700651306,57.89688279431984,14.334042605343209,15.135830286974963,40.945689477985546,31.141401285385296,0.9470271754882366,2.705215947962966,2994,2.9320499999999994,0.1238866233200657,0.9442217768871076,0.8924515698062793,0.0831663326653306,0.0156980627922511,6,3,1680.8490295439335,2.8683430538292383,0.0956114351276412,0.0560283009847977,0.4744027303754266,1.0557194594983144,2.832697423208191,0.0,0.0,0.0,0.0,0.0,0.0,0.0,0.0,0.0,0.0,0.0,0.0,0.0,0.0,0.0,0.0,0.0,0.0,0.0,0.0,0.0,0.0,0.0,0.0,,0.0,0.0,0.0,,0.0,0.0,0.0
subject_18_task_5_6,18,5_6,,5_6,11,50.0,80.0,0.0947376211975427,18.0,0.074074074074074,eye,高,6.6,4,83.0,1.1547005383792517,82.0,84.0,0.9561752988046444,223.5754642875678,45.53251721573274,7.287881196782305,22.100507233482528,16.785678383162114,6.247702999856247,3.0325010296875026,10.922486898007593,3.152391615647403,1.465338187341194,3.71620368607706,2.158797176609261,2.151306533113226,2.536072367580882,25.557255955170938,8.304182305953606,4.3786087842634265,20.38078757455635,13.048262812860164,1.8965344279668372,4.65462629312859,51.503832332751536,13.552240517568189,12.94439448095432,39.66412456681494,29.61141097066518,1.0469582441657057,3.064193124303696,2994,2.9411885135135134,0.1546841660172254,0.9051436205744824,0.8800935203740815,0.0921843687374749,0.0183700734802939,6,3,1680.8490295439335,2.8683430538292383,0.0956114351276412,0.0560283009847977,0.4744027303754266,1.0557194594983144,2.832697423208191,0.0,0.0,0.0,0.0,0.0,0.0,0.0,0.0,0.0,0.0,0.0,0.0,0.0,0.0,0.0,0.0,0.0,0.0,0.0,0.0,0.0,0.0,0.0,0.0,,0.0,0.0,0.0,,0.0,0.0,0.0
subject_18_task_5_6,18,5_6,,5_6,12,55.0,85.0,0.1006587225223891,18.0,0.0787037037037037,eye,高,6.6,5,83.6,1.6733200530681511,82.0,86.0,9.378330373001678,186.12467917709992,39.035746126125666,7.123231271491327,23.004597869695537,17.779785121886974,5.480061595410351,3.229517194221222,10.243849683789875,3.149604161374411,1.626281573798728,3.974603362834672,2.3166006871012073,1.9366905535413832,2.4439822887193197,22.334396805333466,7.52860057609379,4.516269954697821,21.33618279405021,12.931371298764809,1.6669952530766114,4.724293057782414,43.22721931385047,12.370600336595071,12.195487468163549,39.87337004886706,29.63236919923523,1.0143588248430957,3.2695183487299646,2994,2.953236610169492,0.2085254963305582,0.8907815631262525,0.8787575150300602,0.0935203740814963,0.0210420841683366,6,3,1459.985467061861,2.491442776556077,0.0830480925518692,0.0486661822353953,0.4744027303754267,1.0557194594983144,2.832697423208191,0.0,0.0,0.0,0.0,0.0,0.0,0.0,0.0,0.0,0.0,0.0,0.0,0.0,0.0,0.0,0.0,0.0,0.0,0.0,0.0,0.0,0.0,0.0,0.0,,0.0,0.0,0.0,,0.0,0.0,0.0
subject_18_task_5_6,18,5_6,,5_6,13,60.0,90.0,0.1065798238472355,18.0,0.0833333333333333,eye,高,6.6,6,84.16666666666667,2.0412414523193148,82.0,87.0,10.905044510385595,119.57264346169404,23.65784411992224,6.020706131069839,24.448408175295206,18.86830369040089,3.9294135280637583,4.060721058802265,8.89708074241087,2.7820845442715147,1.5808403163414262,3.8396990315620942,2.2267903364786807,1.759877019527282,2.428897461603456,16.96252469127367,6.292563408481208,4.129877389005808,21.263899909365485,13.412370330247892,1.5236683358282528,5.148796902777876,31.77447699155483,9.427100845304246,10.694360470874445,40.03749801143237,29.360492158127727,0.8815020655960198,3.74379544438141,2995,2.9507965528894893,0.2093537962630476,0.8891485809682804,0.8821368948247078,0.0908180300500834,0.0203672787979966,11,4,1628.7503355163274,2.927655200466659,0.0975885066822219,0.0542916778505442,0.3436507025355311,1.3535114418594998,2.828836781453804,0.0,0.0,0.0,0.0,0.0,0.0,0.0,0.0,0.0,0.0,0.0,0.0,0.0,0.0,0.0,0.0,0.0,0.0,0.0,0.0,0.0,0.0,0.0,0.0,,0.0,0.0,0.0,,0.0,0.0,0.0
subject_18_task_5_6,18,5_6,,5_6,14,65.0,95.0,0.112500925172082,18.0,0.0879629629629629,eye,高,6.6,7,85.42857142857143,2.1491969707422394,82.0,88.0,10.856031128404547,150.17323376254075,28.516053486143218,6.977895198442199,26.44833796484909,20.81918404488101,4.086626794353313,3.790303123319139,8.906665981894667,3.0060878627641148,1.794712727210762,3.927425572695936,2.4069566957077506,1.674968822133446,2.1883310421494095,18.83326095193605,6.801506869017166,4.409349407771805,21.167249300284055,13.65533529039929,1.542519369644194,4.8005379802687465,39.21419335623457,10.753755121754113,12.562322555610224,41.14104972078591,31.1344982494363,0.8560323995941005,3.274955689018881,2995,2.9765947046843175,0.2095488776265927,0.8821368948247078,0.8737896494156928,0.0938230383973288,0.0247078464106844,11,4,1390.702457213884,2.535328425279666,0.0845109475093222,0.0463567485737961,0.3530589864518281,1.3323079504813722,2.827751976567505,0.0,0.0,0.0,0.0,0.0,0.0,0.0,0.0,0.0,0.0,0.0,0.0,0.0,0.0,0.0,0.0,0.0,0.0,0.0,0.0,0.0,0.0,0.0,0.0,,0.0,0.0,0.0,,0.0,0.0,0.0
subject_18_task_5_6,18,5_6,,5_6,15,70.0,100.0,0.1184220264969284,18.0,0.0925925925925925,eye,高,6.6,5,86.0,2.345207879911715,82.0,88.0,17.31707317073174,122.62417167665522,22.28139126701494,6.170474831781066,25.489025500722175,20.569052846298867,3.610968665207823,4.130804548369731,8.415831527083268,2.550667641011404,1.7103974844897143,3.8796520847731695,2.2909850554931057,1.4912718617405931,2.2682751348471712,16.20913257922329,5.690155960413022,4.104481136176333,20.34004524415176,13.386714075367768,1.386327716373397,4.955570404472661,30.382601112934225,9.466723726355516,12.692837029481495,41.09812808298552,29.79914977793361,0.7458319762845196,3.237899296077575,2995,2.967376021798365,0.2129625594913869,0.8901502504173623,0.8717863105175292,0.0948247078464106,0.0273789649415692,16,7,2507.0914822825034,3.6472490826501223,0.1215749694216707,0.0835697160760834,0.4437231342999344,1.6053338125316676,2.8666441530921585,1.0,0.0,0.03333333333333333,0.0,1.0,0.0,0.0,1.0,1.0,0.0,0.0,1.0,1.0,0.0,0.01,0.0,1.0,0.0,0.0,1.0,1.0,0.0,0.0,1.0,2.0,0.0,0.0,0.0,,1.0,1.0,0.016666666666666666
subject_18_task_5_6,18,5_6,,5_6,16,75.0,105.0,0.1243431278217748,18.0,0.0972222222222222,eye,高,6.6,5,87.4,1.140175425099138,86.0,89.0,8.994614003590799,153.0885327108634,22.479253950821075,6.380520763276511,25.9715049872656,21.458426513389156,3.523106464945908,4.070436560091808,9.178600947311471,2.5526972055708654,1.737348237484679,4.01221601756361,2.360550096507888,1.4693065848828577,2.3093907893632593,19.732536361268743,5.891061059228887,4.005851636653888,21.20173702296298,13.480624597003754,1.470613890271215,5.292691528803828,43.05479890822634,9.316893161687124,12.359058599978182,40.74560459712476,29.685513278596943,0.7538513622472484,3.2968210537651057,2995,2.9531087103308575,0.2045254480435731,0.8994991652754591,0.8781302170283807,0.0964941569282136,0.020033388981636,16,7,3996.9506490855256,5.1843729374411485,0.1728124312480382,0.1332316883028508,0.6310834699353846,1.2442729222543978,2.883158916268977,1.0,0.0,0.03333333333333333,0.0,1.0,0.0,0.0,1.0,1.0,0.0,0.0,1.0,1.0,0.0,0.009523809523809525,0.0,1.0,0.0,0.0,1.0,1.0,0.0,0.0,1.0,7.0,0.0,0.0,0.0,,1.0,1.0,0.016666666666666666
subject_18_task_5_6,18,5_6,,5_6,17,80.0,110.0,0.1302642291466212,18.0,0.1018518518518518,eye,高,6.6,6,87.33333333333333,1.0327955589886446,86.0,89.0,3.805209513023754,213.9613540916768,37.707143815915856,9.054087896894703,25.70805032689785,20.555669230206036,4.164654048570518,2.8393859900250127,10.25975398213134,2.8252418362463554,1.9117238575555888,3.8744358820096862,2.2691598873605545,1.477850383610753,2.0266713033354646,23.84210559100545,7.009839825096199,4.611619940316393,20.7808299274327,13.370091396298518,1.5200384931580615,4.506188757178236,49.81633838196256,12.062336125893118,13.739676845765135,42.750919227945495,30.49580412047088,0.8779199293621661,3.11149379332908,2995,2.937032410533424,0.1806135317510855,0.9475792988313856,0.9018363939899832,0.0764607679465776,0.01669449081803,16,7,5486.809815888546,6.721496792232177,0.2240498930744059,0.1828936605296182,0.7166941466949471,0.9427646879280008,2.8907050174610793,1.0,0.0,0.03333333333333333,0.0,1.0,0.0,0.0,1.0,1.0,0.0,0.0,1.0,1.0,0.0,0.00909090909090909,0.0,1.0,0.0,0.0,1.0,1.0,0.0,0.0,1.0,12.0,0.0,0.0,0.0,,1.0,1.0,0.016666666666666666
subject_18_task_5_6,18,5_6,,5_6,18,85.0,115.0,0.1361853304714677,18.0,0.1064814814814814,eye,高,6.6,7,87.28571428571429,0.951189731211342,86.0,89.0,-1.4207879295892527,192.4261620995072,31.202145512208737,7.56288800547604,24.782091808356405,19.613870002213385,4.125691863956769,3.276802696326126,9.429879516114111,2.8714939299232056,1.721507574175324,3.786237256545487,2.203122396688685,1.6680112088956531,2.199372987574137,22.82831014404067,6.621045928067508,4.054191669803432,19.665314436497045,12.488084131530533,1.6331358917691552,4.850612905889208,46.715427628615714,10.405561744921146,11.68463174988088,39.58114365739597,28.794871580491304,0.8905339909430374,3.387453238121902,2995,2.9291241588156125,0.1058263649433886,0.9746243739565944,0.917195325542571,0.0674457429048414,0.0126878130217028,10,4,5760.999999999995,6.999999999999996,0.2333333333333332,0.1920333333333332,0.7286929352542959,0.8722867486360295,2.891756816524909,1.0,0.0,0.03333333333333333,0.0,1.0,0.0,0.0,1.0,1.0,0.0,0.0,1.0,1.0,0.0,0.008695652173913044,0.0,1.0,0.0,0.0,1.0,1.0,0.0,0.0,1.0,17.0,0.0,0.0,0.0,,1.0,1.0,0.016666666666666666
subject_18_task_5_6,18,5_6,,5_6,19,90.0,120.0,0.1421064317963141,18.0,0.1111111111111111,eye,高,6.6,6,87.33333333333333,1.0327955589886446,86.0,89.0,-2.656194216351349,175.45176499300112,32.41319587749612,7.986597363083585,23.975525457633804,18.00192234254321,4.058448724023512,3.001969971399306,8.94275888738569,2.734138526825794,1.4942673818674277,3.6892835224391938,2.0251537215126603,1.829751863691801,2.4689580775219713,20.443620027835745,6.458390132647205,4.043329876294022,20.31286556391796,12.630144076338064,1.5972948857110676,5.02379627321826,40.662866912541766,10.770619858213024,12.123311831732885,39.38460909941466,28.023486125053072,0.8884222403667639,3.2486674966427143,2994,2.9145274318411314,0.1023477970140932,0.9802939211756848,0.9231796927187708,0.0634602538410153,0.010688042752171,10,4,5312.09362662154,6.085730400451207,0.2028576800150402,0.1770697875540513,0.7902722156405022,0.6762509125858008,2.8979314365384052,1.0,0.0,0.03333333333333333,0.0,1.0,0.0,0.0,1.0,1.0,0.0,0.0,1.0,1.0,0.0,0.008333333333333333,0.0,1.0,0.0,0.0,1.0,1.0,0.0,0.0,1.0,22.0,0.0,0.0,0.0,,1.0,1.0,0.016666666666666666
subject_18_task_5_6,18,5_6,,5_6,20,95.0,125.0,0.1480275331211605,18.0,0.1157407407407407,eye,高,6.6,6,86.0,2.1908902300206643,83.0,89.0,-14.693877551020236,177.066840132657,28.219964387598264,7.065472213739853,24.204989625926967,17.550578156128452,3.994066289401065,3.4258134337938224,10.12395694832458,3.002576627189621,1.617954595302691,3.704589257796731,2.06148813022145,1.8557854688301012,2.2896744250747454,19.672905741768982,6.27250880756705,3.8621359984912065,18.84120560154843,11.7009608581399,1.6241035556535262,4.878441776495958,39.6492437109392,9.455321335328192,10.494924335618856,38.43489170096172,28.85419547098824,0.9009423062954024,3.6622361888324497,2994,2.8874661528150134,0.088628013446618,0.9843019372077488,0.9231796927187708,0.0674682698730795,0.0076820307281229,5,3,5269.9999999999945,5.999999999999994,0.1999999999999998,0.1756666666666664,0.7965844402277039,0.6350548986204646,2.8985643700189754,1.0,0.0,0.03333333333333333,0.0,1.0,0.0,0.0,1.0,1.0,0.0,0.0,1.0,1.0,0.0,0.008,0.0,1.0,0.0,0.0,1.0,1.0,0.0,0.0,1.0,27.0,0.0,0.0,0.0,,1.0,1.0,0.016666666666666666
subject_18_task_5_6,18,5_6,,5_6,21,100.0,130.0,0.1539486344460069,18.0,0.1203703703703703,eye,高,6.6,7,85.57142857142857,2.29906813420444,83.0,89.0,-13.872832369942154,184.9510103895533,33.59030080827996,8.3894162376104,23.727478113122583,17.918815811579847,4.00389012261569,2.8282633071357783,10.38871871455692,3.2089246771766575,1.597639064077503,3.512753998039779,1.9775380190224752,2.008541697138291,2.1987156404867254,20.33017894957695,6.745872815493088,4.014762831005136,18.801544193026068,11.826002986479718,1.6802668300593464,4.683102087083663,43.442966967801034,11.457294418288724,11.534477051698316,36.335856011690616,27.516153118750395,0.9933085277240004,3.1501953533593956,2994,2.8749168336673345,0.0794275633440402,0.9893119572478288,0.93186372745491,0.0621242484969939,0.0043420173680694,5,3,3873.4694700073865,4.4100221669913315,0.147000738899711,0.1291156490002462,0.796584440227704,0.6350548986204645,2.8985643700189754,0.0,0.0,0.0,0.0,0.0,0.0,0.0,0.0,0.0,0.0,0.0,0.0,1.0,0.0,0.007692307692307693,0.0,1.0,0.0,0.0,1.0,1.0,0.0,0.0,1.0,32.0,0.0,0.0,0.0,,1.0,1.0,0.016666666666666666
subject_18_task_5_6,18,5_6,,5_6,22,105.0,135.0,0.1598697357708533,18.0,0.125,eye,高,6.6,6,85.0,1.8973665961010275,83.0,87.0,-12.959999999999864,138.84547080647422,15.98779550403276,5.845203770360672,24.047422048739243,17.965847598841165,2.735198999409092,4.114043409517514,9.804196282802137,3.173678580194983,1.6518357526165877,3.739006633800519,2.12370780243465,1.9213039644938807,2.2635462562653412,14.640832066487526,4.899240099441155,3.6363449362309224,18.692807755129856,12.11513455046913,1.3472979558752272,5.140548568119333,31.186190796745834,7.301892572172051,10.622272289362762,37.19096420899261,28.200829014539377,0.6874134246666065,3.5012248976366354,2994,2.8718173824822455,0.0834563391855314,0.9742818971275884,0.9228456913827656,0.0554442217768871,0.0177020708082832,10,3,2415.946687288055,2.621685339108508,0.0873895113036169,0.0805315562429351,0.8228941535352906,0.5801220662418454,2.9104966881687204,0.0,0.0,0.0,0.0,0.0,0.0,0.0,0.0,0.0,0.0,0.0,0.0,1.0,0.0,0.007407407407407408,0.0,1.0,0.0,0.0,1.0,1.0,0.0,0.0,1.0,37.0,0.0,0.0,0.0,,1.0,1.0,0.016666666666666666
subject_18_task_5_6,18,5_6,,5_6,23,110.0,140.0,0.1657908370956998,18.0,0.1296296296296296,eye,高,6.6,6,84.16666666666667,1.9407902170679512,82.0,87.0,-11.32330827067679,127.06486531633948,14.85673636645476,6.108754619641622,23.963499538809067,18.499682236031127,2.4320401278986634,3.922812591253652,9.29429408423024,3.24319255511195,1.7475467255782569,3.659880874706536,2.132910344003814,1.8558545575019112,2.0942964334733283,14.723023063478596,5.249645788922811,3.5419885841315573,18.221705503864776,12.25459641508009,1.482118212475816,5.144484537725427,32.09680895440386,8.268208334327142,11.009767406774388,35.371680173619126,27.156166334999583,0.7509884658634709,3.2127545357456584,2995,2.879032092864459,0.0904541988215604,0.9649415692821368,0.9105175292153588,0.0584307178631051,0.0257095158597662,10,3,1984.7544517550384,1.5784160590923364,0.0526138686364112,0.0661584817251679,0.9658231749680216,0.1708082437025348,2.9753196885803335,0.0,0.0,0.0,0.0,0.0,0.0,0.0,0.0,0.0,0.0,0.0,0.0,1.0,0.0,0.007142857142857143,0.0,1.0,0.0,0.0,1.0,1.0,0.0,0.0,1.0,42.0,0.0,0.0,0.0,,1.0,1.0,0.016666666666666666
subject_18_task_5_6,18,5_6,,5_6,24,115.0,145.0,0.1717119384205462,18.0,0.1342592592592592,eye,高,6.6,5,82.6,1.140175425099138,81.0,84.0,-7.510980966325046,153.51034116421408,22.80086833219646,7.050154902995931,23.4218495628644,17.538881293926096,3.2340946611694066,3.322175169925896,9.683026168345174,3.374822681513787,1.839462490676065,3.693726943370928,2.123734324049375,1.8346787165382343,2.0080468952717583,17.194517653385727,5.819374911175948,3.799269677998544,17.2261470457629,11.823123716043668,1.531708829429975,4.534067993519648,35.96396609221518,9.4565756125807,10.780249641229997,36.027951313179614,27.706331369181033,0.8772130449014103,3.342033117246896,2995,2.88363434619324,0.0903877035240492,0.9649415692821368,0.92220367278798,0.0467445742904841,0.0257095158597662,5,1,2755.000000000004,2.000000000000003,0.0666666666666667,0.0918333333333334,1.0,-1.000088900581841e-12,2.9908199999999994,0.0,0.0,0.0,0.0,0.0,0.0,0.0,0.0,0.0,0.0,0.0,0.0,1.0,0.0,0.006896551724137931,0.0,1.0,0.0,0.0,1.0,1.0,0.0,0.0,1.0,47.0,0.0,0.0,0.0,,1.0,1.0,0.016666666666666666
subject_18_task_5_6,18,5_6,,5_6,25,120.0,150.0,0.1776330397453926,18.0,0.1388888888888889,eye,高,6.6,6,82.66666666666667,1.0327955589886446,81.0,84.0,-3.420616506463272,158.7895949315428,26.901096818177084,7.560825255610894,21.900452716111687,16.985276805131154,3.557957750473569,2.8965690881242554,8.605864081255204,3.112726080597494,1.93295143439156,3.598942981053846,2.0472066956467603,1.6103488298852653,1.861890018042121,18.487187056836305,5.998371453494427,3.82671430371243,15.580051877941784,11.23551513558531,1.5674991591808138,4.071391444829584,37.78429541369551,10.091471223034988,11.77194252667289,35.156762668779585,26.52269851494378,0.8572477482089055,2.986487794102063,2995,2.8745029020143393,0.0949545192852644,0.9649415692821368,0.9228714524207012,0.0460767946577629,0.0257095158597662,5,1,2755.000000000004,2.000000000000003,0.0666666666666667,0.0918333333333334,1.0,-1.000088900581841e-12,2.9908199999999994,0.0,0.0,0.0,0.0,0.0,0.0,0.0,0.0,0.0,0.0,0.0,0.0,1.0,0.0,0.006666666666666667,0.0,1.0,0.0,0.0,1.0,1.0,0.0,0.0,1.0,52.0,0.0,0.0,0.0,,1.0,1.0,0.016666666666666666
subject_18_task_5_6,18,5_6,,5_6,26,125.0,155.0,0.183554141070239,18.0,0.1435185185185185,eye,高,6.6,5,82.6,1.140175425099138,81.0,84.0,2.543640897755737,152.7885044383919,28.675209864813116,7.123198753785469,22.23470965988541,15.75072526872817,4.025608558173994,3.1214501277349953,9.362958353487992,3.035261487835887,1.8754005826646687,3.573486587927857,1.97359799817648,1.6184603523601482,1.905452424916312,19.1152369425134,5.907206836490861,3.724065099710488,14.945710109715131,10.612180131993115,1.5862254494289298,4.013278422785097,38.64606642432637,10.252626858761465,11.52154437951026,33.610555890574695,25.61440654987351,0.8898656743443683,2.9171918957624463,2995,2.861500170706726,0.1014391124171357,0.9679465776293824,0.924540901502504,0.0457429048414023,0.0243739565943238,5,1,2755.000000000004,2.000000000000003,0.0666666666666667,0.0918333333333334,1.0,-1.000088900581841e-12,2.9908199999999994,0.0,0.0,0.0,0.0,0.0,0.0,0.0,0.0,0.0,0.0,0.0,0.0,1.0,0.0,0.0064516129032258064,0.0,1.0,0.0,0.0,1.0,1.0,0.0,0.0,1.0,57.0,0.0,0.0,0.0,,1.0,1.0,0.016666666666666666
subject_18_task_5_6,18,5_6,,5_6,27,130.0,160.0,0.1894752423950854,18.0,0.1481481481481481,eye,高,6.6,6,81.83333333333333,1.4719601443879746,80.0,84.0,-2.8625954198473447,145.45084226416353,24.742674613769807,6.580370753472563,21.721616770867072,14.784010298886331,3.7600730324674663,3.3009715690265993,8.962999525868685,2.9308683566195235,1.7728041930929688,3.447765602693156,1.8835294879873132,1.6532386193796778,1.944809029742829,19.29194373295417,5.7158775376178985,3.480657702453881,13.185187244642854,9.25436876379731,1.642183180951168,3.788130971726186,37.241001044540376,8.887028721329896,11.230648747540906,32.63828892627473,24.00180193099865,0.7913192657971628,2.906180191364395,2995,2.8631638784568114,0.1002096663652757,0.9679465776293824,0.924540901502504,0.0457429048414023,0.0243739565943238,5,1,2755.000000000004,2.000000000000003,0.0666666666666667,0.0918333333333334,1.0,-1.000088900581841e-12,2.9908199999999994,0.0,0.0,0.0,0.0,0.0,0.0,0.0,0.0,0.0,0.0,0.0,0.0,1.0,0.0,0.00625,0.0,1.0,0.0,0.0,1.0,1.0,0.0,0.0,1.0,62.0,0.0,0.0,0.0,,1.0,0.0,0.0
subject_18_task_5_6,18,5_6,,5_6,28,135.0,165.0,0.1953963437199319,18.0,0.1527777777777778,eye,高,6.6,7,81.57142857142857,1.5118578920369088,80.0,84.0,-4.464668094218317,96.33398013696582,26.24422495673213,6.529046667912898,22.311706395617843,14.068327189005268,4.01961056362329,3.4172992674825062,8.847450687558435,2.693635293823045,1.6620953405728904,3.3962771426306197,1.8546864105733605,1.620626222858313,2.043370834226629,14.516410151830254,5.883667421789603,3.486677013171957,12.271892701085214,8.998528973551457,1.6874713085159032,3.519652854200288,27.78976713681247,8.987309578379895,10.727125204453728,32.760727044026666,24.596095371616354,0.8378115671334302,3.0540080794829305,2995,2.8558293758480326,0.0946135051852425,0.9806343906510852,0.9348914858096828,0.0477462437395659,0.0156928213689482,10,1,3236.5291731392144,2.186055985777509,0.0728685328592503,0.1078843057713071,1.0,-1.000088900581841e-12,2.9549262486855223,3.0,1.0,0.1,0.0,3.0,0.0,0.0,3.0,1.0,0.0,0.0,1.0,4.0,1.0,0.024242424242424242,0.0,4.0,0.0,0.0,4.0,1.0,0.0,0.0,1.0,1.0,1.0,66.0,0.4,22.0,2.0,3.0,0.05
subject_18_task_5_6,18,5_6,,5_6,29,140.0,170.0,0.2013174450447783,18.0,0.1574074074074074,eye,高,6.6,6,81.5,1.6431676725154984,80.0,84.0,-6.123711340206329,70.92925615376544,19.20253700217931,5.5944446643084325,22.27909505863192,13.86903298927057,3.4324295179266135,3.982360429940188,8.416042539353134,2.6962144007714666,1.606660829601071,3.3624263542412773,1.8570802588645228,1.678147839977482,2.092804089258937,12.25337528054437,5.079965086660476,3.3265042260262905,12.24167652062824,8.67425770901756,1.527118182179134,3.6800423774755457,22.468298964242916,7.224741833156926,10.31298541630754,34.594355114483136,23.870092070564027,0.7005480509778197,3.3544462362741605,2994,2.8307079973118285,0.0743621193202763,0.9926519706078824,0.9448897795591182,0.0490981963927855,0.0060120240480961,10,1,3026.7136747983277,1.801244047040529,0.0600414682346843,0.1008904558266109,1.0,-1.000088900581841e-12,2.8978630307489373,4.0,1.0,0.13333333333333333,0.0,4.0,0.0,0.0,4.0,1.0,0.0,0.0,1.0,5.0,1.0,0.029411764705882353,0.0,5.0,0.0,0.0,5.0,1.0,0.0,0.0,1.0,5.0,1.0,66.0,0.38823529411764707,16.75,2.0,4.0,0.06666666666666667
subject_18_task_5_6,18,5_6,,5_6,30,145.0,175.0,0.2072385463696247,18.0,0.162037037037037,eye,高,6.6,6,81.33333333333333,1.7511900715418265,80.0,84.0,-9.380457380457306,92.3726271623622,24.623614783186365,5.907271628227922,23.273649568114216,14.640983454330703,4.168356617549517,3.9398306075686422,9.57292066268526,2.823664921844875,1.6278809011164956,3.558746710368118,1.942569989680005,1.734564807479614,2.1861222819969948,13.919669098925636,5.7382025080093175,3.365123892190968,12.965330797631347,8.88351221537388,1.7051979932522732,3.852853925443401,30.17936249620529,8.8895080448436,10.728368929340936,34.18520837493365,25.05510403513358,0.8285982802597095,3.186431096850219,2994,2.8319506048387098,0.0755008280636014,0.9879759519038076,0.9362057448229792,0.0567802271209084,0.0060120240480961,5,1,1922.9999999999957,0.9999999999999976,0.0333333333333332,0.0640999999999998,1.0,-1.000088900581841e-12,2.84451,4.0,1.0,0.13333333333333333,0.0,4.0,0.0,0.0,4.0,1.0,0.0,0.0,1.0,5.0,1.0,0.02857142857142857,0.0,5.0,0.0,0.0,5.0,1.0,0.0,0.0,1.0,10.0,1.0,66.0,0.37714285714285717,16.75,2.0,4.0,0.06666666666666667
subject_18_task_5_6,18,5_6,,5_6,31,150.0,180.0,0.2131596476944711,18.0,0.1666666666666666,eye,高,6.6,6,81.16666666666667,1.6020819787597218,80.0,84.0,-3.2146422628951825,93.75669646735048,19.40753376651657,5.612953998756129,22.782942550634235,14.455422481622968,3.457632784950209,4.058993277992853,8.716453173516713,2.951066112272295,1.452205387867057,3.6156487629212273,1.8671399707186296,2.0321272300240576,2.4897640465525,14.133482695534092,5.254562383195234,3.3267733618998028,13.05887929791874,8.77585305828095,1.579477112379708,3.925388921132059,26.287484133814363,7.997717541032195,12.913224501246168,38.459465987292454,27.354288501987995,0.6193431811133144,2.978300732213011,2994,2.842667002688173,0.075259856831562,0.983633934535738,0.930193720774883,0.0601202404809619,0.0080160320641282,5,1,1922.9999999999957,0.9999999999999976,0.0333333333333332,0.0640999999999998,1.0,-1.000088900581841e-12,2.84451,4.0,1.0,0.13333333333333333,0.0,4.0,0.0,0.0,4.0,1.0,0.0,0.0,1.0,5.0,1.0,0.027777777777777776,0.0,5.0,0.0,0.0,5.0,1.0,0.0,0.0,1.0,15.0,1.0,66.0,0.36666666666666664,16.75,2.0,4.0,0.06666666666666667
subject_18_task_5_6,18,5_6,,5_6,32,155.0,185.0,0.2190807490193176,18.0,0.1712962962962963,eye,高,6.6,7,80.71428571428571,0.951189731211342,80.0,82.0,1.5913335823682704,111.98927111253522,22.86395717328293,5.490306437816927,20.990326816126945,14.0891431504887,4.164422775347703,3.8231612486229793,9.33558440234753,2.8627066347674592,1.508064720108666,3.4861403939233835,1.9570374295630193,1.8982651053339292,2.3116649752751885,15.639670398108702,5.686485069666453,3.446975172134175,14.007604969784726,9.091875376012725,1.6497029382853658,4.063738283647688,32.48554118793294,9.261998424448867,12.367037991936108,38.839960964363854,29.19383258981783,0.7489261721754333,3.1406033513998532,2994,2.8550829973118277,0.0683703274861201,0.983633934535738,0.9362057448229792,0.0541082164328657,0.0080160320641282,5,1,1922.9999999999957,0.9999999999999976,0.0333333333333332,0.0640999999999998,1.0,-1.000088900581841e-12,2.84451,4.0,1.0,0.13333333333333333,0.0,4.0,0.0,0.0,4.0,1.0,0.0,0.0,1.0,5.0,1.0,0.02702702702702703,0.0,5.0,0.0,0.0,5.0,1.0,0.0,0.0,1.0,20.0,1.0,66.0,0.3567567567567568,16.75,2.0,4.0,0.06666666666666667
subject_18_task_5_6,18,5_6,,5_6,33,160.0,190.0,0.225001850344164,18.0,0.1759259259259259,eye,高,6.6,5,80.8,1.095445115010332,80.0,82.0,3.1625183016106093,147.56877542863646,26.9900049385865,5.524661199459003,21.147982712595493,14.268195361051616,4.885368344619843,3.8279239122692967,10.069338466079168,2.912273421260286,1.4323315047217988,3.7896358581740786,2.1476509886196604,2.033239799347942,2.6457812634025237,18.07717723676307,5.601554584015792,3.5192111382696085,15.732739513168076,10.095191577951736,1.5917074491785308,4.470530154352673,37.1684240551614,9.895902967101092,13.242833939910785,44.564801005411766,29.906340980627544,0.7472647480141823,3.3652012256307127,2994,2.8519989919354836,0.0681662796377779,0.983633934535738,0.9395457581830328,0.0507682030728122,0.0080160320641282,5,1,1922.9999999999957,0.9999999999999976,0.0333333333333332,0.0640999999999998,1.0,-1.000088900581841e-12,2.84451,4.0,1.0,0.13333333333333333,0.0,4.0,0.0,0.0,4.0,1.0,0.0,0.0,1.0,5.0,1.0,0.02631578947368421,0.0,5.0,0.0,0.0,5.0,1.0,0.0,0.0,1.0,25.0,1.0,66.0,0.3473684210526316,16.75,2.0,4.0,0.06666666666666667
subject_18_task_5_6,18,5_6,,5_6,34,165.0,195.0,0.2309229516690104,18.0,0.1805555555555555,eye,高,6.6,5,80.6,1.3416407864998738,79.0,82.0,-5.242718446601921,236.61356797309165,38.94349426213456,6.075963764343652,20.98854720172404,15.398603115545216,6.409434909844526,3.454356875018543,11.21993715891018,3.1699582290346497,1.50091146928548,4.3194705159216875,2.7536792509917323,2.1120221238256858,2.877898266696572,26.70127842814441,7.421762735397409,3.8903620172805207,17.57260543343363,10.831436879527123,1.9077306179812652,4.516958924485235,59.840498478099846,12.729213551908188,14.734917022674692,46.76815545535774,33.029363730390855,0.8638809117363847,3.173968023259921,2995,2.84480734557596,0.0635584452667666,0.9909849749582638,0.9499165275459098,0.0464106844741235,0.0020033388981636,5,1,1128.9929378531074,0.5870998116760828,0.019569993722536,0.0376330979284369,1.0,-1.000088900581841e-12,2.84451,1.0,1.0,0.03333333333333333,0.0,1.0,0.0,0.0,1.0,1.0,0.0,0.0,1.0,5.0,1.0,0.02564102564102564,0.0,5.0,0.0,0.0,5.0,1.0,0.0,0.0,1.0,30.0,1.0,66.0,0.3384615384615385,16.75,2.0,4.0,0.06666666666666667
subject_18_task_5_6,18,5_6,,5_6,35,170.0,200.0,0.2368440529938568,18.0,0.1851851851851851,eye,高,6.6,7,79.85714285714286,1.6761634196950517,78.0,82.0,-7.841693511274744,199.8302062498678,34.70070002689925,5.888091591463069,20.502445333684538,14.524814651814584,5.8933696067517936,3.4820187517820353,9.926450952299684,3.0210382797777435,1.4826037669777865,4.0842580013263445,2.3289075908146586,2.0376572264725716,2.754787281872283,22.555889388853544,7.194745597205879,3.90045278605285,17.35862592722078,10.820209881121848,1.8445924080744385,4.450413036479087,47.32233686886117,11.747805665146126,16.362195504676322,49.08071547940808,31.54595258326081,0.7179846776545726,2.99964118295621,2995,2.846622704507512,0.0603533617559811,0.9893155258764608,0.9515859766277128,0.0444073455759599,0.0020033388981636,0,0,0.0,0.0,,,,,,0.0,0.0,0.0,0.0,0.0,0.0,0.0,0.0,0.0,0.0,0.0,0.0,5.0,1.0,0.025,0.0,5.0,0.0,0.0,5.0,1.0,0.0,0.0,1.0,35.0,1.0,66.0,0.33,16.75,2.0,4.0,0.06666666666666667
subject_18_task_5_6,18,5_6,,5_6,36,175.0,205.0,0.2427651543187032,18.0,0.1898148148148148,eye,高,6.6,6,79.83333333333333,1.834847859269718,78.0,82.0,-11.91936161276769,222.4627719434255,34.41569426956359,5.638662340994908,21.613922421804283,15.204144184490175,6.103521046002401,3.833164873992195,10.215945083545265,3.248407342281372,1.4800480995451062,4.336109268501718,2.854684041878213,2.19479849558928,2.9297083451777173,25.812434551802113,7.091437101075796,3.922511094093057,17.471136939511382,10.673762197095916,1.807881974318658,4.454069477539864,54.99342999143352,11.09770136596111,14.842180297185871,50.33610401157244,32.55094758465365,0.7477136878646644,3.3914224867027345,2995,2.835303505843072,0.0514315673164786,0.9939899833055093,0.95559265442404,0.0414023372287145,0.0020033388981636,0,0,0.0,0.0,,,,,,0.0,0.0,0.0,0.0,0.0,0.0,0.0,0.0,0.0,0.0,0.0,0.0,5.0,1.0,0.024390243902439025,0.0,5.0,0.0,0.0,5.0,1.0,0.0,0.0,1.0,40.0,1.0,66.0,0.32195121951219513,16.75,2.0,4.0,0.06666666666666667
subject_18_task_5_6,18,5_6,,5_6,37,180.0,210.0,0.2486862556435497,18.0,0.1944444444444444,eye,高,6.6,6,79.16666666666667,1.6020819787597218,78.0,82.0,-8.703250611674237,197.67548978603224,33.48378920149097,5.5716241056493105,21.63794841127977,14.680890195444286,6.009699966575331,3.883598031916782,10.163243802382045,3.136913482986413,1.4642149281320973,3.978945003535258,2.3930924022920212,2.1423859453394463,2.717459661889398,22.344980914489376,7.341664879578419,4.096452920113581,18.644120584097937,11.594913295424185,1.7922004775230906,4.5512839882902885,46.94947950205821,12.233135102446647,15.379368319547863,51.04441390413766,31.614588480387017,0.7954250687200063,3.3190188857924636,2995,2.82854858096828,0.0568808881027046,0.993322203672788,0.9545909849749584,0.0434056761268781,0.001669449081803,5,3,1279.4780463739496,1.1992764347969065,0.0399758811598968,0.0426492682124649,0.70896309314587,0.7627617768285966,2.9228253919156413,0.0,0.0,0.0,0.0,0.0,0.0,0.0,0.0,0.0,0.0,0.0,0.0,5.0,1.0,0.023809523809523808,0.0,5.0,0.0,0.0,5.0,1.0,0.0,0.0,1.0,45.0,1.0,66.0,0.3142857142857143,16.75,2.0,4.0,0.06666666666666667
subject_18_task_5_6,18,5_6,,5_6,38,185.0,215.0,0.2546073569683961,18.0,0.199074074074074,eye,高,6.6,6,77.83333333333333,0.7527726527090811,77.0,79.0,-4.849884526558948,202.41759086538556,27.131555952125456,5.231484251362542,21.943243444025057,15.440453220429983,5.186206179452616,4.194458472910423,11.02887894693027,3.2721076381009175,1.4503915784700514,4.3046323795672965,2.8296043968522455,2.256016710709605,2.9679104894610924,23.184038834153895,6.725682401139816,4.14682358275262,19.475953806134815,11.721314341695066,1.621887757442379,4.696595699691395,48.957878451045474,10.227776550686343,15.677228712003142,52.232961105482225,32.06527595266807,0.6523969726138862,3.331772602481106,2995,2.8500227045075124,0.0825107560772212,0.993322203672788,0.9579298831385644,0.0400667779632721,0.001669449081803,5,3,2683.030093734581,2.514849531327082,0.0838283177109027,0.0894343364578193,0.7089630931458699,0.7627617768285968,2.9228253919156413,0.0,0.0,0.0,0.0,0.0,0.0,0.0,0.0,0.0,0.0,0.0,0.0,5.0,1.0,0.023255813953488372,0.0,5.0,0.0,0.0,5.0,1.0,0.0,0.0,1.0,50.0,1.0,66.0,0.30697674418604654,16.75,2.0,4.0,0.06666666666666667
subject_18_task_5_6,18,5_6,,5_6,39,190.0,220.0,0.2605284582932425,18.0,0.2037037037037037,eye,高,6.6,7,77.71428571428571,0.7559289460184545,77.0,79.0,-4.301075268817181,306.8166582941292,42.93520257772947,6.251378737092996,23.18053895885127,16.706675254357204,6.868117319939427,3.708068241219798,12.319613708079553,3.476307199120519,1.5193791897659077,3.752197642641653,2.149580837621534,2.2879786840150924,2.469559717492088,32.07814755055936,8.527782297550019,4.744487276419173,19.908364420405356,12.427462706338185,1.797408613557549,4.196104502029749,66.59384672342061,12.974374076985251,16.595447332065408,50.32640434416061,31.795323992645415,0.781803214904392,3.032542801477902,2995,2.879132554257095,0.1005144887576931,0.9876460767946578,0.9425709515859766,0.0510851419031719,0.0060100166944908,5,3,4086.582141095212,3.830422627857258,0.1276807542619086,0.1362194047031737,0.7089630931458699,0.7627617768285968,2.9228253919156413,0.0,0.0,0.0,0.0,0.0,0.0,0.0,0.0,0.0,0.0,0.0,0.0,5.0,1.0,0.022727272727272728,0.0,5.0,0.0,0.0,5.0,1.0,0.0,0.0,1.0,55.0,1.0,66.0,0.3,16.75,2.0,4.0,0.06666666666666667
subject_18_task_5_6,18,5_6,,5_6,40,195.0,225.0,0.2664495596180889,18.0,0.2083333333333333,eye,高,6.6,6,77.5,0.5477225575051661,77.0,78.0,-3.4615384615385323,218.5134157727981,24.600458460015123,5.4699463352052815,23.24541321913674,17.08033510433467,4.497385705904168,4.2496601967602965,11.830133393981749,3.221048645405355,1.5175211133890931,3.624608025456061,2.248044089907557,2.122572540827296,2.3885058293266126,23.049075444284483,6.412019957970957,4.7555016563977865,20.264031058808612,13.37528074787704,1.348337235745588,4.26117632228064,47.68685600982312,9.592617858363214,16.127861918333945,48.78238817879829,32.59714701839372,0.5947854654843274,3.0247275445323045,2994,2.9047625250501,0.1127102974197148,0.9756179024716098,0.9258517034068136,0.0624582498329993,0.0100200400801603,5,3,5490.134188455844,5.145995724387435,0.1715331908129145,0.1830044729485281,0.70896309314587,0.7627617768285967,2.9228253919156417,2.0,1.0,0.06666666666666667,0.0,0.0,0.0,2.0,2.0,1.0,0.0,1.0,0.0,7.0,2.0,0.03111111111111111,0.0,5.0,0.0,2.0,7.0,1.0,0.0,0.2857142857142857,1.0,1.0,2.0,125.0,0.5555555555555556,21.0,2.0,3.0,0.05
subject_18_task_5_6,18,5_6,,5_6,41,200.0,230.0,0.2723706609429354,18.0,0.2129629629629629,eye,高,6.6,5,77.4,0.5477225575051661,77.0,78.0,0.9756097560975344,251.02310837673784,26.976088937435723,5.23252380374563,23.26267752567752,17.50197208806675,5.1554641601678455,4.4457853223764126,12.253237368817253,3.1297564733520677,1.469441241142204,3.490867060273189,2.108756366223757,2.1298956268025337,2.3756424976610298,26.509785437395852,6.1458880349306035,4.671645117069735,20.601661046609244,13.50719470300993,1.3155725404898864,4.409937084333052,55.71160781681627,10.38749091237128,15.315543839825915,48.36163026831173,31.338222465710004,0.6782319335837147,3.157682859589623,2994,2.9145470941883764,0.1095925111328236,0.9749498997995992,0.916499665998664,0.0721442885771543,0.0100200400801603,5,3,6893.686235816475,6.46156882091761,0.2153856273639203,0.2297895411938825,0.7089630931458699,0.7627617768285968,2.9228253919156413,4.0,1.0,0.13333333333333333,0.0,0.0,0.0,4.0,4.0,1.0,0.0,1.0,0.0,9.0,2.0,0.0391304347826087,0.0,5.0,0.0,4.0,9.0,1.0,0.0,0.4444444444444444,1.0,4.0,2.0,125.0,0.5434782608695652,16.0,2.0,4.0,0.06666666666666667
subject_18_task_5_6,18,5_6,,5_6,42,205.0,235.0,0.2782917622677818,18.0,0.2175925925925926,eye,高,6.6,6,77.16666666666667,0.752772652709081,76.0,78.0,-1.9513865114685611,257.35697083443705,21.249666909716197,4.933606436042039,23.673009328986726,17.91134466032625,4.307126477393611,4.798317343687081,13.11839706831583,3.003007933162815,1.529586223489881,3.5198940559764953,2.1260866464077783,1.963281237138235,2.3012066936282665,29.011156758623684,5.559427096848894,4.705337243896239,21.520491638472137,14.56312975976159,1.181515119678314,4.57363426317391,56.302438774828175,9.205129200035868,14.38492375691375,46.804511167817886,30.997936892063937,0.6399150496443651,3.253719794331373,2994,2.9366733466933868,0.1039834609511303,0.9726118904475618,0.9081496325985304,0.0798263193052772,0.0100200400801603,5,3,8297.238283177106,7.777141917447786,0.2592380639149262,0.2765746094392369,0.7089630931458699,0.7627617768285967,2.9228253919156417,4.0,1.0,0.13333333333333333,0.0,0.0,0.0,4.0,4.0,1.0,0.0,1.0,0.0,9.0,2.0,0.03829787234042553,0.0,5.0,0.0,4.0,9.0,1.0,0.0,0.4444444444444444,1.0,9.0,2.0,125.0,0.5319148936170213,16.0,2.0,4.0,0.06666666666666667
subject_18_task_5_6,18,5_6,,5_6,43,210.0,240.0,0.2842128635926282,18.0,0.2222222222222222,eye,高,6.6,6,76.66666666666667,1.0327955589886446,75.0,78.0,-3.4081226924168577,253.5448843941175,27.448781736993645,5.193083251024856,24.94768821776783,19.169469512151757,5.285642538385384,4.804022391292187,12.61347680797609,3.1915541395294333,1.4525191254746772,3.5216246711465176,2.143641202622392,2.197254468843188,2.424494527736883,28.18638439388865,5.978151091850012,4.51916778009361,20.507361830593343,13.188174299252786,1.3228433602715632,4.537862462404208,55.001023198356386,10.04653640640202,14.091540242659102,45.0341175887383,31.036411377422308,0.7129480690824908,3.1958264897407886,2994,2.978074148296593,0.1115272310573362,0.9772879091516368,0.9081496325985304,0.0814963259853039,0.0083500334001336,5,3,7255.52195362605,6.800723565203095,0.2266907855067698,0.241850731787535,0.70896309314587,0.7627617768285966,2.9228253919156417,4.0,1.0,0.13333333333333333,0.0,0.0,0.0,4.0,4.0,1.0,0.0,1.0,0.0,9.0,2.0,0.0375,0.0,5.0,0.0,4.0,9.0,1.0,0.0,0.4444444444444444,1.0,14.0,2.0,125.0,0.5208333333333334,16.0,2.0,4.0,0.06666666666666667
subject_18_task_5_6,18,5_6,,5_6,44,215.0,245.0,0.2901339649174747,18.0,0.2268518518518518,eye,高,6.6,5,76.4,1.140175425099138,75.0,78.0,-4.7957992998833685,235.76534353945635,23.827174117486987,5.1948582873323605,24.774524871941708,18.462699381739203,4.586684140275674,4.769047296699947,11.3916679881172,3.0175789932996793,1.4808869193992686,3.5134048871050663,2.0228892936757688,2.0376836028261898,2.3725004529922527,26.31816893603274,5.379683637675589,4.030628559170443,18.366879865777676,12.325211488536691,1.334700917909141,4.556827699736694,50.67602030380713,9.051598354758076,12.698914384960297,42.46462670631445,29.794641741567887,0.7127852098505488,3.343957240676146,2995,2.968852931323283,0.1187381748547849,0.9729549248747912,0.8984974958263773,0.087813021702838,0.011686143572621,10,3,6257.542886838015,6.00445005967496,0.2001483353224986,0.2085847628946005,0.6630127449016836,0.863525092065978,2.92743781611057,4.0,1.0,0.13333333333333333,0.0,0.0,0.0,4.0,4.0,1.0,0.0,1.0,0.0,9.0,2.0,0.036734693877551024,0.0,5.0,0.0,4.0,9.0,1.0,0.0,0.4444444444444444,1.0,19.0,2.0,125.0,0.5102040816326531,16.0,2.0,4.0,0.06666666666666667
subject_18_task_5_6,18,5_6,,5_6,45,220.0,250.0,0.2960550662423211,18.0,0.2314814814814814,eye,高,6.6,5,76.2,1.095445115010332,75.0,78.0,-5.515947467167001,188.54036058289395,24.055922593060227,5.329337672122595,24.220233088850133,17.042606198688542,4.513867214474912,4.544698530840809,9.806320319907478,3.001980054744928,1.461895797271601,3.4375709362275715,1.8961181288867772,2.0534842909786404,2.351447307423182,22.449005552893453,5.760664806240504,3.7137952320154457,17.306368377317412,10.827811140207732,1.5511530513528715,4.660022240355291,40.73592366307665,9.935399618720668,11.718764770909788,40.55161313876717,29.147951476474475,0.8478196988290031,3.460399959510318,2995,2.963943934760448,0.1364347030445168,0.9018363939899832,0.8824707846410684,0.0871452420701168,0.023372287145242,10,3,5229.417858904787,5.16957737214274,0.1723192457380913,0.1743139286301595,0.6030812931661516,0.9463823712892768,2.933453641639316,5.0,1.0,0.16666666666666666,1.0,0.0,0.0,4.0,4.0,0.8,0.0,0.8,1.0,10.0,2.0,0.04,1.0,5.0,0.0,4.0,9.0,0.9,0.0,0.4,2.0,1.0,3.0,148.0,0.592,16.77777777777778,2.0,5.0,0.08333333333333333
subject_18_task_5_6,18,5_6,,5_6,46,225.0,255.0,0.3019761675671675,18.0,0.2361111111111111,eye,高,6.6,6,76.0,1.095445115010332,75.0,78.0,-5.111561866125766,208.778903332664,23.21951106423147,5.176048106560949,24.133575211756007,17.299992149284904,4.485953489265171,4.6625484761560205,10.582844283654872,3.006065195653409,1.5107424487876948,3.618069900678055,1.90001895800304,1.9897932953864144,2.3948952408012363,24.29919953608534,5.441193042354209,3.4787323963455083,18.02550438974817,10.482620836952956,1.564130959906635,5.181630069816349,44.48303122882629,8.617498618266874,11.486404372555969,41.0506087916459,29.397737571878732,0.7502346547067713,3.5738432550508645,2995,2.9456184165817194,0.1335996414734812,0.9138564273789648,0.8988313856427379,0.076126878130217,0.0193656093489148,16,3,3825.865811544155,3.854004275612563,0.1284668091870854,0.1275288603848051,0.5642376367338362,0.9790179217625674,2.9373527072088694,5.0,1.0,0.16666666666666666,3.0,0.0,0.0,2.0,2.0,0.4,0.0,0.4,1.0,12.0,2.0,0.047058823529411764,3.0,5.0,0.0,4.0,9.0,0.75,0.0,0.3333333333333333,2.0,5.0,3.0,148.0,0.5803921568627451,13.818181818181818,2.0,7.0,0.11666666666666667
subject_18_task_5_6,18,5_6,,5_6,47,230.0,260.0,0.3078972688920139,18.0,0.2407407407407407,eye,高,6.6,7,75.42857142857143,0.5345224838248488,75.0,76.0,-1.9860627177700327,142.38565681880263,23.11149955346787,5.098169866031803,22.89988915967747,16.187842521882143,4.533293350513028,4.491786221611671,9.012003407015412,2.8779111184287873,1.332615504971007,3.438157072914216,1.7556899197825189,2.1595960032683252,2.580006806231043,17.50572758694466,5.659834653870904,3.5682111734613535,17.59110793818763,10.179228873491407,1.5861826497170473,4.9299514751318165,30.59976533629924,9.119542124997624,11.6108028407267,38.44917394707071,28.924027487816264,0.7854359642564431,3.31150002928344,2995,2.9467282051282053,0.1363137561809934,0.9095158597662772,0.8974958263772955,0.0681135225375626,0.0253756260434056,22,4,2441.3911930308277,2.551213375965004,0.0850404458655001,0.0813797064343609,0.4766261492218586,1.04274565366191,2.9446999847869373,3.0,1.0,0.1,3.0,0.0,0.0,0.0,0.0,0.0,0.0,0.0,1.0,12.0,2.0,0.046153846153846156,3.0,5.0,0.0,4.0,9.0,0.75,0.0,0.3333333333333333,2.0,10.0,3.0,148.0,0.5692307692307692,13.818181818181818,2.0,7.0,0.11666666666666667
subject_18_task_5_6,18,5_6,,5_6,48,235.0,265.0,0.3138183702168603,18.0,0.2453703703703703,eye,高,6.6,6,75.33333333333333,0.5163977794943223,75.0,76.0,-1.6795366795366136,144.72758815342814,20.19836458894791,4.760104123456056,21.96987890690824,15.817670882436532,4.243261085281253,4.615419817950765,8.972525320446106,2.876012785777448,1.3959423053800355,3.509642585704455,1.7855690929900117,2.060266226400004,2.5141745272552503,17.7285086339248,5.228124023222463,3.5474498623160127,18.5299551239817,10.504459784247311,1.473769672902211,5.223457932646892,29.511309236265333,7.430113110829997,10.592819458336855,39.8982332615198,29.191688425646692,0.7014292219416882,3.766535757401088,2995,2.928287521367521,0.1432200711514241,0.9118530884808014,0.904507512520868,0.0607679465776293,0.0253756260434056,22,4,1724.0775934149203,1.6954315342051625,0.0565143844735054,0.0574692531138306,0.4625450988368734,1.05627071347228,2.9084192495964407,3.0,1.0,0.1,3.0,0.0,0.0,0.0,0.0,0.0,0.0,0.0,1.0,12.0,2.0,0.045283018867924525,3.0,5.0,0.0,4.0,9.0,0.75,0.0,0.3333333333333333,2.0,15.0,3.0,148.0,0.5584905660377358,13.818181818181818,2.0,7.0,0.11666666666666667
subject_18_task_5_6,18,5_6,,5_6,49,240.0,270.0,0.3197394715417067,18.0,0.25,eye,高,6.6,7,75.28571428571429,0.4879500364742665,75.0,76.0,-2.386850881372073,153.03671546581484,24.252913594971822,4.880662303473127,21.98628134437855,15.340667147081852,4.969184935764398,4.504774142790601,9.397381503469282,2.7599252077228353,1.443999835420972,3.4547963413574068,1.6856737574786569,1.911305763354349,2.392518514623115,17.800768673443883,5.773276067931567,3.7709293022797663,19.148769760302947,11.002077621091644,1.5309955730120035,5.0779975505577095,32.15551524767036,9.028605774471414,12.90509674920815,43.17835362861541,28.637220819631413,0.6996155046280769,3.3458372662928553,2995,2.8940661865569273,0.1193950391670427,0.9075125208681136,0.9005008347245409,0.0614357262103505,0.028380634390651,17,2,2172.554324336751,1.9323647064232827,0.064412156880776,0.0724184774778917,0.6405153181896033,0.6531211227752007,2.87537937337765,6.0,2.0,0.2,6.0,0.0,0.0,0.0,0.0,0.0,0.0,0.0,2.0,15.0,3.0,0.05555555555555555,6.0,5.0,0.0,4.0,9.0,0.6,0.0,0.26666666666666666,3.0,1.0,4.0,166.0,0.6148148148148148,12.214285714285714,2.0,10.0,0.16666666666666666
subject_18_task_5_6,18,5_6,,5_6,50,245.0,275.0,0.3256605728665532,18.0,0.2546296296296296,eye,高,6.6,7,75.42857142857143,0.7867957924694432,75.0,77.0,1.160541586073477,212.90814035796944,34.02756314025123,5.823178707178024,21.284511495167703,15.400808514746084,5.843468808248435,3.655136234945194,11.654568202337677,3.0201390808733475,1.580915694876914,3.515915067166151,1.7732363789145618,1.9103732669998497,2.223973788456753,22.954189590352037,7.085777074207028,4.289894155143906,20.95176839445397,11.95450012855832,1.6517370401110358,4.883982596477637,46.10685937753242,11.124820594911242,14.315478699404371,46.60160980619867,32.83444671449493,0.7771183086859761,3.2553301768481995,2994,2.873568205128205,0.1150171426631154,0.9091516366065464,0.9104876419505676,0.0531062124248497,0.0267201068804275,17,2,2453.219791508879,1.8728563701915737,0.0624285456730524,0.0817739930502959,0.8469655997693984,0.4279366519052942,2.8371489102347023,6.0,2.0,0.2,6.0,0.0,0.0,0.0,0.0,0.0,0.0,0.0,2.0,15.0,3.0,0.05454545454545454,6.0,5.0,0.0,4.0,9.0,0.6,0.0,0.26666666666666666,3.0,6.0,4.0,166.0,0.6036363636363636,12.214285714285714,2.0,10.0,0.16666666666666666
subject_18_task_5_6,18,5_6,,5_6,51,250.0,280.0,0.3315816741913996,18.0,0.2592592592592592,eye,高,6.6,7,75.57142857142857,0.9759000729485332,75.0,77.0,4.740000000000016,206.2729877345382,28.86064575850724,5.295178491219186,21.16526874362195,14.602801433870386,5.450363157042934,3.997083153801065,10.257291445823766,2.7313337958862243,1.612222417993264,3.4259731770151234,1.720436898326432,1.694142052239864,2.1250003341843104,23.923158134072857,6.186609198611137,4.239042125954795,20.975443879684764,11.940790373693613,1.459435649561439,4.9481565071638185,47.810559287136385,10.28346110164403,13.958445707847453,44.424352855586704,30.230176262879308,0.736719640343814,3.182614582267658,2994,2.873214020896529,0.094366430981933,0.9822979291917168,0.9328657314629258,0.0501002004008016,0.0123580494321977,12,1,2764.0312198262004,1.8519472159639536,0.0617315738654651,0.0921343739942066,1.0,-1.000088900581841e-12,2.80881,5.0,2.0,0.16666666666666666,5.0,0.0,0.0,0.0,0.0,0.0,0.0,0.0,2.0,15.0,3.0,0.05357142857142857,6.0,5.0,0.0,4.0,9.0,0.6,0.0,0.26666666666666666,3.0,11.0,4.0,166.0,0.5928571428571429,12.214285714285714,2.0,10.0,0.16666666666666666
subject_18_task_5_6,18,5_6,,5_6,52,255.0,285.0,0.337502775516246,18.0,0.2638888888888889,eye,高,6.6,6,75.66666666666667,1.0327955589886446,75.0,77.0,5.746626033957441,224.13256446138692,35.23833332375431,6.1215288743275345,20.97316951294447,14.698364005462976,5.75645954583941,3.426132579542627,11.283686460309172,2.8992882970527902,1.7415360521936432,3.5136595337030787,1.775741369766574,1.664787986100454,2.017563477527361,24.28673530234849,7.2645558494178415,4.381942495107781,20.311825349824755,12.168456831560295,1.657839156385177,4.635347308300346,49.265851581013315,11.075111992040286,14.56531541103299,45.321153728288145,32.611334287355916,0.7603757062240525,3.111580659211685,2994,2.8837259858442867,0.1008518208037783,0.9809619238476954,0.9245156980627922,0.0581162324649298,0.012692050768203,6,1,2985.000000000003,2.000000000000002,0.0666666666666667,0.0995000000000001,1.0,-1.000088900581841e-12,2.80881,5.0,2.0,0.16666666666666666,5.0,0.0,0.0,0.0,0.0,0.0,0.0,0.0,2.0,17.0,4.0,0.05964912280701754,8.0,5.0,0.0,4.0,9.0,0.5294117647058824,0.0,0.23529411764705882,4.0,2.0,5.0,179.0,0.6280701754385964,11.5625,2.0,10.0,0.16666666666666666
subject_18_task_5_6,18,5_6,,5_6,53,260.0,290.0,0.3434238768410924,18.0,0.2685185185185185,eye,高,6.6,5,76.4,1.3416407864998738,75.0,78.0,8.973988439306284,222.0113736888694,29.820156191390257,5.556455179558551,21.711504479656,14.973473710555009,5.366759062701448,3.907438065824718,10.689712206692194,2.718999866770354,1.73853809757766,3.5493533321191246,1.8005449919616054,1.563957597799433,2.041573513438969,24.438331875729276,6.584314612899746,4.129100352752409,20.111033763125235,11.931626679143708,1.5946123974707276,4.87056066576814,52.27229078521649,10.336932399701398,14.162214454215912,45.09043735067869,30.890035498379728,0.7298952034033226,3.183855003498823,2994,2.9027112227805696,0.105865067696211,0.9876419505678022,0.9425517702070808,0.0494321977287909,0.0066800267201068,6,1,2965.9225711526988,1.9872178031173864,0.0662405934372462,0.0988640857050899,1.0,-1.000088900581841e-12,2.80881,5.0,2.0,0.16666666666666666,5.0,0.0,0.0,0.0,0.0,0.0,0.0,0.0,2.0,17.0,4.0,0.05862068965517241,8.0,5.0,0.0,4.0,9.0,0.5294117647058824,0.0,0.23529411764705882,4.0,7.0,5.0,179.0,0.6172413793103448,11.5625,2.0,8.0,0.13333333333333333
subject_18_task_5_6,18,5_6,,5_6,54,265.0,295.0,0.3493449781659388,18.0,0.2731481481481481,eye,高,6.6,7,77.42857142857143,2.070196678027062,75.0,80.0,10.771276595744643,250.0633955500895,31.94751720229787,5.82558221369877,21.138390774819957,15.169217879725808,5.484004178530647,3.6285456113061705,11.37431534425155,2.7407101955329014,1.8460774764637984,3.594219346708922,1.874242041884764,1.4846127697645666,1.9469493520898848,23.927626327432904,6.747275035473952,4.286427091447416,18.880702047830844,12.027214532830742,1.5741023681323298,4.404764538163489,56.961144361406525,11.228621507096966,14.347467838188445,42.72470940892574,33.35450798003445,0.782620434053869,2.9778571306642703,2995,2.924819281155525,0.1075798040448446,0.9839732888146911,0.9429048414023372,0.0470784641068447,0.0096828046744574,12,2,2340.480364944523,1.8119643402497752,0.0603988113416591,0.0780160121648174,0.9910846913940986,0.0509555751701103,2.815633944166372,7.0,2.0,0.23333333333333334,7.0,0.0,0.0,0.0,0.0,0.0,0.0,0.0,2.0,19.0,4.0,0.06440677966101695,10.0,5.0,0.0,4.0,9.0,0.47368421052631576,0.0,0.21052631578947367,4.0,4.0,6.0,187.0,0.6338983050847458,10.722222222222221,2.0,10.0,0.16666666666666666
subject_18_task_5_6,18,5_6,,5_6,55,270.0,300.0,0.3552660794907853,18.0,0.2777777777777778,eye,高,6.6,5,78.4,1.51657508881031,77.0,80.0,9.554140127388544,202.38189545444808,21.32486810599266,5.045198562833872,21.764011480431535,16.17088323555753,4.226764881581698,4.313806723239603,9.80263975111794,2.767427636084564,1.84912269246333,3.577555730018595,2.443745154957687,1.4966165562534437,1.934731397002496,20.41908801472935,5.734986231353284,3.9928134592759266,18.57472114011982,12.503868244509398,1.4363271136621771,4.6520383007044455,47.52076306002029,8.908997504618235,14.354247159602414,40.04084021834532,32.72279534964023,0.6206523689860303,2.789476854699385,2995,2.9560632953784327,0.1372451389053796,0.9472454090150252,0.9312186978297162,0.0554257095158597,0.011686143572621,12,2,1742.8145301609711,1.7667094955941294,0.0588903165198043,0.0580938176720323,0.9705846832269972,0.1327038404464337,2.831325034326716,4.0,1.0,0.13333333333333333,4.0,0.0,0.0,0.0,0.0,0.0,0.0,0.0,1.0,19.0,4.0,0.06333333333333334,10.0,5.0,0.0,4.0,9.0,0.47368421052631576,0.0,0.21052631578947367,4.0,9.0,6.0,187.0,0.6233333333333333,10.722222222222221,2.0,10.0,0.16666666666666666
subject_18_task_5_6,18,5_6,,5_6,56,275.0,305.0,0.3611871808156317,18.0,0.2824074074074074,eye,高,6.6,6,78.83333333333333,1.1690451944500122,77.0,80.0,4.893531538770562,249.6732736629073,28.85600432450188,5.291195608490724,21.72504587513122,16.563211929512512,5.453588651721166,4.10588598166155,11.150292054022051,2.9672926208275014,1.7468083650630069,3.652707840044077,2.362306063719263,1.6986938465459387,2.0910753080303257,23.393513826752603,6.7393705570621645,4.290334964544027,21.32557114157792,16.213990938187365,1.570826197198432,4.970607497506755,54.485389898293704,9.742520538359711,17.6026231489887,42.81379490304403,36.313189765319315,0.5534698127602325,2.4322394759387747,2995,2.981495628782784,0.1246589878440814,0.93889816360601,0.918864774624374,0.0634390651085141,0.015025041736227,12,2,1145.148695377419,1.7214546509384832,0.0573818216979494,0.0381716231792473,0.9286863107361742,0.2570238740659569,2.8633948332734396,4.0,1.0,0.13333333333333333,4.0,0.0,0.0,0.0,0.0,0.0,0.0,0.0,1.0,19.0,4.0,0.06229508196721312,10.0,5.0,0.0,4.0,9.0,0.47368421052631576,0.0,0.21052631578947367,4.0,14.0,6.0,187.0,0.6131147540983607,10.722222222222221,2.0,10.0,0.16666666666666666
subject_18_task_5_6,18,5_6,,5_6,57,280.0,310.0,0.3671082821404781,18.0,0.287037037037037,eye,高,6.6,5,79.2,0.8366600265340756,78.0,80.0,1.1015118790498486,175.8034991248659,20.51206867408121,4.683246663835989,23.53235476031918,17.55239479690884,4.379882194221225,5.024795072622572,10.691667626961928,2.997272229851374,1.6567781027101736,3.714284073769907,2.5963588703479092,1.8090969605093208,2.24187177974772,18.902087406155697,5.845120463481429,4.210760505750828,22.810307324117957,16.55512589300631,1.388138901630354,5.417146687151852,39.767453416002745,8.442958845674648,14.966924951382031,42.93216033828236,33.859825967076226,0.5641077825338486,2.86846900600768,2995,2.9861331540013443,0.1239223920725575,0.9202003338898164,0.9165275459098498,0.0651085141903172,0.0156928213689482,12,2,547.4828605938668,1.6761998062828374,0.0558733268760945,0.0182494286864622,0.7953102772145122,0.5068354279581135,2.9654833471002755,4.0,1.0,0.13333333333333333,4.0,0.0,0.0,0.0,0.0,0.0,0.0,0.0,1.0,19.0,4.0,0.06129032258064516,10.0,5.0,0.0,4.0,9.0,0.47368421052631576,0.0,0.21052631578947367,4.0,19.0,6.0,187.0,0.603225806451613,10.722222222222221,2.0,9.0,0.15
subject_18_task_5_6,18,5_6,,5_6,58,285.0,315.0,0.3730293834653245,18.0,0.2916666666666667,eye,高,6.6,6,79.0,0.8944271909999159,78.0,80.0,-1.8807139747496244,167.02273723942054,22.383939724787517,4.9767112434474114,23.94369381357409,17.53330841354307,4.49773728669899,4.811147893119088,11.073409990076946,2.959448078013457,1.623313527546176,3.7437108488393656,2.417768158822224,1.8230908741868252,2.3062155186363857,17.35460953581428,6.0503561024964885,4.549116139690451,24.181957034588144,18.0817753616299,1.3300069544736202,5.315748442560895,39.32854430428273,8.849617948089014,17.4245388903,44.816645788512155,34.76801165866279,0.5078824756169287,2.5720419960990166,2995,2.990264290517821,0.1229847579119417,0.9175292153589316,0.918864774624374,0.0627712854757929,0.0153589315525876,6,2,415.0866933812356,1.942683432361477,0.0647561144120492,0.0138362231127078,0.6567862714508581,0.6431441477489319,3.0715122152886116,5.0,2.0,0.16666666666666666,5.0,0.0,0.0,0.0,0.0,0.0,0.0,0.0,2.0,22.0,4.0,0.06984126984126984,13.0,5.0,0.0,4.0,9.0,0.4090909090909091,0.0,0.18181818181818182,5.0,4.0,7.0,206.0,0.653968253968254,10.142857142857142,2.0,10.0,0.16666666666666666
subject_18_task_5_6,18,5_6,,5_6,59,290.0,320.0,0.3789504847901709,18.0,0.2962962962962963,eye,高,6.6,7,78.71428571428571,1.1126972805283737,77.0,80.0,-6.513157894736831,230.24603923811011,26.33370842239287,5.384955888856337,24.49006646822264,18.7016523235473,4.890236608416426,4.547867610002627,12.785174318171691,3.093066862975301,1.628438456681173,3.805979582266056,2.782746817327275,1.899406667955449,2.3371958373071124,23.502328891606965,6.451934296585565,4.722250201133993,25.31315939131983,17.933639848874737,1.3662838735305065,5.360401993363497,48.214919242551254,9.42256350743938,16.161502805953948,45.8035789406326,34.325410672260496,0.5830252062925781,2.8341163251079853,2995,2.985200809989875,0.1272069529751876,0.9131886477462438,0.9058430717863104,0.0721202003338898,0.0190317195325542,6,2,503.6593063424074,2.3572198424761655,0.0785739947492055,0.0167886435447469,0.656786271450858,0.6431441477489319,3.071512215288611,5.0,2.0,0.16666666666666666,5.0,0.0,0.0,0.0,0.0,0.0,0.0,0.0,2.0,22.0,4.0,0.06875,13.0,5.0,0.0,4.0,9.0,0.4090909090909091,0.0,0.18181818181818182,5.0,9.0,7.0,206.0,0.64375,10.142857142857142,2.0,10.0,0.16666666666666666
subject_18_task_5_6,18,5_6,,5_6,60,295.0,325.0,0.3848715861150174,18.0,0.3009259259259259,eye,高,6.6,6,77.83333333333333,1.1690451944500122,76.0,79.0,-7.90112359550556,268.8611619924438,33.94064304497902,5.577991648300186,24.697769861832235,18.631991079143734,6.084742535482632,4.427717253638867,13.109809528783796,2.9245278742312357,1.692731144894708,3.776570071439126,2.5028175127298717,1.7276977995304437,2.2310513295801844,26.397475729163112,7.584303541034982,5.017241927568522,27.824493437736564,19.109577111721567,1.51164796326864,5.5457747183462995,57.55111648242191,11.300295239160755,17.429380035818156,48.21689089104587,35.10366086469512,0.6483475152838565,2.7664145707970107,2994,2.994114439582632,0.1271109606870382,0.9078156312625252,0.9004676018704075,0.0804943219772879,0.0160320641282565,6,2,531.4356777670305,2.4872184606881302,0.0829072820229376,0.0177145225922343,0.6567862714508581,0.6431441477489319,3.071512215288612,7.0,2.0,0.23333333333333334,7.0,0.0,0.0,0.0,0.0,0.0,0.0,0.0,2.0,26.0,5.0,0.08,17.0,5.0,0.0,4.0,9.0,0.34615384615384615,0.0,0.15384615384615385,6.0,1.0,8.0,218.0,0.6707692307692308,9.04,2.0,14.0,0.23333333333333334
subject_18_task_5_6,18,5_6,,5_6,61,300.0,330.0,0.3907926874398638,18.0,0.3055555555555556,eye,高,6.6,6,77.83333333333333,1.1690451944500122,76.0,79.0,-7.90112359550556,358.6783267578574,37.62820782178073,6.341046437696543,26.8299714218272,19.342614251708515,5.934069114852532,4.2311583246460955,14.394578267340094,2.895573915217195,1.6038594485346345,3.811999296865568,2.342906711573288,1.80537884280492,2.3767664307171055,32.64054342578315,7.378117851533919,5.314849559982022,27.66045741947025,17.422341214600454,1.388208220809711,5.204372599318468,72.9776213382677,11.804055503698253,15.67605703766624,48.39656113278499,32.71257695108384,0.7529990146971022,3.087291722433666,2994,2.992892628744531,0.1016559072772794,0.9328657314629258,0.9151636606546426,0.0711422845691382,0.0110220440881763,6,2,491.6311455022797,2.3009257979825883,0.0766975265994196,0.0163877048500759,0.6567862714508581,0.6431441477489319,3.0715122152886116,7.0,2.0,0.23333333333333334,7.0,0.0,0.0,0.0,0.0,0.0,0.0,0.0,2.0,26.0,5.0,0.07878787878787878,17.0,5.0,0.0,4.0,9.0,0.34615384615384615,0.0,0.15384615384615385,6.0,6.0,8.0,218.0,0.6606060606060606,9.04,2.0,11.0,0.18333333333333332
subject_18_task_5_6,18,5_6,,5_6,62,305.0,335.0,0.3967137887647102,18.0,0.3101851851851852,eye,高,6.6,6,76.33333333333333,1.632993161855452,74.0,78.0,-10.561224489795991,413.27648847354567,49.30342329872243,7.5390247791674385,26.083890721519467,18.665153548269405,6.53976140719983,3.459849448113898,16.443047536568134,3.0506893650502835,1.5973851281107068,3.663460821240186,2.1932745466997656,1.9098020329377048,2.293411123448427,38.56559293770243,8.823533561523746,5.662397140697306,26.00353961212212,15.99630845380866,1.5582682285045724,4.592319995576974,89.96478238366394,15.179173531899467,15.26746123308853,50.02372291811965,33.36407381208041,0.9942172637715484,3.276492545447263,2994,2.9826873306233064,0.1206737473771904,0.8807615230460922,0.8810955243820975,0.083500334001336,0.0230460921843687,12,2,403.05853254110787,1.8863893878678997,0.0628796462622633,0.0134352844180369,0.6567862714508581,0.6431441477489319,3.071512215288612,7.0,2.0,0.23333333333333334,7.0,0.0,0.0,0.0,0.0,0.0,0.0,0.0,2.0,26.0,5.0,0.07761194029850746,17.0,5.0,0.0,4.0,9.0,0.34615384615384615,0.0,0.15384615384615385,6.0,11.0,8.0,218.0,0.6507462686567164,9.04,2.0,11.0,0.18333333333333332
subject_18_task_5_6,18,5_6,,5_6,63,310.0,340.0,0.4026348900895566,18.0,0.3148148148148148,eye,高,6.6,6,76.33333333333333,1.632993161855452,74.0,78.0,-10.561224489795991,489.4113693453247,53.49539183678416,8.473426260463402,25.27395900294786,18.282661102874357,6.313312961297731,2.9827319228438833,16.913950731393044,3.285524893873069,1.7792154390438395,3.738848025770773,2.190554748714774,1.84661442441098,2.1014026428300614,40.655783554483904,9.406995668540675,5.777669400701882,26.143528701133143,15.639100979747242,1.628164406118131,4.524926382592465,97.38573868544069,16.923593318586352,17.19612225051819,50.09777112762652,34.985222296125464,0.9841517216520356,2.9133179212026636,2994,2.9779840785907865,0.1261042721144207,0.9031396125584502,0.895123580494322,0.0718102872411489,0.0207080828323313,17,2,314.4859195799362,1.4718529777532114,0.049061765925107,0.0104828639859978,0.656786271450858,0.6431441477489319,3.071512215288611,7.0,2.0,0.23333333333333334,7.0,0.0,0.0,0.0,0.0,0.0,0.0,0.0,2.0,26.0,5.0,0.07647058823529412,17.0,5.0,0.0,4.0,9.0,0.34615384615384615,0.0,0.15384615384615385,6.0,16.0,8.0,218.0,0.6411764705882353,9.04,2.0,11.0,0.18333333333333332
subject_18_task_5_6,18,5_6,,5_6,64,315.0,345.0,0.4085559914144031,18.0,0.3194444444444444,eye,高,6.6,7,76.85714285714286,1.9518001458970664,74.0,79.0,2.672479150871878,475.92393454052905,55.51450764248719,7.939607996989427,26.236916048019214,19.210656441005295,6.992096796660164,3.304560635483243,16.756001266274684,3.265398072953456,1.712403611904997,3.7218130833444305,2.2641743793578164,1.9069091248416603,2.173443840850129,41.93652570317559,9.593619742235628,5.414049970924463,25.92677122067055,15.75649491013596,1.771985813532765,4.788794222422643,100.15741138811916,16.8419952626001,16.11450029954957,48.86418397010211,33.65116471401124,1.0451453628426113,3.032311462457695,2994,2.9706862210095495,0.1265041676914465,0.8934535738142952,0.8861055444221777,0.0734802939211756,0.0277221108884435,17,2,225.9133066187644,1.057316567638523,0.0352438855879507,0.0075304435539588,0.6567862714508581,0.6431441477489319,3.0715122152886116,5.0,1.0,0.16666666666666666,5.0,0.0,0.0,0.0,0.0,0.0,0.0,0.0,1.0,27.0,5.0,0.0782608695652174,18.0,5.0,0.0,4.0,9.0,0.3333333333333333,0.0,0.14814814814814814,6.0,3.0,9.0,236.0,0.6840579710144927,9.384615384615385,2.0,10.0,0.16666666666666666
subject_18_task_5_6,18,5_6,,5_6,65,320.0,350.0,0.4144770927392495,18.0,0.324074074074074,eye,高,6.6,6,77.0,2.280350850198276,74.0,79.0,12.25961538461542,455.81567261823847,57.42522214550617,8.953281864268227,25.001252828409516,18.58342464651465,6.413874042621763,2.79241212411589,14.995053949574102,3.771852469306941,1.7327122566785242,3.770347816710936,2.224340534465869,2.1768487264800047,2.1759803465223952,40.22428435647326,10.0792660029054,5.68960685556582,25.39249449858903,15.862095495578618,1.7715224019468805,4.462961175208264,96.74841641129092,18.612426355788823,18.41264720713578,48.16952690183601,33.205218757378105,1.01085010462676,2.6161108916032463,2995,2.9717911005434785,0.128297461826502,0.8904841402337229,0.8797996661101837,0.081135225375626,0.0260434056761268,22,3,344.95917706991685,1.2292730485191008,0.04097576828397,0.0114986392356638,0.6018639224960922,0.9283075580257316,3.058149502906905,5.0,1.0,0.16666666666666666,5.0,0.0,0.0,0.0,0.0,0.0,0.0,0.0,1.0,27.0,5.0,0.07714285714285714,18.0,5.0,0.0,4.0,9.0,0.3333333333333333,0.0,0.14814814814814814,6.0,8.0,9.0,236.0,0.6742857142857143,9.384615384615385,2.0,10.0,0.16666666666666666
subject_18_task_5_6,18,5_6,,5_6,66,325.0,355.0,0.4203981940640959,18.0,0.3287037037037037,eye,高,6.6,6,78.0,2.9664793948382653,74.0,82.0,19.74093264248707,404.8432372999211,49.02796434861117,8.468441420494022,25.739940263550466,18.9556347396157,5.789490877265941,3.039513292405686,15.786453546249954,3.3512568226801833,1.6674618219090502,3.728808003115186,2.1779056652718496,2.0097952340782133,2.2362179176289225,38.37862576596161,8.99689663959564,5.6164103391323295,24.92109979249456,16.029419677484302,1.6018944657426075,4.43719356095776,92.3524989028648,17.03507354330498,18.4282440641413,47.16991156578543,31.36989180920341,0.9244002566936244,2.559653073923156,2995,2.96696152536602,0.1261938312913238,0.8941569282136895,0.8747913188647746,0.0821368948247078,0.028380634390651,22,3,780.6756636348115,2.295779292432848,0.0765259764144282,0.0260225221211603,0.9375309325394394,0.2738844988203889,3.050696951684638,4.0,1.0,0.13333333333333333,4.0,0.0,0.0,0.0,0.0,0.0,0.0,0.0,2.0,30.0,5.0,0.08450704225352113,21.0,5.0,0.0,4.0,9.0,0.3,0.0,0.13333333333333333,7.0,3.0,10.0,245.0,0.6901408450704225,8.758620689655173,2.0,11.0,0.18333333333333332
subject_18_task_5_6,18,5_6,,5_6,67,330.0,360.0,0.4263192953889423,18.0,0.3333333333333333,eye,高,6.6,6,78.0,2.9664793948382653,74.0,82.0,19.74093264248707,363.9683248935757,46.86000440430822,8.472750980699976,24.045469854648346,18.639056307845625,5.530671739444522,2.8379766984089776,13.49603773243142,3.703714084303769,1.7185381963913076,3.753850425878273,2.127274585583395,2.1551537766696462,2.1843276068933695,36.19452807428115,8.930682861653192,5.309384812000076,23.43871327959002,15.134490354833243,1.682056053173692,4.41458174713852,78.74252842168015,16.203197175268084,19.11104945675018,46.69533098018966,31.213238448388495,0.8478444478905883,2.4433682245375845,2995,2.952315410958904,0.1287959000378748,0.8741235392320534,0.8400667779632721,0.1008347245409015,0.0390651085141903,16,1,1062.0000000000043,3.0000000000000124,0.1000000000000004,0.0354000000000001,1.0,-1.000088900581841e-12,3.04931,4.0,1.0,0.13333333333333333,4.0,0.0,0.0,0.0,0.0,0.0,0.0,0.0,2.0,30.0,5.0,0.08333333333333333,21.0,5.0,0.0,4.0,9.0,0.3,0.0,0.13333333333333333,7.0,8.0,10.0,245.0,0.6805555555555556,8.758620689655173,2.0,11.0,0.18333333333333332
subject_18_task_5_6,18,5_6,,5_6,68,335.0,365.0,0.4322403967137888,18.0,0.3379629629629629,eye,高,6.6,5,80.2,1.6431676725154984,79.0,82.0,10.90909090909109,255.3649706088306,33.95603058864545,6.914020374586935,24.44989172049798,18.71146442969277,4.911184629055144,3.536277071205289,11.279863720558502,3.06385341637985,1.6363424943757685,3.683489379429616,2.1659848981384635,1.872379056897039,2.2510503712334335,25.73217170409641,6.99604265775372,4.8086830271453,22.328750802451697,14.396225934488475,1.4548770668103193,4.643423298313609,58.54867375876777,13.159963686184897,16.437337409833024,42.13916313782308,28.714897677877776,0.8006140750212037,2.5636246362269657,2995,2.978743284597076,0.1319757362515539,0.9225375626043406,0.86110183639399,0.0974958263772955,0.0303839732888146,22,6,1515.4212787876384,3.637902755750764,0.1212634251916921,0.0505140426262546,0.7007952276146088,0.9644462804814408,3.026800455597832,4.0,1.0,0.13333333333333333,4.0,0.0,0.0,0.0,0.0,0.0,0.0,0.0,2.0,30.0,5.0,0.0821917808219178,21.0,5.0,0.0,4.0,9.0,0.3,0.0,0.13333333333333333,7.0,13.0,10.0,245.0,0.6712328767123288,8.758620689655173,2.0,11.0,0.18333333333333332
subject_18_task_5_6,18,5_6,,5_6,69,340.0,370.0,0.4381614980386352,18.0,0.3425925925925926,eye,高,6.6,6,80.16666666666667,1.4719601443879744,79.0,82.0,5.368108286563194,296.6723705653,39.76230938056178,7.42606508361991,25.20123470750719,20.045782718241412,5.354425113815357,3.393618884797411,11.727340452911587,3.4328956454961657,1.7300530098712794,3.690674264083153,2.181388960247135,1.9842719419051689,2.133272358144534,31.914231698158712,8.127788802702561,5.21465323034246,21.51311282022901,14.05997232234402,1.5586441597706753,4.125511682167251,67.89854375985179,14.519506046560975,16.442788391890776,40.618584826873786,28.01794266903687,0.8830318617809179,2.470297850874611,2995,2.982321319279157,0.1325031579052271,0.89449081803005,0.8377295492487479,0.1191986644407345,0.031719532554257,16,6,2478.9174088081068,4.9934122239844,0.1664470741328133,0.0826305802936035,0.4284128209461512,1.359619407792459,3.0063087908814143,4.0,1.0,0.13333333333333333,4.0,0.0,0.0,0.0,0.0,0.0,0.0,0.0,2.0,30.0,5.0,0.08108108108108109,21.0,5.0,0.0,4.0,9.0,0.3,0.0,0.13333333333333333,7.0,18.0,10.0,245.0,0.6621621621621622,8.758620689655173,2.0,11.0,0.18333333333333332
subject_18_task_5_6,18,5_6,,5_6,70,345.0,375.0,0.4440825993634816,18.0,0.3472222222222222,eye,高,6.6,5,80.4,1.51657508881031,79.0,82.0,-1.4712153518123778,212.5980557221003,24.36432770883615,5.737425316591956,27.15610548173448,19.736154630846293,4.246561195032447,4.733151890134801,11.357491998724996,3.3207269403441533,1.5900948676664852,3.70725037589357,2.2029907602970247,2.088382905868645,2.331464902678466,25.22686964859671,6.247644341841891,4.7121882627137435,21.321195652297455,13.935665516250255,1.325847778892408,4.524690963857757,47.20690125332129,11.457974091707014,15.28825557741294,39.45313340527924,26.991526968109326,0.7494624899282275,2.5806170759970675,2995,3.000218844984802,0.1300366452878554,0.8964941569282137,0.8507512520868113,0.1125208681135225,0.0260434056761268,11,6,3442.413538828575,6.348921692218036,0.2116307230739345,0.1147471179609525,0.411268614132554,1.4366268265600046,2.9972879383897624,3.0,1.0,0.1,3.0,0.0,0.0,0.0,0.0,0.0,0.0,0.0,1.0,30.0,5.0,0.08,21.0,5.0,0.0,4.0,9.0,0.3,0.0,0.13333333333333333,7.0,23.0,10.0,245.0,0.6533333333333333,8.758620689655173,2.0,8.0,0.13333333333333333
subject_18_task_5_6,18,5_6,,5_6,71,350.0,380.0,0.450003700688328,18.0,0.3518518518518518,eye,高,6.6,6,80.33333333333333,1.3662601021279464,79.0,82.0,-7.499999999999971,206.04325025312363,28.019492696979786,6.391101463498253,27.952069069841674,20.69152443469931,4.384141428047826,4.373591818168655,10.750724261262766,3.5026299600977713,1.626492158322013,3.7945738523831065,2.3051087431528563,2.1534871485093996,2.3329801087377,24.099418832999888,6.660036459101354,4.871484492638388,21.231533908540253,13.335857085876746,1.3671472154259676,4.3583293635902125,47.5654440420961,12.269832875473584,15.043711991745743,38.760428311937574,28.487450257934565,0.8156120565327131,2.57652023205475,2994,3.0092537162162163,0.1390937967891155,0.8603874415497662,0.851369405477622,0.1112224448897795,0.0267201068804275,11,6,4198.291185436719,7.117938269456405,0.2372646089818801,0.1399430395145573,0.4737161347883156,1.4482704795790688,2.989388846031809,3.0,1.0,0.1,3.0,0.0,0.0,0.0,0.0,0.0,0.0,0.0,1.0,30.0,5.0,0.07894736842105263,21.0,5.0,0.0,4.0,9.0,0.3,0.0,0.13333333333333333,7.0,28.0,10.0,245.0,0.6447368421052632,8.758620689655173,2.0,8.0,0.13333333333333333
subject_18_task_5_6,18,5_6,,5_6,72,355.0,385.0,0.4559248020131744,18.0,0.3564814814814814,eye,高,6.6,5,80.0,1.224744871391589,79.0,82.0,-8.20568927789958,243.90979453013745,34.152318686058614,7.734051128514916,28.267716592389835,19.76265719237731,4.415838235170357,3.65496893189246,12.101725941835722,3.782738485930525,1.7441737303754632,3.7225038482312214,2.259326805385396,2.1687853796056342,2.134250610132678,27.172237952811297,7.176297783079133,4.8900280488367045,22.239289989854996,13.487761295699464,1.4675371411798572,4.5478859768801385,53.32438185865149,11.82963871507616,13.18436102567082,37.71940961591543,27.78685299280977,0.8972477841014118,2.8609205666071533,2994,3.0002508474576275,0.1431807594103965,0.8590514362057449,0.8486973947895792,0.1115564462257849,0.0300601202404809,11,6,4637.498215931121,6.9924050836616045,0.2330801694553868,0.1545832738643707,0.5524185199632125,1.3563984409357468,2.9794336484073143,0.0,0.0,0.0,0.0,0.0,0.0,0.0,0.0,0.0,0.0,0.0,0.0,30.0,5.0,0.07792207792207792,21.0,5.0,0.0,4.0,9.0,0.3,0.0,0.13333333333333333,7.0,33.0,10.0,245.0,0.6363636363636364,8.758620689655173,2.0,4.0,0.06666666666666667
subject_18_task_5_6,18,5_6,,5_6,73,360.0,390.0,0.4618459033380209,18.0,0.3611111111111111,eye,高,6.6,7,82.0,3.559026084010437,79.0,87.0,14.738786279683264,306.1276882347324,36.56556779324862,7.957971804947159,26.808744149306207,19.798097882979047,4.594835052131906,3.3687910445523648,13.88519958094716,3.782888759916327,1.778637878535168,3.808034649874021,2.301450549095756,2.126845945185762,2.1409836683621077,30.11011812187437,7.465297181950783,4.883687431571751,21.625488531914243,13.979978624535576,1.528618955768874,4.4281065966898625,64.23948969193275,13.123346094334645,15.005973204657344,37.23223859668619,27.879038642001692,0.8745414852707856,2.4811612075337153,2994,2.9935883344571814,0.1370026628615451,0.8947895791583166,0.8847695390781564,0.0918503674014696,0.0197060788243153,6,5,5270.901928889974,7.41545009691893,0.2471816698972976,0.1756967309629991,0.5947523916713563,1.1839960863857024,2.9740787654755207,0.0,0.0,0.0,0.0,0.0,0.0,0.0,0.0,0.0,0.0,0.0,0.0,30.0,5.0,0.07692307692307693,21.0,5.0,0.0,4.0,9.0,0.3,0.0,0.13333333333333333,7.0,38.0,10.0,245.0,0.6282051282051282,8.758620689655173,2.0,4.0,0.06666666666666667
subject_18_task_5_6,18,5_6,,5_6,74,365.0,395.0,0.4677670046628673,18.0,0.3657407407407407,eye,高,6.6,6,82.0,3.898717737923586,79.0,87.0,24.7826086956523,362.4062703973466,40.427627569110584,8.131279848184345,26.659542954125047,19.063793100203867,4.971865232032049,3.278640441833758,14.583355148531146,3.790609245507777,1.818747978241625,3.7451662363853457,2.3062730082130103,2.084186094421151,2.0592002197061916,33.147674140828705,8.021250154395599,4.7260403398515365,22.54024626106539,14.02189445778864,1.697245384631562,4.7693723794523235,72.84774660641361,12.918341337318996,15.312100974505194,38.00038999999453,28.27003517521139,0.8436687662149152,2.4817227931859627,2994,2.9761562500000003,0.1196029374077184,0.9054776219104876,0.9014696058784236,0.0828323313293253,0.0136940547762191,6,5,5780.976780122809,8.133056809401815,0.2711018936467271,0.1926992260040936,0.5947523916713563,1.1839960863857022,2.9740787654755203,0.0,0.0,0.0,0.0,0.0,0.0,0.0,0.0,0.0,0.0,0.0,0.0,30.0,5.0,0.0759493670886076,21.0,5.0,0.0,4.0,9.0,0.3,0.0,0.13333333333333333,7.0,43.0,10.0,245.0,0.620253164556962,8.758620689655173,2.0,4.0,0.06666666666666667
subject_18_task_5_6,18,5_6,,5_6,75,370.0,400.0,0.4736881059877137,18.0,0.3703703703703703,eye,高,6.6,6,83.16666666666667,4.215052391924288,79.0,87.0,26.063230835859613,378.51658247810406,40.92040655138674,7.76032772189108,25.072194400922783,18.69950415420214,5.273025575447609,3.2308164422227588,15.208207594049732,3.5794596518791084,1.818573983430416,3.8093911246786014,2.304797047420657,1.9682782688483729,2.0947133080023854,33.1486349969367,7.49243321763146,4.673037442380915,22.09682713578998,14.222463579865472,1.6033325882820364,4.728579089777555,73.47883628051936,12.220371713581692,15.151585159008924,38.05849014229935,28.207008368248825,0.8065408064789595,2.5118487434082297,2995,2.9670991902834007,0.1134285236722639,0.9278797996661102,0.9091819699499164,0.0724540901502504,0.01669449081803,6,5,5780.976780122809,8.133056809401815,0.2711018936467271,0.1926992260040936,0.5947523916713563,1.1839960863857022,2.9740787654755203,0.0,0.0,0.0,0.0,0.0,0.0,0.0,0.0,0.0,0.0,0.0,0.0,30.0,5.0,0.075,21.0,5.0,0.0,4.0,9.0,0.3,0.0,0.13333333333333333,7.0,48.0,10.0,245.0,0.6125,8.758620689655173,2.0,4.0,0.06666666666666667
subject_18_task_5_6,18,5_6,,5_6,76,375.0,405.0,0.4796092073125601,18.0,0.375,eye,高,6.6,6,84.33333333333333,3.777124126457412,79.0,87.0,18.323615160349927,430.20647618747785,44.08803240565699,8.066953188652812,24.407112383621097,18.12747067971293,5.465264440566282,3.0255676229722988,16.33044517958305,3.502160682810311,1.9687553155083135,3.624183023544788,2.2590852268899937,1.7788704646143836,1.8408498989164936,37.537721368871225,8.076004318100956,4.757461873972103,21.980119030343324,13.761887337500674,1.6975447270075827,4.620135612771957,83.50088448918099,12.960471246692055,15.813369346236168,38.6389506677037,28.62087412380316,0.8195894855119447,2.443435666472964,2995,2.964906882591093,0.1091633081363207,0.9191986644407344,0.9141903171953256,0.0687813021702838,0.0153589315525876,6,5,5780.976780122809,8.133056809401815,0.2711018936467271,0.1926992260040936,0.5947523916713563,1.1839960863857022,2.9740787654755203,0.0,0.0,0.0,0.0,0.0,0.0,0.0,0.0,0.0,0.0,0.0,0.0,30.0,5.0,0.07407407407407407,21.0,5.0,0.0,4.0,9.0,0.3,0.0,0.13333333333333333,7.0,53.0,10.0,245.0,0.6049382716049383,8.758620689655173,2.0,3.0,0.05
subject_18_task_5_6,18,5_6,,5_6,77,380.0,410.0,0.4855303086374065,18.0,0.3796296296296296,eye,高,6.6,6,86.83333333333333,0.408248290463863,86.0,87.0,-0.4573170731705887,486.88991615200575,48.6122161036283,7.86665975081225,23.85982272851534,18.324225082670665,6.179524428854188,3.0330309793876316,18.769541969861788,3.781293476963832,1.865593589490714,3.754320971208645,2.3093771909027123,2.026858099354899,2.0124002314102785,42.979054893274984,8.385912294577428,4.921196834402648,22.958906539036164,16.112829270999708,1.70403919549691,4.665309539853631,95.21503183150736,13.07682871358469,16.858095950363523,41.234639573585355,29.65811038496517,0.7757002185826748,2.4459843920093585,2995,2.933079959514169,0.0938092866642746,0.9626043405676128,0.9235392320534224,0.0624373956594323,0.0126878130217028,6,5,5780.976780122809,8.133056809401815,0.2711018936467271,0.1926992260040936,0.5947523916713563,1.1839960863857022,2.9740787654755203,0.0,0.0,0.0,0.0,0.0,0.0,0.0,0.0,0.0,0.0,0.0,0.0,30.0,5.0,0.07317073170731707,21.0,5.0,0.0,4.0,9.0,0.3,0.0,0.13333333333333333,7.0,58.0,10.0,245.0,0.5975609756097561,8.758620689655173,2.0,3.0,0.05
subject_18_task_5_6,18,5_6,,5_6,78,385.0,415.0,0.491451409962253,18.0,0.3842592592592592,eye,高,6.6,6,86.83333333333333,0.408248290463863,86.0,87.0,-0.4573170731705887,400.7675186417821,37.03845674578177,6.217935069040175,22.713161322818937,18.407654635477986,5.956713335621752,3.65284633413276,17.504858318088594,3.3399299561771527,1.79499975262957,3.568495161945856,2.3268491837289464,1.8606854687775585,1.9880198627984311,34.01773742721707,7.41712871471158,4.80015234137608,21.872130691725452,14.771086951981609,1.5451861081111604,4.55654927932043,78.90716685906926,11.384896316243308,15.800750420444048,37.98020488448531,30.012054508999984,0.7205288364983464,2.4036962722570463,2995,2.942375041932238,0.1005714756402445,0.9519198664440734,0.917195325542571,0.0684474123539232,0.0106844741235392,6,5,5780.976780122809,8.133056809401815,0.2711018936467271,0.1926992260040936,0.5947523916713563,1.1839960863857022,2.9740787654755203,0.0,0.0,0.0,0.0,0.0,0.0,0.0,0.0,0.0,0.0,0.0,0.0,30.0,5.0,0.07228915662650602,21.0,5.0,0.0,4.0,9.0,0.3,0.0,0.13333333333333333,7.0,63.0,10.0,245.0,0.5903614457831325,8.758620689655173,2.0,0.0,0.0
subject_18_task_5_6,18,5_6,,5_6,79,390.0,420.0,0.4973725112870994,18.0,0.3888888888888889,eye,高,6.6,5,86.6,0.5477225575051661,86.0,87.0,-1.5311004784690352,463.51458048587534,41.75340832333799,7.2501964845851825,24.19405826680207,19.76430298479315,5.758934728474038,3.337021047393908,19.62036136156851,3.6022997837953494,1.878338325775162,3.7278651030120735,2.403383855610425,1.917812001364948,1.9846611506868124,42.40394989827554,7.937233705527376,5.522349492495234,23.251566129422113,16.45214706090397,1.4372928979438775,4.210448136435504,89.06964019811284,13.373049357681886,16.820227486139178,42.334122322908414,32.853301934068384,0.7950575798515233,2.516857893735036,2995,2.9572885973763876,0.1118322298763439,0.9375626043405676,0.8994991652754591,0.082804674457429,0.013355592654424,6,5,5780.976780122809,8.133056809401815,0.2711018936467271,0.1926992260040936,0.5947523916713563,1.1839960863857022,2.9740787654755203,0.0,0.0,0.0,0.0,0.0,0.0,0.0,0.0,0.0,0.0,0.0,0.0,30.0,5.0,0.07142857142857142,21.0,5.0,0.0,4.0,9.0,0.3,0.0,0.13333333333333333,7.0,68.0,10.0,245.0,0.5833333333333334,8.758620689655173,2.0,0.0,0.0
subject_18_task_5_6,18,5_6,,5_6,80,395.0,425.0,0.5032936126119458,18.0,0.3935185185185185,eye,高,6.6,7,85.85714285714286,1.3451854182690983,84.0,87.0,-6.3192612137202735,502.4058569346509,49.585432632513985,7.074452869781413,24.24928458671114,19.645410764674075,7.009083747567051,3.427725794922201,18.188688602448163,3.5394610352604814,1.7456050523574504,3.729031711565486,2.4034647531384157,2.027641378833326,2.136240214548764,42.90151527685957,8.194232628542043,5.6454009407207115,23.671826785320505,16.034156126806185,1.45148816082068,4.193117022844878,100.5181648896817,14.677895596977509,16.955173472683885,44.70640278084571,33.05553536562123,0.8656883175288503,2.6367411016390503,2995,2.960971322537112,0.1171541334148227,0.927212020033389,0.8891485809682804,0.0888146911519198,0.0163606010016694,6,5,5780.976780122809,8.133056809401815,0.2711018936467271,0.1926992260040936,0.5947523916713563,1.1839960863857022,2.9740787654755203,0.0,0.0,0.0,0.0,0.0,0.0,0.0,0.0,0.0,0.0,0.0,0.0,30.0,5.0,0.07058823529411765,21.0,5.0,0.0,4.0,9.0,0.3,0.0,0.13333333333333333,7.0,73.0,10.0,245.0,0.5764705882352941,8.758620689655173,2.0,0.0,0.0
subject_18_task_5_6,18,5_6,,5_6,81,400.0,430.0,0.5092147139367923,18.0,0.3981481481481481,eye,高,6.6,7,85.57142857142857,1.2724180205607036,84.0,87.0,-5.806916426513014,631.692872872469,64.3490179452112,8.024689298865914,25.7935766419737,21.201794412791244,8.018879678532265,3.214277298638711,21.831295668685172,4.02871254781524,1.8412065295118696,3.905211415446423,2.538487852123398,2.1880829136986115,2.121006716439221,53.57585258347824,9.842930054051871,5.890224783443469,25.47520134383217,18.289580614772465,1.6710618721578947,4.32499646116038,129.39044651337144,18.03033918523605,17.359967786641644,46.76458379775483,35.54714423627046,1.0386159356303788,2.693817429415958,2994,2.9679346361185983,0.125686798528606,0.9255177020708084,0.884435537742151,0.0938543754175016,0.0146960587842351,6,5,5780.976780122809,8.133056809401815,0.2711018936467271,0.1926992260040936,0.5947523916713563,1.1839960863857022,2.9740787654755203,3.0,1.0,0.1,3.0,0.0,0.0,0.0,0.0,0.0,0.0,0.0,1.0,33.0,5.0,0.07674418604651163,24.0,5.0,0.0,4.0,9.0,0.2727272727272727,0.0,0.12121212121212122,8.0,1.0,11.0,321.0,0.7465116279069768,10.34375,2.0,3.0,0.05
subject_18_task_5_6,18,5_6,,5_6,82,405.0,435.0,0.5151358152616387,18.0,0.4027777777777778,eye,高,6.6,7,85.28571428571429,1.3801311186847085,84.0,87.0,-7.447129909365611,545.8450193969788,54.06187042120369,7.267067216284352,24.392791634614156,19.898996817865697,7.439296873442916,3.356621166232473,19.95253142283208,3.530368576192634,1.676744894247146,3.730442590767165,2.3689318158615573,2.1054893850013836,2.224812255916917,46.508815628307694,8.689964602986002,5.573169571571894,25.282224172158095,17.020418195172574,1.5592499907615456,4.536417535385942,110.68902188261836,15.760191719583696,15.651869466790776,46.596484615966894,34.04378832334857,1.0069207229860146,2.9770555341540894,2994,2.9615741239892186,0.1279177352091262,0.9365397461589846,0.8680694722778891,0.1062124248496994,0.0183700734802939,6,5,5780.976780122809,8.133056809401815,0.2711018936467271,0.1926992260040936,0.5947523916713563,1.1839960863857022,2.9740787654755203,3.0,1.0,0.1,3.0,0.0,0.0,0.0,0.0,0.0,0.0,0.0,1.0,33.0,5.0,0.07586206896551724,24.0,5.0,0.0,4.0,9.0,0.2727272727272727,0.0,0.12121212121212122,8.0,6.0,11.0,321.0,0.7379310344827587,10.34375,2.0,3.0,0.05
subject_18_task_5_6,18,5_6,,5_6,83,410.0,440.0,0.5210569165864851,18.0,0.4074074074074074,eye,高,6.6,5,84.6,0.8944271909999159,84.0,86.0,-4.745308310992003,646.4098150453998,69.65033162223482,7.832334971498546,23.695214894666737,19.62688923135804,8.892665070593726,3.0253066270649014,21.084949112441823,3.849444773800146,1.672119716135765,3.6653154833721744,2.305006841432244,2.302134671730404,2.192017382489003,53.987415801414286,10.25356069922384,5.494091530049199,24.5787269749353,16.807296166780127,1.866288656303478,4.473665362236002,130.76977119131627,19.10268582133222,15.909019266405387,47.142618868405954,36.29561574167312,1.2007456588899106,2.963263673201757,2994,2.9915476756023076,0.1454811784024816,0.8837675350701403,0.8423513694054776,0.1162324649298597,0.0287241148964595,6,5,5091.1135510281565,7.1625120301465355,0.2387504010048845,0.1697037850342719,0.5947523916713563,1.1839960863857022,2.9740787654755216,6.0,1.0,0.2,6.0,0.0,0.0,0.0,0.0,0.0,0.0,0.0,1.0,36.0,5.0,0.08181818181818182,27.0,5.0,0.0,4.0,9.0,0.25,0.0,0.1111111111111111,8.0,3.0,12.0,328.0,0.7454545454545455,9.685714285714285,2.0,6.0,0.1
subject_18_task_5_6,18,5_6,,5_6,84,415.0,445.0,0.5269780179113315,18.0,0.412037037037037,eye,高,6.6,6,83.83333333333333,2.0412414523193148,80.0,86.0,-11.73100871731028,483.4205322400511,50.176168727289934,7.063889054797458,22.49305624822364,17.786176541890526,7.103193203921099,3.1842312462350217,17.75468428458348,3.537009803642445,1.6454386840951525,3.4460106488441595,2.0875632274522196,2.149584689986483,2.0942808031398417,40.769819358479,8.027655206296227,5.367099386557267,25.256888464297944,15.359998885764366,1.4957157727324253,4.705873069456798,98.53852617696062,14.240255180254886,15.12378962208983,44.2901588797665,32.59942245450307,0.9415798246396888,2.9285093211741207,2994,2.973749575839837,0.1547165083593768,0.8937875751503006,0.8440213760855043,0.1172344689378757,0.0270541082164328,11,5,4127.617421007689,5.8070025619129,0.1935667520637633,0.1375872473669229,0.5947523916713562,1.1839960863857024,2.9740787654755207,6.0,1.0,0.2,6.0,0.0,0.0,0.0,0.0,0.0,0.0,0.0,1.0,36.0,5.0,0.08089887640449438,27.0,5.0,0.0,4.0,9.0,0.25,0.0,0.1111111111111111,8.0,8.0,12.0,328.0,0.7370786516853932,9.685714285714285,2.0,6.0,0.1
subject_18_task_5_6,18,5_6,,5_6,85,420.0,450.0,0.5328991192361779,18.0,0.4166666666666667,eye,高,6.6,7,81.85714285714286,3.0783421635988546,78.0,85.0,-15.612725844461789,366.0487799502214,41.90368601675026,6.207735405977764,19.822851459145184,15.913722137151892,6.750237127761427,3.193250060248491,14.64614458245999,3.3432287284582074,1.5744385866437594,3.194014154345311,1.943688904655878,2.123441814002405,2.028668619684945,34.28406549997538,7.40947465136832,4.990091908716912,24.468501473628574,15.21869801580658,1.4848373109972433,4.903416995363537,78.76089085933053,12.011733393028996,14.177918897331391,41.86302605072178,31.284663543216222,0.8472141419351663,2.9526918833342566,2994,2.9694750424448215,0.1560213070032463,0.8049432197728791,0.8276553106212425,0.1135604542418169,0.0360721442885771,11,5,3164.1212909872206,4.4514930936792645,0.1483831031226421,0.105470709699574,0.5947523916713563,1.1839960863857024,2.9740787654755207,7.0,1.0,0.23333333333333334,7.0,0.0,0.0,0.0,0.0,0.0,0.0,0.0,1.0,37.0,5.0,0.08222222222222222,28.0,5.0,0.0,4.0,9.0,0.24324324324324326,0.0,0.10810810810810811,8.0,4.0,13.0,337.0,0.7488888888888889,9.666666666666666,2.0,7.0,0.11666666666666667
subject_18_task_5_6,18,5_6,,5_6,86,425.0,455.0,0.5388202205610243,18.0,0.4212962962962963,eye,高,6.6,5,81.0,3.3166247903554,78.0,85.0,-22.509702457956,350.05990401238586,36.97733015517533,6.593355317334011,19.998493548344232,15.483591682045049,5.60827202167635,3.033128443080862,15.002935452165358,3.2471624329246054,1.740355570655718,3.3011917024634982,1.8346988392198231,1.865804027450071,1.8968489877155963,33.36489781243345,7.332367732679276,5.06033514699158,23.250211798733233,14.662164003575615,1.4489885589966194,4.594599196172949,71.13626410430389,11.165010298426212,12.945127690829269,38.36615049252194,29.734856531217417,0.8624874597672646,2.963752186060066,2995,2.9854673727365904,0.1755822893681075,0.7792988313856427,0.8053422370617697,0.1282136894824707,0.0414023372287145,11,5,2200.6251609667524,3.095983625445628,0.1031994541815209,0.073354172032225,0.5947523916713562,1.1839960863857024,2.9740787654755207,7.0,1.0,0.23333333333333334,7.0,0.0,0.0,0.0,0.0,0.0,0.0,0.0,1.0,37.0,5.0,0.08131868131868132,28.0,5.0,0.0,4.0,9.0,0.24324324324324326,0.0,0.10810810810810811,8.0,9.0,13.0,337.0,0.7406593406593407,9.666666666666666,2.0,7.0,0.11666666666666667
subject_18_task_5_6,18,5_6,,5_6,87,430.0,460.0,0.5447413218858708,18.0,0.4259259259259259,eye,高,6.6,5,79.2,3.0331501776206204,76.0,84.0,-20.25873221216048,305.52740197089275,34.751040437941484,6.119104548851762,18.599402454199332,14.590682464516243,5.679105522794581,3.0395627833633716,12.37793473091978,3.042127101472722,1.712827183217681,3.170682972101721,1.7704473789645303,1.776085253246534,1.8511400351233005,29.942008845872746,7.369499324192831,5.044999577343523,23.47145563745802,14.380762092209489,1.46075320943303,4.652419743078961,62.260986672623346,10.702846729862609,13.626026867277162,39.01493134753405,28.75678558567483,0.7854708371055281,2.863265405796918,2995,3.0075008541168433,0.1774409741256372,0.7786310517529216,0.8086811352253757,0.1248747913188647,0.0414023372287145,11,5,1237.1290309462845,1.7404741572119924,0.0580158052403997,0.0412376343648761,0.5947523916713563,1.1839960863857022,2.9740787654755207,4.0,1.0,0.13333333333333333,4.0,0.0,0.0,0.0,0.0,0.0,0.0,0.0,1.0,37.0,5.0,0.08043478260869565,28.0,5.0,0.0,4.0,9.0,0.24324324324324326,0.0,0.10810810810810811,8.0,14.0,13.0,337.0,0.7326086956521739,9.666666666666666,2.0,7.0,0.11666666666666667
subject_18_task_5_6,18,5_6,,5_6,88,435.0,465.0,0.5506624232107172,18.0,0.4305555555555556,eye,高,6.6,6,77.66666666666667,1.3662601021279464,76.0,80.0,-7.707875054993274,230.48317338026072,24.039243062111534,5.745029135762235,19.795617164463778,14.994398659868974,4.184355291162866,3.4456948253296105,10.610270000611488,2.99444162419736,1.7764243310840395,3.370426395575374,1.8009108484849126,1.6856567272809426,1.8973092951944737,24.2723980617225,6.7095353317164665,4.9844413103293705,25.097513919963305,14.742294934754716,1.3460957635938344,5.035170916337837,50.83601837766465,9.466654267932276,13.06688049030645,37.66250619298531,26.276200692503192,0.7244769916549729,2.882287491718081,2995,3.0269314599040436,0.1842452348891438,0.7772954924874791,0.8056761268781302,0.1235392320534223,0.0410684474123539,17,5,986.3419949370752,1.5909022422969004,0.05303007474323,0.0328780664979025,0.7321598196493184,0.8679018200912629,3.012621971712835,4.0,1.0,0.13333333333333333,4.0,0.0,0.0,0.0,0.0,0.0,0.0,0.0,1.0,37.0,5.0,0.07956989247311828,28.0,5.0,0.0,4.0,9.0,0.24324324324324326,0.0,0.10810810810810811,8.0,19.0,13.0,337.0,0.7247311827956989,9.666666666666666,2.0,7.0,0.11666666666666667
subject_18_task_5_6,18,5_6,,5_6,89,440.0,470.0,0.5565835245355636,18.0,0.4351851851851852,eye,高,6.6,7,77.57142857142857,1.2724180205607034,76.0,80.0,-6.042296072507456,252.82192933433024,33.4276575910819,5.80756079745024,21.349873409465577,16.093313277864837,5.755885948840696,3.67622038822892,11.369866662639636,3.1028615137855784,1.74129308856896,3.4612268249865576,1.9469514960470184,1.7819294948994433,1.987733626066985,25.03531018554629,7.692923491586013,5.09422201844043,25.869637017117213,15.387465064481646,1.510127250783067,5.078231165322682,58.5757772052396,10.125100106171452,13.025085352167167,40.233381727611295,25.9587525360063,0.7773538393348643,3.088915015894088,2995,3.0176056481796523,0.1680872977609067,0.823372287145242,0.8243739565943239,0.1178631051752921,0.0330550918196995,11,1,1181.999999999998,1.999999999999997,0.0666666666666665,0.0393999999999999,1.0,-1.000088900581841e-12,3.02742,1.0,0.0,0.03333333333333333,1.0,0.0,0.0,0.0,0.0,0.0,0.0,0.0,1.0,37.0,5.0,0.07872340425531915,28.0,5.0,0.0,4.0,9.0,0.24324324324324326,0.0,0.10810810810810811,8.0,24.0,13.0,337.0,0.7170212765957447,9.666666666666666,2.0,7.0,0.11666666666666667
subject_18_task_5_6,18,5_6,,5_6,90,445.0,475.0,0.5625046258604101,18.0,0.4398148148148148,eye,高,6.6,6,77.16666666666667,0.7527726527090811,76.0,78.0,-3.2365145228215817,270.11016724520533,35.33946236591764,6.107680535958573,22.906348557155937,17.490155847040327,5.786069221836153,3.750416941799149,11.376137213927606,3.0104139082952166,1.6371779183569146,3.672887340291325,2.0265366883088363,1.8387823794474905,2.2434258971544554,27.529604678068697,7.9749053617256624,4.812186821651597,27.702013586572377,16.30821400919911,1.6572310380478088,5.756637182482606,62.33504119499898,10.880504849735605,13.090808651458042,43.00520680300051,27.869450017350037,0.831156053031433,3.2851451692566473,2995,3.0319404559373937,0.1523726382645234,0.8283806343906511,0.8380634390651085,0.1075125208681135,0.0310517529215358,11,1,1181.999999999998,1.999999999999997,0.0666666666666665,0.0393999999999999,1.0,-1.000088900581841e-12,3.02742,1.0,0.0,0.03333333333333333,1.0,0.0,0.0,0.0,0.0,0.0,0.0,0.0,1.0,37.0,5.0,0.07789473684210527,28.0,5.0,0.0,4.0,9.0,0.24324324324324326,0.0,0.10810810810810811,8.0,29.0,13.0,337.0,0.7094736842105264,9.666666666666666,2.0,7.0,0.11666666666666667
subject_18_task_5_6,18,5_6,,5_6,91,450.0,480.0,0.5684257271852564,18.0,0.4444444444444444,eye,高,6.6,5,77.4,1.51657508881031,76.0,80.0,11.308900523560345,215.4410101480416,37.01217048719466,6.784133017626576,23.89429148632505,17.927382519175612,5.455696459817254,3.5220847563340447,11.00542858730672,3.0227681309589323,1.6699058276822527,3.708582527126182,2.066929733774175,1.8101428720411057,2.2208333342207163,22.919720949109895,7.814044172194027,4.9655655967406425,27.71767019917371,16.44372305348704,1.573646349032848,5.581976445415879,53.14722189353801,10.331050106598022,13.196834756546416,43.125864528363245,25.343784795771853,0.7828430299525577,3.26789456138111,2995,3.0387504250255017,0.1425566420569283,0.9278797996661102,0.8724540901502504,0.09449081803005,0.0220367278797996,17,4,1217.4088464931983,2.083570560522064,0.0694523520174021,0.0405802948831066,0.9842594132752448,0.0902845872853901,3.025888777141048,0.0,0.0,0.0,0.0,0.0,0.0,0.0,0.0,0.0,0.0,0.0,0.0,37.0,5.0,0.07708333333333334,28.0,5.0,0.0,4.0,9.0,0.24324324324324326,0.0,0.10810810810810811,8.0,34.0,13.0,337.0,0.7020833333333333,9.666666666666666,2.0,7.0,0.11666666666666667
subject_18_task_5_6,18,5_6,,5_6,92,455.0,485.0,0.5743468285101029,18.0,0.449074074074074,eye,高,6.6,6,77.66666666666667,1.505545305418162,76.0,80.0,8.543407192154026,219.83275089422912,36.99728759119952,7.698084540122478,24.121109041959308,17.64009864510684,4.806038099266039,3.133391029448936,13.023948728904957,3.0081051888854726,1.5017994537926185,3.700438366440707,2.1354521583081767,2.0030005879206145,2.464003004592713,23.815882375365607,7.32190156250398,4.850141488633353,28.11558535162944,15.791838143044062,1.509626385057708,5.796858796288786,53.62620877096859,10.871087860407444,12.44916366373935,43.55376438996913,27.47002895405491,0.8732384081407522,3.498529344330823,2994,3.018374662162162,0.1252635417162247,0.9629258517034068,0.897127588510354,0.0808283233132932,0.0140280561122244,12,4,1570.0866004095278,2.915946661339458,0.0971982220446485,0.0523362200136509,0.8662324935514021,0.4727010478838558,3.014407278985162,0.0,0.0,0.0,0.0,0.0,0.0,0.0,0.0,0.0,0.0,0.0,0.0,37.0,5.0,0.07628865979381444,28.0,5.0,0.0,4.0,9.0,0.24324324324324326,0.0,0.10810810810810811,8.0,39.0,13.0,337.0,0.6948453608247422,9.666666666666666,2.0,7.0,0.11666666666666667
subject_18_task_5_6,18,5_6,,5_6,93,460.0,490.0,0.5802679298349493,18.0,0.4537037037037037,eye,高,6.6,7,77.71428571428571,1.2535663410560174,77.0,80.0,1.7543859649123013,349.0749350287651,45.1837506751263,8.484177804397918,25.3790551370612,18.522331950712832,5.3256487212826364,2.9913393757383933,17.524439423972073,3.450896095605327,1.6141650904881777,3.800904191303117,2.1980462354867965,2.1378829934685677,2.354718370320842,30.502744712902064,8.319638060100115,5.036953187930255,27.975731833183055,15.910865097948054,1.651720345552537,5.554098040898931,77.76652243798061,12.831753783096062,14.472972437587062,44.65157131597291,27.106204547232498,0.8866011345237783,3.085169374054113,2994,3.00382860040568,0.1190082710703778,0.934869739478958,0.8934535738142952,0.083500334001336,0.0146960587842351,12,4,1922.764354325857,3.7483227621568513,0.124944092071895,0.0640921451441952,0.7915030989311618,0.6354264671018803,3.0071377051580193,0.0,0.0,0.0,0.0,0.0,0.0,0.0,0.0,0.0,0.0,0.0,0.0,37.0,5.0,0.07551020408163266,28.0,5.0,0.0,4.0,9.0,0.24324324324324326,0.0,0.10810810810810811,8.0,44.0,13.0,337.0,0.6877551020408164,9.666666666666666,2.0,4.0,0.06666666666666667
subject_18_task_5_6,18,5_6,,5_6,94,465.0,495.0,0.5861890311597957,18.0,0.4583333333333333,eye,高,6.6,5,78.0,1.4142135623730951,77.0,80.0,-1.2195121951218773,349.88905989445465,47.72542990800272,8.833557079515948,25.9982191074044,18.782164552895708,5.402742007370142,2.9431200674178495,18.694820009779832,3.348086406573627,1.5067062555472648,3.96129477811408,2.2988895568819734,2.2221228552326795,2.629108868121917,32.07696844328503,8.350469320066914,5.08132819288299,27.567346752070527,15.96928184976251,1.6433635071560126,5.425224607747618,76.22858620716258,13.580114602522244,14.567206679035143,46.535135271479305,28.76162779091481,0.9322387539174888,3.1945132856837826,2994,2.98867778901247,0.0958609811275138,0.9372077488309952,0.908817635270541,0.0764863059452237,0.0113560454241816,12,4,1562.7330142309277,3.3747613096557005,0.11249204365519,0.0520911004743642,0.6213337506207247,0.8876467509063617,2.9905838624974965,0.0,0.0,0.0,0.0,0.0,0.0,0.0,0.0,0.0,0.0,0.0,0.0,37.0,5.0,0.07474747474747474,28.0,5.0,0.0,4.0,9.0,0.24324324324324326,0.0,0.10810810810810811,8.0,49.0,13.0,337.0,0.6808080808080809,9.666666666666666,2.0,4.0,0.06666666666666667
subject_18_task_5_6,18,5_6,,5_6,95,470.0,500.0,0.5921101324846422,18.0,0.4629629629629629,eye,高,6.6,5,78.0,1.4142135623730951,77.0,80.0,-9.156193895870636,374.18093212397093,42.85723617764928,8.640290638822059,26.727790190326733,19.160130149995737,4.960161407659785,3.0933901772047987,20.020327354592037,3.3239147416729153,1.6945819044092154,4.108578311525513,2.3981358986161947,1.961495477453323,2.424538053212537,33.41440131203357,8.144056037266441,5.295929079707269,26.748047834786252,16.027785698627874,1.5377955245799102,5.050680897007922,76.92381488147812,13.150957240361928,15.9033029757834,44.86497146369178,29.548057661634157,0.8269324466991178,2.821110277029211,2994,2.993080405405405,0.0922265911990784,0.9228456913827656,0.906813627254509,0.0788243152972612,0.0113560454241816,6,4,1446.1198621585183,3.4130749637916415,0.1137691654597213,0.0482039954052839,0.4588151994335615,1.0102308555190385,2.9747742789709695,0.0,0.0,0.0,0.0,0.0,0.0,0.0,0.0,0.0,0.0,0.0,0.0,37.0,5.0,0.074,28.0,5.0,0.0,4.0,9.0,0.24324324324324326,0.0,0.10810810810810811,8.0,54.0,13.0,337.0,0.674,9.666666666666666,2.0,1.0,0.016666666666666666
subject_18_task_5_6,18,5_6,,5_6,96,475.0,505.0,0.5980312338094885,18.0,0.4675925925925926,eye,高,6.6,6,77.83333333333333,1.3291601358251257,77.0,80.0,-7.036247334754801,389.1258296925096,40.055159055003024,7.849053585605112,26.26258746663848,18.47942029717227,5.103183284219486,3.345955939809501,20.700076469387803,3.301026315101074,1.9309303637237911,4.1509735312465414,2.551418442770351,1.7095522330153108,2.1497272036477826,36.79455139783327,7.659529579355891,5.756265824423925,26.562004700487467,15.646571074657814,1.330642088636072,4.614450671785252,78.23631135496096,13.044175367265575,16.673019087687933,45.65029347469753,30.556570131717677,0.7823523321518866,2.737974042649999,2995,2.9921918270854437,0.09364320050462,0.912186978297162,0.90550918196995,0.0804674457429048,0.0113522537562604,6,4,1798.7976160748478,4.245451064609035,0.1415150354869678,0.0599599205358282,0.4588151994335614,1.0102308555190385,2.9747742789709695,0.0,0.0,0.0,0.0,0.0,0.0,0.0,0.0,0.0,0.0,0.0,0.0,37.0,5.0,0.07326732673267326,28.0,5.0,0.0,4.0,9.0,0.24324324324324326,0.0,0.10810810810810811,8.0,59.0,13.0,337.0,0.6673267326732674,9.666666666666666,2.0,1.0,0.016666666666666666
subject_18_task_5_6,18,5_6,,5_6,97,480.0,510.0,0.603952335134335,18.0,0.4722222222222222,eye,高,6.6,6,77.5,0.8366600265340756,77.0,79.0,-1.0831858407079842,484.35653012722935,49.398560116794265,7.83757598336127,26.40607629248936,18.64414435854063,6.302785481335634,3.3691636736342927,22.530731241861204,3.6046289877121658,1.8763043013767675,4.189860810854358,2.65924089599196,1.921132401107439,2.233039069291683,42.034851966421485,9.29186332318774,5.541350525954857,26.689776462960296,15.764669175139122,1.6768228755185297,4.816475034010098,92.38274119069148,14.98520681693314,18.10304439283211,47.83710805743269,33.1022818035746,0.8277727487022305,2.642489684020979,2995,2.972553198653199,0.0946525334390512,0.914524207011686,0.9125208681135224,0.0764607679465776,0.008347245409015,6,4,2116.0665234979774,4.9942566049043595,0.1664752201634786,0.0705355507832659,0.4588151994335614,1.0102308555190385,2.9747742789709695,0.0,0.0,0.0,0.0,0.0,0.0,0.0,0.0,0.0,0.0,0.0,0.0,37.0,5.0,0.07254901960784314,28.0,5.0,0.0,4.0,9.0,0.24324324324324326,0.0,0.10810810810810811,8.0,64.0,13.0,337.0,0.6607843137254902,9.666666666666666,2.0,0.0,0.0
subject_18_task_5_6,18,5_6,,5_6,98,485.0,515.0,0.6098734364591815,18.0,0.4768518518518518,eye,高,6.6,6,77.33333333333333,0.5163977794943223,77.0,78.0,2.468986384266303,270.23650282434915,31.344693236747148,5.892969573692012,24.464102069072354,17.749036306136137,5.318997976279952,4.151404782113158,15.515640402901786,3.20772832440322,1.894443453193279,4.088950402024438,2.5957288497037756,1.693229913511678,2.1583913708968683,29.29862797044182,7.156100339656343,5.350740026583931,26.287418334428757,15.319770081709413,1.3374038551869258,4.912856577562303,55.044077677249874,11.751033430759191,16.209382706091642,45.71608581941745,31.18418845795829,0.7249525564192547,2.820347119217372,2995,2.9603549361987915,0.1152467782486227,0.8988313856427379,0.9061769616026712,0.076126878130217,0.0120200333889816,6,4,2116.0665234979774,4.9942566049043595,0.1664752201634786,0.0705355507832659,0.4588151994335614,1.0102308555190385,2.9747742789709695,0.0,0.0,0.0,0.0,0.0,0.0,0.0,0.0,0.0,0.0,0.0,0.0,37.0,5.0,0.07184466019417475,28.0,5.0,0.0,4.0,9.0,0.24324324324324326,0.0,0.10810810810810811,8.0,69.0,13.0,337.0,0.654368932038835,9.666666666666666,2.0,0.0,0.0
subject_18_task_5_6,18,5_6,,5_6,99,490.0,520.0,0.6157945377840278,18.0,0.4814814814814814,eye,高,6.6,5,77.6,0.5477225575051661,77.0,78.0,3.935264054514403,283.73838324094334,36.07318067251676,6.531971158714185,23.619092120813608,17.161079735017196,5.522556636581621,3.615921066844241,14.564399801076071,3.2832058561147925,1.7507796349762366,4.025501558537846,2.5165734251487524,1.8752821831625632,2.2992622704298733,30.078194864451753,7.585402135186725,5.18099677647967,25.58079436164061,14.88114207873532,1.4640816164222312,4.937427191186554,56.594010625224264,12.465928661936678,15.050154092359373,44.80163143253781,31.807189957130436,0.8282924271363674,2.9768221081060293,2995,2.950823489932886,0.1273629760919075,0.915525876460768,0.8991652754590985,0.0791318864774624,0.0113522537562604,6,4,2116.0665234979774,4.9942566049043595,0.1664752201634786,0.0705355507832659,0.4588151994335614,1.0102308555190385,2.9747742789709695,0.0,0.0,0.0,0.0,0.0,0.0,0.0,0.0,0.0,0.0,0.0,0.0,37.0,5.0,0.07115384615384615,28.0,5.0,0.0,4.0,9.0,0.24324324324324326,0.0,0.10810810810810811,8.0,74.0,13.0,337.0,0.6480769230769231,9.666666666666666,2.0,0.0,0.0
subject_18_task_5_6,18,5_6,,5_6,100,495.0,525.0,0.6217156391088743,18.0,0.4861111111111111,eye,高,6.6,6,77.83333333333333,0.7527726527090811,77.0,79.0,4.5841174256680315,272.8007417026304,32.108098613285634,6.328391285382627,22.466724803457456,16.280575403692733,5.07365887558963,3.5501478638578012,14.854482748023464,3.1396845746246256,1.7128680860890135,3.815991267838162,2.3153993842617684,1.8329984662119885,2.227837215737496,27.3697677861573,6.807478034930131,4.803992627932702,23.69947515633141,13.911948930546306,1.417045895397135,4.933287161710317,55.78535055068638,11.799319695573931,13.296303094912084,43.41547154129734,29.793479216027748,0.887413562352457,3.26522878061576,2995,2.9493707940780616,0.1338387523882255,0.9065108514190318,0.8914858096828047,0.0841402337228714,0.0140233722871452,6,4,2116.0665234979774,4.9942566049043595,0.1664752201634786,0.0705355507832659,0.4588151994335614,1.0102308555190385,2.9747742789709695,4.0,1.0,0.13333333333333333,4.0,0.0,0.0,0.0,0.0,0.0,0.0,0.0,1.0,41.0,6.0,0.07809523809523809,32.0,5.0,0.0,4.0,9.0,0.21951219512195122,0.0,0.0975609756097561,9.0,4.0,14.0,411.0,0.7828571428571428,10.575,2.0,4.0,0.06666666666666667
subject_18_task_5_6,18,5_6,,5_6,101,500.0,530.0,0.6276367404337206,18.0,0.4907407407407407,eye,高,6.6,6,77.83333333333333,0.752772652709081,77.0,79.0,1.0976872626855747,224.8481853838493,31.725666466670972,6.734979086342378,21.69964394164326,15.932783213520704,4.7105812891099115,3.221931896662781,11.978424046499768,3.3059848251883803,1.5743798033929035,3.692865903780351,2.1262400584815353,2.099864859841152,2.3456004045668997,23.41263847420913,7.27638958289393,4.708502894276091,23.31996117657339,13.068720450999727,1.5453722226101847,4.952733745777748,44.97622087527418,11.410101276493064,13.130891167918865,42.621909747588646,28.30522054159677,0.8689510201996039,3.245926662747892,2995,2.9541673964297748,0.1408018883638914,0.8988313856427379,0.8848080133555927,0.0871452420701168,0.0153589315525876,6,4,2116.0665234979774,4.9942566049043595,0.1664752201634786,0.0705355507832659,0.4588151994335614,1.0102308555190385,2.9747742789709695,5.0,1.0,0.16666666666666666,5.0,0.0,0.0,0.0,0.0,0.0,0.0,0.0,1.0,42.0,6.0,0.07924528301886792,33.0,5.0,0.0,4.0,9.0,0.21428571428571427,0.0,0.09523809523809523,9.0,1.0,15.0,419.0,0.7905660377358491,10.512195121951219,2.0,5.0,0.08333333333333333
subject_18_task_5_6,18,5_6,,5_6,102,505.0,535.0,0.6335578417585671,18.0,0.4953703703703703,eye,高,6.6,7,77.71428571428571,0.7559289460184545,77.0,79.0,-2.704460966542807,267.69323323420275,41.43603354042636,7.6099721275221315,21.21024244743802,15.958579503197852,5.444965217489997,2.7871642749819436,12.206658918129614,3.587762669420849,1.5500412995018202,3.593340409283423,2.0619145160462953,2.31462392039099,2.318222366357796,27.11635032134611,7.942488451421278,4.475419243959367,20.901961405249576,12.48334678026492,1.7746914911137182,4.670391814903531,59.59227819490207,14.530004086409058,14.973354268426874,43.28012717223859,30.832302354299184,0.9703907238104508,2.8904764020377165,2994,2.9475107816711588,0.139056350349877,0.9004676018704075,0.8794255177020708,0.0908483633934535,0.0173680694722778,6,4,2116.0665234979774,4.9942566049043595,0.1664752201634786,0.0705355507832659,0.4588151994335614,1.0102308555190385,2.9747742789709695,9.0,2.0,0.3,9.0,0.0,0.0,0.0,0.0,0.0,0.0,0.0,2.0,46.0,7.0,0.08598130841121496,37.0,5.0,0.0,4.0,9.0,0.1956521739130435,0.0,0.08695652173913043,10.0,3.0,15.0,419.0,0.7831775700934579,9.644444444444444,2.0,9.0,0.15
subject_18_task_5_6,18,5_6,,5_6,103,510.0,540.0,0.6394789430834135,18.0,0.5,eye,高,6.6,7,77.85714285714286,0.8997354108424375,77.0,79.0,-0.6866734486266708,264.41970508391273,44.12946236145669,7.718223979645371,22.16245535698008,16.047614814428332,5.7175669529461235,2.871444961357338,12.860745543832303,3.5718360252943007,1.6314777290037272,3.5588278876317094,1.9172151447891272,2.1893256412856252,2.1813524171150847,27.63920768059393,7.735932488168286,4.529674817047039,19.660214671322752,11.277284008325214,1.7078339617349074,4.340314805233532,57.31905179732315,13.034514899984424,14.951795849896572,43.25285859226957,30.2357526827351,0.8717691861793706,2.892820302423322,2994,2.9436034366576824,0.1472784108928221,0.8887775551102205,0.8627254509018036,0.1042084168336673,0.0200400801603206,6,4,2085.524630008824,4.9221728345735745,0.1640724278191191,0.0695174876669608,0.4588151994335614,1.0102308555190385,2.974774278970969,13.0,3.0,0.43333333333333335,13.0,0.0,0.0,0.0,0.0,0.0,0.0,0.0,3.0,50.0,8.0,0.09259259259259259,41.0,5.0,0.0,4.0,9.0,0.18,0.0,0.08,11.0,4.0,15.0,419.0,0.7759259259259259,8.938775510204081,2.0,13.0,0.21666666666666667
subject_18_task_5_6,18,5_6,,5_6,104,515.0,545.0,0.6454000444082599,18.0,0.5046296296296297,eye,高,6.6,6,77.83333333333333,0.9831920802501752,77.0,79.0,-0.7208073041806191,299.557057678935,46.358393736295525,7.708786884666375,22.07337488137317,16.046963988671795,6.0137080489937365,2.8634044774644813,12.998687998856488,3.5212514421596475,1.616379667886718,3.4015347677854133,1.9477060549913816,2.17848041033787,2.1044157108414,29.815701876927243,8.092082376600382,4.547449916074463,18.845218081299247,11.33220552635084,1.779476965319892,4.144128781866207,63.79120949732192,14.505644081366803,15.125266804733926,41.431765965021825,30.613294272383055,0.959033931013158,2.739241991556437,2994,2.969764824797843,0.1356741345822557,0.9084836339345356,0.8817635270541082,0.0945223780895123,0.0136940547762191,6,4,1732.846876092494,4.089796733756181,0.1363265577918727,0.0577615625364164,0.4588151994335615,1.0102308555190385,2.974774278970971,13.0,3.0,0.43333333333333335,13.0,0.0,0.0,0.0,0.0,0.0,0.0,0.0,3.0,50.0,8.0,0.09174311926605505,41.0,5.0,0.0,4.0,9.0,0.18,0.0,0.08,11.0,9.0,15.0,419.0,0.7688073394495413,8.938775510204081,2.0,13.0,0.21666666666666667
subject_18_task_5_6,18,5_6,,5_6,105,520.0,550.0,0.6513211457331064,18.0,0.5092592592592593,eye,高,6.6,7,78.42857142857143,1.3972762620115438,77.0,80.0,5.475000000000065,331.28489127653825,47.67158512750373,7.427178936262403,21.907963675611946,16.060068513859516,6.418531926671692,2.949701880568498,14.64018433826174,3.8528656251214257,1.830954963718443,3.4003079234549003,1.9628652764134649,2.1042929517483775,1.857122644103324,30.677525525648047,7.839122177429291,4.794660065659613,18.79347459529099,11.552591798989944,1.6349693346510157,3.9196677841446776,68.57711971326601,13.614000551420764,16.268765291107265,43.17955311577112,31.80840820264974,0.8368183022999519,2.6541383038683133,2994,2.966868951612903,0.1278978648334323,0.9218436873747496,0.887441549766199,0.0935203740814963,0.012692050768203,12,4,2209.025412764374,4.2087924752157795,0.1402930825071926,0.0736341804254791,0.3837720170286354,1.2139625669251295,2.9640727353083007,14.0,3.0,0.4666666666666667,14.0,0.0,0.0,0.0,0.0,0.0,0.0,0.0,3.0,51.0,8.0,0.09272727272727273,42.0,5.0,0.0,4.0,9.0,0.17647058823529413,0.0,0.0784313725490196,11.0,5.0,16.0,428.0,0.7781818181818182,8.94,2.0,14.0,0.23333333333333334
subject_18_task_5_6,18,5_6,,5_6,106,525.0,555.0,0.6572422470579528,18.0,0.5138888888888888,eye,高,6.6,7,78.57142857142857,1.5118578920369088,77.0,80.0,8.473282442748191,298.92853864616654,42.96322637295472,6.994214085057989,21.832525280410422,16.014089028649128,6.142681057581399,3.1215122978651877,13.413136233250013,3.5062092211798563,1.8518283470891037,3.3325151291838804,1.971873567516626,1.8933770112609416,1.7995810110706396,29.512874298834824,7.573205474644904,4.730756432618214,19.055958951929952,12.22790529466322,1.60084451239726,4.028099781367,64.84947268641717,13.28431191841718,16.291229077979693,43.684714063875845,33.70304165581304,0.8154272372471356,2.6814866978282814,2994,2.964650469168901,0.1277224908787797,0.9268537074148296,0.885437541750167,0.0978623914495658,0.0100200400801603,12,4,3683.6322500918686,5.473796979065447,0.1824598993021815,0.1227877416697289,0.5167154767326696,1.0685506065862198,2.9542086147049984,10.0,2.0,0.3333333333333333,10.0,0.0,0.0,0.0,0.0,0.0,0.0,0.0,3.0,51.0,8.0,0.0918918918918919,42.0,5.0,0.0,4.0,9.0,0.17647058823529413,0.0,0.0784313725490196,11.0,10.0,16.0,428.0,0.7711711711711712,8.94,2.0,14.0,0.23333333333333334
subject_18_task_5_6,18,5_6,,5_6,107,530.0,560.0,0.6631633483827992,18.0,0.5185185185185185,eye,高,6.6,6,78.83333333333333,1.4719601443879744,77.0,80.0,9.014778325123196,301.60485017991255,44.3940352044338,6.6264528316244,22.27965644429626,16.061337252896283,6.69951727303718,3.362229689158544,14.523711229759355,3.4279599892532335,1.8612191701227427,3.330015132755378,1.8598594175280196,1.841782012715444,1.7891579810752605,29.418497342479963,7.221655749790193,4.874847979568034,19.61342438097857,12.42341516180116,1.4814114778672776,4.023392003850044,63.80829743304408,12.669179904410848,14.604339480681134,42.99455632885236,32.50398564655566,0.8674942075380987,2.9439576083345833,2995,2.960201669449082,0.1202323626953083,0.9529215358931552,0.8968280467445743,0.089482470784641,0.008347245409015,12,4,5158.239087419363,6.738801482915113,0.2246267160971704,0.1719413029139787,0.6141260882948111,0.913973468264084,2.949984286844661,9.0,2.0,0.3,9.0,0.0,0.0,0.0,0.0,0.0,0.0,0.0,2.0,51.0,8.0,0.09107142857142857,42.0,5.0,0.0,4.0,9.0,0.17647058823529413,0.0,0.0784313725490196,11.0,15.0,16.0,428.0,0.7642857142857142,8.94,2.0,14.0,0.23333333333333334
subject_18_task_5_6,18,5_6,,5_6,108,535.0,565.0,0.6690844497076456,18.0,0.5231481481481481,eye,高,6.6,5,80.0,0.7071067811865476,79.0,81.0,4.488778054862782,168.7878892985981,22.80424470481619,5.0979781118007725,22.1113156757657,16.556341768735326,4.473193922121604,4.337271598829062,11.500652093312556,3.0213584647238996,1.7612784847524658,3.234516406158503,1.935156828570381,1.7154348337756071,1.8364593868374484,17.739559039893003,5.726786768611079,4.63961529913947,20.556620906367087,13.25670570164126,1.2343236237007091,4.430673575496618,35.83548799907463,9.641179898263855,11.201429877289442,41.69160870671136,31.408390518461772,0.860709749012584,3.7219898855270097,2995,2.9555874831763127,0.1230663352528198,0.9312186978297162,0.8747913188647746,0.0938230383973288,0.0173622704507512,12,4,6632.845924746859,8.00380598676478,0.2667935328921593,0.2210948641582286,0.668224264902942,0.7881546310470076,2.9476382546108595,5.0,1.0,0.16666666666666666,5.0,0.0,0.0,0.0,0.0,0.0,0.0,0.0,1.0,51.0,8.0,0.09026548672566372,42.0,5.0,0.0,4.0,9.0,0.17647058823529413,0.0,0.0784313725490196,11.0,20.0,16.0,428.0,0.7575221238938054,8.94,2.0,14.0,0.23333333333333334
subject_18_task_5_6,18,5_6,,5_6,109,540.0,570.0,0.675005551032492,18.0,0.5277777777777778,eye,高,6.6,5,80.4,0.5477225575051661,80.0,81.0,3.45407503234149,184.18497139293504,25.71125636752165,5.325857083186871,22.475402078039707,16.109702858619706,4.827627922778698,4.220053547623727,10.940257102230342,3.2514280291345172,1.823296137546354,3.4075192289079372,1.9665528353813573,1.7832693012282848,1.868878652643615,20.892623589267195,5.877780767469018,4.628511336944012,21.70290247435985,13.650517084147012,1.2699073934536025,4.688959558364019,42.41693799043043,11.469872993511643,11.298855571001992,41.32130483243372,30.916732661005625,1.0151358180866177,3.6571230221300466,2995,2.9756790040376853,0.1111518829670744,0.9358931552587646,0.8918196994991653,0.0797996661101836,0.0146911519198664,6,3,8137.994655563507,9.340894260945232,0.3113631420315077,0.2712664885187835,0.7001657951791863,0.6761552145577044,2.946253071887089,1.0,0.0,0.03333333333333333,1.0,0.0,0.0,0.0,0.0,0.0,0.0,0.0,1.0,51.0,8.0,0.08947368421052632,42.0,5.0,0.0,4.0,9.0,0.17647058823529413,0.0,0.0784313725490196,11.0,25.0,16.0,428.0,0.7508771929824561,8.94,2.0,14.0,0.23333333333333334
subject_18_task_5_6,18,5_6,,5_6,110,545.0,575.0,0.6809266523573385,18.0,0.5324074074074074,eye,高,6.6,7,81.14285714285714,1.3451854182690983,80.0,83.0,6.735668789808943,124.58422316654048,21.267731883646302,4.912929129699679,22.643124411909184,16.41598165671435,4.328931137043773,4.608884804591783,9.441270426460752,3.1740721046707296,1.9198615431762536,3.4777022126823174,2.054916278874403,1.6532817775075006,1.811433863573695,16.74723470017429,5.713809826825036,4.373221282331118,21.710721894536302,13.979690812857626,1.306544868861364,4.964469093355263,33.72062629270359,10.938014717022108,11.37359273199669,44.05052342723201,31.52707960080572,0.9617026892699266,3.873052646179878,2995,2.984260094212652,0.1170468552483088,0.9315525876460768,0.8851419031719533,0.0851419031719532,0.0160267111853088,6,3,9965.279246807331,11.438274865612293,0.381275828853743,0.3321759748935777,0.7001657951791863,0.6761552145577044,2.9462530718870887,1.0,0.0,0.03333333333333333,1.0,0.0,0.0,0.0,0.0,0.0,0.0,0.0,1.0,51.0,8.0,0.08869565217391304,42.0,5.0,0.0,4.0,9.0,0.17647058823529413,0.0,0.0784313725490196,11.0,30.0,16.0,428.0,0.7443478260869565,8.94,2.0,14.0,0.23333333333333334
subject_18_task_5_6,18,5_6,,5_6,111,550.0,580.0,0.6868477536821849,18.0,0.5370370370370371,eye,高,6.6,5,81.6,1.3416407864998738,80.0,83.0,9.59216965742247,127.08197243706802,26.53535742146684,6.077312965161681,23.34136479654451,16.123095506853517,4.366297667008645,3.8407376632319834,8.848765307767396,3.164811481257065,1.8897149620093916,3.6332661136935873,1.991120301895711,1.6747560054728172,1.9226529856281735,19.372378115580833,6.413749034336307,4.730755749148581,21.259276471908393,12.585027622194945,1.3557556919928964,4.493843605376274,37.56578982900515,13.174484300240772,12.085114088583609,43.046220765071475,28.938459221093456,1.0901414917287586,3.561920925987431,2995,2.996279946164199,0.1133024492081434,0.9375626043405676,0.8881469115191987,0.0864774624373956,0.0143572621035058,6,3,10963.707547462947,12.58428362800236,0.419476120933412,0.3654569182487649,0.7001657951791863,0.6761552145577044,2.9462530718870887,0.0,0.0,0.0,0.0,0.0,0.0,0.0,0.0,0.0,0.0,0.0,0.0,51.0,8.0,0.08793103448275862,42.0,5.0,0.0,4.0,9.0,0.17647058823529413,0.0,0.0784313725490196,11.0,35.0,16.0,428.0,0.7379310344827587,8.94,2.0,14.0,0.23333333333333334
subject_18_task_5_6,18,5_6,,5_6,112,555.0,585.0,0.6927688550070313,18.0,0.5416666666666666,eye,高,6.6,5,81.8,1.095445115010332,81.0,83.0,1.4003590664273375,102.5236432870498,22.97895690229109,5.803991564422453,23.812682605420708,16.557972537085153,3.959164421111231,4.102811374053104,8.428710843374018,3.1077311508215018,1.848130439964488,3.6499633599094072,2.076700109805303,1.681554009186287,1.97494899763652,16.653267003423704,5.84875499005392,4.517690945469936,21.28635539857086,12.805540719550065,1.2946337101520178,4.711777688094293,33.8494883620158,12.925894745391789,11.996842844439662,41.52525560200959,28.27764520057002,1.0774413662826905,3.4613486348415288,2995,3.0006500672947514,0.1155727051471095,0.9479131886477462,0.8964941569282137,0.07779632721202,0.0146911519198664,6,3,10963.707547462947,12.58428362800236,0.419476120933412,0.3654569182487649,0.7001657951791863,0.6761552145577044,2.9462530718870887,0.0,0.0,0.0,0.0,0.0,0.0,0.0,0.0,0.0,0.0,0.0,0.0,51.0,8.0,0.08717948717948718,42.0,5.0,0.0,4.0,9.0,0.17647058823529413,0.0,0.0784313725490196,11.0,40.0,16.0,428.0,0.7316239316239316,8.94,2.0,10.0,0.16666666666666666
subject_18_task_5_6,18,5_6,,5_6,113,560.0,590.0,0.6986899563318777,18.0,0.5462962962962963,eye,高,6.6,6,81.5,1.224744871391589,80.0,83.0,-2.5764023210830835,116.92709454152916,25.94972655884453,6.936767047379115,24.384756706753492,16.45873373374794,3.7408963543973974,3.515291279093286,8.426140825863662,3.2972680418077034,2.0020358156447355,3.793813571027023,2.1798909167756984,1.6469575699103325,1.8949778727136628,18.378014437763497,6.334188850877288,4.833528892260415,20.847422678617885,12.574331911384183,1.310468809035107,4.313085355091054,36.195288411954294,13.614148496381574,14.806773324122585,43.266048602833955,30.131691398407597,0.919454103764928,2.922044368191056,2994,2.9899407606866375,0.1148417438005527,0.9505678022712092,0.9064796259185036,0.0708082832331329,0.012692050768203,6,3,10963.707547462947,12.58428362800236,0.419476120933412,0.3654569182487649,0.7001657951791863,0.6761552145577044,2.9462530718870887,1.0,0.0,0.03333333333333333,1.0,0.0,0.0,0.0,0.0,0.0,0.0,0.0,1.0,52.0,8.0,0.08813559322033898,43.0,5.0,0.0,4.0,9.0,0.17307692307692307,0.0,0.07692307692307693,11.0,1.0,17.0,472.0,0.8,9.627450980392156,2.0,10.0,0.16666666666666666
subject_18_task_5_6,18,5_6,,5_6,114,565.0,595.0,0.7046110576567242,18.0,0.5509259259259259,eye,高,6.6,7,81.14285714285714,1.3451854182690983,80.0,83.0,-5.8666666666667835,222.8741659035578,45.995493308023505,7.877048973221376,24.263823654224463,16.811202875365243,5.839178284201186,3.080319004834319,12.232198518374007,3.633883770636352,2.0503469840254627,3.795636522499454,2.1589022489612866,1.7723262447519583,1.8512166731152255,27.515171555702786,8.167226091729612,4.8859140800724035,20.998278572525074,12.958591100530093,1.671586106075894,4.297717526013864,58.14365602370349,17.16442124595832,16.082543545300236,43.57087871001809,28.69302265868209,1.0672703106701202,2.709203216971902,2994,2.9771629926519707,0.1227183047141831,0.9832999331997327,0.93687374749499,0.0601202404809619,0.0016700066800267,6,3,10963.707547462947,12.58428362800236,0.419476120933412,0.3654569182487649,0.7001657951791863,0.6761552145577044,2.9462530718870887,1.0,0.0,0.03333333333333333,1.0,0.0,0.0,0.0,0.0,0.0,0.0,0.0,1.0,52.0,8.0,0.08739495798319327,43.0,5.0,0.0,4.0,9.0,0.17307692307692307,0.0,0.07692307692307693,11.0,6.0,17.0,472.0,0.7932773109243697,9.627450980392156,2.0,6.0,0.1
subject_18_task_5_6,18,5_6,,5_6,115,570.0,600.0,0.7105321589815706,18.0,0.5555555555555556,eye,高,6.6,7,81.0,1.4142135623730951,80.0,83.0,-7.902163687676387,209.51935407716653,40.344124554909186,8.04807792722189,24.08109177134163,16.32366428964884,5.012889402878278,2.992154398740292,13.577548908500036,3.766546834922534,1.991900487273793,3.808958678309267,2.091741448054417,1.8909312282350028,1.9122233779471505,24.266458765676056,8.032481831327704,5.064453697813033,20.916640018172153,12.848037622067729,1.5860509959438165,4.130088113394051,54.32947386289148,14.623311897183434,15.164743288912314,44.753363581633955,29.388020153268155,0.9642966991650463,2.9511454779689763,2994,2.953626590756865,0.1263789609007623,0.9886439545758184,0.93687374749499,0.0577822311289245,0.0043420173680694,6,3,10963.707547462947,12.58428362800236,0.419476120933412,0.3654569182487649,0.7001657951791863,0.6761552145577044,2.9462530718870887,1.0,0.0,0.03333333333333333,1.0,0.0,0.0,0.0,0.0,0.0,0.0,0.0,1.0,52.0,8.0,0.08666666666666667,43.0,5.0,0.0,4.0,9.0,0.17307692307692307,0.0,0.07692307692307693,11.0,11.0,17.0,472.0,0.7866666666666666,9.627450980392156,2.0,2.0,0.03333333333333333
subject_18_task_5_6,18,5_6,,5_6,116,575.0,605.0,0.716453260306417,18.0,0.5601851851851852,eye,高,6.6,5,80.2,0.4472135954999579,80.0,81.0,-3.378016085791003,286.7724788808776,51.456167947083976,8.312440961883997,23.495972666981757,16.617141397491324,6.19025965814758,2.826603253451131,14.932736956037184,4.173188048949026,1.7259580453622063,3.7866855439430753,2.0790263946625203,2.417896576433437,2.1939615242202533,31.96498578475925,8.738050111906679,5.179715845439508,21.1982908779097,13.199252447231428,1.686974801832057,4.092558648091436,67.01319503701954,17.246111314473996,15.33127958043182,44.67860259395305,29.337327168620117,1.1248970592439125,2.914212239073566,2994,2.925562625586068,0.1101089954730868,0.9939879759519038,0.9438877755511024,0.0527722110888443,0.003006012024048,6,3,10963.707547462947,12.58428362800236,0.419476120933412,0.3654569182487649,0.7001657951791863,0.6761552145577044,2.9462530718870887,1.0,0.0,0.03333333333333333,1.0,0.0,0.0,0.0,0.0,0.0,0.0,0.0,1.0,52.0,8.0,0.0859504132231405,43.0,5.0,0.0,4.0,9.0,0.17307692307692307,0.0,0.07692307692307693,11.0,16.0,17.0,472.0,0.7801652892561983,9.627450980392156,2.0,2.0,0.03333333333333333
subject_18_task_5_6,18,5_6,,5_6,117,580.0,610.0,0.7223743616312635,18.0,0.5648148148148148,eye,高,6.6,7,79.71428571428571,0.951189731211342,78.0,81.0,-5.3323262839878725,292.0734286582126,41.15267251890277,6.754961539203438,23.349701724571865,16.416593969616155,6.092214186574864,3.456674266619928,14.977201836699733,4.0132840700236185,1.7813262523943234,3.662608724599627,2.0750367156713367,2.2529753124276177,2.056113370404005,29.697378177026614,7.80980146578824,4.401087644419539,20.197666962437943,12.974488317481889,1.7745162325251258,4.589244430986974,62.37744529042755,12.988468733363735,14.07229292366786,46.10123108604336,30.90571294937813,0.9229816920253796,3.276028386852776,2995,2.909660863742886,0.0932967262067002,0.9886477462437396,0.9532554257095158,0.0400667779632721,0.0060100166944908,6,3,10963.707547462947,12.58428362800236,0.419476120933412,0.3654569182487649,0.7001657951791863,0.6761552145577044,2.9462530718870887,1.0,0.0,0.03333333333333333,1.0,0.0,0.0,0.0,0.0,0.0,0.0,0.0,1.0,52.0,8.0,0.08524590163934426,43.0,5.0,0.0,4.0,9.0,0.17307692307692307,0.0,0.07692307692307693,11.0,21.0,17.0,472.0,0.7737704918032787,9.627450980392156,2.0,1.0,0.016666666666666666
subject_18_task_5_6,18,5_6,,5_6,118,585.0,615.0,0.7282954629561098,18.0,0.5694444444444444,eye,高,6.6,6,79.5,0.8366600265340756,78.0,80.0,-5.062240663900453,416.63822794038146,57.87131612629279,7.496523918852077,22.677613608404936,16.013766889359697,7.71975341541423,3.0250838727234397,19.16651766611643,4.48708615433419,1.6967089113142837,3.707312684546176,2.0173536686957125,2.6445821816651267,2.1850021885453903,40.848124143372885,9.846926471430628,4.4704697518635275,20.2156312901104,12.523729598484133,2.2026603506993667,4.52203737239995,88.56735575453361,16.134167914064676,13.836544936568297,45.22304652493664,29.602276633645545,1.1660546753564212,3.268377093577578,2995,2.88241312353532,0.0836745405482073,0.989983305509182,0.9575959933222036,0.0363939899833055,0.0056761268781302,6,3,9903.151570705017,11.36696392505358,0.378898797501786,0.3301050523568338,0.7001657951791863,0.6761552145577044,2.946253071887089,1.0,0.0,0.03333333333333333,1.0,0.0,0.0,0.0,0.0,0.0,0.0,0.0,1.0,52.0,8.0,0.08455284552845528,43.0,5.0,0.0,4.0,9.0,0.17307692307692307,0.0,0.07692307692307693,11.0,26.0,17.0,472.0,0.767479674796748,9.627450980392156,2.0,1.0,0.016666666666666666
subject_18_task_5_6,18,5_6,,5_6,119,590.0,620.0,0.7342165642809563,18.0,0.5740740740740741,eye,高,6.6,6,78.5,2.345207879911715,74.0,80.0,-12.77258566978174,360.6117762006468,45.63964233789963,6.089019741890952,21.179436942428516,15.310752030838223,7.495400618248971,3.47829993007236,17.55556589270808,4.147302825417,1.6367541510468115,3.428790421076896,1.893795021983948,2.5338581379277567,2.0948719872706354,34.03277654080452,8.101718459074117,4.075063960973174,19.797670995062745,11.87753118873233,1.98812056366824,4.858247915778683,75.19012387551588,12.681655440731165,11.228894752592176,43.38922027924601,27.679050113116578,1.1293769974826435,3.8640686581579784,2995,2.865542015400067,0.081797299572603,0.989983305509182,0.9539232053422372,0.0400667779632721,0.0056761268781302,12,5,8378.428750129033,9.639851221553462,0.321328374051782,0.2792809583376344,0.6762703348796812,0.8002845929003122,2.946759327631225,0.0,0.0,0.0,0.0,0.0,0.0,0.0,0.0,0.0,0.0,0.0,0.0,52.0,8.0,0.08387096774193549,43.0,5.0,0.0,4.0,9.0,0.17307692307692307,0.0,0.07692307692307693,11.0,31.0,17.0,472.0,0.7612903225806451,9.627450980392156,2.0,1.0,0.016666666666666666
subject_18_task_5_6,18,5_6,,5_6,120,595.0,625.0,0.7401376656058026,18.0,0.5787037037037037,eye,高,6.6,6,76.16666666666667,3.1885210782848317,73.0,80.0,-18.846549948506663,316.0936604135696,37.340705288906655,5.452232760788989,21.017075376520673,14.441627800797209,6.84869977625517,3.854764882319387,16.174447823911624,3.7029460124791647,1.4637532653518128,3.3930641021478913,1.854080904268067,2.5297610602352183,2.318057409308234,31.28104986918089,7.5100207764201645,4.1081775297579926,19.00250358577449,11.439264615036231,1.8280662707540225,4.625531260060688,67.97054895034888,11.283274583474844,11.23306096398538,41.73434943854533,27.18914813442606,1.004470163533382,3.715314069099327,2995,2.8786912209889,0.0942044656025262,0.9772954924874792,0.9378964941569282,0.0490818030050083,0.0120200333889816,12,5,7334.577019236931,8.501217124309838,0.2833739041436612,0.244485900641231,0.6021905106831053,1.0121681859000562,2.9483288030066332,0.0,0.0,0.0,0.0,0.0,0.0,0.0,0.0,0.0,0.0,0.0,0.0,52.0,8.0,0.0832,43.0,5.0,0.0,4.0,9.0,0.17307692307692307,0.0,0.07692307692307693,11.0,36.0,17.0,472.0,0.7552,9.627450980392156,2.0,1.0,0.016666666666666666
subject_18_task_5_6,18,5_6,,5_6,121,600.0,630.0,0.7460587669306491,18.0,0.5833333333333334,eye,高,6.6,6,75.16666666666667,2.6394443859772205,73.0,79.0,-15.748709122203056,225.3920911464214,26.00123219208625,4.572331993942675,21.087226393717348,14.247774603233914,5.6866457261922605,4.611919349175266,12.685903025162082,3.4600265343353187,1.5590114254561536,3.176597268003872,1.8678742158881396,2.219372146886572,2.0375715123924936,22.82025031154432,6.141979928044327,3.831056988293675,17.746933666962413,10.834601356279126,1.6032076648329685,4.632385715271432,49.20778576430141,9.12248772463739,11.994828129999272,39.90969344960454,26.539432069320384,0.76053509277235,3.327241792634753,2995,2.897920496477692,0.1137733885648363,0.9756260434056762,0.9252086811352254,0.064440734557596,0.0093489148580968,12,5,6290.725288344829,7.362583027066215,0.2454194342355405,0.2096908429448276,0.5035258098094155,1.167377759781488,2.9504191402897293,0.0,0.0,0.0,0.0,0.0,0.0,0.0,0.0,0.0,0.0,0.0,0.0,52.0,8.0,0.08253968253968254,43.0,5.0,0.0,4.0,9.0,0.17307692307692307,0.0,0.07692307692307693,11.0,41.0,17.0,472.0,0.7492063492063492,9.627450980392156,2.0,1.0,0.016666666666666666
subject_18_task_5_6,18,5_6,,5_6,122,605.0,635.0,0.7519798682554956,18.0,0.5879629629629629,eye,高,6.6,6,75.16666666666667,2.6394443859772205,73.0,79.0,-15.748709122203056,223.54397332650967,26.32946881104985,5.183136470876037,20.665289898775217,13.816887273020363,5.079833216623704,3.987024076038351,12.853731316742923,3.2182870961685484,1.6029167999077067,3.3143404276629536,1.814258983775199,2.007769271838596,2.0676933624089457,21.040834059835923,6.139313476303249,4.089718577510039,18.004963333394173,10.53857025145766,1.5011579305393363,4.402494448494843,47.444234541050776,9.495674635916094,13.131309408402524,39.59453047811199,27.324402031576664,0.7231323503686508,3.015276637436938,2995,2.9148589700437557,0.131713675163465,0.9662771285475792,0.9068447412353924,0.0741235392320534,0.0126878130217028,12,5,5246.873557452728,6.223948929822591,0.2074649643274197,0.1748957852484242,0.3656029420837107,1.2481733013791176,2.953341211811212,0.0,0.0,0.0,0.0,0.0,0.0,0.0,0.0,0.0,0.0,0.0,0.0,52.0,8.0,0.08188976377952756,43.0,5.0,0.0,4.0,9.0,0.17307692307692307,0.0,0.07692307692307693,11.0,46.0,17.0,472.0,0.7433070866141732,9.627450980392156,2.0,1.0,0.016666666666666666
subject_18_task_5_6,18,5_6,,5_6,123,610.0,640.0,0.7579009695803419,18.0,0.5925925925925926,eye,高,6.6,6,75.16666666666667,2.6394443859772205,73.0,79.0,16.566523605150376,218.39930383208872,29.94117829031082,5.961715868838087,19.96036488968123,13.786915517824395,5.0222417419812775,3.348090604923683,12.99806483014204,3.369381949494199,1.6388050366158315,3.2618385686631535,1.8475706097793816,2.0559992642273346,1.990376216684641,21.85983236340268,6.303866846700203,4.111069723660056,17.512278746379764,10.305340218992466,1.533388453720487,4.2597863630463335,49.84583466428328,10.027226196126511,12.325652603983857,36.9824628915091,27.763140920993532,0.8135249725345615,3.000446635949788,2994,2.9293426833389655,0.1392458055409518,0.9609218436873748,0.896125584502338,0.0808283233132932,0.0153640614562458,12,5,4203.021826560626,5.085314832578968,0.1695104944192989,0.1401007275520208,0.5813085524300969,1.126651246589292,2.9577147197236324,0.0,0.0,0.0,0.0,0.0,0.0,0.0,0.0,0.0,0.0,0.0,0.0,52.0,8.0,0.08125,43.0,5.0,0.0,4.0,9.0,0.17307692307692307,0.0,0.07692307692307693,11.0,51.0,17.0,472.0,0.7375,9.627450980392156,2.0,1.0,0.016666666666666666
subject_18_task_5_6,18,5_6,,5_6,124,615.0,645.0,0.7638220709051884,18.0,0.5972222222222222,eye,高,6.6,7,75.85714285714286,3.023715784073818,73.0,80.0,17.361111111111143,170.1131503288366,27.19095636124015,6.317476984048119,20.55280674993652,14.078404142899704,4.304084752488755,3.2533251489215043,10.822266121992726,3.4046291698732607,1.6706177260757384,3.381520864391073,1.8497473882529336,2.037946273843685,2.0241140816422596,17.520470823882285,6.21876704665169,4.321336578083743,17.656473989133634,10.415607087293326,1.4390841662718494,4.085882612958428,39.25720257678833,9.88649341838204,15.081647771689404,39.2943480428972,29.286820881471908,0.6555313827803699,2.605441304408315,2994,2.964567083474146,0.1387666118361701,0.9458917835671342,0.8800935203740815,0.0948563794255177,0.0170340681362725,6,4,4219.726072426457,5.164000438284125,0.1721333479428041,0.1406575357475485,0.711013986013986,0.876729363311681,2.960272118881119,0.0,0.0,0.0,0.0,0.0,0.0,0.0,0.0,0.0,0.0,0.0,0.0,52.0,8.0,0.08062015503875969,43.0,5.0,0.0,4.0,9.0,0.17307692307692307,0.0,0.07692307692307693,11.0,56.0,17.0,472.0,0.7317829457364341,9.627450980392156,2.0,1.0,0.016666666666666666
subject_18_task_5_6,18,5_6,,5_6,125,620.0,650.0,0.7697431722300347,18.0,0.6018518518518519,eye,高,6.6,6,76.16666666666667,3.1885210782848317,73.0,80.0,21.781008632439832,215.04939888339857,33.47500255601269,7.053936467410718,20.70471873732671,14.527575072276951,4.745577552430143,2.9352006263428643,11.87446102899697,3.648954889978132,1.809695844840346,3.4215730552988504,1.9561509553652108,2.0163360049600203,1.890689568113976,21.14021548094335,7.054795025850165,4.393620679928046,17.877812806273063,10.708243845496224,1.6056905089871576,4.069038751557827,47.032657166599016,11.9519827908105,15.696649030728045,42.12474832422385,30.733710699878007,0.761435308097485,2.683677786370816,2994,2.9893683676917875,0.1303286588728757,0.9432197728790916,0.8784235136940548,0.0965263861055444,0.0170340681362725,6,4,4700.597162110338,5.752479044540624,0.1917493014846874,0.1566865720703446,0.711013986013986,0.876729363311681,2.9602721188811194,0.0,0.0,0.0,0.0,0.0,0.0,0.0,0.0,0.0,0.0,0.0,0.0,52.0,8.0,0.08,43.0,5.0,0.0,4.0,9.0,0.17307692307692307,0.0,0.07692307692307693,11.0,61.0,17.0,472.0,0.7261538461538461,9.627450980392156,2.0,0.0,0.0
subject_18_task_5_6,18,5_6,,5_6,126,625.0,655.0,0.7756642735548812,18.0,0.6064814814814815,eye,高,6.6,6,78.16666666666667,2.1369760566432805,74.0,80.0,9.270386266094404,229.54550242740913,32.69849739893551,6.88451284454147,19.979210934838935,14.3092506720508,4.749573156052893,2.902051515624649,11.901585719479058,3.7147595043612416,1.8051787033338016,3.453314220952999,1.868683401406522,2.057834771427798,1.913004077976005,21.2872262897438,6.8979753150129035,4.2555519011852185,16.945159311522314,10.186043057494022,1.620935539075846,3.981894641398428,48.92475340662879,11.90996550720342,15.905452381982547,40.63580576106775,30.06847627393402,0.7487976588892779,2.5548349575457134,2994,2.9783007063572153,0.1316837579296014,0.9562458249833,0.8977955911823647,0.0841683366733467,0.010688042752171,6,4,4634.005368980449,5.67098559140964,0.189032853046988,0.1544668456326816,0.711013986013986,0.8767293633116809,2.9602721188811194,0.0,0.0,0.0,0.0,0.0,0.0,0.0,0.0,0.0,0.0,0.0,0.0,52.0,8.0,0.07938931297709924,43.0,5.0,0.0,4.0,9.0,0.17307692307692307,0.0,0.07692307692307693,11.0,66.0,17.0,472.0,0.7206106870229008,9.627450980392156,2.0,0.0,0.0
subject_18_task_5_6,18,5_6,,5_6,127,630.0,660.0,0.7815853748797277,18.0,0.6111111111111112,eye,高,6.6,5,79.0,0.7071067811865476,78.0,80.0,1.595744680850991,267.9736187664018,38.227300555922824,7.023959136660424,20.587308121562224,14.385065653940153,5.4424149987435975,2.9310119436928503,11.148654141837255,3.511368011820805,1.801345981174686,3.3844729099388515,1.8223503450533665,1.949302381950516,1.8788577792988903,26.199261965728983,7.326066561954829,4.023715270270194,16.88771966275288,9.837340303008624,1.82072191242868,4.197046393299808,54.192869683079415,12.889737274043904,14.099617294432838,39.97319044998536,29.455829033043543,0.914190577295552,2.835054995837978,2994,2.9553461150353173,0.1301659785851607,0.9615898463593856,0.9081496325985304,0.073814295257181,0.010688042752171,6,4,3850.572508628725,4.712239083986202,0.1570746361328734,0.1283524169542908,0.711013986013986,0.876729363311681,2.9602721188811185,0.0,0.0,0.0,0.0,0.0,0.0,0.0,0.0,0.0,0.0,0.0,0.0,52.0,8.0,0.07878787878787878,43.0,5.0,0.0,4.0,9.0,0.17307692307692307,0.0,0.07692307692307693,11.0,71.0,17.0,472.0,0.7151515151515152,9.627450980392156,2.0,0.0,0.0
subject_18_task_5_6,18,5_6,,5_6,128,635.0,665.0,0.787506476204574,18.0,0.6157407407407407,eye,高,6.6,6,78.83333333333333,0.7527726527090811,78.0,80.0,-0.8729388942773798,228.40815053335356,32.807124178562084,6.083579651913979,20.058958317150257,13.680644505829816,5.392733564068731,3.2972295038233663,11.114057359482077,3.430021106581536,1.6029641989226249,3.2456582378175347,1.6744052638555234,2.139798948028223,2.0247852322584547,22.463108261400095,6.81485904965038,3.8137078488226575,16.005308741661153,9.54873073546162,1.786937888216639,4.196784173334674,46.62190740263901,12.120495970640802,14.970365144897409,38.35428667039003,28.334036964725687,0.8096326210701699,2.562014105812439,2995,2.933930630026809,0.1250258178371638,0.967278797996661,0.917863105175292,0.0697829716193656,0.0096828046744574,6,4,3067.1396482770024,3.7534925765627656,0.1251164192187588,0.1022379882759,0.711013986013986,0.876729363311681,2.960272118881119,0.0,0.0,0.0,0.0,0.0,0.0,0.0,0.0,0.0,0.0,0.0,0.0,52.0,8.0,0.07819548872180451,43.0,5.0,0.0,4.0,9.0,0.17307692307692307,0.0,0.07692307692307693,11.0,76.0,17.0,472.0,0.7097744360902256,9.627450980392156,2.0,0.0,0.0
subject_18_task_5_6,18,5_6,,5_6,129,640.0,670.0,0.7934275775294205,18.0,0.6203703703703703,eye,高,6.6,6,78.33333333333333,1.2110601416389968,77.0,80.0,-7.602427921092615,208.60568975723197,28.278050110592833,5.636515845525015,19.875573052568015,14.106419598410987,5.016937925055876,3.5262161230945144,10.975687718492267,3.146797788559373,1.7035641330844742,3.1897409225948343,1.6769822551141462,1.8471848094511003,1.872392627109076,21.851537681636344,6.115004879329316,3.635479527632063,15.997798834926716,9.408288489577243,1.6820352948905943,4.400464564119479,44.932631266365235,11.268561597619993,13.37054353576196,40.037197707505754,28.366776774267823,0.842790090580848,2.9944330685150504,2995,2.913978297161937,0.1245937574890853,0.9749582637729548,0.9298831385642736,0.0627712854757929,0.0060100166944908,12,4,3015.0726965587996,4.132882515104297,0.1377627505034765,0.1005024232186266,0.5449540588517395,0.9815897590517716,2.9556900283998573,0.0,0.0,0.0,0.0,0.0,0.0,0.0,0.0,0.0,0.0,0.0,0.0,52.0,8.0,0.07761194029850746,43.0,5.0,0.0,4.0,9.0,0.17307692307692307,0.0,0.07692307692307693,11.0,81.0,17.0,472.0,0.7044776119402985,9.627450980392156,2.0,0.0,0.0
subject_18_task_5_6,18,5_6,,5_6,130,645.0,675.0,0.7993486788542669,18.0,0.625,eye,高,6.6,5,78.0,1.0,77.0,79.0,-8.402489626556063,260.8076553604383,32.02438211860894,5.651178095814869,22.613504760378092,16.404291525093463,5.666850624000942,4.001555848527429,13.026715847469845,3.181241368585914,1.7349253376785934,3.5903261851962363,1.8474482541301689,1.8336474195728536,2.069441322472269,26.94357343079937,6.465895247085351,3.950772496227179,17.085859891076723,10.219340654927816,1.6366154348953297,4.324688376106951,52.95565085357253,12.08522688134749,14.472323432374212,39.813647732106695,31.883164795814896,0.8350578217671083,2.7510197597605233,2995,2.901823372287145,0.126110807332674,0.9752921535893156,0.9298831385642736,0.0631051752921535,0.0046744574290484,12,4,3221.5774494089283,4.985365631347594,0.1661788543782531,0.1073859149802976,0.5960629338026815,0.8781195594346527,2.9501792270948894,0.0,0.0,0.0,0.0,0.0,0.0,0.0,0.0,0.0,0.0,0.0,0.0,52.0,8.0,0.07703703703703704,43.0,5.0,0.0,4.0,9.0,0.17307692307692307,0.0,0.07692307692307693,11.0,86.0,17.0,472.0,0.6992592592592592,9.627450980392156,2.0,0.0,0.0
subject_18_task_5_6,18,5_6,,5_6,131,650.0,680.0,0.8052697801791133,18.0,0.6296296296296297,eye,高,6.6,6,78.0,0.8944271909999159,77.0,79.0,-3.785046728971953,229.05987428452536,31.87346051464588,5.859083992187509,21.97022204770929,15.984960118171664,5.440007440949112,3.749770796425574,11.763076828517,2.851747480947641,1.5901848080904972,3.508252230627584,1.812003718719521,1.7933434318065429,2.206191514834249,24.700524131075692,6.024897197044469,3.756905210772878,16.315344551050266,9.642042139500234,1.603686241475604,4.34276183073936,49.07747946252806,11.689616801303533,13.034384435499495,38.55887576186941,29.405276029492253,0.8968292180692896,2.9582429421717285,2995,2.8930697829716188,0.1359722411837481,0.9729549248747912,0.9165275459098498,0.0731218697829716,0.0070116861435726,12,4,3428.082202259058,5.83784874759089,0.1945949582530296,0.1142694067419685,0.8040612510410043,0.5883091807596761,2.945332357746243,0.0,0.0,0.0,0.0,0.0,0.0,0.0,0.0,0.0,0.0,0.0,0.0,52.0,8.0,0.07647058823529412,43.0,5.0,0.0,4.0,9.0,0.17307692307692307,0.0,0.07692307692307693,11.0,91.0,17.0,472.0,0.6941176470588235,9.627450980392156,2.0,0.0,0.0
subject_18_task_5_6,18,5_6,,5_6,132,655.0,685.0,0.8111908815039597,18.0,0.6342592592592593,eye,高,6.6,5,77.2,0.8366600265340756,76.0,78.0,-2.927864214992896,182.03533847640264,26.520147277256974,5.950127733359495,22.622345214665184,16.2560146397588,4.4570719261321585,3.801993205596682,11.345385112473982,2.9512292879934403,1.7691292587403826,3.505167780530241,1.860644553979846,1.668181832058281,1.9812954668026437,20.80817399482525,6.040243940022312,4.078326172136591,16.328834556391264,9.961446152737627,1.4810595536202278,4.003807902357345,39.74619978968406,11.372449920752926,13.927843862845808,37.333917563477904,31.053887318541538,0.8165262357004375,2.6805238435412537,2995,2.9131786310517533,0.1365580829934921,0.9679465776293824,0.9101836393989984,0.0774624373956594,0.0086811352253756,6,2,3701.178748239075,6.77182531696517,0.2257275105655057,0.1233726249413025,0.9735718642000406,0.1220978300846629,2.9413823460052853,0.0,0.0,0.0,0.0,0.0,0.0,0.0,0.0,0.0,0.0,0.0,0.0,52.0,8.0,0.07591240875912408,43.0,5.0,0.0,4.0,9.0,0.17307692307692307,0.0,0.07692307692307693,11.0,96.0,17.0,472.0,0.689051094890511,9.627450980392156,2.0,0.0,0.0
subject_18_task_5_6,18,5_6,,5_6,133,660.0,690.0,0.8171119828288061,18.0,0.6388888888888888,eye,高,6.6,6,76.83333333333333,1.1690451944500122,75.0,78.0,-5.204386839481704,207.87480447213707,31.03546368219805,6.325019400834174,22.123346304515763,16.348661855740723,4.906777626342923,3.497751532840837,11.838175015186737,2.936580080256746,1.6553428801842651,3.4438092889879095,1.8633565978630957,1.7740010939182935,2.0804205160229765,22.247024947345796,6.01493606090021,4.111972895322959,15.861384754147544,9.563158990136184,1.462785921507829,3.857366076558677,45.03947333649243,12.069886585276672,11.747070221493331,39.17532671301918,28.976053663980895,1.027480585175416,3.3349018925026117,2995,2.9265435726210347,0.1341103906551901,0.9629382303839732,0.9041736227045076,0.0818030050083472,0.0103505843071786,6,2,4691.116361440926,8.583054940631904,0.2861018313543967,0.1563705453813642,0.9735718642000408,0.1220978300846628,2.9413823460052857,0.0,0.0,0.0,0.0,0.0,0.0,0.0,0.0,0.0,0.0,0.0,0.0,52.0,8.0,0.07536231884057971,43.0,5.0,0.0,4.0,9.0,0.17307692307692307,0.0,0.07692307692307693,11.0,101.0,17.0,472.0,0.6840579710144927,9.627450980392156,2.0,0.0,0.0
subject_18_task_5_6,18,5_6,,5_6,134,665.0,695.0,0.8230330841536526,18.0,0.6435185185185185,eye,高,6.6,6,76.16666666666667,1.4719601443879746,74.0,78.0,-6.678539626001804,196.60935956166756,27.66778596066362,6.082720290092358,22.899767397591553,16.584646892570746,4.548587579430439,3.7647247128708345,11.94599965103226,3.110153694422184,1.9289202055786745,3.5826557232791547,1.9343031465222769,1.6123806912423009,1.8573374434658696,23.35789817431172,5.9830417096629995,4.352285154413608,16.88151506115613,10.209776636312206,1.3746897313462234,3.87877045327252,42.32232040253724,11.291900822932584,12.53555326663824,39.89918707781055,30.9511204360776,0.9007899837165162,3.1828820179797805,2994,2.9433684034736136,0.1322033619761529,0.9642618570474282,0.9044756179024716,0.0811623246492986,0.0086840347361389,6,2,4918.999999999984,8.99999999999997,0.299999999999999,0.1639666666666661,0.9735718642000406,0.1220978300846629,2.9413823460052853,3.0,1.0,0.1,3.0,0.0,0.0,0.0,0.0,0.0,0.0,0.0,1.0,55.0,8.0,0.07913669064748201,46.0,5.0,0.0,4.0,9.0,0.16363636363636364,0.0,0.07272727272727272,12.0,4.0,18.0,573.0,0.8244604316546763,10.981481481481481,2.0,3.0,0.05
subject_18_task_5_6,18,5_6,,5_6,135,670.0,700.0,0.828954185478499,18.0,0.6481481481481481,eye,高,6.6,5,75.2,1.9235384061671343,73.0,78.0,-14.40000000000001,134.42012924706003,23.766854880720523,5.952759042289935,21.15803638782448,15.115371149906752,3.9925780149800554,3.5543243456542313,9.062128035528998,3.1899092242200098,1.7090375272707237,3.418314826129523,1.839714543547814,1.866494546386111,2.00014029626866,16.622508190836157,5.552699490699069,3.94911609122206,16.596138342734914,9.620116878315653,1.4060613470040526,4.202494421378029,31.106690515229804,10.310857201960596,10.912445508893327,38.436944610446496,26.879525187444823,0.9448713575300371,3.522303463428202,2994,2.971579826319305,0.1355116221580138,0.9609218436873748,0.8987975951903807,0.084502338009352,0.0086840347361389,12,2,4338.218572874805,7.786108175741554,0.2595369391913851,0.1446072857624935,0.9744892147345556,0.1187728257712197,2.941773806152094,3.0,1.0,0.1,3.0,0.0,0.0,0.0,0.0,0.0,0.0,0.0,1.0,55.0,8.0,0.07857142857142857,46.0,5.0,0.0,4.0,9.0,0.16363636363636364,0.0,0.07272727272727272,12.0,9.0,18.0,573.0,0.8185714285714286,10.981481481481481,2.0,3.0,0.05
subject_18_task_5_6,18,5_6,,5_6,136,675.0,705.0,0.8348752868033454,18.0,0.6527777777777778,eye,高,6.6,7,74.57142857142857,1.9023794624226835,73.0,78.0,-11.416065911431486,167.90832214620306,24.79073718622108,6.009389521281205,21.807151658234687,14.990594580056012,4.125333712921921,3.628846421256013,10.05686509863058,3.346803702542388,1.7690607171806576,3.381878134010762,1.8316106242649284,1.8918534960609896,1.9116800803764624,20.754369795158205,6.144422073719429,4.38294673730092,17.497058501473905,10.219168823137966,1.4018929368745308,3.9920764613828816,33.80346764497469,11.08439766053524,12.030347590933268,42.996448834250366,29.59280486467239,0.9213696925007432,3.573998881516512,2994,2.9829583620096356,0.1348061194157966,0.9258517034068136,0.8674014696058784,0.0788243152972612,0.0447561790247161,12,2,4409.696478164629,6.850633930368281,0.2283544643456093,0.1469898826054876,0.9808356068971078,0.09476902096405,2.9444819962214126,3.0,1.0,0.1,3.0,0.0,0.0,0.0,0.0,0.0,0.0,0.0,1.0,55.0,8.0,0.07801418439716312,46.0,5.0,0.0,4.0,9.0,0.16363636363636364,0.0,0.07272727272727272,12.0,14.0,18.0,573.0,0.8127659574468085,10.981481481481481,2.0,3.0,0.05
subject_18_task_5_6,18,5_6,,5_6,137,680.0,710.0,0.8407963881281918,18.0,0.6574074074074074,eye,高,6.6,7,73.85714285714286,1.2149857925879115,73.0,76.0,-7.085590465872204,214.95833007636668,26.36739861248715,5.671184167594234,23.51522897180483,16.566314199245987,4.649363842414667,4.146440721529274,10.94176242509286,3.3507233789456783,1.7084826669614464,3.452283536401191,1.960283399289556,1.9612276107576632,2.020672262681548,24.304363199663488,6.07789473453518,4.3720038800998875,19.340070125611177,11.36580121885332,1.3901851190480456,4.423616871348548,41.54690680610887,10.652300065543146,12.463581700302226,46.26503712892687,32.49590254389512,0.8546740673497444,3.712017800453381,2994,2.975826221610461,0.1226782608169784,0.9288577154308616,0.8767535070140281,0.0708082832331329,0.0440881763527054,17,5,4132.417678879845,6.473325461464259,0.2157775153821419,0.1377472559626615,0.8134250153477078,0.6934058927443553,2.942901956282348,4.0,1.0,0.13333333333333333,4.0,0.0,0.0,0.0,0.0,0.0,0.0,0.0,1.0,56.0,8.0,0.07887323943661972,47.0,5.0,0.0,4.0,9.0,0.16071428571428573,0.0,0.07142857142857142,12.0,2.0,19.0,590.0,0.8309859154929577,11.090909090909092,2.0,4.0,0.06666666666666667
subject_18_task_5_6,18,5_6,,5_6,138,685.0,715.0,0.8467174894530383,18.0,0.6620370370370371,eye,高,6.6,6,73.5,0.8366600265340756,73.0,75.0,-5.4545454545454435,210.72473676344327,25.871308032054618,6.009343126555645,24.621065893686417,17.671774290672353,4.305180697325763,4.0971309800707605,12.204871369165645,3.2732516416604507,1.777987806833515,3.651908411545561,2.0451443567752885,1.840986551808759,2.053955824393071,25.274489591070864,6.734196849593934,4.870633317725817,21.41898594280343,12.865756524317074,1.382612159508293,4.397577182592001,40.9766469628652,11.58656182179521,13.051699382387772,50.873678352644795,33.732273877476345,0.8877435406940456,3.897858574745812,2995,2.9796911917098448,0.1276810311833587,0.920534223706177,0.8687813021702838,0.0747913188647746,0.0484140233722871,17,5,3988.4663120182945,6.364281444116038,0.2121427148038679,0.1329488770672764,0.601142474016793,1.079489506637355,2.9407576628359324,6.0,1.0,0.2,6.0,0.0,0.0,0.0,0.0,0.0,0.0,0.0,1.0,58.0,8.0,0.08111888111888112,49.0,5.0,0.0,4.0,9.0,0.15517241379310345,0.0,0.06896551724137931,12.0,5.0,19.0,590.0,0.8251748251748252,10.736842105263158,2.0,6.0,0.1
subject_18_task_5_6,18,5_6,,5_6,139,690.0,720.0,0.8526385907778847,18.0,0.6666666666666666,eye,高,6.6,7,73.14285714285714,0.3779644730092272,73.0,74.0,-1.3346228239846087,164.13510696539603,20.70422975079884,5.574673608281642,23.54586270091367,16.940310461897617,3.713980621222556,4.223720410453148,10.550806000021554,2.990560021501075,1.5668958043720589,3.376419484195432,1.9898347822789717,1.9085889522178896,2.154846209157187,20.202688000850607,5.735901901048749,4.654184920702107,21.346802091001333,12.935370095810413,1.232418135243208,4.586582281260338,33.64540334748558,9.980286127986052,13.487753855785158,47.5608127034483,33.19720938312026,0.7399516802202997,3.526221875931443,2995,2.9822283246977546,0.1326465705308352,0.925542570951586,0.8624373956594323,0.082804674457429,0.0467445742904841,17,5,3844.514945156744,6.255237426767817,0.2085079142255939,0.1281504981718914,0.3808197630287712,1.2596327477584397,2.93845279049883,6.0,1.0,0.2,6.0,0.0,0.0,0.0,0.0,0.0,0.0,0.0,1.0,58.0,8.0,0.08055555555555556,49.0,5.0,0.0,4.0,9.0,0.15517241379310345,0.0,0.06896551724137931,12.0,10.0,19.0,590.0,0.8194444444444444,10.736842105263158,2.0,6.0,0.1
subject_18_task_5_6,18,5_6,,5_6,140,695.0,725.0,0.8585596921027311,18.0,0.6712962962962963,eye,高,6.6,7,73.28571428571429,0.7559289460184545,73.0,75.0,2.732240437158384,269.857718362314,30.33760782151577,6.459829220609411,24.10399601507274,17.59468305505722,4.696348275698496,3.731367377046355,13.356282070567294,3.1707528356317916,1.767590983201183,3.5640733737204298,2.012892801464044,1.7938272291304762,2.016345075072594,29.230423613489663,6.966997757439496,5.156101700686014,22.470369505743164,13.693653518987084,1.351214185032957,4.358015184757412,57.798550327422184,12.132690013395262,13.925117378141328,50.17047309410365,33.675084098603385,0.8712809870055607,3.6028761361004924,2995,2.9795689119170987,0.1279395400820394,0.927212020033389,0.8697829716193656,0.0787979966611018,0.0460767946577629,11,4,3697.000000000019,6.000000000000019,0.2000000000000006,0.1232333333333339,0.4092507438463602,1.26471223981323,2.9381105085204218,3.0,1.0,0.1,3.0,0.0,0.0,0.0,0.0,0.0,0.0,0.0,1.0,58.0,8.0,0.08,49.0,5.0,0.0,4.0,9.0,0.15517241379310345,0.0,0.06896551724137931,12.0,15.0,19.0,590.0,0.8137931034482758,10.736842105263158,2.0,6.0,0.1
subject_18_task_5_6,18,5_6,,5_6,141,700.0,730.0,0.8644807934275776,18.0,0.6759259259259259,eye,高,6.6,7,73.57142857142857,0.9759000729485332,73.0,75.0,4.293103448275867,235.20263703994476,29.767259792160623,6.276251760134917,24.078979810592216,17.694230919339823,4.742840301791962,3.836522295605714,12.134430987402004,3.0214704988599266,1.665335018825795,3.488772999971642,2.0717736538786564,1.8143319300343088,2.0949376314872237,24.846149465793307,7.071521349900836,4.947982061060279,21.95199385437036,13.522307999360455,1.4291727946130657,4.436554858823877,49.19188956389343,11.770836962724966,13.027858083846317,46.07108735879823,31.679556707511,0.9035128328055728,3.5363516444751064,2995,2.97159274611399,0.1212536063736977,0.9318864774624374,0.8777963272120201,0.0747913188647746,0.0440734557595993,11,4,3546.4155184916767,5.875755378293466,0.1958585126097821,0.1182138506163892,0.4266279549339143,1.2691809486206775,2.9374927220204365,3.0,1.0,0.1,3.0,0.0,0.0,0.0,0.0,0.0,0.0,0.0,1.0,58.0,8.0,0.07945205479452055,49.0,5.0,0.0,4.0,9.0,0.15517241379310345,0.0,0.06896551724137931,12.0,20.0,19.0,590.0,0.8082191780821918,10.736842105263158,2.0,6.0,0.1
subject_18_task_5_6,18,5_6,,5_6,142,705.0,735.0,0.8704018947524239,18.0,0.6805555555555556,eye,高,6.6,5,73.8,1.095445115010332,73.0,75.0,7.7419354838709875,270.1603158512825,31.919864902977498,6.161013044314688,22.917644622613217,16.99916136136237,5.180944217028201,3.7197851161443896,12.786397487725004,3.0061503489419237,1.6243575298540074,3.4209173597095592,1.977818976666806,1.850670368863995,2.1060125599424047,27.20173038921664,7.304198874369773,4.6359110067690406,19.723146984198227,12.839075498359623,1.575569260001903,4.254427437325659,57.47761070180553,12.328897029260988,11.230465400824023,45.2786891653444,29.52396297517922,1.097808201996363,4.031773176739596,2995,2.957823727671048,0.1493026821596249,0.928881469115192,0.8941569282136895,0.0804674457429048,0.0163606010016694,10,3,2485.0000000000023,5.000000000000004,0.1666666666666668,0.0828333333333334,0.6088531187122737,0.9403599946123314,2.931014338028169,3.0,1.0,0.1,3.0,0.0,0.0,0.0,0.0,0.0,0.0,0.0,1.0,58.0,8.0,0.07891156462585033,49.0,5.0,0.0,4.0,9.0,0.15517241379310345,0.0,0.06896551724137931,12.0,25.0,19.0,590.0,0.8027210884353742,10.736842105263158,2.0,6.0,0.1
subject_18_task_5_6,18,5_6,,5_6,143,710.0,740.0,0.8763229960772704,18.0,0.6851851851851852,eye,高,6.6,5,74.4,1.3416407864998738,73.0,76.0,10.361663652802836,205.3416241581831,30.51601258762558,6.1631611229916405,22.138669865011863,15.705434944067068,4.95135726271795,3.5920965594139136,10.648292796596117,2.893944886062439,1.7036183448113011,3.292743568048093,1.878292094812683,1.6987049328721466,1.93279414845278,23.196537197529658,6.865176642386593,4.494240451058273,18.14840292053836,11.309090353151694,1.527549920202874,4.038146849989946,47.43537242384283,11.2578812279663,11.35567644333507,40.40918909308957,27.349044231491835,0.9913879885661794,3.558501274206939,2995,2.974336713995943,0.182565787321515,0.9135225375626044,0.8864774624373957,0.0834724540901502,0.0186978297161936,16,4,2475.834463736219,4.521263200503124,0.1507087733501041,0.0825278154578739,0.4358512147618986,1.2699870482947186,2.9507753141369264,2.0,1.0,0.06666666666666667,2.0,0.0,0.0,0.0,0.0,0.0,0.0,0.0,1.0,58.0,8.0,0.07837837837837838,49.0,5.0,0.0,4.0,9.0,0.15517241379310345,0.0,0.06896551724137931,12.0,30.0,19.0,590.0,0.7972972972972973,10.736842105263158,2.0,6.0,0.1
subject_18_task_5_6,18,5_6,,5_6,144,715.0,745.0,0.8822440974021168,18.0,0.6898148148148148,eye,高,6.6,6,74.33333333333333,1.2110601416389968,73.0,76.0,4.04728789986094,323.96895079492487,39.83026946964556,5.951974839345485,23.144322123691484,15.901271822889832,6.691941841949307,3.888511418209653,12.07414035263353,3.180112646244556,1.5781475558422733,3.3085540501873254,1.832048268379782,2.0150920834188395,2.0964795325627943,32.34412325067703,8.270381404882977,4.238155455362546,17.743480226415905,11.218751673744102,1.95141058226603,4.186604387992669,71.32248928195258,12.833421707042206,10.591161876233937,38.705133463591885,26.45315821963298,1.2117104673699488,3.654474732412916,2994,2.958581003704951,0.1828036785600439,0.8837675350701403,0.8907815631262525,0.0841683366733467,0.012692050768203,16,4,2380.0009980029663,3.837614974506468,0.1279204991502156,0.0793333666000988,0.610775398615409,1.034411221686258,2.973491117440987,0.0,0.0,0.0,0.0,0.0,0.0,0.0,0.0,0.0,0.0,0.0,0.0,58.0,8.0,0.07785234899328859,49.0,5.0,0.0,4.0,9.0,0.15517241379310345,0.0,0.06896551724137931,12.0,35.0,19.0,590.0,0.7919463087248322,10.736842105263158,2.0,6.0,0.1
subject_18_task_5_6,18,5_6,,5_6,145,720.0,750.0,0.8881651987269632,18.0,0.6944444444444444,eye,高,6.6,6,74.5,1.0488088481701516,73.0,76.0,-4.445927903871785,284.1845205302739,40.703028074686394,7.044347602897242,23.809252134160705,16.60049587405528,5.778111809523114,3.379908754696928,12.267763753336078,3.1790846094472953,1.608436220428629,3.415351486352799,1.9020772763759275,1.976506478199121,2.123398766438279,31.76043084663414,8.322980038934492,4.1744369319634576,17.566808638026167,10.734831458917338,1.9937970496585649,4.208186379225897,62.75759849028952,12.985159437042816,11.523442570357176,40.072050865776085,26.62362611625836,1.1268472383804602,3.477437460300028,2994,2.973746379252274,0.1856922685690669,0.8787575150300602,0.895123580494322,0.0788243152972612,0.012692050768203,16,4,1553.36869340233,2.1617076326002636,0.0720569210866754,0.0517789564467443,0.948261675580508,0.2522548191232526,2.9969618239789333,0.0,0.0,0.0,0.0,0.0,0.0,0.0,0.0,0.0,0.0,0.0,0.0,58.0,8.0,0.07733333333333334,49.0,5.0,0.0,4.0,9.0,0.15517241379310345,0.0,0.06896551724137931,12.0,40.0,19.0,590.0,0.7866666666666666,10.736842105263158,2.0,6.0,0.1
subject_18_task_5_6,18,5_6,,5_6,146,725.0,755.0,0.8940863000518097,18.0,0.6990740740740741,eye,高,6.6,6,74.66666666666667,1.2110601416389968,73.0,76.0,-1.6399843811011094,451.40227906723544,58.56000754242526,6.903341966358286,25.84946356852158,17.653595933909493,8.482849006727879,3.744485452769468,16.354724910854753,3.486958645181255,1.572990651094538,3.5108041509405417,1.905562649481759,2.216770101433798,2.2319294450336433,42.48210639463321,9.741959511115056,4.00899588709684,17.538697580225502,11.41518168875348,2.4300248205467248,4.374835513469771,100.90063763940698,16.110831536497233,11.637323080572358,42.090642167510715,27.784311613370523,1.384410437430672,3.616866342550711,2994,2.9813096926713945,0.1950589282164913,0.8650634602538411,0.8777555110220441,0.0915163660654642,0.0173680694722778,17,2,2326.987057317586,2.830322855923758,0.0943440951974586,0.0775662352439195,0.985102633413536,0.0774526732343674,2.9938854311536685,0.0,0.0,0.0,0.0,0.0,0.0,0.0,0.0,0.0,0.0,0.0,0.0,58.0,8.0,0.07682119205298013,49.0,5.0,0.0,4.0,9.0,0.15517241379310345,0.0,0.06896551724137931,12.0,45.0,19.0,590.0,0.7814569536423841,10.736842105263158,2.0,3.0,0.05
subject_18_task_5_6,18,5_6,,5_6,147,730.0,760.0,0.900007401376656,18.0,0.7037037037037037,eye,高,6.6,5,74.6,1.3416407864998738,73.0,76.0,-1.9354838709676705,319.957611706563,49.27886006109024,7.28789257705745,25.852416950064946,17.40929037554565,6.76174347248502,3.547310374942859,15.555892105260556,3.302897560075842,1.6353599883559595,3.450986643502981,1.9392066772240153,2.0196761468991733,2.110230571907464,32.61986296878849,8.153661331653772,4.054452064142596,17.483355524513257,11.014921365858577,2.011039026398761,4.312137681719146,74.18509406650816,14.709930260579783,11.651221447250578,40.189088656316585,27.84780037992861,1.2625225884837157,3.449345533278856,2994,2.9826970618034445,0.1970072687508976,0.8486973947895792,0.8690714762859052,0.0995323981295925,0.0183700734802939,17,2,3789.7946238088384,4.252595647845249,0.1417531882615083,0.1263264874602946,0.9751844419993873,0.1162304349997526,2.9894417161493685,0.0,0.0,0.0,0.0,0.0,0.0,0.0,0.0,0.0,0.0,0.0,0.0,58.0,8.0,0.07631578947368421,49.0,5.0,0.0,4.0,9.0,0.15517241379310345,0.0,0.06896551724137931,12.0,50.0,19.0,590.0,0.7763157894736842,10.736842105263158,2.0,3.0,0.05
subject_18_task_5_6,18,5_6,,5_6,148,735.0,765.0,0.9059285027015024,18.0,0.7083333333333334,eye,高,6.6,6,74.83333333333333,1.3291601358251257,73.0,76.0,1.9445529090198752,442.6139848976901,60.00614889884886,6.967681577273479,26.751389297593622,17.656969207919204,8.612068194185454,3.8393530187786946,18.066157842538512,3.5941325054515043,1.5364840797940948,3.4872921024846537,1.887384205893234,2.3391928056509093,2.269657166218076,40.72110235260057,8.97200486683652,3.9770452213302527,18.152019571077343,10.848290654872304,2.255947410081382,4.564197428211744,101.63432929814344,16.215459718564734,11.62746485804484,41.93527689899942,28.19266132657034,1.3945825609049716,3.606570943105034,2994,3.0052253946926437,0.1657351938765617,0.8991315965263861,0.8957915831663327,0.0871743486973948,0.0120240480961923,12,2,5252.602190300092,5.674868439766739,0.1891622813255579,0.1750867396766697,0.97079052404852,0.1319833983466401,2.987473079095431,0.0,0.0,0.0,0.0,0.0,0.0,0.0,0.0,0.0,0.0,0.0,0.0,58.0,8.0,0.07581699346405228,49.0,5.0,0.0,4.0,9.0,0.15517241379310345,0.0,0.06896551724137931,12.0,55.0,19.0,590.0,0.7712418300653595,10.736842105263158,2.0,3.0,0.05
subject_18_task_5_6,18,5_6,,5_6,149,740.0,770.0,0.9118496040263488,18.0,0.7129629629629629,eye,高,6.6,6,74.83333333333333,1.3291601358251257,73.0,76.0,6.690882673447152,242.3931901820321,37.76411262525435,6.672734212915588,23.91693506091953,16.172388413829076,5.659466033003236,3.584278093173031,14.263504527209664,3.0477962305479025,1.5556421625546,3.409409863679663,1.8459807512434936,1.959188497143173,2.191641462121916,23.452751610000796,6.731061344906921,3.682967053500702,18.67114050622296,11.12918072326121,1.8276192122079864,5.069592053090953,57.168648604406975,13.1506569737345,12.001823541845845,42.98650648230818,28.756622599039044,1.0957215732995162,3.5816645972531096,2995,3.006960160696351,0.1242779524448015,0.902170283806344,0.8968280467445743,0.089482470784641,0.008347245409015,12,2,6011.916479138061,6.141956876422398,0.2047318958807466,0.2003972159712687,0.9646026941389754,0.1530299268424489,2.9847007034207813,0.0,0.0,0.0,0.0,0.0,0.0,0.0,0.0,0.0,0.0,0.0,0.0,58.0,8.0,0.07532467532467532,49.0,5.0,0.0,4.0,9.0,0.15517241379310345,0.0,0.06896551724137931,12.0,60.0,19.0,590.0,0.7662337662337663,10.736842105263158,2.0,2.0,0.03333333333333333
subject_18_task_5_6,18,5_6,,5_6,150,745.0,775.0,0.9177707053511952,18.0,0.7175925925925926,eye,高,6.6,6,75.16666666666667,1.3291601358251257,73.0,76.0,5.9944324157129945,298.80191297129414,44.26886711899088,6.408315573351015,22.89301749225481,15.129474938083218,6.908034820114508,3.572392344012433,14.478100945038856,2.9479122649209426,1.5622395515488277,3.3273847560013574,1.779033373309139,1.886978384331864,2.1298812673783214,27.03649314129822,6.767735752904914,3.544719230438261,19.261277715525388,10.926492352772913,1.9092445164036775,5.433795023913351,72.72771924589296,13.309391959621136,11.46251391186275,42.80295734320247,30.079287212995556,1.161123298253712,3.734168409506135,2995,3.018841520861373,0.118996808541482,0.9352253756260434,0.8924874791318865,0.0898163606010016,0.013355592654424,12,2,6724.571265022265,6.54569228802203,0.2181897429340676,0.2241523755007421,0.9595237339662864,0.1694548044850954,2.982425142223866,0.0,0.0,0.0,0.0,0.0,0.0,0.0,0.0,0.0,0.0,0.0,0.0,58.0,8.0,0.07483870967741936,49.0,5.0,0.0,4.0,9.0,0.15517241379310345,0.0,0.06896551724137931,12.0,65.0,19.0,590.0,0.7612903225806451,10.736842105263158,2.0,0.0,0.0
subject_18_task_5_6,18,5_6,,5_6,151,750.0,780.0,0.9236918066760418,18.0,0.7222222222222222,eye,高,6.6,5,76.0,0.0,76.0,76.0,-1.2479754043224044e-13,270.12392714006546,40.96337134757562,6.120837784409853,21.94656595592109,14.075733137442365,6.692445183225051,3.5855493527079467,13.211675141903934,2.7651720755052485,1.483110287936543,3.3206591838501507,1.6890684688988955,1.8644413014978427,2.238983311531199,24.166425771647432,6.760159810167594,3.551188013014717,18.349561304319433,10.459853499239228,1.9036333152151743,5.1671613096998215,63.32560939059863,13.083100951752398,11.684579566334484,41.6405279689959,28.533517139329543,1.1196894913914852,3.5637164120966967,2995,3.0016824164697944,0.1147285410625196,0.9312186978297162,0.8908180300500834,0.0888146911519198,0.01669449081803,6,2,8168.024889773854,7.941686815531215,0.2647228938510405,0.2722674963257951,0.9594069032571706,0.1698244823852205,2.9823727977637335,0.0,0.0,0.0,0.0,0.0,0.0,0.0,0.0,0.0,0.0,0.0,0.0,58.0,8.0,0.07435897435897436,49.0,5.0,0.0,4.0,9.0,0.15517241379310345,0.0,0.06896551724137931,12.0,70.0,19.0,590.0,0.7564102564102564,10.736842105263158,2.0,0.0,0.0
subject_18_task_5_6,18,5_6,,5_6,152,755.0,785.0,0.929612908000888,18.0,0.7268518518518519,eye,高,6.6,6,76.0,0.0,76.0,76.0,5.002629980443125e-14,180.753911194566,31.696699220666744,6.140406675879829,18.94053440727294,12.367100036399558,5.161986964996106,3.0845732875761103,10.315142974985084,2.785261464472502,1.4682947314946049,3.013673912457183,1.454172860732169,1.8969362245394232,2.052499302636268,17.729861056759844,5.751129661236696,3.271542205697321,16.395559134344026,8.916318250305034,1.757926170483519,5.011568888150521,42.17717751456325,10.845015676651792,10.136819247497987,38.73567685930572,26.891179631723883,1.0698637720435435,3.821285150059929,2995,2.9759435810810815,0.1348543299021431,0.921202003338898,0.8881469115191987,0.0901502504173622,0.0176961602671118,6,2,8776.845398947518,8.533636751528944,0.2844545583842981,0.2925615132982506,0.9594069032571706,0.1698244823852205,2.9823727977637335,0.0,0.0,0.0,0.0,0.0,0.0,0.0,0.0,0.0,0.0,0.0,0.0,58.0,8.0,0.07388535031847134,49.0,5.0,0.0,4.0,9.0,0.15517241379310345,0.0,0.06896551724137931,12.0,75.0,19.0,590.0,0.7515923566878981,10.736842105263158,2.0,0.0,0.0
subject_18_task_5_6,18,5_6,,5_6,153,760.0,790.0,0.9355340093257346,18.0,0.7314814814814815,eye,高,6.6,7,76.14285714285714,0.3779644730092272,76.0,77.0,1.4420062695924185,143.89122953826595,24.235177555922988,5.445519517897765,16.792153177053983,11.000224302514422,4.450480340079461,3.0836641245822896,8.035998780890894,2.4164981269927854,1.392366990349257,2.8477166518880974,1.3649412036528237,1.7355324736523945,2.0452342461622024,16.06958203617025,5.158270744863734,3.209370896443567,15.934775963906484,8.354255532620172,1.6072529200597605,4.965077729583841,33.99731198547675,9.373383160729311,10.13141632912337,35.878203744504034,25.67584440613644,0.925179940911613,3.541282144468781,2995,2.9747077702702702,0.1352457893194936,0.9325542570951586,0.8848080133555927,0.0918196994991652,0.018363939899833,6,2,8776.845398947518,8.533636751528944,0.2844545583842981,0.2925615132982506,0.9594069032571706,0.1698244823852205,2.9823727977637335,0.0,0.0,0.0,0.0,0.0,0.0,0.0,0.0,0.0,0.0,0.0,0.0,58.0,8.0,0.07341772151898734,49.0,5.0,0.0,4.0,9.0,0.15517241379310345,0.0,0.06896551724137931,12.0,80.0,19.0,590.0,0.7468354430379747,10.736842105263158,2.0,0.0,0.0
subject_18_task_5_6,18,5_6,,5_6,154,765.0,795.0,0.941455110650581,18.0,0.7361111111111112,eye,高,6.6,6,76.16666666666667,0.408248290463863,76.0,77.0,2.0134228187919803,112.17795694074157,19.161743414626393,5.140215167806854,15.294053219703237,10.03587158600794,3.7278095933875126,2.9753721819837087,7.4852005048324015,2.6458388114572347,1.4544738119088885,2.6863683217859253,1.2512746861141013,1.81910378158323,1.8469691924258624,13.552677211159429,5.020007217937598,3.249737082578547,14.491218670025296,7.256797446190898,1.5447425715911782,4.459197252513439,28.422333985827866,9.085150220202054,9.193003823661837,34.432647883482815,24.49295131447562,0.9882678604807956,3.745527418889652,2995,2.9457479729729728,0.1264093165281573,0.9315525876460768,0.887813021702838,0.089482470784641,0.0176961602671118,6,2,8562.397809699916,8.325131560233267,0.2775043853411089,0.2854132603233305,0.9594069032571706,0.1698244823852205,2.9823727977637335,0.0,0.0,0.0,0.0,0.0,0.0,0.0,0.0,0.0,0.0,0.0,0.0,58.0,8.0,0.0729559748427673,49.0,5.0,0.0,4.0,9.0,0.15517241379310345,0.0,0.06896551724137931,12.0,85.0,19.0,590.0,0.7421383647798742,10.736842105263158,2.0,0.0,0.0
subject_18_task_5_6,18,5_6,,5_6,155,770.0,800.0,0.9473762119754274,18.0,0.7407407407407407,eye,高,6.6,7,76.57142857142857,0.7867957924694432,76.0,78.0,4.14492753623181,114.55064668199924,20.66885658186527,5.269750580533795,16.235462346127534,10.435418743662083,3.9221698002586742,3.080878705360468,7.504471037392476,2.836224416174518,1.4805150368104334,2.7341636522965955,1.2903747994005232,1.9157011888813873,1.846765202862766,14.503705610490686,5.2504955251619165,3.4134653083001907,13.460180246746903,6.825693151717832,1.5381716381868005,3.943259717336836,29.58832104169522,9.022249289379852,9.41770692071964,33.61303986509517,23.945404976027884,0.9580091380344664,3.5691320772728696,2994,2.9590125042244004,0.1352347301189281,0.940881763527054,0.8994655978623914,0.0811623246492986,0.0173680694722778,6,2,7099.590243208663,6.902858768311778,0.2300952922770592,0.2366530081069554,0.9594069032571706,0.1698244823852205,2.9823727977637335,0.0,0.0,0.0,0.0,0.0,0.0,0.0,0.0,0.0,0.0,0.0,0.0,58.0,8.0,0.0725,49.0,5.0,0.0,4.0,9.0,0.15517241379310345,0.0,0.06896551724137931,12.0,90.0,19.0,590.0,0.7375,10.736842105263158,2.0,0.0,0.0
subject_18_task_5_6,18,5_6,,5_6,156,775.0,805.0,0.953297313300274,18.0,0.7453703703703703,eye,高,6.6,7,76.85714285714286,0.8997354108424375,76.0,78.0,5.043478260869542,99.15186326530406,14.993150456354437,4.822467581408646,15.453892153197526,10.257314519355658,3.1090204761884426,3.204561128160748,8.46331730041855,3.151047662385972,1.5195910183866557,2.608413664639636,1.2932620722826609,2.0736156138455124,1.7165234810409575,12.659521538259703,4.900742867594459,3.5240436052948025,13.44588884297109,7.171758928933648,1.390658974886461,3.815471756015993,24.47721570868944,7.6536920906568895,9.509130866618213,33.36306221686399,24.17777239481225,0.8048781952854558,3.5085290848173054,2994,2.967412141652614,0.139518751083188,0.9458917835671342,0.9104876419505676,0.0704742818971276,0.0156980627922511,12,2,7538.974211108956,6.38252601166366,0.2127508670554553,0.2512991403702985,0.9696491249197896,0.1359597371806176,2.9883620350100197,0.0,0.0,0.0,0.0,0.0,0.0,0.0,0.0,0.0,0.0,0.0,0.0,58.0,8.0,0.07204968944099378,49.0,5.0,0.0,4.0,9.0,0.15517241379310345,0.0,0.06896551724137931,12.0,95.0,19.0,590.0,0.7329192546583851,10.736842105263158,2.0,0.0,0.0
subject_18_task_5_6,18,5_6,,5_6,157,780.0,810.0,0.9592184146251204,18.0,0.75,eye,高,6.6,7,77.28571428571429,1.1126972805283737,76.0,79.0,6.434782608695693,74.8281474091731,14.745077287803753,5.1268104832997885,16.068267427217766,10.508832063163174,2.87607223552241,3.1341645023858353,8.296710457386265,3.097655042017287,1.6713895841509652,2.657319527276019,1.3252200740633946,1.8533411189054632,1.589886375070291,10.933397830271844,5.0606913403867475,3.5454854126973103,14.132256615228906,7.221024432437163,1.427362053800331,3.985986394025935,20.545083890844825,7.895022821868676,10.626370519123777,34.80556690454476,25.41841829491086,0.7429651363709159,3.275395568214644,2994,2.9757323470073977,0.1391832053974968,0.9472277889111556,0.9148296593186372,0.0661322645290581,0.0160320641282565,12,2,8391.97511022621,6.058313184468822,0.2019437728156274,0.279732503674207,0.9798099287442948,0.0987779176859552,2.994303662395418,0.0,0.0,0.0,0.0,0.0,0.0,0.0,0.0,0.0,0.0,0.0,0.0,58.0,8.0,0.07160493827160494,49.0,5.0,0.0,4.0,9.0,0.15517241379310345,0.0,0.06896551724137931,12.0,100.0,19.0,590.0,0.7283950617283951,10.736842105263158,2.0,0.0,0.0
subject_18_task_5_6,18,5_6,,5_6,158,785.0,815.0,0.9651395159499668,18.0,0.7546296296296297,eye,高,6.6,5,77.8,0.8366600265340756,77.0,79.0,6.237623762376329,86.46136371686973,14.376137032948613,4.942196445802812,17.59506919347975,12.204689518448127,2.908855847921146,3.560171957232186,7.9098529051602755,3.134141482178521,1.613282255939584,2.7342666884242113,1.4910152089341748,1.9427111843817937,1.6948470599968013,12.92527675894037,5.214812612523765,3.6011171270258373,15.518844083316557,8.306823961302882,1.448109691680781,4.3094527436639005,23.91829859935372,8.318013394300197,10.54645159911814,34.51338669832092,27.030022068566137,0.7887025618166892,3.272511742357668,2994,2.9798236682400536,0.1152039598732852,0.9575818303273214,0.9255177020708084,0.0521042084168336,0.0190380761523046,12,2,6929.167543734959,4.636040392547331,0.1545346797515777,0.2309722514578319,0.9841171849729112,0.0815508503011487,2.9968223717422267,0.0,0.0,0.0,0.0,0.0,0.0,0.0,0.0,0.0,0.0,0.0,0.0,58.0,8.0,0.07116564417177915,49.0,5.0,0.0,4.0,9.0,0.15517241379310345,0.0,0.06896551724137931,12.0,105.0,19.0,590.0,0.7239263803680982,10.736842105263158,2.0,0.0,0.0
subject_18_task_5_6,18,5_6,,5_6,159,790.0,820.0,0.9710606172748132,18.0,0.7592592592592593,eye,高,6.6,5,78.4,1.140175425099138,77.0,80.0,8.368678629689963,115.01251494808156,17.389357768109793,5.470396115747295,20.04896108196779,14.8043850864111,3.1788114425666745,3.6649925631992297,9.25160915957206,3.0264428037054536,1.7122999530667462,3.134151142656851,1.6732178678712513,1.7674723393439709,1.830375067781527,14.22526938973655,5.4581108504567215,3.92897053492284,17.68035819395078,9.468390194025885,1.3891961779662243,4.499997655059533,29.48824021608885,7.674020148938617,12.071600644129283,38.803781312691704,28.999331264855133,0.6357085837387009,3.214468607488514,2995,2.975436130771824,0.1098500842682862,0.9642737896494156,0.9392320534223706,0.0414023372287145,0.0173622704507512,12,2,5466.3599772437055,3.2137676006258404,0.107125586687528,0.1822119992414568,0.9907296999215044,0.0526209115297344,3.0006891032118537,1.0,0.0,0.03333333333333333,1.0,0.0,0.0,0.0,0.0,0.0,0.0,0.0,1.0,59.0,8.0,0.07195121951219512,50.0,5.0,0.0,4.0,9.0,0.15254237288135594,0.0,0.06779661016949153,12.0,4.0,20.0,696.0,0.848780487804878,12.379310344827585,2.0,1.0,0.016666666666666666
subject_18_task_5_6,18,5_6,,5_6,160,795.0,825.0,0.9769817185996597,18.0,0.7638888888888888,eye,高,6.6,6,78.5,1.0488088481701516,77.0,80.0,5.370305370305328,117.3958356782316,19.04131015326278,5.407163248626656,23.29093382817057,17.60889794248538,3.5214971839622207,4.307421980293667,9.598599280127903,2.934607893254944,1.595841086388728,3.2525887814410033,1.9061919092200927,1.838909850288256,2.0381658356731336,14.65429418679406,5.50167745614344,3.727586679308897,19.043257728165266,10.31571332053598,1.4759354857345566,5.108736393407202,31.739353256725035,8.097871594932434,13.369584720273016,44.18689707749963,30.882590372004135,0.6056935772023793,3.305031382949141,2995,2.9899737108190085,0.1078852002644028,0.9649415692821368,0.9382303839732888,0.0440734557595993,0.0156928213689482,6,1,4218.000000000055,2.0000000000000258,0.0666666666666675,0.1406000000000018,1.0,-1.000088900581841e-12,3.00611,1.0,0.0,0.03333333333333333,1.0,0.0,0.0,0.0,0.0,0.0,0.0,0.0,1.0,59.0,8.0,0.07151515151515152,50.0,5.0,0.0,4.0,9.0,0.15254237288135594,0.0,0.06779661016949153,12.0,9.0,20.0,696.0,0.8436363636363636,12.379310344827585,2.0,1.0,0.016666666666666666
subject_18_task_5_6,18,5_6,,5_6,161,800.0,830.0,0.982902819924506,18.0,0.7685185185185185,eye,高,6.6,6,79.16666666666667,0.7527726527090811,78.0,80.0,2.7543424317617418,169.85755032016115,29.08381680882592,6.8594041625471975,24.94866913913033,19.262379166719217,4.239991713511429,3.637148146970509,11.14084674459802,2.8373378458018155,1.661692871352804,3.520473834835242,2.0596148426777976,1.7074983558736128,2.1186068108778624,18.599270271790708,6.4350561071067185,3.988893284912132,20.143681388072896,11.141464290547184,1.613243485717485,5.049942414921392,40.895390759022014,9.5476585642983,13.77490736737733,46.27567740792265,31.938961410134763,0.6931196203111837,3.359418410138703,2995,2.9752119986518366,0.1111935972363884,0.9569282136894824,0.9348914858096828,0.0470784641068447,0.0156928213689482,6,1,4218.000000000055,2.0000000000000258,0.0666666666666675,0.1406000000000018,1.0,-1.000088900581841e-12,3.00611,1.0,0.0,0.03333333333333333,1.0,0.0,0.0,0.0,0.0,0.0,0.0,0.0,1.0,59.0,8.0,0.07108433734939759,50.0,5.0,0.0,4.0,9.0,0.15254237288135594,0.0,0.06779661016949153,12.0,14.0,20.0,696.0,0.8385542168674699,12.379310344827585,2.0,1.0,0.016666666666666666
subject_18_task_5_6,18,5_6,,5_6,162,805.0,835.0,0.9888239212493524,18.0,0.7731481481481481,eye,高,6.6,5,79.4,0.5477225575051661,79.0,80.0,0.9491059147179068,122.2697900398062,25.76540755908026,6.829841840583902,26.614343817387528,20.33087771114549,3.772474994366415,3.8967730788788217,8.57826329292997,2.61895468511281,1.5114817369657405,3.652609269948671,2.106750467447839,1.7327068009239015,2.4165751928178683,14.32753558729353,5.977216351805062,3.836785658307153,21.489280407975688,11.877063418121306,1.5578708023117191,5.600855070297849,31.937306119696984,10.265889935984392,13.527792008487054,45.93922606854795,33.13176021991594,0.7588740224231557,3.395914576430998,2995,2.960854166666667,0.1067963249742761,0.9485809682804676,0.9235392320534224,0.0584307178631051,0.0160267111853088,12,1,2315.8084656085075,1.0980599647266511,0.0366019988242217,0.0771936155202835,1.0,-1.000088900581841e-12,3.00611,1.0,0.0,0.03333333333333333,1.0,0.0,0.0,0.0,0.0,0.0,0.0,0.0,1.0,59.0,8.0,0.07065868263473053,50.0,5.0,0.0,4.0,9.0,0.15254237288135594,0.0,0.06779661016949153,12.0,19.0,20.0,696.0,0.8335329341317366,12.379310344827585,2.0,1.0,0.016666666666666666
subject_18_task_5_6,18,5_6,,5_6,163,810.0,840.0,0.9947450225741988,18.0,0.7777777777777778,eye,高,6.6,5,79.4,0.5477225575051661,79.0,80.0,-1.6865417376491378,157.72423075308183,30.65937387753597,6.92661025672771,28.50584226696975,21.19217382459288,4.426317165421136,4.115410166074013,9.74507982864912,2.7286562178626412,1.439322914630598,3.866245124728963,2.269669295469245,1.8957915490166088,2.68615547312483,17.86670825850794,6.22340067050019,4.043857471178999,22.507820456557287,12.836730796555504,1.5389762658192152,5.565928229907436,39.00957268714806,10.780783252409044,13.893930415887068,48.75524937495915,34.438216057634015,0.7759347376665795,3.509104185465747,2995,2.962813662495773,0.1130236397489295,0.8797996661101837,0.9095158597662772,0.0634390651085141,0.0223706176961602,6,0,0.0,0.0,0.0,0.0,,,,1.0,0.0,0.03333333333333333,1.0,0.0,0.0,0.0,0.0,0.0,0.0,0.0,1.0,59.0,8.0,0.07023809523809524,50.0,5.0,0.0,4.0,9.0,0.15254237288135594,0.0,0.06779661016949153,12.0,24.0,20.0,696.0,0.8285714285714286,12.379310344827585,2.0,1.0,0.016666666666666666
subject_18_task_5_6,18,5_6,,5_6,164,814.4375,844.4375,1.0,18.0,0.781886574074074,eye,高,6.6,6,79.33333333333333,0.5163977794943223,79.0,80.0,-1.5876515986770654,115.97182296430977,24.54160786361589,6.473319252475766,27.820367596418624,20.17613919281287,3.791193807447359,4.29769744258767,8.935709505579725,2.5579738980892155,1.4209138281224654,3.925238212825169,2.205530109402575,1.8002315463909675,2.7624744971423145,14.589461690234044,5.693237860487767,4.036996786071022,22.089189249793705,12.542038717159809,1.4102656410654888,5.471688589401095,33.09150292942696,11.059204545267212,15.54561027818733,50.628563948609816,35.964873999840464,0.7114036919338461,3.2567755811844057,2995,2.9867278246205737,0.1156757377345313,0.8854757929883138,0.907846410684474,0.0654424040066777,0.0196994991652754,6,0,0.0,0.0,0.0,0.0,,,,1.0,0.0,0.03333333333333333,1.0,0.0,0.0,0.0,0.0,0.0,0.0,0.0,1.0,59.0,8.0,0.06986899563318777,50.0,5.0,0.0,4.0,9.0,0.15254237288135594,0.0,0.06779661016949153,12.0,28.4375,20.0,696.0,0.8242173044186218,12.379310344827585,2.0,1.0,0.016666666666666666
