sample_id,subject,task,repeat_id,label_task,window_id,window_start_sec,window_end_sec,progress_end_ratio,task_required_time_min,elapsed_required_ratio,anchor_source,task_difficulty,nasa_tlx_weighted_task_label,hr_n,hr_mean,hr_std,hr_min,hr_max,hr_slope_bpm_per_min,eeg_frontal_delta_power,eeg_frontal_theta_power,eeg_frontal_alpha_power,eeg_frontal_beta_power,eeg_frontal_gamma_power,eeg_frontal_theta_alpha,eeg_frontal_beta_alpha,eeg_central_delta_power,eeg_central_theta_power,eeg_central_alpha_power,eeg_central_beta_power,eeg_central_gamma_power,eeg_central_theta_alpha,eeg_central_beta_alpha,eeg_parietal_delta_power,eeg_parietal_theta_power,eeg_parietal_alpha_power,eeg_parietal_beta_power,eeg_parietal_gamma_power,eeg_parietal_theta_alpha,eeg_parietal_beta_alpha,eeg_occipital_delta_power,eeg_occipital_theta_power,eeg_occipital_alpha_power,eeg_occipital_beta_power,eeg_occipital_gamma_power,eeg_occipital_theta_alpha,eeg_occipital_beta_alpha,eye_n,eye_pupil_filtered_mean,eye_pupil_filtered_std,eye_valid_ratio,eye_fixation_ratio,eye_saccade_ratio,eye_eyes_not_found_ratio,eye_aoi_interval_n,eye_aoi_unique_hit_n,eye_aoi_total_fix_ms,eye_aoi_fixation_n,eye_aoi_fixation_density_per_sec,eye_aoi_coverage_ratio,eye_aoi_max_share,eye_aoi_entropy,eye_aoi_pupil_weighted_mean,log_action_count_win,log_unique_device_count_win,log_action_density_win,log_correct_action_count_win,log_error_action_count_win,log_duplicate_action_count_win,log_extra_action_count_win,log_disallowed_action_count_win,log_error_rate_win,log_duplicate_rate_win,log_extra_rate_win,log_unique_step_count_win,log_action_count_cum,log_unique_device_count_cum,log_action_density_cum,log_correct_action_count_cum,log_error_action_count_cum,log_duplicate_action_count_cum,log_extra_action_count_cum,log_disallowed_action_count_cum,log_error_rate_cum,log_duplicate_rate_cum,log_extra_rate_cum,log_unique_step_count_cum,log_time_since_last_action_sec,log_cum_gap_count,log_cum_idle_gap_total_sec,log_cum_idle_ratio,log_cum_mean_inter_action_sec,log_action_type_diversity_cum,log_recent_60s_action_count,log_recent_60s_action_density
subject_26_task_4,26,4,,4,1,0.0,30.0,0.0189085250858023,22.0,0.0227272727272727,eye,中,5.333333333333333,0,,,,,,5.628995878634753,2.402261468499848,2.439363544419604,5.730806743587752,4.033304747523422,0.984790263835568,2.349304086591684,5.391850575504956,3.015457218723363,2.3616407482047683,6.094890398400524,3.0230730270983703,1.2768484033888734,2.5807864312273714,4.423868208129523,2.402317185004003,2.1263347216514052,3.87660197043209,2.265760952331618,1.1297925771245731,1.8231381592740723,23.013756414488213,9.546696033122998,18.39942230210454,35.21098232482491,26.556802070034575,0.5188584661177672,1.913700427474696,2991,3.273209520616829,0.1623028402552907,0.9802741558007356,0.908057505850886,0.0678702774991641,0.0130391173520561,8,4,634.5714669171922,0.8262649308817608,0.0275421643627253,0.021152382230573,0.636935763888889,1.04727360569657,3.092447892795139,0.0,0.0,0.0,0.0,0.0,0.0,0.0,0.0,0.0,0.0,0.0,0.0,0.0,0.0,0.0,0.0,0.0,0.0,0.0,0.0,0.0,0.0,0.0,0.0,,0.0,0.0,0.0,,0.0,0.0,0.0
subject_26_task_4,26,4,,4,2,5.0,35.0,0.022059945933436,22.0,0.0265151515151515,eye,中,5.333333333333333,0,,,,,,5.399187438148952,2.319839031016597,2.5769163337931986,6.185077852743563,4.278233589352039,0.9002383975741323,2.400185745898541,4.778613068218743,2.8811239434966933,2.482348381202625,6.333942057089698,3.0521003870369916,1.1606444789594252,2.5515927196411847,4.270636496050022,2.249343950846838,2.170084814445663,3.973898618837208,2.18447853903014,1.0365235201285998,1.8312181129438112,8.316264578442501,7.619737672178641,19.113434875781405,33.345741295720096,24.59843529566056,0.3986587299299926,1.744623167548624,2994,3.2743914936369727,0.1649671520462504,0.9853039412157648,0.9108216432865732,0.0684702738810955,0.0103540414161656,8,4,892.2549993289491,1.161790363709569,0.0387263454569856,0.0297418333109649,0.6369357638888888,1.0472736056965704,3.092447892795139,0.0,0.0,0.0,0.0,0.0,0.0,0.0,0.0,0.0,0.0,0.0,0.0,0.0,0.0,0.0,0.0,0.0,0.0,0.0,0.0,0.0,0.0,0.0,0.0,,0.0,0.0,0.0,,0.0,0.0,0.0
subject_26_task_4,26,4,,4,3,10.0,40.0,0.0252113667810698,22.0,0.0303030303030303,eye,中,5.333333333333333,0,,,,,,5.526098117123522,2.2176659037542827,2.3806389046322227,5.651913534043025,3.6982811753495097,0.9315423264902424,2.3741162605742474,4.764837379863991,2.8038933952903116,2.2558099180961766,6.00366915927702,2.748187674863745,1.242965275042632,2.6614251099418444,4.513213573068171,2.4098817920105673,2.079942454122228,3.775563959003744,1.909269083796425,1.1586290703545352,1.8152252008323464,11.599218780216871,6.946753483524371,17.954935255814963,32.06679406083375,22.93725963322906,0.386899389195768,1.785959882559223,2994,3.2488760913364674,0.1506862894757744,0.9832999331997327,0.9101536406145624,0.0714762859051436,0.0123580494321977,8,4,1149.9385317407057,1.4973157965373771,0.0499105265512459,0.0383312843913568,0.636935763888889,1.04727360569657,3.092447892795139,0.0,0.0,0.0,0.0,0.0,0.0,0.0,0.0,0.0,0.0,0.0,0.0,0.0,0.0,0.0,0.0,0.0,0.0,0.0,0.0,0.0,0.0,0.0,0.0,,0.0,0.0,0.0,,0.0,0.0,0.0
subject_26_task_4,26,4,,4,4,15.0,45.0,0.0283627876287035,22.0,0.034090909090909,eye,中,5.333333333333333,0,,,,,,5.121668145508899,2.2127182402950316,2.253663749789305,5.451507775771807,3.472025754887061,0.981831580022485,2.418953482426768,4.746729213042095,2.712587327639317,2.0772323299566815,5.569271010519248,2.6459767463072494,1.3058661222049657,2.681101641931112,4.221928470083931,2.315736176241971,1.998686288311327,3.570591201588028,1.7964352902284748,1.1586291404433042,1.7864690534324874,8.647423689077229,6.397569225018633,16.12361745917043,29.735830496095264,20.86753534743228,0.3967824987921657,1.8442406346711473,2994,3.2283750837240457,0.137944501143473,0.9896459585838344,0.9131596526386104,0.0724782899131596,0.0076820307281229,8,4,1407.6220641524624,1.8328412293651857,0.0610947076455061,0.0469207354717487,0.636935763888889,1.04727360569657,3.0924478927951387,0.0,0.0,0.0,0.0,0.0,0.0,0.0,0.0,0.0,0.0,0.0,0.0,0.0,0.0,0.0,0.0,0.0,0.0,0.0,0.0,0.0,0.0,0.0,0.0,,0.0,0.0,0.0,,0.0,0.0,0.0
subject_26_task_4,26,4,,4,5,20.0,50.0,0.0315142084763372,22.0,0.0378787878787878,eye,中,5.333333333333333,0,,,,,,5.187055893580756,2.200774689795472,2.335286972610185,5.778988519937327,3.499458936547624,0.9424001056862118,2.474637416179334,5.058504885503036,2.7769063343852003,2.14577998480122,5.7845292429060535,2.7852104770261774,1.2941244461474677,2.695769968905698,4.8879222954894015,2.4290542350628197,2.0158615471777397,3.722557960138035,1.8014356814928438,1.204970767195575,1.846633745928492,9.897376209423582,6.508074077011142,15.851279925577009,32.45520800437077,20.298149952815425,0.4105708881280916,2.047481853626363,2994,3.176024112525117,0.1241810159063118,0.9873079492317968,0.919505678022712,0.0664662658650634,0.0093520374081496,8,4,1546.1011944705406,2.01315259696685,0.0671050865655616,0.0515367064823513,0.636935763888889,1.04727360569657,3.0924478927951395,0.0,0.0,0.0,0.0,0.0,0.0,0.0,0.0,0.0,0.0,0.0,0.0,0.0,0.0,0.0,0.0,0.0,0.0,0.0,0.0,0.0,0.0,0.0,0.0,,0.0,0.0,0.0,,0.0,0.0,0.0
subject_26_task_4,26,4,,4,6,25.0,55.0,0.0346656293239709,22.0,0.0416666666666666,eye,中,5.333333333333333,0,,,,,,4.840487099087766,2.2293575968831147,2.3390427513247394,6.065601041392564,3.724868353055778,0.9531068192834428,2.5931980242589634,4.819312585367245,2.857356553549361,2.0553624648085007,5.876111766059079,2.810700644478389,1.3901959398755404,2.858917522660199,4.750923812270623,2.325311692130554,2.045940510896553,3.644074620985337,1.7482262810216316,1.1365490246398111,1.781124427409898,8.990971575259165,6.92714681693414,15.740348325017886,31.9656253417798,20.90393096991751,0.4400885338683424,2.0308080025759834,2995,3.132340475393371,0.1324347135806692,0.9896494156928214,0.9198664440734556,0.0691151919866444,0.0076794657762938,8,4,1546.1011944705406,2.01315259696685,0.0671050865655616,0.0515367064823513,0.636935763888889,1.04727360569657,3.0924478927951395,0.0,0.0,0.0,0.0,0.0,0.0,0.0,0.0,0.0,0.0,0.0,0.0,0.0,0.0,0.0,0.0,0.0,0.0,0.0,0.0,0.0,0.0,0.0,0.0,,0.0,0.0,0.0,,0.0,0.0,0.0
subject_26_task_4,26,4,,4,7,30.0,60.0,0.0378170501716047,22.0,0.0454545454545454,eye,中,5.333333333333333,0,,,,,,4.675315042740974,2.058568434405087,2.1985885499580657,5.512945517895369,3.540479261107715,0.93631363378307,2.5074930541235276,4.8360489062582035,2.733147542169102,2.104989367620719,5.499704832323214,2.846499198558871,1.298413941757052,2.612699577926876,4.864673429019822,2.318982728608556,2.03388484804164,3.414233677565264,1.6530490913801938,1.1401740520567951,1.6786759982270951,8.766583372131256,7.115741447449925,15.682977805332053,29.38198778997396,19.890918058421843,0.4537238741121374,1.8734954646166997,2995,3.1096424974823766,0.1248439351604478,0.9859766277128548,0.91118530884808,0.0717863105175292,0.0110183639398998,8,4,1546.1011944705406,2.01315259696685,0.0671050865655616,0.0515367064823513,0.636935763888889,1.04727360569657,3.0924478927951395,0.0,0.0,0.0,0.0,0.0,0.0,0.0,0.0,0.0,0.0,0.0,0.0,0.0,0.0,0.0,0.0,0.0,0.0,0.0,0.0,0.0,0.0,0.0,0.0,,0.0,0.0,0.0,,0.0,0.0,0.0
subject_26_task_4,26,4,,4,8,35.0,65.0,0.0409684710192384,22.0,0.0492424242424242,eye,中,5.333333333333333,1,88.0,,88.0,88.0,,4.85351395754273,2.041532072393865,2.103675041805839,5.582266888530266,3.550672003158577,0.9704598057318636,2.653578512648194,5.052493216152779,2.5263221453398503,1.9276406253961584,5.110076362183858,2.5376108595209015,1.3105773514296286,2.650948675214636,4.613756766322681,2.2355693399975056,1.9517502976420549,3.1633946059578144,1.4916980605046737,1.1454177015873075,1.6207988336313153,8.230081258114698,6.174045217832815,14.150021703998249,28.26719664862149,19.417207240959144,0.4363276146840304,1.9976786778096796,2995,3.095979523329976,0.1262342553480568,0.9823038397328882,0.9068447412353924,0.074457429048414,0.0130217028380634,8,4,1546.1011944705406,2.01315259696685,0.0671050865655616,0.0515367064823513,0.636935763888889,1.04727360569657,3.0924478927951395,0.0,0.0,0.0,0.0,0.0,0.0,0.0,0.0,0.0,0.0,0.0,0.0,0.0,0.0,0.0,0.0,0.0,0.0,0.0,0.0,0.0,0.0,0.0,0.0,,0.0,0.0,0.0,,0.0,0.0,0.0
subject_26_task_4,26,4,,4,9,40.0,70.0,0.0441198918668721,22.0,0.053030303030303,eye,中,5.333333333333333,2,88.5,0.7071067811865476,88.0,89.0,11.99999999999983,4.7846101496827576,1.8296967064606615,1.7574361237754172,4.95282559238525,3.201364284644536,1.041117046422154,2.818210872862524,5.051006767454713,2.2368874329849033,1.7233985957174789,4.6077718362554165,2.180973034523817,1.2979512914443632,2.6736541666596443,4.5841702949546,2.104764856907532,1.8706502485094396,2.948111972719583,1.3782237557356565,1.1251514592771354,1.57598245586992,6.6893862115795555,5.245262537536962,11.812555668318169,23.7904590757655,17.566697457450896,0.4440412968046367,2.0139976262353314,2995,3.099188818212253,0.1258307737628716,0.986644407345576,0.9175292153589316,0.0664440734557596,0.0093489148580968,8,4,1546.1011944705406,2.01315259696685,0.0671050865655616,0.0515367064823513,0.636935763888889,1.04727360569657,3.0924478927951395,0.0,0.0,0.0,0.0,0.0,0.0,0.0,0.0,0.0,0.0,0.0,0.0,0.0,0.0,0.0,0.0,0.0,0.0,0.0,0.0,0.0,0.0,0.0,0.0,,0.0,0.0,0.0,,0.0,0.0,0.0
subject_26_task_4,26,4,,4,10,45.0,75.0,0.0472713127145058,22.0,0.0568181818181818,eye,中,5.333333333333333,4,88.25,0.5,88.0,89.0,-1.16883116883134,4.859999910198423,1.8852868119840704,1.7045701936015387,5.175209904030041,3.2533248184331462,1.106018877404339,3.0360790793223273,5.01521922806733,2.2328674464471256,1.62909614489556,4.661335756679457,2.14733610985372,1.3706173533363022,2.861301815294819,4.137358667189073,2.1581185160297314,1.8146816451298864,2.898768698365704,1.4072353416815044,1.1892546121362588,1.5973979271489371,7.523776349667507,5.223276160425925,10.708428601581764,24.842614863902373,18.60918937348772,0.4877724225246629,2.3199122661407876,2995,3.079239370605959,0.1242650272710901,0.986644407345576,0.9298831385642736,0.0560934891485809,0.0093489148580968,8,4,1546.1011944705406,2.01315259696685,0.0671050865655616,0.0515367064823513,0.636935763888889,1.04727360569657,3.0924478927951395,0.0,0.0,0.0,0.0,0.0,0.0,0.0,0.0,0.0,0.0,0.0,0.0,0.0,0.0,0.0,0.0,0.0,0.0,0.0,0.0,0.0,0.0,0.0,0.0,,0.0,0.0,0.0,,0.0,0.0,0.0
subject_26_task_4,26,4,,4,11,50.0,80.0,0.0504227335621396,22.0,0.0606060606060606,eye,中,5.333333333333333,5,89.0,1.7320508075688772,88.0,92.0,10.895883777239677,4.816990892462499,1.761437656315816,1.561047687657643,4.4203478710672615,2.746458637730833,1.1283688962499658,2.8316546035182357,4.894427796112349,2.1868600967039127,1.5533060593019272,4.11585916674536,1.885973771131477,1.407874567673232,2.6497412677287,4.224548894459611,2.1114539688985587,1.7717959715797755,2.732171843434802,1.2992588788322912,1.191702658075205,1.5420352496900265,6.579599421892779,4.637923273109487,10.187143190157132,21.11293112814653,17.276376434532725,0.4552722177882677,2.072507545446691,2995,3.0905222631402745,0.1230714200665912,0.9886477462437396,0.9358931552587646,0.0517529215358931,0.0076794657762938,8,4,1546.1011944705406,2.01315259696685,0.0671050865655616,0.0515367064823513,0.636935763888889,1.04727360569657,3.0924478927951395,0.0,0.0,0.0,0.0,0.0,0.0,0.0,0.0,0.0,0.0,0.0,0.0,0.0,0.0,0.0,0.0,0.0,0.0,0.0,0.0,0.0,0.0,0.0,0.0,,0.0,0.0,0.0,,0.0,0.0,0.0
subject_26_task_4,26,4,,4,12,55.0,85.0,0.0535741544097733,22.0,0.0643939393939393,eye,中,5.333333333333333,5,89.0,1.7320508075688772,88.0,92.0,10.895883777239677,5.027849400998925,1.6108443382477708,1.4858580559354904,3.900772571621907,2.3443566183339155,1.0841172424330867,2.625265957296302,4.619313881425366,1.8067848053632656,1.439381143699423,3.462693596833582,1.551011996865505,1.2552511287729953,2.4056822002919573,3.990222768161878,2.092621040756433,1.7141801235142469,2.5612603058963215,1.1952908994619889,1.220770800017412,1.4941605440188352,6.435531115990883,3.6766767199960064,8.99065001797713,18.563320241767578,15.744345181555085,0.4089444826174257,2.064736165310578,2994,3.1031949095780305,0.1107096320743837,0.9893119572478288,0.9415497661990648,0.0464261857047428,0.0073480293921175,8,4,1546.1011944705406,2.01315259696685,0.0671050865655616,0.0515367064823513,0.636935763888889,1.04727360569657,3.0924478927951395,0.0,0.0,0.0,0.0,0.0,0.0,0.0,0.0,0.0,0.0,0.0,0.0,0.0,0.0,0.0,0.0,0.0,0.0,0.0,0.0,0.0,0.0,0.0,0.0,,0.0,0.0,0.0,,0.0,0.0,0.0
subject_26_task_4,26,4,,4,13,60.0,90.0,0.056725575257407,22.0,0.0681818181818181,eye,中,5.333333333333333,6,89.66666666666667,2.250925735484551,88.0,93.0,13.449701423977862,4.96310220303889,1.6177320988920068,1.4275842674104071,3.748448710387458,2.3091767376832553,1.1331955218493135,2.625728509313867,4.744637327220226,1.81645288623196,1.4700928447720922,2.9439899751416903,1.4598067407921989,1.2356041951306578,2.0025877859422514,3.859034013793867,2.0735618952269523,1.7996747923875382,2.4976273747129616,1.190388468942108,1.1521869973385923,1.3878215026835403,5.815467348669433,3.859475432665125,8.710733642820701,18.69124131935248,15.411727640383338,0.4430712257911899,2.1457711928498253,2994,3.1045263861055443,0.1051133072244539,0.995991983967936,0.9535738142952572,0.042752171008684,0.002004008016032,8,4,1546.1011944705406,2.01315259696685,0.0671050865655616,0.0515367064823513,0.636935763888889,1.04727360569657,3.0924478927951395,0.0,0.0,0.0,0.0,0.0,0.0,0.0,0.0,0.0,0.0,0.0,0.0,0.0,0.0,0.0,0.0,0.0,0.0,0.0,0.0,0.0,0.0,0.0,0.0,,0.0,0.0,0.0,,0.0,0.0,0.0
subject_26_task_4,26,4,,4,14,65.0,95.0,0.0598769961050408,22.0,0.0719696969696969,eye,中,5.333333333333333,7,90.85714285714286,2.410295378065479,88.0,93.0,12.824964805255709,4.9075604453655455,1.5050271596330462,1.4831558324357266,3.6892108405951936,2.278201225441413,1.0147464795802348,2.487406083645676,4.328640999492677,1.9001705956066173,1.3876609200255647,2.8936324247120813,1.519020727127805,1.3693335080529692,2.0852590016434074,4.087475356390728,2.0357036216182185,1.7709276351097625,2.4287308702913943,1.2021414575694342,1.1495125951276068,1.371445575832838,6.277284307594496,3.686257137215238,9.75324657625176,19.20900034160091,17.040781665528268,0.3779518038835323,1.9694980734284953,2994,3.0815861723446893,0.0986120456068568,0.9996659986639946,0.9672678690714764,0.0313961255845023,0.0,8,4,1546.1011944705406,2.01315259696685,0.0671050865655616,0.0515367064823513,0.636935763888889,1.04727360569657,3.0924478927951395,0.0,0.0,0.0,0.0,0.0,0.0,0.0,0.0,0.0,0.0,0.0,0.0,0.0,0.0,0.0,0.0,0.0,0.0,0.0,0.0,0.0,0.0,0.0,0.0,,0.0,0.0,0.0,,0.0,0.0,0.0
subject_26_task_4,26,4,,4,15,70.0,100.0,0.0630284169526745,22.0,0.0757575757575757,eye,中,5.333333333333333,7,91.14285714285714,2.2677868380553634,88.0,93.0,9.229747675962807,5.285558828545572,1.6170395484575328,1.5811293003625546,3.8896176790615633,2.50676056313933,1.022711771951063,2.460025045497335,5.289800632949717,2.0484691667404813,1.6291396702620202,3.0610544804340805,1.7236677627650645,1.2573932144264948,1.8789392562896468,4.513252299323431,2.011683660470452,1.836125426707317,2.510931232954722,1.36382233782812,1.0956134211800337,1.3675161818642854,7.162614984158971,4.188218683901842,11.703704943862258,20.26407653545297,17.35523402481866,0.3578540901356419,1.7314240774738603,2994,3.070571476285905,0.1047948550511763,0.9996659986639946,0.9676018704074816,0.0313961255845023,0.0,8,4,1546.1011944705406,2.01315259696685,0.0671050865655616,0.0515367064823513,0.636935763888889,1.04727360569657,3.0924478927951395,0.0,0.0,0.0,0.0,0.0,0.0,0.0,0.0,0.0,0.0,0.0,0.0,0.0,0.0,0.0,0.0,0.0,0.0,0.0,0.0,0.0,0.0,0.0,0.0,,0.0,0.0,0.0,,0.0,0.0,0.0
subject_26_task_4,26,4,,4,16,75.0,105.0,0.0661798378003082,22.0,0.0795454545454545,eye,中,5.333333333333333,6,92.66666666666669,1.0327955589886446,91.0,94.0,1.5391419725785784,5.4448199113173406,1.6698299049644352,1.7109342404612105,4.01030987748583,2.4837663977444837,0.9759755024332818,2.343929873309909,5.131863172534245,2.134402730522098,1.771833212940651,3.4613509229128696,1.7862294110073185,1.2046295977146193,1.9535421831088624,4.878293996536515,2.062982108901002,1.816081080543802,2.737799453308611,1.344125203866115,1.13595264605877,1.5075315098204825,6.488932263908219,4.393479051336633,14.507042148384066,23.514782741209235,18.128080877884948,0.3028514707821415,1.620921928859808,2994,3.1072124248496995,0.1284929257736428,0.9983299933199732,0.9542418169672678,0.0404141616566466,0.001002004008016,8,4,1546.1011944705406,2.01315259696685,0.0671050865655616,0.0515367064823513,0.636935763888889,1.04727360569657,3.0924478927951395,0.0,0.0,0.0,0.0,0.0,0.0,0.0,0.0,0.0,0.0,0.0,0.0,0.0,0.0,0.0,0.0,0.0,0.0,0.0,0.0,0.0,0.0,0.0,0.0,,0.0,0.0,0.0,,0.0,0.0,0.0
subject_26_task_4,26,4,,4,17,80.0,110.0,0.0693312586479419,22.0,0.0833333333333333,eye,中,5.333333333333333,6,92.5,1.224744871391589,91.0,94.0,-3.7800000000001854,5.228934991869007,1.7203498554108438,1.6999269106804011,4.029459737306072,2.4981209745500226,1.0120140134273587,2.370372344828207,5.426705265502954,2.0886562609741475,1.759748321080186,3.209417988986426,1.7838918858785144,1.186906238780821,1.8237937496746064,5.129702743542936,2.0486272006454844,1.7269745786914827,2.566333917953809,1.3966839949090557,1.1862520884341654,1.4860287751880537,7.310744867371329,5.17753522796697,13.976988305766568,23.414399939299667,18.801807061989685,0.3704328224865756,1.6752106696432916,2995,3.123137896494157,0.1490899851216588,0.996661101836394,0.9395659432387312,0.0517529215358931,0.0023372287145242,8,4,1396.5932089652397,1.818480740840156,0.0606160246946718,0.0465531069655079,0.636935763888889,1.04727360569657,3.092447892795138,0.0,0.0,0.0,0.0,0.0,0.0,0.0,0.0,0.0,0.0,0.0,0.0,0.0,0.0,0.0,0.0,0.0,0.0,0.0,0.0,0.0,0.0,0.0,0.0,,0.0,0.0,0.0,,0.0,0.0,0.0
subject_26_task_4,26,4,,4,18,85.0,115.0,0.0724826794955757,22.0,0.0871212121212121,eye,中,5.333333333333333,7,92.28571428571428,1.2535663410560174,91.0,94.0,-4.303448275862023,5.152020606970463,1.9042892008802497,1.978216399650818,4.479217642205529,2.8819950942204655,0.962629367149308,2.2642708062657713,5.267089254458454,2.444642511126936,1.9851690647337488,3.689943618954404,2.1810736978399796,1.2314530558407688,1.858755349610135,5.006784848092872,2.0398838464399613,1.9067214946367743,2.748257730230592,1.4908962541981787,1.069838386034744,1.441352467028295,7.434958654905671,5.319264115664304,16.256313859455286,26.438168554002633,19.888286762571028,0.3272121934684731,1.6263323150976934,2995,3.133716861435726,0.1559386407710959,0.993322203672788,0.9292153589315526,0.0574290484140233,0.0043405676126878,16,5,1316.3533247619523,1.8480656952725727,0.061602189842419,0.0438784441587317,0.5747225696313606,1.209574197812164,3.089350008006594,0.0,0.0,0.0,0.0,0.0,0.0,0.0,0.0,0.0,0.0,0.0,0.0,0.0,0.0,0.0,0.0,0.0,0.0,0.0,0.0,0.0,0.0,0.0,0.0,,0.0,0.0,0.0,,0.0,0.0,0.0
subject_26_task_4,26,4,,4,19,90.0,120.0,0.0756341003432094,22.0,0.0909090909090909,eye,中,5.333333333333333,7,92.0,1.2909944487358056,91.0,94.0,-4.401451027811541,5.641215670681888,2.110928999407688,2.045859049452792,4.543964807318732,3.0190009566647946,1.0318056857202846,2.2210546755574927,5.8432065908474655,2.6341176521295613,1.9457340435886012,3.801562917706917,2.402094724449616,1.353791213557298,1.953793700754462,5.722309628704042,2.184183694859228,1.868449430001812,2.933761438810711,1.6118678058836364,1.168981969641592,1.570158331129072,9.36877363806301,6.919642466383411,16.85818066498001,30.469350015928047,20.596657042261185,0.4104619949148952,1.8073925426142168,2995,3.1390187604690114,0.1567812496369996,0.9859766277128548,0.9165275459098498,0.0621035058430717,0.0096828046744574,16,5,1410.4613232948209,2.2363911491621007,0.0745463716387366,0.0470153774431607,0.4637620224540044,1.3527967578589533,3.0838247654060216,0.0,0.0,0.0,0.0,0.0,0.0,0.0,0.0,0.0,0.0,0.0,0.0,0.0,0.0,0.0,0.0,0.0,0.0,0.0,0.0,0.0,0.0,0.0,0.0,,0.0,0.0,0.0,,0.0,0.0,0.0
subject_26_task_4,26,4,,4,20,95.0,125.0,0.0787855211908431,22.0,0.0946969696969697,eye,中,5.333333333333333,6,92.16666666666669,1.834847859269718,91.0,95.0,3.052959501557832,5.178734806548438,2.0863532416317323,2.115399889688652,4.438656736159708,2.7345441818165828,0.9862689564282832,2.0982589428105705,5.163636491992423,2.370521383360645,1.9810920492548525,3.94702994988803,2.081240530088498,1.1965730639584713,1.992350608530596,5.457641223474523,2.132072250953962,1.9322688331937805,2.989449103848276,1.538971723512158,1.1034035297407006,1.547118626815048,7.775563761213434,7.1923897563256185,18.68651373985328,33.45919730627726,20.724982233151668,0.3848973573377787,1.790553217795669,2995,3.173974204355109,0.1387921433398172,0.985642737896494,0.9028380634390653,0.072787979966611,0.0096828046744574,16,5,1504.5693218276897,2.6247166030516285,0.0874905534350542,0.0501523107275896,0.3666822248831709,1.3837630016054046,3.078990709997699,0.0,0.0,0.0,0.0,0.0,0.0,0.0,0.0,0.0,0.0,0.0,0.0,0.0,0.0,0.0,0.0,0.0,0.0,0.0,0.0,0.0,0.0,0.0,0.0,,0.0,0.0,0.0,,0.0,0.0,0.0
subject_26_task_4,26,4,,4,21,100.0,130.0,0.0819369420384768,22.0,0.0984848484848484,eye,中,5.333333333333333,6,92.0,2.0,90.0,95.0,-2.956636005256204,5.233973281982312,2.09328379295171,2.0517758274028988,4.32409469893892,2.957859859889933,1.0202302634598008,2.107488859741701,5.272837616284933,2.3816974460645985,1.7746892502567866,3.7024162081107814,2.282426204994941,1.342036328737542,2.086233523742292,5.124505761701432,2.0970708891477843,1.976720887663432,2.844783535479136,1.4963217068480898,1.0608836595168532,1.4391427506195833,8.54583798689666,7.068418149334893,14.891725639928431,31.78496435601269,20.129197800653134,0.4746540676510115,2.1344043749227604,2995,3.1874613065326636,0.1254071142182523,0.9829716193656094,0.8934891485809683,0.0797996661101836,0.0120200333889816,16,5,1598.677320360558,3.013042056941156,0.1004347352313718,0.0532892440120186,0.437720817522028,1.3452071782737278,3.074725779169402,0.0,0.0,0.0,0.0,0.0,0.0,0.0,0.0,0.0,0.0,0.0,0.0,0.0,0.0,0.0,0.0,0.0,0.0,0.0,0.0,0.0,0.0,0.0,0.0,,0.0,0.0,0.0,,0.0,0.0,0.0
subject_26_task_4,26,4,,4,22,105.0,135.0,0.0850883628861106,22.0,0.1022727272727272,eye,中,5.333333333333333,5,91.6,1.949358868961793,90.0,95.0,1.6525423728813216,5.828084455027838,2.169343629171981,2.162746688316508,4.62257630450265,2.971845320212175,1.0030502605280178,2.137363718772301,6.356216807839459,2.4791826606194207,1.8144253820032707,4.132928254591159,2.2383282082483724,1.3663734453947094,2.2778166000015254,4.8717620599932285,2.02172958379822,2.0666495452115,2.914905178188339,1.4951036222410683,0.9782643547294408,1.4104496744221957,7.914276583707282,6.925374199967776,16.540303284565997,32.161321968870205,19.504663386787733,0.4186969296040627,1.94442153904641,2995,3.163400335008375,0.1228643083676671,0.9823038397328882,0.8921535893155259,0.0838063439065108,0.0123539232053422,16,5,1692.7853188934266,3.401367510830684,0.1133789170276894,0.0564261772964475,0.5122702949993493,1.250686426503436,3.0709350539000164,0.0,0.0,0.0,0.0,0.0,0.0,0.0,0.0,0.0,0.0,0.0,0.0,0.0,0.0,0.0,0.0,0.0,0.0,0.0,0.0,0.0,0.0,0.0,0.0,,0.0,0.0,0.0,,0.0,0.0,0.0
subject_26_task_4,26,4,,4,23,110.0,140.0,0.0882397837337443,22.0,0.106060606060606,eye,中,5.333333333333333,5,91.0,2.549509756796392,88.0,95.0,-9.264705882353026,7.078488105217598,2.4375242726131594,2.2711662384675004,4.857971023158986,3.377843351031894,1.073247845678576,2.138976416995775,8.15820091823743,3.087545620628722,2.039226273506048,4.420514562496671,2.6540377545277036,1.514077010846028,2.1677410790203613,5.439589618375868,2.049045181050655,2.2652019504039433,3.127554905974618,1.5754072460940178,0.9045750559614598,1.380695838363063,8.405707478953843,7.448762591887804,16.204327148788092,33.83893914765193,20.967121358036582,0.4596773765114271,2.0882656118296596,2994,3.1328361260053623,0.1121835077534697,0.9832999331997327,0.8974615898463594,0.0811623246492986,0.0113560454241816,8,4,1936.4013029315963,3.9843648208469062,0.1328121606948969,0.0645467100977198,0.5411522633744856,1.1875490364156218,3.069466450617284,0.0,0.0,0.0,0.0,0.0,0.0,0.0,0.0,0.0,0.0,0.0,0.0,0.0,0.0,0.0,0.0,0.0,0.0,0.0,0.0,0.0,0.0,0.0,0.0,,0.0,0.0,0.0,,0.0,0.0,0.0
subject_26_task_4,26,4,,4,24,115.0,145.0,0.091391204581378,22.0,0.1098484848484848,eye,中,5.333333333333333,6,91.0,2.280350850198276,88.0,95.0,-5.369318181818336,6.933770716233396,2.373366818314474,2.1476864486795204,5.009244386337953,3.178115979683367,1.105080687999736,2.332390926719228,7.737084457703968,2.550279003892055,2.0226982459524985,4.583924130904479,2.1663225190817363,1.2608301851229005,2.266242203985245,5.341506067775385,2.07388834572485,2.1892161120139946,3.1706604822662845,1.5029126621178497,0.9473200632608868,1.4483085817185033,7.7939728067404,7.830256359916934,16.743190600195856,34.16779367539515,20.727012909516407,0.4676681133777058,2.0406978867573464,2994,3.164102882037534,0.134581510027089,0.9846359385437542,0.9031396125584502,0.0788243152972612,0.0103540414161656,8,4,1766.5563517915314,3.634889612739777,0.1211629870913258,0.0588852117263843,0.5411522633744856,1.1875490364156218,3.0694664506172837,0.0,0.0,0.0,0.0,0.0,0.0,0.0,0.0,0.0,0.0,0.0,0.0,0.0,0.0,0.0,0.0,0.0,0.0,0.0,0.0,0.0,0.0,0.0,0.0,,0.0,0.0,0.0,,0.0,0.0,0.0
subject_26_task_4,26,4,,4,25,120.0,150.0,0.0945426254290117,22.0,0.1136363636363636,eye,中,5.333333333333333,5,91.0,2.549509756796392,88.0,95.0,-9.104046242774414,6.45717855478336,2.234181622434512,2.161778155192088,4.641642187298919,3.070559336604538,1.033492551984822,2.147140850762496,7.079876629522246,2.666478429404236,1.9178686654145964,4.10511662451768,1.954259285072865,1.3903342170866575,2.1404576332812937,4.788945827229272,1.9626458134837497,2.3098255984893856,2.9398752447055365,1.4309677110477383,0.8496943729289823,1.2727693582702522,6.791809366581279,6.789520127770754,17.103405616021917,28.03815723400214,20.953442744132143,0.3969689008258421,1.639331830365813,2994,3.1702474949899804,0.1347179127142526,0.9896459585838344,0.905811623246493,0.0811623246492986,0.0066800267201068,11,5,1464.4181997081794,3.005138622790488,0.1001712874263496,0.0488139399902726,0.5228036534211788,1.2953532257908893,3.0773230592397955,0.0,0.0,0.0,0.0,0.0,0.0,0.0,0.0,0.0,0.0,0.0,0.0,0.0,0.0,0.0,0.0,0.0,0.0,0.0,0.0,0.0,0.0,0.0,0.0,,0.0,0.0,0.0,,0.0,0.0,0.0
subject_26_task_4,26,4,,4,26,125.0,155.0,0.0976940462766455,22.0,0.1174242424242424,eye,中,5.333333333333333,5,91.4,3.361547262794322,88.0,97.0,20.028901734104,6.5889644432045005,2.4226364416842614,2.4228362148819267,5.590612547493414,3.9289354796741742,0.9999175457274256,2.3074661477956586,7.468284195923398,2.9072322505928994,2.2539791284287687,5.175960222025274,2.7924700375033757,1.2898221700125097,2.296365639212194,4.867054483800745,2.0971620433339995,2.313920901953198,3.282815582362004,1.659456048575819,0.9063239981815148,1.4187242008103886,7.753488260683817,6.943472336954009,18.67811756270937,32.63027756844788,22.26914192065424,0.3717436895684051,1.7469789157764926,2994,3.1850204286671135,0.1465094433917665,0.9843019372077488,0.9024716098864396,0.0788243152972612,0.011690046760187,11,5,1741.1504518176314,3.472425669845883,0.1157475223281961,0.058038348393921,0.3894994606625662,1.3935229900630337,3.1597187531300612,0.0,0.0,0.0,0.0,0.0,0.0,0.0,0.0,0.0,0.0,0.0,0.0,0.0,0.0,0.0,0.0,0.0,0.0,0.0,0.0,0.0,0.0,0.0,0.0,,0.0,0.0,0.0,,0.0,0.0,0.0
subject_26_task_4,26,4,,4,27,130.0,160.0,0.1008454671242792,22.0,0.1212121212121212,eye,中,5.333333333333333,5,92.2,3.420526275297414,88.0,97.0,22.50000000000004,50.19589125212598,5.939377261808276,2.7424516740086577,5.537431076492222,3.690704033188195,2.1657181120448525,2.019153565757506,108.71894933091458,12.521392690199676,2.828305258759105,4.860852374453025,2.52155166976725,4.42717159027358,1.7186448879233365,50.068819638010694,5.5585538301836,2.865537174027468,3.3892493537346,1.6476122546020646,1.939794702565711,1.1827623052508034,28.84793415603296,10.928476941905105,21.289315627691845,34.87191557419246,22.534803332283,0.5133315289708048,1.6380007786080824,2995,3.187811851355875,0.1533312764192387,0.9809682804674458,0.8948247078464107,0.082804674457429,0.0130217028380634,11,5,2017.882703927084,3.939712716901278,0.1313237572300426,0.0672627567975694,0.6475604069683558,1.067483075346437,3.219514970955638,0.0,0.0,0.0,0.0,0.0,0.0,0.0,0.0,0.0,0.0,0.0,0.0,0.0,0.0,0.0,0.0,0.0,0.0,0.0,0.0,0.0,0.0,0.0,0.0,,0.0,0.0,0.0,,0.0,0.0,0.0
subject_26_task_4,26,4,,4,28,135.0,165.0,0.1039968879719129,22.0,0.125,eye,中,5.333333333333333,7,91.57142857142856,2.9920529661723823,88.0,97.0,4.103585657370429,124.55444684260698,10.953394692956746,3.120623808416519,5.662432621064639,4.02162569723472,3.5100016424327563,1.8145194578701545,275.1857462060099,26.566292899495195,3.796038926561237,4.914716904550002,2.940010445048678,6.998424782635494,1.2946961292101806,125.478377273012,10.670500057543384,2.996844853464589,3.5606354000868023,1.8624592724481104,3.5605780676992485,1.1881280393846303,65.21053450256217,16.518637573923773,23.21394800588642,35.8395130692489,23.391570298080097,0.71158243180932,1.5438784070749614,2995,3.225921660528959,0.1590949659619329,0.9819699499165276,0.8958263772954925,0.0801335559265442,0.0126878130217028,11,5,1942.3902280130317,3.739486065870435,0.1246495355290145,0.0647463409337677,0.8149752697321444,0.6986537480013354,3.258307263026056,0.0,0.0,0.0,0.0,0.0,0.0,0.0,0.0,0.0,0.0,0.0,0.0,0.0,0.0,0.0,0.0,0.0,0.0,0.0,0.0,0.0,0.0,0.0,0.0,,0.0,0.0,0.0,,0.0,0.0,0.0
subject_26_task_4,26,4,,4,29,140.0,170.0,0.1071483088195466,22.0,0.1287878787878787,eye,中,5.333333333333333,7,92.28571428571428,2.5634797778466227,90.0,97.0,-0.6781326781326261,69.71550784237085,6.83972748231705,2.7357001939995933,5.2392307936941585,3.658508139542884,2.5001743602311075,1.9151333926084948,150.9276238230184,15.52723858404126,2.92191336902739,4.5878152629966875,2.620389402055353,5.314065347943485,1.5701407548998696,70.04535562303042,6.691223774238185,2.7467718427215937,3.3663282858965737,1.8007586280180383,2.4360318793745517,1.2255580290793655,40.62558666395765,11.069605064836962,20.25885863845575,32.25935197086063,22.692150528014732,0.5464081300130318,1.5923578196861157,2995,3.250986943421493,0.1408184887786877,0.9806343906510852,0.8998330550918197,0.0757929883138564,0.0136894824707846,12,6,2337.5263427161763,3.705149283695936,0.1235049761231978,0.0779175447572058,0.6772116194252493,0.6509954416797531,3.2493422766923294,0.0,0.0,0.0,0.0,0.0,0.0,0.0,0.0,0.0,0.0,0.0,0.0,0.0,0.0,0.0,0.0,0.0,0.0,0.0,0.0,0.0,0.0,0.0,0.0,,0.0,0.0,0.0,,0.0,0.0,0.0
subject_26_task_4,26,4,,4,30,145.0,175.0,0.1102997296671804,22.0,0.1325757575757575,eye,中,5.333333333333333,5,92.8,2.949576240750525,90.0,97.0,-19.43877551020404,124.51891306982922,10.760014489764554,2.9520488841340486,5.20158541768237,3.712041267632868,3.644930999481361,1.7620255022329003,275.48208040381803,26.48976549361734,3.613948803485681,4.614149158000276,2.854248682719741,7.329867392716732,1.2767610746311333,125.6553495587892,10.593095180294927,2.9093681101308304,3.4204946213116547,1.8668265268016015,3.641029522324203,1.1756829977619572,65.89939077247674,15.004478344814956,19.297742513020555,32.2490274782496,22.745055414791352,0.7775250568656488,1.6711295353065556,2995,3.2213638804968108,0.1352416010304343,0.9789649415692822,0.9018363939899832,0.0724540901502504,0.0153589315525876,4,2,3840.7036279450367,5.084162374249221,0.1694720791416407,0.1280234542648345,0.5878359401433472,0.6776365148152808,3.207202668249283,0.0,0.0,0.0,0.0,0.0,0.0,0.0,0.0,0.0,0.0,0.0,0.0,0.0,0.0,0.0,0.0,0.0,0.0,0.0,0.0,0.0,0.0,0.0,0.0,,0.0,0.0,0.0,,0.0,0.0,0.0
subject_26_task_4,26,4,,4,31,150.0,180.0,0.1134511505148141,22.0,0.1363636363636363,eye,中,5.333333333333333,7,93.14285714285714,2.47847879612821,90.0,97.0,-2.1690278456276983,70.27043738697006,6.777741051792746,2.568849007337673,4.8354477785775645,3.283038138339932,2.638434969292774,1.8823402094734132,150.96302141286108,15.343737883301884,2.770264510972389,4.232391820243106,2.4732849361185463,5.538726653187384,1.5277933942695952,70.70224990410537,6.715537449995705,2.773211702291889,3.362091667406635,1.7250026048167062,2.42157403433922,1.2123458388077883,41.06850503874456,10.797866704323596,18.28773855069647,32.35536602915466,20.73830234133798,0.5904429721799783,1.7692382215253415,2995,3.209292379993286,0.146627523806931,0.9813021702838064,0.9065108514190318,0.0707846410684474,0.0136894824707846,4,2,5301.826231381028,6.384710747187553,0.2128236915729184,0.1767275410460342,0.71078897077709,0.6014437383358029,3.1875461672418663,0.0,0.0,0.0,0.0,0.0,0.0,0.0,0.0,0.0,0.0,0.0,0.0,0.0,0.0,0.0,0.0,0.0,0.0,0.0,0.0,0.0,0.0,0.0,0.0,,0.0,0.0,0.0,,0.0,0.0,0.0
subject_26_task_4,26,4,,4,32,155.0,185.0,0.1166025713624478,22.0,0.1401515151515151,eye,中,5.333333333333333,7,93.0,2.23606797749979,90.0,96.0,8.496551724137932,124.5706982633134,10.799177770856993,2.7975083892654022,4.6089265001668664,3.0442671101295686,3.8602843202528336,1.6475112345872622,275.5978023042204,26.166302240544017,3.4889168607538115,3.872997550795723,2.2254028499159895,7.4998354173709245,1.1100859393820373,125.82681564780388,10.595994143086134,2.7656648716541863,3.265631721903243,1.770211776878495,3.8312646813019353,1.1807763678720835,78.62188919199095,17.749471432706184,21.01101700534981,33.339935203919964,22.61205969012434,0.8447697428538002,1.5867835048361043,2995,3.1909333779712084,0.1352292461320757,0.9853088480801336,0.9181969949916527,0.0664440734557596,0.010016694490818,4,2,6184.078430624216,6.588221083121201,0.2196073694373733,0.2061359476874738,0.8536850966178126,0.4162632968719802,3.1647013636037107,0.0,0.0,0.0,0.0,0.0,0.0,0.0,0.0,0.0,0.0,0.0,0.0,0.0,0.0,0.0,0.0,0.0,0.0,0.0,0.0,0.0,0.0,0.0,0.0,,0.0,0.0,0.0,,0.0,0.0,0.0
subject_26_task_4,26,4,,4,33,160.0,190.0,0.1197539922100816,22.0,0.1439393939393939,eye,中,5.333333333333333,7,93.14285714285714,2.3401261667248794,90.0,96.0,12.910344827586233,6.019285841026959,1.970912810315173,1.9796311293589417,4.413004268756659,3.0913576796687465,0.995595988103808,2.2292053318972154,5.193838045724895,2.0570015091826774,1.8166930121007496,3.759093243892798,2.0405848727624405,1.1322779883454523,2.069195631212307,5.506462344045046,1.9701087685577552,2.0932377057622777,2.9395470969560566,1.572125946170448,0.941177756895181,1.4043063952383683,35.75332388311885,9.906966630815722,17.276391294323897,30.29818209212368,21.44152293210709,0.5734395836513974,1.7537332638488023,2994,3.193902210314802,0.1406025266521747,0.988309953239813,0.928189712758851,0.0581162324649298,0.0083500334001336,4,2,7066.3306298674015,6.791731419054851,0.2263910473018283,0.2355443543289133,0.9608992177831682,0.1650757801910672,3.1475610420530047,4.0,1.0,0.13333333333333333,0.0,4.0,0.0,0.0,4.0,1.0,0.0,0.0,1.0,4.0,1.0,0.021052631578947368,0.0,4.0,0.0,0.0,4.0,1.0,0.0,0.0,1.0,2.0,0.0,0.0,0.0,0.0,1.0,4.0,0.06666666666666667
subject_26_task_4,26,4,,4,34,165.0,195.0,0.1229054130577153,22.0,0.1477272727272727,eye,中,5.333333333333333,6,94.66666666666669,1.2110601416389968,93.0,96.0,6.916167664670798,5.461627751341542,2.111024876745285,2.0551267725838667,4.616104213756686,3.2862232699159653,1.0271993460000226,2.246140858723259,4.962983839584464,2.1529647394176106,1.9965591695477176,3.912255519939847,2.187148266020627,1.078337558062616,1.9594989117332764,5.405678581707697,2.077327827152513,2.168210887336621,3.0109475667043055,1.6122704131062946,0.9580838465875676,1.3886783727033505,21.88905495202808,7.814950654737985,18.02974958211945,30.326274539750035,21.359035384585074,0.4334475428592899,1.6820130752024065,2994,3.1539015405224378,0.123421057650884,0.9893119572478288,0.9405477621910489,0.0490981963927855,0.0073480293921175,1,1,8300.807557134094,7.6627554530747375,0.2554251817691579,0.2766935852378031,1.0,-1.000088900581841e-12,3.14131,4.0,1.0,0.13333333333333333,0.0,4.0,0.0,0.0,4.0,1.0,0.0,0.0,1.0,4.0,1.0,0.020512820512820513,0.0,4.0,0.0,0.0,4.0,1.0,0.0,0.0,1.0,7.0,0.0,0.0,0.0,0.0,1.0,4.0,0.06666666666666667
subject_26_task_4,26,4,,4,35,170.0,200.0,0.126056833905349,22.0,0.1515151515151515,eye,中,5.333333333333333,6,95.0,0.8944271909999159,94.0,96.0,3.836589698046179,5.245742573109141,2.1561171109447037,2.1149482554064982,5.14121922834047,3.709729566185536,1.0194656561610738,2.4308959877376832,4.8449969990567325,2.0418785327532434,1.9541600616102557,4.255697076561272,2.537918629531752,1.0448880687238622,2.1777627944430087,5.155651976017513,2.0566398022500865,2.1295948428553806,3.012073878281036,1.6178172594536024,0.9657422909103802,1.4143882290034189,33.53204351810907,10.46801066563873,19.514569111183828,32.12688940185358,22.28709423398679,0.5364202819953374,1.6463027812098403,2994,3.132899196249163,0.1220516910814273,0.9889779559118236,0.9315297261189044,0.054442217768871,0.0080160320641282,1,1,9064.655893783589,8.36788961823828,0.278929653941276,0.3021551964594529,1.0,-1.000088900581841e-12,3.14131,8.0,1.0,0.26666666666666666,0.0,8.0,0.0,0.0,8.0,1.0,0.0,0.0,1.0,8.0,1.0,0.04,0.0,8.0,0.0,0.0,8.0,1.0,0.0,0.0,1.0,4.0,1.0,7.0,0.035,1.1428571428571428,1.0,8.0,0.13333333333333333
subject_26_task_4,26,4,,4,36,175.0,205.0,0.1292082547529827,22.0,0.1553030303030303,eye,中,5.333333333333333,7,95.14285714285714,0.8997354108424375,94.0,96.0,3.774834437086017,5.02597111496068,2.05576714892879,2.060212341695091,5.228206044082642,3.597970405744185,0.997842361839924,2.537702516518761,4.444652574733141,1.973976382788476,1.9005870821626496,4.309658493888846,2.2708410341541243,1.038614016329269,2.267540663795815,4.930388024355384,2.018614993747062,2.155916911239772,2.985661986238992,1.6195428262172296,0.936313910440197,1.3848687631111305,20.821004917764053,7.951215089781004,19.025743212406898,30.88927474915417,21.873492294743247,0.4179187641193396,1.6235515429962777,2994,3.1227187708750836,0.1180965802792957,0.9926519706078824,0.9345357381429524,0.0541082164328657,0.0053440213760855,1,1,9064.655893783589,8.36788961823828,0.278929653941276,0.3021551964594529,1.0,-1.000088900581841e-12,3.14131,14.0,2.0,0.4666666666666667,0.0,14.0,0.0,0.0,14.0,1.0,0.0,0.0,2.0,14.0,2.0,0.06829268292682927,0.0,14.0,0.0,0.0,14.0,1.0,0.0,0.0,2.0,1.0,1.0,7.0,0.03414634146341464,1.2307692307692308,1.0,14.0,0.23333333333333334
subject_26_task_4,26,4,,4,37,180.0,210.0,0.1323596756006164,22.0,0.1590909090909091,eye,中,5.333333333333333,5,95.6,0.5477225575051661,95.0,96.0,0.308747855917575,5.071607122433196,2.0824680035786227,2.0189128369411677,5.300015683856559,3.7508365365119016,1.031479896246411,2.6251830127973994,4.53101995922247,2.0176627413059443,1.7488704241029602,4.19904440686653,2.505109384896578,1.153694815521198,2.4010037273174913,4.730922413263988,2.0544017940816475,1.9829179580130365,2.9491334248709657,1.612730874843568,1.0360498203063533,1.4872695125652682,33.71819297372353,9.62534948335384,18.091180849578297,31.58729663784556,21.751659645373337,0.5320465017394487,1.7460052442393146,2994,3.1300828323313294,0.1088819029025478,0.9906479625918504,0.939879759519038,0.0470941883767535,0.0070140280561122,1,1,9064.655893783589,8.36788961823828,0.278929653941276,0.3021551964594529,1.0,-1.000088900581841e-12,3.14131,20.0,2.0,0.6666666666666666,6.0,14.0,0.0,0.0,14.0,0.7,0.0,0.0,3.0,20.0,2.0,0.09523809523809523,6.0,14.0,0.0,0.0,14.0,0.7,0.0,0.0,3.0,2.0,1.0,7.0,0.03333333333333333,1.0526315789473684,1.0,20.0,0.3333333333333333
subject_26_task_4,26,4,,4,38,185.0,215.0,0.1355110964482502,22.0,0.1628787878787878,eye,中,5.333333333333333,6,95.5,1.0488088481701516,94.0,97.0,1.1705202312138774,5.3649146088280935,2.152072836804148,2.094514918683571,5.4909743414931445,3.606978878175667,1.027480309453586,2.621597150019008,4.189254699016738,2.089210046309429,1.9126646650206949,4.475887934654316,2.264026250555577,1.092303363217527,2.3401320767359333,4.813465149990358,2.1362625736676684,2.1655034429708104,3.1782325568318592,1.6870346074614742,0.9864969647598312,1.467664513371406,7.866759195214594,5.965947055242971,16.76524054444725,33.46340919930602,21.52048318349239,0.3558521596768219,1.9959993482103249,2995,3.138485809682805,0.1127913138348443,0.992320534223706,0.9392320534223706,0.0490818030050083,0.0056761268781302,1,1,9064.655893783589,8.36788961823828,0.278929653941276,0.3021551964594529,1.0,-1.000088900581841e-12,3.14131,22.0,2.0,0.7333333333333333,8.0,14.0,0.0,0.0,14.0,0.6363636363636364,0.0,0.0,3.0,22.0,2.0,0.10232558139534884,8.0,14.0,0.0,0.0,14.0,0.6363636363636364,0.0,0.0,3.0,4.0,1.0,7.0,0.03255813953488372,1.0952380952380953,1.0,22.0,0.36666666666666664
subject_26_task_4,26,4,,4,39,190.0,220.0,0.1386625172958839,22.0,0.1666666666666666,eye,中,5.333333333333333,6,97.0,3.5777087639996634,94.0,104.0,14.603903559127538,5.363782887949294,2.085676871762346,2.20435588369689,5.658177268686622,3.630324126625515,0.9461615917773182,2.5668165973261012,4.521454622937971,2.072666646461233,1.7667095399409878,4.30243776924319,2.45878600661028,1.17317906515095,2.435283034350345,4.758451850536641,2.135977693093551,2.125927867149616,3.285208607495399,1.766253020258003,1.0047272657267574,1.5453057736620732,7.925572059886085,6.434054023862783,18.34895594443485,37.09509470331205,23.56446563225701,0.3506495979033728,2.0216460716154705,2995,3.1334140233722874,0.0977284019691427,0.9906510851419033,0.9295492487479132,0.0580968280467445,0.0060100166944908,1,1,9064.655893783589,8.36788961823828,0.278929653941276,0.3021551964594529,1.0,-1.000088900581841e-12,3.14131,18.0,2.0,0.6,8.0,10.0,0.0,0.0,10.0,0.5555555555555556,0.0,0.0,3.0,22.0,2.0,0.1,8.0,14.0,0.0,0.0,14.0,0.6363636363636364,0.0,0.0,3.0,9.0,1.0,7.0,0.031818181818181815,1.0952380952380953,1.0,22.0,0.36666666666666664
subject_26_task_4,26,4,,4,40,195.0,225.0,0.1418139381435176,22.0,0.1704545454545454,eye,中,5.333333333333333,6,97.16666666666669,3.544949458972112,94.0,104.0,11.463068181818263,5.042761753321312,2.208599741661605,2.3204034127336635,6.310500757895325,3.965490324476307,0.9518171407357382,2.719570538150922,4.155193498947734,2.163000162007818,1.995200588285954,4.889785150356417,2.5477082716392254,1.084101605977381,2.4507737112072303,4.753080453494774,2.0957292381553407,2.1372469474595452,3.4468741888793097,1.7978239422559932,0.9805742105031172,1.6127636504412663,7.78962191656058,7.020554485284499,18.555336385198235,41.15580126220448,25.264074169802807,0.3783577047347339,2.2180035116493415,2995,3.1610761268781298,0.1333907708320817,0.9859766277128548,0.9198664440734556,0.0637729549248748,0.0093489148580968,1,1,7948.192442865911,7.337244546925267,0.2445748182308422,0.2649397480955304,1.0,-1.000088900581841e-12,3.14131,21.0,2.0,0.7,11.0,10.0,0.0,0.0,10.0,0.47619047619047616,0.0,0.0,4.0,25.0,2.0,0.1111111111111111,11.0,14.0,0.0,0.0,14.0,0.56,0.0,0.0,4.0,2.0,2.0,18.0,0.08,1.4583333333333333,1.0,25.0,0.4166666666666667
subject_26_task_4,26,4,,4,41,200.0,230.0,0.1449653589911514,22.0,0.1742424242424242,eye,中,5.333333333333333,5,97.6,3.7815340802378072,94.0,104.0,12.890625,5.184713588344817,2.1400633594422604,2.4998855710160095,6.195336977190918,3.7018376549317984,0.856064527214536,2.4782482242469177,4.263869742171088,2.105906977040965,1.7912371572528472,4.678841970507618,2.531274558016131,1.1756717799840168,2.6120728634746397,4.611861690991215,2.1438378207426267,2.1202859839970554,3.5700431935952786,1.8614122187885884,1.011107858526317,1.6837555030502134,7.813204919970301,6.57197713624371,22.225856191954232,42.25723088045706,24.99020587623761,0.2956906172470768,1.9012644784300456,2995,3.1841626043405675,0.1315459512050913,0.9873121869782971,0.9252086811352254,0.0614357262103505,0.0080133555926544,1,1,6437.4164605686465,5.942596277218887,0.1980865425739629,0.2145805486856215,1.0,-1.000088900581841e-12,3.1413100000000003,17.0,2.0,0.5666666666666667,11.0,6.0,0.0,0.0,6.0,0.35294117647058826,0.0,0.0,3.0,25.0,2.0,0.10869565217391304,11.0,14.0,0.0,0.0,14.0,0.56,0.0,0.0,4.0,7.0,2.0,18.0,0.0782608695652174,1.4583333333333333,1.0,25.0,0.4166666666666667
subject_26_task_4,26,4,,4,42,205.0,235.0,0.1481167798387851,22.0,0.178030303030303,eye,中,5.333333333333333,6,96.83333333333331,3.763863263545405,94.0,104.0,-5.470395931710785,5.468595875079983,2.3949595862345916,2.5280834411798745,6.510069472588354,4.237344052667179,0.9473419853249966,2.5751007132699932,4.556716826591655,2.3580432838874037,2.054008693677513,5.280768957133414,2.9086403604254865,1.1480201087491724,2.5709574518298095,4.654216871594469,2.275929517659283,2.1172215890307697,3.680760220004247,1.9517621383938135,1.074960471521154,1.738486060728882,8.456071878646556,7.923858069051053,20.78457948154687,42.649572241993795,26.551106122363887,0.3812373532063073,2.0519814836696253,2995,3.1982603291904605,0.1416970886589933,0.9769616026711184,0.914524207011686,0.0634390651085141,0.0156928213689482,4,1,4926.640478271383,4.547948007512508,0.1515982669170835,0.1642213492757127,1.0,-1.000088900581841e-12,3.14131,11.0,2.0,0.36666666666666664,11.0,0.0,0.0,0.0,0.0,0.0,0.0,0.0,3.0,25.0,2.0,0.10638297872340426,11.0,14.0,0.0,0.0,14.0,0.56,0.0,0.0,4.0,12.0,2.0,18.0,0.07659574468085106,1.4583333333333333,1.0,25.0,0.4166666666666667
subject_26_task_4,26,4,,4,43,210.0,240.0,0.1512682006864188,22.0,0.1818181818181818,eye,中,5.333333333333333,6,96.83333333333331,3.763863263545405,94.0,104.0,-5.470395931710785,5.198845290934302,2.265903252063081,2.5957883277189167,6.932979039533883,4.485092338551696,0.8729152634931036,2.6708568512696607,4.556055294319437,2.379319993791889,1.9083266714439195,5.208428777820687,3.2561785044289855,1.2468095894669835,2.729317184399971,4.516576378392289,2.1588058478864705,2.1307111984729303,3.726087775453327,2.10774658920132,1.013185573640236,1.748753082127599,7.811332214759315,7.080694043176007,22.152192087803144,44.11651811981752,28.57494454472261,0.3196385267476347,1.9915193017899024,2995,3.19647228753779,0.1455314163092322,0.9789649415692822,0.9141903171953256,0.0654424040066777,0.0140233722871452,4,1,3415.8644959741173,3.153299737806127,0.1051099912602042,0.1138621498658039,1.0,-1.000088900581841e-12,3.14131,5.0,2.0,0.16666666666666666,5.0,0.0,0.0,0.0,0.0,0.0,0.0,0.0,2.0,25.0,2.0,0.10416666666666667,11.0,14.0,0.0,0.0,14.0,0.56,0.0,0.0,4.0,17.0,2.0,18.0,0.075,1.4583333333333333,1.0,25.0,0.4166666666666667
subject_26_task_4,26,4,,4,44,215.0,245.0,0.1544196215340526,22.0,0.1856060606060606,eye,中,5.333333333333333,6,95.16666666666669,5.036533199202271,90.0,104.0,-29.95626822157428,4.993668496033734,2.2687231110421044,2.3609009818907274,6.670081109327069,4.417331877201781,0.9609564858688812,2.8252269622868025,4.422408008274714,2.490045441014781,1.8867816763861691,5.362966086166487,3.338429099630704,1.3197316214052217,2.84238826001236,4.336891232842671,2.1847481427475106,1.9409384365306528,3.655241906073523,1.940708486608734,1.125614342849873,1.883234335143116,8.466356036133334,7.856335058300566,20.185714419210147,39.01691361247755,26.636755517040054,0.389202725013484,1.9328973353227623,2994,3.203317492416582,0.1536452738267595,0.9726118904475618,0.905811623246493,0.0668002672010688,0.0190380761523046,4,1,1905.0885136768527,1.7586514680997472,0.0586217156033249,0.063502950455895,1.0,-1.000088900581841e-12,3.14131,3.0,1.0,0.1,3.0,0.0,0.0,0.0,0.0,0.0,0.0,0.0,1.0,25.0,2.0,0.10204081632653061,11.0,14.0,0.0,0.0,14.0,0.56,0.0,0.0,4.0,22.0,2.0,18.0,0.07346938775510205,1.4583333333333333,1.0,25.0,0.4166666666666667
subject_26_task_4,26,4,,4,45,220.0,250.0,0.1575710423816863,22.0,0.1893939393939394,eye,中,5.333333333333333,5,93.4,2.8809720581775866,90.0,97.0,-21.393442622950616,4.7841621964614705,2.0866107442581643,2.2152953711916012,6.465392591129141,4.288579613655568,0.9419108491775444,2.9185239472835733,3.99262474283532,2.226557048260295,1.6871009081491275,4.997943571342261,3.321449810526594,1.3197533339620986,2.962444953470725,4.257138384754664,2.161235742271177,1.9052634149759045,3.499062561844462,1.9594761111373065,1.1343500984080512,1.836524301228297,7.72280258929561,6.161571165487392,21.09255155874144,35.83757503142527,25.24232104328317,0.2921207113481648,1.6990630522637271,2994,3.2020628590740112,0.160294126532284,0.9739478957915833,0.9091516366065464,0.0604542418169672,0.0197060788243153,4,1,394.3125313795881,0.3640031983933671,0.0121334399464455,0.0131437510459862,1.0,-1.000088900581841e-12,3.14131,3.0,1.0,0.1,3.0,0.0,0.0,0.0,0.0,0.0,0.0,0.0,1.0,25.0,2.0,0.1,11.0,14.0,0.0,0.0,14.0,0.56,0.0,0.0,4.0,27.0,2.0,18.0,0.072,1.4583333333333333,1.0,21.0,0.35
subject_26_task_4,26,4,,4,46,225.0,255.0,0.16072246322932,22.0,0.1931818181818181,eye,中,5.333333333333333,6,91.66666666666669,2.2509257354845507,90.0,95.0,-13.565217391304476,4.662981244653257,2.019694800955923,2.2935335099849565,6.434935064465421,4.377975588570152,0.8806040078172523,2.805686089368552,3.827046681029179,2.295330264877763,1.719269409790807,5.0453696324384,3.1735597145742696,1.3350614230710058,2.934600943695205,4.365240251038952,2.148446302751365,1.947200752590427,3.5457071152091366,1.991402521907017,1.1033512080833034,1.820925300327746,8.044803343729567,6.356309456545708,20.827619624765656,33.46730343636037,26.177323662108225,0.3051865537714912,1.606871262262018,2994,3.188611017235552,0.1428799423215,0.978623914495658,0.9228456913827656,0.0507682030728122,0.0163660654642618,3,0,0.0,0.0,0.0,0.0,,,,0.0,0.0,0.0,0.0,0.0,0.0,0.0,0.0,0.0,0.0,0.0,0.0,25.0,2.0,0.09803921568627451,11.0,14.0,0.0,0.0,14.0,0.56,0.0,0.0,4.0,32.0,2.0,18.0,0.07058823529411765,1.4583333333333333,1.0,21.0,0.35
subject_26_task_4,26,4,,4,47,230.0,260.0,0.1638738840769537,22.0,0.1969696969696969,eye,中,5.333333333333333,7,91.28571428571428,2.288688541085317,89.0,95.0,-12.486565705911085,4.677352362513519,1.991756127295655,2.128680391194424,6.37486522710745,4.3151537418247665,0.9356764573652414,2.994749824106026,4.009301156352685,2.213310735143072,1.6329223640351078,4.870382736222177,3.1451907289272967,1.3554292499698326,2.9826174492380604,4.6039599002913665,2.1571006779528163,1.9540773223516277,3.589098674320722,2.0547795284145858,1.1038972988831686,1.8367229552622992,7.8518204783521535,5.744762621219654,19.390649580199135,33.81864770258392,24.608229113523137,0.2962645783195396,1.7440698705172832,2994,3.208212233862791,0.1551992249693272,0.9762859051436206,0.9251837007348028,0.0474281897127588,0.0187040748162992,3,0,0.0,0.0,0.0,0.0,,,,0.0,0.0,0.0,0.0,0.0,0.0,0.0,0.0,0.0,0.0,0.0,0.0,25.0,2.0,0.09615384615384616,11.0,14.0,0.0,0.0,14.0,0.56,0.0,0.0,4.0,37.0,2.0,18.0,0.06923076923076923,1.4583333333333333,1.0,17.0,0.2833333333333333
subject_26_task_4,26,4,,4,48,235.0,265.0,0.1670253049245874,22.0,0.2007575757575757,eye,中,5.333333333333333,5,90.0,0.7071067811865476,89.0,91.0,-5.073995771670227,4.383277116535837,1.9124299430421416,2.2696723884107675,6.433703153613347,4.184173556174048,0.8426017573316966,2.834639565808988,4.069382809683296,2.253944487295277,2.0330466480848823,5.131041069540029,2.7105894032433326,1.10865360094835,2.5238186612065387,4.5226638852939605,2.044580880245482,2.016061597720487,3.567112518483337,1.930304504811299,1.014146037282413,1.769346989455375,8.581259052156902,6.069179949524823,20.77992311471326,33.12547344394506,23.633930904436824,0.2920694131552167,1.5941095287542482,2995,3.218199126930826,0.1399874063601642,0.986644407345576,0.9449081803005008,0.0363939899833055,0.0110183639398998,3,0,0.0,0.0,0.0,0.0,,,,0.0,0.0,0.0,0.0,0.0,0.0,0.0,0.0,0.0,0.0,0.0,0.0,25.0,2.0,0.09433962264150944,11.0,14.0,0.0,0.0,14.0,0.56,0.0,0.0,4.0,42.0,2.0,18.0,0.06792452830188679,1.4583333333333333,1.0,11.0,0.18333333333333332
subject_26_task_4,26,4,,4,49,240.0,270.0,0.1701767257722212,22.0,0.2045454545454545,eye,中,5.333333333333333,6,90.66666666666669,1.7511900715418265,89.0,94.0,5.707814269535493,4.1718759627987465,1.897962248404664,2.237834120235996,6.322418018675904,4.182284957154389,0.8481246358887896,2.825239798385574,3.7636579741804392,2.2533406531334097,1.810705980921452,5.0113093377907765,2.828606269352539,1.2444541945935943,2.7675997045310288,4.366826111880007,2.2117529734947636,2.0242692556701964,3.5433593126450704,1.9106078439047196,1.0926179742637523,1.750438733740454,8.305763574169172,5.182368371713246,20.936306044674648,31.38186215880584,21.82586089029744,0.2475302166798154,1.498920683134937,2995,3.231325589225589,0.129352591828972,0.98330550918197,0.9432387312186978,0.0353923205342237,0.0136894824707846,3,0,0.0,0.0,0.0,0.0,,,,0.0,0.0,0.0,0.0,0.0,0.0,0.0,0.0,0.0,0.0,0.0,0.0,25.0,2.0,0.09259259259259259,11.0,14.0,0.0,0.0,14.0,0.56,0.0,0.0,4.0,47.0,2.0,18.0,0.06666666666666667,1.4583333333333333,1.0,5.0,0.08333333333333333
subject_26_task_4,26,4,,4,50,245.0,275.0,0.1733281466198549,22.0,0.2083333333333333,eye,中,5.333333333333333,6,91.83333333333331,2.401388487243717,89.0,94.0,13.929784824462136,4.291856404461438,1.9237684223025613,2.16248464980624,6.349476146131206,4.125262940588243,0.8896102094759064,2.936194782561866,3.871663513114088,2.359345728285327,2.0112968605825623,5.199555748122206,2.722154400001146,1.1730469899913003,2.5851756893888753,4.496152987853293,2.1274049251910987,2.111652403455852,3.538943276524034,1.917294060603627,1.0074598081149466,1.6759118454970765,7.898031038516625,5.225464886356441,18.611847803689457,31.731362705807488,20.77469860538324,0.2807601341614554,1.7049012564737034,2995,3.2259234642497483,0.1237445083271085,0.9896494156928214,0.9579298831385644,0.0277128547579298,0.0086811352253756,3,0,0.0,0.0,0.0,0.0,,,,0.0,0.0,0.0,0.0,0.0,0.0,0.0,0.0,0.0,0.0,0.0,0.0,25.0,2.0,0.09090909090909091,11.0,14.0,0.0,0.0,14.0,0.56,0.0,0.0,4.0,52.0,2.0,18.0,0.06545454545454546,1.4583333333333333,1.0,3.0,0.05
subject_26_task_4,26,4,,4,51,250.0,280.0,0.1764795674674886,22.0,0.2121212121212121,eye,中,5.333333333333333,7,92.14285714285714,2.3401261667248794,89.0,94.0,12.16681376875553,4.692505466562053,1.9562021386199735,2.2690303345591394,6.236417233195602,4.217646251457855,0.8621313293284171,2.748494428747822,4.293342210867569,2.563991320158351,1.8092348021171345,4.93370443191973,2.7972705336645554,1.4171689142603348,2.726956405076,5.005097031693946,2.2291722993957963,2.242907546724509,3.625940276633074,1.9995709961797448,0.993876141997573,1.6166249393240997,8.004927936552077,5.605182880074884,22.231432816180416,33.505087353503676,22.160164882750973,0.2521287281130767,1.5071042712603795,2995,3.249017408771342,0.1109257445108783,0.9909849749582638,0.9729549248747912,0.0196994991652754,0.0073455759599332,3,0,0.0,0.0,0.0,0.0,,,,0.0,0.0,0.0,0.0,0.0,0.0,0.0,0.0,0.0,0.0,0.0,0.0,25.0,2.0,0.08928571428571429,11.0,14.0,0.0,0.0,14.0,0.56,0.0,0.0,4.0,57.0,2.0,18.0,0.06428571428571428,1.4583333333333333,1.0,3.0,0.05
subject_26_task_4,26,4,,4,52,255.0,285.0,0.1796309883151224,22.0,0.2159090909090909,eye,中,5.333333333333333,5,93.0,2.23606797749979,89.0,94.0,15.183246073298236,5.261663406334831,2.1171470246463215,2.520190347531756,6.809841949841126,4.452557343880364,0.8400742534070212,2.702114130589621,5.288269864359496,3.1099129246601724,2.2340907413972073,5.677746935400527,2.9080131005176058,1.3920262355660733,2.5414128576754433,4.974633639971774,2.2527820131933143,2.3241708914847337,3.791420359643692,2.1389572257624807,0.9692841526615048,1.6313001653771018,9.037426465513107,6.776724827881754,24.144762359383975,38.87734341850921,24.78052897981758,0.280670595428244,1.6101770992746736,2995,3.277416806160027,0.1148282098400063,0.9889816360601,0.9626043405676128,0.0243739565943238,0.0086811352253756,3,0,0.0,0.0,0.0,0.0,,,,0.0,0.0,0.0,0.0,0.0,0.0,0.0,0.0,0.0,0.0,0.0,0.0,25.0,2.0,0.08771929824561403,11.0,14.0,0.0,0.0,14.0,0.56,0.0,0.0,4.0,62.0,2.0,18.0,0.06315789473684211,1.4583333333333333,1.0,0.0,0.0
subject_26_task_4,26,4,,4,53,260.0,290.0,0.1827824091627561,22.0,0.2196969696969697,eye,中,5.333333333333333,6,93.66666666666669,0.5163977794943223,93.0,94.0,-3.3786407766989055,5.640386234685011,2.50744047985837,2.9726462429649625,7.683086743042533,5.137108589476454,0.843504498993937,2.5845950426241453,5.423323637483247,3.6551764370789743,2.3971717030594752,6.513082372610459,3.5719826348572408,1.5247870782113464,2.716986173455121,5.248812589631889,2.4523392908160977,2.422221165425299,4.194742521160016,2.444405233479383,1.0124340938889906,1.7317751909014856,9.132217343495144,7.956403770837095,29.813915871958944,46.00471520864209,30.205002951810897,0.266868793921847,1.543061817381432,2995,3.264394895903291,0.1218779099149336,0.9846410684474124,0.95559265442404,0.0273789649415692,0.0103505843071786,3,0,0.0,0.0,0.0,0.0,,,,0.0,0.0,0.0,0.0,0.0,0.0,0.0,0.0,0.0,0.0,0.0,0.0,25.0,2.0,0.08620689655172414,11.0,14.0,0.0,0.0,14.0,0.56,0.0,0.0,4.0,67.0,2.0,18.0,0.06206896551724138,1.4583333333333333,1.0,0.0,0.0
subject_26_task_4,26,4,,4,54,265.0,295.0,0.1859338300103898,22.0,0.2234848484848484,eye,中,5.333333333333333,7,93.71428571428572,0.4879500364742666,93.0,94.0,-1.50368550368547,5.551952631476613,2.3862560055455577,2.9938198433253413,7.908016647417607,5.220688776731013,0.7970606550910756,2.641447068048655,5.474892491217253,3.3988445726531977,2.187273242860758,6.598869321050835,3.4866545346803406,1.5539185987608082,3.016938712430873,5.185169649599693,2.464736751849877,2.4706798259278218,4.408699703539389,2.6302622522979893,0.9975945591915322,1.784407537259012,8.694006575367633,7.624485123407155,30.3763647961204,49.300926808914646,31.392694337680982,0.251000578067226,1.623002855667945,2994,3.272588847833389,0.1355657038625899,0.978623914495658,0.9298597194388778,0.0467601870407481,0.0150300601202404,3,0,0.0,0.0,0.0,0.0,,,,0.0,0.0,0.0,0.0,0.0,0.0,0.0,0.0,0.0,0.0,0.0,0.0,25.0,2.0,0.0847457627118644,11.0,14.0,0.0,0.0,14.0,0.56,0.0,0.0,4.0,72.0,2.0,18.0,0.061016949152542375,1.4583333333333333,1.0,0.0,0.0
subject_26_task_4,26,4,,4,55,270.0,300.0,0.1890852508580235,22.0,0.2272727272727272,eye,中,5.333333333333333,7,94.0,1.0,93.0,96.0,2.308668076109908,5.44505668219416,2.4909015338414213,3.225434907507752,7.8647896537299555,5.243490979386035,0.7722684243428449,2.4383656403740503,5.497297022644621,3.5276047656177965,2.275519246170133,6.656390636666255,3.5205919889636097,1.550241674094832,2.925218342085857,5.143192681789996,2.3501339004121675,2.5568662157892676,4.802011954333572,2.936162915809332,0.9191462133996382,1.878084948160364,8.101156889229623,8.43360108482081,34.55964399203439,51.261270130617106,32.962500949235704,0.2440303229617949,1.4832696234496008,2994,3.291445896147404,0.1453463593617019,0.977621910487642,0.9111556446225784,0.0627922511690046,0.0160320641282565,3,0,0.0,0.0,0.0,0.0,,,,0.0,0.0,0.0,0.0,0.0,0.0,0.0,0.0,0.0,0.0,0.0,0.0,25.0,2.0,0.08333333333333333,11.0,14.0,0.0,0.0,14.0,0.56,0.0,0.0,4.0,77.0,2.0,18.0,0.06,1.4583333333333333,1.0,0.0,0.0
subject_26_task_4,26,4,,4,56,275.0,305.0,0.1922366717056572,22.0,0.231060606060606,eye,中,5.333333333333333,5,94.0,1.224744871391589,93.0,96.0,5.635838150288918,5.460647894578602,2.501272256001356,3.217054896689727,8.365247315074857,5.535427091177651,0.7775037530677843,2.6002811837878483,5.9985361204979455,3.3679074505018893,2.4045779439996093,7.310424941325412,3.7468878993124615,1.400623115131774,3.040211260178888,4.914149415778203,2.369670635457618,2.602804011362795,4.929975994469589,3.0077271163345354,0.9104299152424036,1.8941018889425776,9.54465943141867,8.462379374420562,33.25219682494574,52.55592031151726,32.950946301948086,0.2544908361685174,1.5805247571519816,2994,3.3279514237855943,0.148356367964776,0.9772879091516368,0.9044756179024716,0.0694722778891115,0.0160320641282565,3,0,0.0,0.0,0.0,0.0,,,,0.0,0.0,0.0,0.0,0.0,0.0,0.0,0.0,0.0,0.0,0.0,0.0,25.0,2.0,0.08196721311475409,11.0,14.0,0.0,0.0,14.0,0.56,0.0,0.0,4.0,82.0,2.0,18.0,0.05901639344262295,1.4583333333333333,1.0,0.0,0.0
subject_26_task_4,26,4,,4,57,280.0,310.0,0.195388092553291,22.0,0.2348484848484848,eye,中,5.333333333333333,6,93.0,1.8973665961010275,91.0,96.0,-4.920863309352588,5.268201690723769,2.4121527087185304,3.2053412000708303,8.838869795956727,5.908872425144677,0.7525416354006954,2.757544125337237,5.603270809737704,3.1715386343620544,2.378434821090338,7.748797425157062,3.9926033242399144,1.3334561898602446,3.2579397831069454,4.840346075591913,2.2210648283822336,2.445305667979966,4.896009717349132,2.994321324076246,0.9082974196093144,2.0022076509533715,23.844446295695615,10.430151072705629,32.019695715705275,53.22158117179304,32.79077059048199,0.3257417298812669,1.662151372215836,2994,3.313924059139785,0.1677387873619846,0.9756179024716098,0.8967935871743486,0.0754843019372077,0.0173680694722778,6,3,122.67232900717411,0.1129839548765131,0.0037661318292171,0.0040890776335724,0.5097858623071609,0.8773734731526255,3.182374268938522,0.0,0.0,0.0,0.0,0.0,0.0,0.0,0.0,0.0,0.0,0.0,0.0,25.0,2.0,0.08064516129032258,11.0,14.0,0.0,0.0,14.0,0.56,0.0,0.0,4.0,87.0,2.0,18.0,0.05806451612903226,1.4583333333333333,1.0,0.0,0.0
subject_26_task_4,26,4,,4,58,285.0,315.0,0.1985395134009247,22.0,0.2386363636363636,eye,中,5.333333333333333,6,93.0,1.8973665961010275,91.0,96.0,-4.920863309352588,4.882464356810508,2.1259378723705717,2.8996566949416716,8.361258709642408,5.530509942934881,0.7331688182532713,2.8835340142949577,5.032085966272278,2.5278914327327837,2.3316682249870393,7.163480728925896,3.6879007513641846,1.0841557154842796,3.072255586004615,4.798660300080376,2.076950785870281,2.457407516576251,4.6804342888467705,2.8446380027928373,0.8451796341715286,1.9046227608873436,16.460387369594507,8.954064498639069,30.437765588454965,49.26476364692049,30.41781290344985,0.2941761435351661,1.6185407402443035,2994,3.301979838709678,0.1595227407094981,0.9749498997995992,0.9021376085504342,0.072812291249165,0.0187040748162992,6,3,360.5015826077436,0.3320300093094576,0.0110676669769819,0.0120167194202581,0.5097858623071609,0.8773734731526255,3.1823742689385215,0.0,0.0,0.0,0.0,0.0,0.0,0.0,0.0,0.0,0.0,0.0,0.0,25.0,2.0,0.07936507936507936,11.0,14.0,0.0,0.0,14.0,0.56,0.0,0.0,4.0,92.0,2.0,18.0,0.05714285714285714,1.4583333333333333,1.0,0.0,0.0
subject_26_task_4,26,4,,4,59,290.0,320.0,0.2016909342485584,22.0,0.2424242424242424,eye,中,5.333333333333333,5,92.4,2.5099800796022262,90.0,96.0,-14.126778783958729,4.890996400927237,1.925106263022348,2.5609857577160273,8.166999148926704,5.442911193680995,0.7517051811874277,3.189006078741456,4.811097485881777,2.252819427474271,1.9404560430660351,7.060468409314448,3.5461240027755623,1.1609742130075174,3.638561375581841,4.868094812858681,1.9859724136289896,2.1864186271722508,4.289290899751675,2.5498945176819117,0.9083221250257536,1.9617884912090788,24.438932239510237,9.3090107503078,27.2543009217174,44.49973054678289,25.46965787347976,0.3415611641276764,1.6327599329955145,2995,3.3131790393013096,0.1604592258570756,0.9786310517529216,0.90550918196995,0.0724540901502504,0.0173622704507512,6,3,598.3308362083131,0.5510760637424021,0.0183692021247467,0.0199443612069437,0.5097858623071609,0.8773734731526255,3.182374268938522,0.0,0.0,0.0,0.0,0.0,0.0,0.0,0.0,0.0,0.0,0.0,0.0,25.0,2.0,0.078125,11.0,14.0,0.0,0.0,14.0,0.56,0.0,0.0,4.0,97.0,2.0,18.0,0.05625,1.4583333333333333,1.0,0.0,0.0
subject_26_task_4,26,4,,4,60,295.0,325.0,0.2048423550961922,22.0,0.2462121212121212,eye,中,5.333333333333333,6,91.66666666666669,2.1602468994692865,90.0,96.0,-9.81042654028438,5.1696683685990585,1.9515920459749232,2.37824427575851,7.810469076553591,5.1374469653448305,0.8206020154731534,3.2841323980744344,5.632769426265043,2.2388828393433187,1.965121476050024,6.823353830707027,3.3919929255669423,1.1393101478100818,3.4722300447411794,4.742018543295783,1.9905501251741744,2.228833451800608,3.990874311378097,2.2696178216649505,0.8930905642887172,1.79056640959601,17.434626294668515,8.331316390145552,23.054135062496012,42.23481522431839,24.80651075902988,0.3613805665474202,1.8319843754635197,2995,3.3190648303661403,0.1525714120737252,0.98330550918197,0.9148580968280468,0.0674457429048414,0.013355592654424,6,3,836.1600898088826,0.7701221181753466,0.0256707372725115,0.0278720029936294,0.5097858623071609,0.8773734731526255,3.1823742689385215,0.0,0.0,0.0,0.0,0.0,0.0,0.0,0.0,0.0,0.0,0.0,0.0,25.0,2.0,0.07692307692307693,11.0,14.0,0.0,0.0,14.0,0.56,0.0,0.0,4.0,102.0,2.0,18.0,0.055384615384615386,1.4583333333333333,1.0,0.0,0.0
subject_26_task_4,26,4,,4,61,300.0,330.0,0.2079937759438259,22.0,0.25,eye,中,5.333333333333333,5,90.8,0.4472135954999579,90.0,91.0,-0.3832116788323049,5.1464601848684275,2.006399192508985,2.3647169287341017,8.392902191517644,5.584604120536125,0.8484733069437895,3.54922066549868,5.4038268414051,2.3397382767369352,2.1398024152563972,7.700202608449231,3.802977199265598,1.0934365995921085,3.598557770356835,4.8078677487751,1.9561423710668444,2.07491297132864,3.902489517157599,2.1902894530170434,0.9427587557150684,1.880796723083136,24.68768700017259,9.467685451810285,21.64097856658879,40.22826375699574,22.46777121246273,0.4374887865018874,1.8588930086139268,2995,3.2942878328277723,0.158864894433392,0.9843071786310518,0.9295492487479132,0.0544240400667779,0.0130217028380634,6,3,1073.9893434094522,0.9891681726082912,0.0329722724202763,0.035799644780315,0.5097858623071609,0.8773734731526255,3.1823742689385215,0.0,0.0,0.0,0.0,0.0,0.0,0.0,0.0,0.0,0.0,0.0,0.0,25.0,2.0,0.07575757575757576,11.0,14.0,0.0,0.0,14.0,0.56,0.0,0.0,4.0,107.0,2.0,18.0,0.05454545454545454,1.4583333333333333,1.0,0.0,0.0
subject_26_task_4,26,4,,4,62,305.0,335.0,0.2111451967914596,22.0,0.2537878787878788,eye,中,5.333333333333333,7,91.71428571428572,1.6035674514745464,90.0,94.0,7.250796540737413,5.040622072394727,2.1172297381814347,2.3442621791871514,8.030547044325202,5.236878720744596,0.903153988909023,3.4256181393114105,5.123869556939825,2.3083278471310007,2.2484473197006047,7.270245647598977,3.414521145438613,1.0266319459236295,3.2334516285518564,4.582272372066245,2.063308603609142,2.1211335367748463,3.904274263587691,2.0574574237149656,0.9727386644154302,1.8406546291866588,15.719834418668023,8.394718917624674,23.20006539705457,40.12673943954219,23.965815790814403,0.3618403126868103,1.729595962459511,2995,3.2516250423011845,0.1626504829469227,0.9786310517529216,0.918864774624374,0.0577629382303839,0.0170283806343906,3,3,1311.8185970100217,1.2082142270412357,0.0402738075680411,0.0437272865670007,0.5097858623071609,0.8773734731526255,3.182374268938522,0.0,0.0,0.0,0.0,0.0,0.0,0.0,0.0,0.0,0.0,0.0,0.0,25.0,2.0,0.07462686567164178,11.0,14.0,0.0,0.0,14.0,0.56,0.0,0.0,4.0,112.0,2.0,18.0,0.05373134328358209,1.4583333333333333,1.0,0.0,0.0
subject_26_task_4,26,4,,4,63,310.0,340.0,0.2142966176390933,22.0,0.2575757575757575,eye,中,5.333333333333333,6,92.16666666666669,1.7224014243685084,90.0,94.0,11.336405529954058,4.586559667804764,1.9682925082386271,2.1499773474589285,7.107104076027402,4.6696408590976946,0.9154945332633222,3.3056646315029004,4.849892610958336,2.1198772127092744,1.9948798123352276,6.620270423558704,3.0151455782857313,1.062659113396773,3.318631219095322,4.686773136108712,2.011877694946965,1.962864807289144,3.603458752428896,1.7958516303016645,1.0249700781611706,1.835816067946895,7.877872230697708,6.260365509791131,20.002154474178095,34.69420390054848,20.81969493251417,0.3129845596319631,1.7345233457394391,2995,3.235366059379217,0.1544990378342934,0.9823038397328882,0.9248747913188649,0.0550918196994991,0.0140233722871452,3,3,1426.975521603417,1.3142763265976671,0.0438092108865889,0.0475658507201139,0.5097858623071609,0.8773734731526255,3.1823742689385215,4.0,1.0,0.13333333333333333,0.0,0.0,0.0,4.0,4.0,1.0,0.0,1.0,0.0,29.0,3.0,0.08529411764705883,11.0,14.0,0.0,4.0,18.0,0.6206896551724138,0.0,0.13793103448275862,4.0,3.0,3.0,131.0,0.38529411764705884,5.321428571428571,1.0,4.0,0.06666666666666667
subject_26_task_4,26,4,,4,64,315.0,345.0,0.2174480384867271,22.0,0.2613636363636363,eye,中,5.333333333333333,6,92.16666666666669,1.7224014243685084,90.0,94.0,11.336405529954058,6.637792434105852,2.3005478681759453,2.2010945491290848,6.9239805375667975,4.747406283792859,1.0451835742749949,3.1456988252987292,8.937488531995518,2.655067332638698,2.139823162577906,6.437848433819329,3.067694698723635,1.2407882011334352,3.008589002309644,4.43898757109304,1.990538285097523,2.0305554436717745,3.4248832110984337,1.7358670692639735,0.9802925063194088,1.6866730833536614,7.274780764702988,6.158977787258311,19.17993749468064,32.217418806333114,21.47679124923239,0.3211156339256288,1.6797457663909638,2995,3.2071147098515516,0.1549099125250932,0.9849749582637728,0.9268781302170284,0.0560934891485809,0.0113522537562604,3,3,1426.975521603417,1.3142763265976671,0.0438092108865889,0.0475658507201139,0.5097858623071609,0.8773734731526255,3.1823742689385215,8.0,1.0,0.26666666666666666,0.0,0.0,0.0,8.0,8.0,1.0,0.0,1.0,0.0,33.0,3.0,0.09565217391304348,11.0,14.0,0.0,8.0,22.0,0.6666666666666666,0.0,0.24242424242424243,4.0,3.0,3.0,131.0,0.37971014492753624,4.8125,1.0,8.0,0.13333333333333333
subject_26_task_4,26,4,,4,65,320.0,350.0,0.2205994593343608,22.0,0.2651515151515151,eye,中,5.333333333333333,6,93.16666666666669,1.9407902170679512,91.0,96.0,11.597444089456754,5.738268904424925,2.069918829042774,2.0416702671489357,6.569044263000836,4.5019271391468365,1.0138360059155318,3.2174853935518657,6.977759181061654,2.385154813357683,2.029283241602753,5.869469617001827,2.997175832731408,1.175368112473968,2.8923855954016786,4.640631895246884,1.9353360023861517,1.87622849627489,3.180044859124457,1.6459750148209693,1.0315033623189367,1.6949134209602912,7.133687248341642,5.478642805216602,17.629261323096426,27.34492638013732,20.933977802529565,0.3107698447942869,1.5511101616215888,2994,3.170328061911171,0.128868599095864,0.9893119572478288,0.9392117568470274,0.0477621910487641,0.0080160320641282,3,3,1426.975521603417,1.3142763265976671,0.0438092108865889,0.0475658507201139,0.5097858623071609,0.8773734731526255,3.1823742689385215,8.0,1.0,0.26666666666666666,0.0,0.0,0.0,8.0,8.0,1.0,0.0,1.0,0.0,33.0,3.0,0.09428571428571429,11.0,14.0,0.0,8.0,22.0,0.6666666666666666,0.0,0.24242424242424243,4.0,8.0,3.0,131.0,0.3742857142857143,4.8125,1.0,8.0,0.13333333333333333
subject_26_task_4,26,4,,4,66,325.0,355.0,0.2237508801819945,22.0,0.2689393939393939,eye,中,5.333333333333333,6,94.66666666666669,1.2110601416389968,93.0,96.0,5.833668139815045,7.24063935900196,1.9975747741712313,1.9359377666703577,6.026779037506228,4.071772504182915,1.0318383207156934,3.113105772956616,9.493987941886472,2.5129982804071207,1.988204314054827,5.18850933418471,2.5501462816277587,1.2639537408919546,2.6096459491142774,4.620929159368833,1.87304666820928,1.8525605842504629,2.963257829490557,1.5122978809163763,1.0110582531729215,1.599547056481004,7.050443734034146,4.558064516383382,14.839311518507875,22.825554009818045,19.01263732942974,0.30716145494341,1.5381814703026873,2994,3.135840847913862,0.1030754278706522,0.988309953239813,0.9495657982631932,0.0377421509686038,0.0090180360721442,3,3,1426.975521603417,1.3142763265976671,0.0438092108865889,0.0475658507201139,0.5097858623071609,0.8773734731526255,3.1823742689385215,8.0,1.0,0.26666666666666666,0.0,0.0,0.0,8.0,8.0,1.0,0.0,1.0,0.0,33.0,3.0,0.09295774647887324,11.0,14.0,0.0,8.0,22.0,0.6666666666666666,0.0,0.24242424242424243,4.0,13.0,3.0,131.0,0.36901408450704226,4.8125,1.0,8.0,0.13333333333333333
subject_26_task_4,26,4,,4,67,330.0,360.0,0.2269023010296282,22.0,0.2727272727272727,eye,中,5.333333333333333,7,94.42857142857144,1.2724180205607036,93.0,96.0,1.4856646394441142,6.973438528167803,2.1040651047844054,1.8850795677413936,5.704068082703895,4.265901687909682,1.1161677951373634,3.0259030867000583,9.42546702349309,2.6672675080800445,1.8792722846484151,5.127247423833436,2.9601128483408417,1.4193087025593272,2.728315351488659,4.8199450448957295,1.912962928995272,1.8370189113309672,3.027853768288286,1.6110980104006931,1.0413409013896766,1.6482431125842512,7.532155468688498,4.4859425562138044,14.004040209179513,24.957869478066986,20.132695278045,0.3203320248447525,1.7821906467897275,2994,3.1292330650570084,0.0927525429481206,0.9916499665998664,0.9542418169672678,0.0350701402805611,0.0056780227120908,3,3,1426.975521603417,1.3142763265976671,0.0438092108865889,0.0475658507201139,0.5097858623071609,0.8773734731526255,3.1823742689385215,8.0,1.0,0.26666666666666666,0.0,0.0,0.0,8.0,8.0,1.0,0.0,1.0,0.0,33.0,3.0,0.09166666666666666,11.0,14.0,0.0,8.0,22.0,0.6666666666666666,0.0,0.24242424242424243,4.0,18.0,3.0,131.0,0.3638888888888889,4.8125,1.0,8.0,0.13333333333333333
subject_26_task_4,26,4,,4,68,335.0,365.0,0.230053721877262,22.0,0.2765151515151515,eye,中,5.333333333333333,5,94.6,1.51657508881031,93.0,96.0,0.4333868378813267,7.231601128419141,2.020683998242715,1.9246559551039928,5.978513674957587,4.505087819901215,1.049893614951839,3.106276557689791,9.807379587500714,2.6918770798979756,1.87417633048262,5.5058821901317065,3.0746184846234583,1.4362987282017317,2.9377610316495053,4.543968686048014,1.8661388881187109,2.1174894632136985,3.243403941265613,1.7307730874912812,0.8812978390392958,1.531721407644278,8.375581480425558,4.223449733471103,13.898486467294212,24.794482799197763,21.437448501876645,0.3038783930473066,1.7839699925271653,2994,3.1344352037408147,0.0658756534224964,0.9976619906479626,0.9672678690714764,0.0293921175684702,0.0016700066800267,3,3,1426.975521603417,1.3142763265976671,0.0438092108865889,0.0475658507201139,0.5097858623071609,0.8773734731526255,3.1823742689385215,8.0,1.0,0.26666666666666666,0.0,0.0,0.0,8.0,8.0,1.0,0.0,1.0,0.0,33.0,3.0,0.09041095890410959,11.0,14.0,0.0,8.0,22.0,0.6666666666666666,0.0,0.24242424242424243,4.0,23.0,3.0,131.0,0.3589041095890411,4.8125,1.0,8.0,0.13333333333333333
subject_26_task_4,26,4,,4,69,340.0,370.0,0.2332051427248957,22.0,0.2803030303030303,eye,中,5.333333333333333,6,94.66666666666669,1.3662601021279464,93.0,96.0,-6.293206197854674,6.86019258247715,2.0514252228051837,1.7834879607245917,6.091728528312033,4.556983790140653,1.150232167517259,3.4156263807001532,9.337357725014192,2.7342676636063774,1.7504433059276838,5.427456260400764,3.1778816966719763,1.5620429718272395,3.100618136000909,4.597789259748415,1.9608433781374552,1.8266918920982744,3.1932131618781137,1.789303345735578,1.0734395803799646,1.7480852549305133,7.783598124867773,4.30154073839424,12.239287070961618,25.757808604616088,22.072675914074193,0.3514535375675501,2.104518707280582,2995,3.1691272120200336,0.0991131694147806,0.9959933222036728,0.9659432387312188,0.0307178631051752,0.001669449081803,3,3,1426.975521603417,1.3142763265976671,0.0438092108865889,0.0475658507201139,0.5097858623071609,0.8773734731526255,3.1823742689385215,4.0,1.0,0.13333333333333333,0.0,0.0,0.0,4.0,4.0,1.0,0.0,1.0,0.0,33.0,3.0,0.0891891891891892,11.0,14.0,0.0,8.0,22.0,0.6666666666666666,0.0,0.24242424242424243,4.0,28.0,3.0,131.0,0.35405405405405405,4.8125,1.0,8.0,0.13333333333333333
subject_26_task_4,26,4,,4,70,345.0,375.0,0.2363565635725294,22.0,0.2840909090909091,eye,中,5.333333333333333,7,94.71428571428572,1.2535663410560174,93.0,96.0,-3.431085043988183,4.947312020886702,1.7237140923623773,1.739490280320795,5.838214368604122,4.2498874927656,0.9909305684907256,3.356278810323358,5.636410720557515,2.071524038469992,1.641303196671345,5.314322173538536,2.7606969167534676,1.2621214914289811,3.237867436264232,4.5997433338676545,1.98194480396466,2.1251774909128383,3.321188333032771,1.696992151310073,0.9326020120386956,1.5627816251743774,6.489734204925251,3.9699315799166546,11.939543080818876,25.32368345362761,20.753692960980015,0.3325028062668856,2.1209926780456643,2995,3.1816437395659434,0.0976673270354324,0.9959933222036728,0.9652754590984975,0.0313856427378964,0.001669449081803,3,3,1426.975521603417,1.3142763265976671,0.0438092108865889,0.0475658507201139,0.5097858623071609,0.8773734731526255,3.1823742689385215,2.0,1.0,0.06666666666666667,2.0,0.0,0.0,0.0,0.0,0.0,0.0,0.0,1.0,35.0,4.0,0.09333333333333334,13.0,14.0,0.0,8.0,22.0,0.6285714285714286,0.0,0.22857142857142856,5.0,1.0,4.0,163.0,0.43466666666666665,5.470588235294118,1.0,10.0,0.16666666666666666
subject_26_task_4,26,4,,4,71,350.0,380.0,0.2395079844201632,22.0,0.2878787878787879,eye,中,5.333333333333333,6,94.5,1.224744871391589,93.0,96.0,-2.382352941176429,4.72775402785603,1.7491062569542926,1.7467312596114843,5.5859362208386365,4.181200547018496,1.001359681021187,3.1979368263444745,5.810769303342126,2.1209332641931034,1.5927612459943663,5.200363227485197,2.706265646757807,1.3316077783327764,3.2649985932063483,4.149492421160597,1.9929835483019596,2.091870847914516,3.218001897386906,1.7003491671105415,0.9527278179189972,1.5383367957897986,6.1215398247502515,4.076829900154187,12.401577150465537,25.43594152421415,20.677381578737467,0.3287347932195179,2.0510247378704833,2995,3.180005342237062,0.1002442873141389,0.9959933222036728,0.9669449081803004,0.0297161936560934,0.001669449081803,3,3,1426.975521603417,1.3142763265976671,0.0438092108865889,0.0475658507201139,0.5097858623071609,0.8773734731526255,3.1823742689385215,2.0,1.0,0.06666666666666667,2.0,0.0,0.0,0.0,0.0,0.0,0.0,0.0,1.0,35.0,4.0,0.09210526315789473,13.0,14.0,0.0,8.0,22.0,0.6285714285714286,0.0,0.22857142857142856,5.0,6.0,4.0,163.0,0.42894736842105263,5.470588235294118,1.0,10.0,0.16666666666666666
subject_26_task_4,26,4,,4,72,355.0,385.0,0.2426594052677969,22.0,0.2916666666666667,eye,中,5.333333333333333,5,94.0,1.0,93.0,95.0,2.8074866310160753,3.890433432927444,1.6428314100294985,1.7034111466789568,5.496022283322578,3.8375089226974857,0.9644362215384304,3.22648016835974,3.832764956240208,1.8673719243063984,1.440041594539876,4.843459467204471,2.2686045854198293,1.2967486018367849,3.363416366283545,4.165909027302887,1.9671064961798823,2.1272706572656324,3.160219195647701,1.5943488394721044,0.9247090817810542,1.4855745717424635,5.892067377481106,4.254302479846213,12.643079943814143,24.55575000513294,20.252927764573787,0.3364925713316957,1.9422284850098797,2995,3.1728250417362274,0.1053972101992846,0.9976627712854758,0.962270450751252,0.0340567612687813,0.0,3,3,1426.975521603417,1.3142763265976671,0.0438092108865889,0.0475658507201139,0.5097858623071609,0.8773734731526255,3.1823742689385215,2.0,1.0,0.06666666666666667,2.0,0.0,0.0,0.0,0.0,0.0,0.0,0.0,1.0,35.0,4.0,0.09090909090909091,13.0,14.0,0.0,8.0,22.0,0.6285714285714286,0.0,0.22857142857142856,5.0,11.0,4.0,163.0,0.42337662337662335,5.470588235294118,1.0,10.0,0.16666666666666666
subject_26_task_4,26,4,,4,73,360.0,390.0,0.2458108261154306,22.0,0.2954545454545454,eye,中,5.333333333333333,6,93.5,1.378404875209022,92.0,95.0,-6.323529411764679,3.568019794310997,1.6217419977200516,1.53994324934323,4.709700853195029,3.114918527962141,1.0531180278310306,3.0583600111261684,3.3650852483172096,1.7210324303214353,1.274082781859711,3.906621620183602,1.7395363323185549,1.350801105568145,3.066222757112622,3.962484039663763,2.034446092653516,1.873716123264034,2.7076373670341995,1.4314104780875057,1.0857813877960811,1.4450627463873589,5.209937046411611,4.0729879626922925,11.578021815938618,20.63376702873381,17.440059752642963,0.3517861710266694,1.7821496069672982,2995,3.1845512520868113,0.1101609299551284,0.9976627712854758,0.9616026711185308,0.0363939899833055,0.0,3,3,1426.975521603417,1.3142763265976671,0.0438092108865889,0.0475658507201139,0.5097858623071609,0.8773734731526255,3.1823742689385215,2.0,1.0,0.06666666666666667,2.0,0.0,0.0,0.0,0.0,0.0,0.0,0.0,1.0,35.0,4.0,0.08974358974358974,13.0,14.0,0.0,8.0,22.0,0.6285714285714286,0.0,0.22857142857142856,5.0,16.0,4.0,163.0,0.41794871794871796,5.470588235294118,1.0,10.0,0.16666666666666666
subject_26_task_4,26,4,,4,74,365.0,395.0,0.2489622469630643,22.0,0.2992424242424242,eye,中,5.333333333333333,6,93.5,1.378404875209022,92.0,95.0,-6.323529411764679,3.8966953312559034,1.5841497233123625,1.499840356871394,4.784499498546948,3.1223854750343034,1.056212226891157,3.19000584070642,3.7190025604368855,1.7796805176789892,1.3862561286055806,4.025532202779023,1.7313049390173332,1.2838035345381302,2.9038877590595473,4.188491137423044,1.9618677433846263,1.7542634118302534,2.7282536026775777,1.377534112123472,1.1183427358481903,1.55521319334315,12.180237487528382,5.426506529032264,10.218965108681838,22.418957864710624,16.809972052302424,0.5310230998266162,2.193857951982232,2995,3.196616360601002,0.1203544284311806,0.9976627712854758,0.9642737896494156,0.0337228714524207,0.0,3,3,1426.975521603417,1.3142763265976671,0.0438092108865889,0.0475658507201139,0.5097858623071609,0.8773734731526255,3.1823742689385215,2.0,1.0,0.06666666666666667,2.0,0.0,0.0,0.0,0.0,0.0,0.0,0.0,1.0,35.0,4.0,0.08860759493670886,13.0,14.0,0.0,8.0,22.0,0.6285714285714286,0.0,0.22857142857142856,5.0,21.0,4.0,163.0,0.41265822784810124,5.470588235294118,1.0,10.0,0.16666666666666666
subject_26_task_4,26,4,,4,75,370.0,400.0,0.2521136678106981,22.0,0.303030303030303,eye,中,5.333333333333333,6,93.83333333333331,1.4719601443879744,92.0,95.0,1.2025586353945776,3.997958370639663,1.737156922493056,1.5734742869219758,4.814335091080687,3.192553993241276,1.1040262538330228,3.0596846298000013,3.9497341464576334,1.9015265398800456,1.4392325829507877,4.201118458800121,1.8944465233349463,1.3212086513365615,2.918998991939701,4.17322518908316,2.0607685629645696,1.8429932905111015,2.7821998025513013,1.466417200681409,1.1181638986830351,1.5096092953109652,15.395613411466924,6.2767391858384025,11.089557082018452,26.362328174806265,18.69522333479311,0.5660044976923414,2.3772210179207587,2994,3.1831199064796256,0.107735007892906,0.9993319973279892,0.968937875751503,0.0290581162324649,0.0,3,3,1426.975521603417,1.3142763265976671,0.0438092108865889,0.0475658507201139,0.5097858623071609,0.8773734731526255,3.1823742689385215,6.0,2.0,0.2,6.0,0.0,0.0,0.0,0.0,0.0,0.0,0.0,2.0,39.0,5.0,0.0975,17.0,14.0,0.0,8.0,22.0,0.5641025641025641,0.0,0.20512820512820512,6.0,5.0,5.0,184.0,0.46,5.447368421052632,1.0,10.0,0.16666666666666666
subject_26_task_4,26,4,,4,76,375.0,405.0,0.2552650886583318,22.0,0.3068181818181818,eye,中,5.333333333333333,6,93.83333333333331,1.4719601443879744,92.0,95.0,7.197696737044082,4.043392906324324,1.787345349840801,1.5629389995870142,5.458624003031897,3.6759561241885046,1.1435797240411063,3.492538099359134,4.472316237986444,1.9345534244049427,1.4881640758599028,4.579656322569975,2.2587369914224498,1.2999597663900762,3.0773866920041875,4.022460076854861,1.963870534663195,1.7380163028855964,2.8922125393615,1.5139907174151437,1.1299494322364048,1.664088268078736,14.613113825046485,6.255043220579931,11.04774538037248,28.069961628959337,19.088790594762816,0.5661827825696177,2.540786437640812,2994,3.182800935203741,0.1117351250720582,0.9993319973279892,0.9655978623914496,0.0317301269205076,0.0,3,3,1426.975521603417,1.3142763265976671,0.0438092108865889,0.0475658507201139,0.5097858623071609,0.8773734731526255,3.1823742689385215,8.0,1.0,0.26666666666666666,8.0,0.0,0.0,0.0,0.0,0.0,0.0,0.0,2.0,43.0,5.0,0.10617283950617284,21.0,14.0,0.0,8.0,22.0,0.5116279069767442,0.0,0.18604651162790697,7.0,2.0,6.0,191.0,0.47160493827160493,5.119047619047619,1.0,10.0,0.16666666666666666
subject_26_task_4,26,4,,4,77,380.0,410.0,0.2584165095059655,22.0,0.3106060606060606,eye,中,5.333333333333333,7,93.85714285714286,1.3451854182690983,92.0,95.0,4.794377928162404,4.46925009605502,1.8061035081677932,1.555474733936236,5.4115087688345636,3.680453418912028,1.161126869349606,3.479007823637461,4.74820232369214,2.0342750092758077,1.516059776315843,4.451097167490067,2.3449589088833074,1.3418171506530387,2.935964159874105,4.302500175560328,2.076365587568179,1.726131358603875,2.875612609650442,1.5708589610475006,1.2029012607983554,1.6659291862794776,17.29788765402007,6.50203357583412,11.143031657542044,27.359223049977174,19.35616305322473,0.5835066950952514,2.4552764356062267,2994,3.198152326749247,0.111740153568,0.9956579826319304,0.9539078156312624,0.0380761523046092,0.0026720106880427,3,3,1426.975521603417,1.3142763265976671,0.0438092108865889,0.0475658507201139,0.5097858623071609,0.8773734731526255,3.1823742689385215,8.0,1.0,0.26666666666666666,8.0,0.0,0.0,0.0,0.0,0.0,0.0,0.0,2.0,43.0,5.0,0.1048780487804878,21.0,14.0,0.0,8.0,22.0,0.5116279069767442,0.0,0.18604651162790697,7.0,7.0,6.0,191.0,0.4658536585365854,5.119047619047619,1.0,10.0,0.16666666666666666
subject_26_task_4,26,4,,4,78,385.0,415.0,0.2615679303535992,22.0,0.3143939393939394,eye,中,5.333333333333333,7,94.0,1.4142135623730951,92.0,95.0,6.464746772591798,4.433618204640585,1.7143576581348006,1.503303517564881,5.633273508703781,3.797365809032513,1.1403935653072872,3.747262906581109,4.82095111516389,1.767899119770929,1.4921483530432538,4.493844692685459,2.4661167823299373,1.1848011735329658,3.0116607933254165,4.354055933695068,1.9250903891901805,1.601020901804566,3.0024168363338672,1.59297192657433,1.2024142764284618,1.8753139530843972,15.667265854991252,6.392948241613785,9.921123554472372,27.64414760295412,19.5823541314813,0.6443774444006282,2.7863928365746773,2994,3.2047941078004687,0.1093877811421093,0.9963259853039412,0.959251837007348,0.034068136272545,0.0026720106880427,3,3,1426.975521603417,1.3142763265976671,0.0438092108865889,0.0475658507201139,0.5097858623071609,0.8773734731526255,3.1823742689385215,8.0,1.0,0.26666666666666666,8.0,0.0,0.0,0.0,0.0,0.0,0.0,0.0,2.0,43.0,5.0,0.10361445783132531,21.0,14.0,0.0,8.0,22.0,0.5116279069767442,0.0,0.18604651162790697,7.0,12.0,6.0,191.0,0.4602409638554217,5.119047619047619,1.0,10.0,0.16666666666666666
subject_26_task_4,26,4,,4,79,390.0,420.0,0.2647193512012329,22.0,0.3181818181818182,eye,中,5.333333333333333,6,94.33333333333331,1.2110601416389968,92.0,95.0,-6.297709923664043,4.4556499126183295,1.7071172960513985,1.4846753006636837,5.613994431355366,3.803744403511994,1.1498253492115604,3.781294420972574,4.791941703453776,1.943432963365075,1.4472876956483027,4.432788539620944,2.5164749818874,1.342810395755163,3.0628247258298607,4.266609801899474,2.0175203341360817,1.682722458715836,3.012030355045336,1.542448434131778,1.19896202946964,1.789974537657242,17.757855591370284,6.708855804302636,10.319363444380086,27.065321027047613,19.496319918797138,0.6501230274970373,2.622770403710062,2994,3.1948888516906595,0.1034857304955423,0.9943219772879092,0.96125584502338,0.0297261189044756,0.0043420173680694,3,3,1426.975521603417,1.3142763265976671,0.0438092108865889,0.0475658507201139,0.5097858623071609,0.8773734731526255,3.1823742689385215,8.0,1.0,0.26666666666666666,8.0,0.0,0.0,0.0,0.0,0.0,0.0,0.0,2.0,43.0,5.0,0.10238095238095238,21.0,14.0,0.0,8.0,22.0,0.5116279069767442,0.0,0.18604651162790697,7.0,17.0,6.0,191.0,0.45476190476190476,5.119047619047619,1.0,10.0,0.16666666666666666
subject_26_task_4,26,4,,4,80,395.0,425.0,0.2678707720488667,22.0,0.3219696969696969,eye,中,5.333333333333333,6,94.33333333333331,1.2110601416389968,92.0,95.0,-6.297709923664043,4.389454316305912,1.682939228873927,1.4838270329087186,5.435020959946651,3.584892315666081,1.134188279057629,3.662839966793488,4.370592721598192,1.6405199882802062,1.414029760165283,4.371589669703342,2.3431317450217133,1.1601735935801305,3.0915825061506172,4.30814760244902,1.9286806370156464,1.6129996241625573,3.0427979067313062,1.55968726520686,1.195710530941373,1.886421956428587,7.843685581491069,4.94764701737003,9.556888687604705,24.522681854963228,19.447165397934135,0.517704786473775,2.56596918270788,2995,3.177054886211513,0.092136423426433,0.9943238731218698,0.9609348914858096,0.030050083472454,0.0043405676126878,3,3,1426.975521603417,1.3142763265976671,0.0438092108865889,0.0475658507201139,0.5097858623071609,0.8773734731526255,3.1823742689385215,10.0,2.0,0.3333333333333333,10.0,0.0,0.0,0.0,0.0,0.0,0.0,0.0,3.0,45.0,6.0,0.10588235294117647,23.0,14.0,0.0,8.0,22.0,0.4888888888888889,0.0,0.17777777777777778,8.0,4.0,7.0,208.0,0.4894117647058824,5.295454545454546,1.0,12.0,0.2
subject_26_task_4,26,4,,4,81,400.0,430.0,0.2710221928965004,22.0,0.3257575757575757,eye,中,5.333333333333333,5,92.6,3.361547262794322,87.0,95.0,-20.49689440993789,3.983305511695705,1.586552531815035,1.376422292002565,4.622338531529243,3.0500686744244954,1.1526640777567982,3.358227019706412,4.107731271107185,1.6538904139711863,1.25910042718752,3.726976682489562,1.9045315915630867,1.313549243776779,2.960031306489658,4.093403865597878,1.939797199377553,1.5608685485212674,2.89530707636208,1.4312880737728433,1.2427678174534773,1.854933318443139,7.575877860953,4.757682504544148,9.273970232025356,19.994907707228705,17.761838979448168,0.5130146404950353,2.1560245727532363,2995,3.1660170682730926,0.0894805268768764,0.9943238731218698,0.9569282136894824,0.0340567612687813,0.0043405676126878,3,3,1426.975521603417,1.3142763265976671,0.0438092108865889,0.0475658507201139,0.5097858623071609,0.8773734731526255,3.1823742689385215,6.0,2.0,0.2,6.0,0.0,0.0,0.0,0.0,0.0,0.0,0.0,2.0,45.0,6.0,0.10465116279069768,23.0,14.0,0.0,8.0,22.0,0.4888888888888889,0.0,0.17777777777777778,8.0,9.0,7.0,208.0,0.48372093023255813,5.295454545454546,1.0,12.0,0.2
subject_26_task_4,26,4,,4,82,405.0,435.0,0.2741736137441342,22.0,0.3295454545454545,eye,中,5.333333333333333,6,89.66666666666667,4.546060565661952,85.0,95.0,-24.982206405693898,4.11310063017611,1.5321502555655877,1.3992463403034945,4.482529578905325,2.810828936651321,1.094982499817199,3.203531393859548,3.675913552572697,1.50010533158329,1.1813937951936364,3.727895221456865,1.6965771013147528,1.2697758678658162,3.1555060104627044,4.422170151520463,1.935520229499508,1.5137866016414732,2.984492576285506,1.4762553929627606,1.2785951648671805,1.9715411492275556,18.394337319654568,5.98009566089182,10.16620915658949,22.83763297263025,19.36799286714992,0.5882326016296514,2.246425646065667,2995,3.1594210174029453,0.0892914832760669,0.9926544240400668,0.9582637729549248,0.031719532554257,0.0060100166944908,3,3,1426.975521603417,1.3142763265976671,0.0438092108865889,0.0475658507201139,0.5097858623071609,0.8773734731526255,3.1823742689385215,2.0,1.0,0.06666666666666667,2.0,0.0,0.0,0.0,0.0,0.0,0.0,0.0,1.0,45.0,6.0,0.10344827586206896,23.0,14.0,0.0,8.0,22.0,0.4888888888888889,0.0,0.17777777777777778,8.0,14.0,7.0,208.0,0.4781609195402299,5.295454545454546,1.0,10.0,0.16666666666666666
subject_26_task_4,26,4,,4,83,410.0,440.0,0.2773250345917679,22.0,0.3333333333333333,eye,中,5.333333333333333,5,88.8,4.494441010848846,85.0,95.0,-29.596083231334298,4.181715256266694,1.5162909780859883,1.3941252050196993,4.4436167722932165,2.7698252845675224,1.0876289824087664,3.1873871559695583,3.9924796377949825,1.5877924183385093,1.1832603574335046,3.6824613093824743,1.6559095981284897,1.341879163248937,3.112131059110055,3.966020428881692,1.9570585316704143,1.5645164196414965,3.0739891559416677,1.5203499417778434,1.2509031590214104,1.96481744604896,26.36271304571962,6.942980267498437,10.357924508709347,25.751889441262705,20.634801412827567,0.670306127608915,2.486201692202864,2995,3.158245742904841,0.089567966104955,0.9963272120200334,0.96661101836394,0.0287145242070116,0.003338898163606,3,3,1426.975521603417,1.3142763265976671,0.0438092108865889,0.0475658507201139,0.5097858623071609,0.8773734731526255,3.1823742689385215,4.0,2.0,0.13333333333333333,4.0,0.0,0.0,0.0,0.0,0.0,0.0,0.0,2.0,47.0,7.0,0.10681818181818181,25.0,14.0,0.0,8.0,22.0,0.46808510638297873,0.0,0.1702127659574468,9.0,3.0,8.0,224.0,0.509090909090909,5.413043478260869,1.0,12.0,0.2
subject_26_task_4,26,4,,4,84,415.0,445.0,0.2804764554394016,22.0,0.3371212121212121,eye,中,5.333333333333333,6,87.83333333333333,2.7868739954771304,85.0,92.0,-3.8442477876107097,4.200456072653397,1.5585865814681197,1.4798538065242002,4.43667765376945,2.6739831789099,1.0532030762747049,2.998051317102786,3.66058634085735,1.65162149285346,1.1339324544034308,3.670453731652908,1.6111411232194437,1.4565431004639415,3.2369244899899767,4.061534127344178,1.9195829605599224,1.642266583694522,3.0224846638890184,1.5205982220269627,1.168861973822506,1.840434856251834,17.827200141271756,6.101765365279192,10.464699207185165,27.757257549639817,20.9239005448629,0.583080817181029,2.652465875997794,2995,3.1360130217028384,0.1111497940505791,0.9963272120200334,0.969949916527546,0.0260434056761268,0.003338898163606,3,3,1426.975521603417,1.3142763265976671,0.0438092108865889,0.0475658507201139,0.5097858623071609,0.8773734731526255,3.1823742689385215,4.0,2.0,0.13333333333333333,4.0,0.0,0.0,0.0,0.0,0.0,0.0,0.0,2.0,47.0,7.0,0.10561797752808989,25.0,14.0,0.0,8.0,22.0,0.46808510638297873,0.0,0.1702127659574468,9.0,8.0,8.0,224.0,0.503370786516854,5.413043478260869,1.0,12.0,0.2
subject_26_task_4,26,4,,4,85,420.0,450.0,0.2836278762870353,22.0,0.3409090909090909,eye,中,5.333333333333333,5,87.0,2.1213203435596424,85.0,90.0,12.76595744680855,4.64277667364538,1.5989830047305482,1.3924154143028893,4.254309351271187,2.751333785341097,1.1483519848357011,3.0553449118495295,4.300005849040876,1.7126979316954902,1.189978890729164,3.6250829991232902,1.635484188305134,1.4392674904056728,3.046342273266719,3.9130221980519657,1.9530643928167208,1.5994853682861685,2.9578812781314774,1.5644388820477784,1.2210579924900524,1.8492706071458571,26.49889893462539,7.199922971680732,10.225126324741856,26.639479580381657,21.39344964379887,0.7041402465863914,2.6052958891981413,2995,3.122791318864775,0.1218287651616197,0.9963272120200334,0.9702838063439064,0.0263772954924874,0.003338898163606,3,3,1426.975521603417,1.3142763265976671,0.0438092108865889,0.0475658507201139,0.5097858623071609,0.8773734731526255,3.1823742689385215,4.0,2.0,0.13333333333333333,4.0,0.0,0.0,0.0,0.0,0.0,0.0,0.0,2.0,47.0,7.0,0.10444444444444445,25.0,14.0,0.0,8.0,22.0,0.46808510638297873,0.0,0.1702127659574468,9.0,13.0,8.0,224.0,0.49777777777777776,5.413043478260869,1.0,12.0,0.2
subject_26_task_4,26,4,,4,86,425.0,455.0,0.2867792971346691,22.0,0.3446969696969697,eye,中,5.333333333333333,6,89.0,5.253570214625479,85.0,99.0,29.04817861339599,4.799875509015725,1.6347515832847703,1.6850001704202238,4.732335536409401,3.1192697685926545,0.9701788830544024,2.8085074526901677,4.491563642075547,1.778776135082354,1.3381924494902468,3.9908372482069745,1.937259686929071,1.329237910257181,2.9822595768846183,4.072919160279541,1.91762721406739,1.8248130222476713,3.2933801128848925,1.8253354959154835,1.0508623024321675,1.8047767484848103,18.73594560161881,6.190383141692396,12.129847406559028,31.22633626461683,22.80285695479887,0.5103430351766043,2.574338754478615,2994,3.1023453573814295,0.12760729636279,0.9963259853039412,0.9706078824315296,0.0260521042084168,0.0033400133600534,3,3,1426.975521603417,1.3142763265976671,0.0438092108865889,0.0475658507201139,0.5097858623071609,0.8773734731526255,3.1823742689385215,2.0,1.0,0.06666666666666667,2.0,0.0,0.0,0.0,0.0,0.0,0.0,0.0,1.0,47.0,7.0,0.10329670329670329,25.0,14.0,0.0,8.0,22.0,0.46808510638297873,0.0,0.1702127659574468,9.0,18.0,8.0,224.0,0.49230769230769234,5.413043478260869,1.0,12.0,0.2
subject_26_task_4,26,4,,4,87,430.0,460.0,0.2899307179823028,22.0,0.3484848484848485,eye,中,5.333333333333333,6,90.66666666666669,6.022181221672648,85.0,99.0,34.72708547888768,4.800979715792702,1.759504807917759,1.9044602650858815,5.178248795469538,3.5540892180195756,0.9238863315630342,2.7190112024920743,4.537839165813767,2.0228390007797974,1.4982935474706036,4.150865778360351,2.2800855906397977,1.350095249488809,2.770395551237459,4.001290221994493,2.062237951273463,1.939625113478037,3.308041789453816,1.8789341336067389,1.0632147093494595,1.7055057528730406,27.478360341822437,7.869267079173409,14.490999356961572,31.667616290730223,23.004525817825503,0.5430451610221735,2.185330045958279,2994,3.1050434201736805,0.132139461954933,0.9963259853039412,0.9639278557114228,0.0313961255845023,0.0033400133600534,3,3,1426.975521603417,1.3142763265976671,0.0438092108865889,0.0475658507201139,0.5097858623071609,0.8773734731526255,3.1823742689385215,2.0,1.0,0.06666666666666667,2.0,0.0,0.0,0.0,0.0,0.0,0.0,0.0,1.0,47.0,7.0,0.10217391304347827,25.0,14.0,0.0,8.0,22.0,0.46808510638297873,0.0,0.1702127659574468,9.0,23.0,8.0,224.0,0.48695652173913045,5.413043478260869,1.0,8.0,0.13333333333333333
subject_26_task_4,26,4,,4,88,435.0,465.0,0.2930821388299365,22.0,0.3522727272727273,eye,中,5.333333333333333,6,93.83333333333331,4.167333280008532,88.0,99.0,17.81249999999989,5.164114597031169,1.9013353942468985,2.225812048482586,5.694477909333065,4.010020512479925,0.8542210001707491,2.5583821927890047,5.345398021318289,2.2949135340132103,1.7518373311265567,4.656684197494968,2.597109021166456,1.3100037847334929,2.6581715749260733,4.73690789883281,2.1391865804750023,2.099700735220784,3.587015642573597,2.145055562684015,1.0188054633652668,1.708346138287379,8.477853824373694,5.705413075586652,15.212116962197824,36.841621230520126,27.12461812274513,0.3750571396318229,2.4218602395755773,2994,3.1229239785666443,0.1559224023636086,0.99498997995992,0.9609218436873748,0.0334001336005344,0.0043420173680694,3,3,1426.975521603417,1.3142763265976671,0.0438092108865889,0.0475658507201139,0.5097858623071609,0.8773734731526255,3.1823742689385215,2.0,1.0,0.06666666666666667,2.0,0.0,0.0,0.0,0.0,0.0,0.0,0.0,1.0,47.0,7.0,0.1010752688172043,25.0,14.0,0.0,8.0,22.0,0.46808510638297873,0.0,0.1702127659574468,9.0,28.0,8.0,224.0,0.4817204301075269,5.413043478260869,1.0,4.0,0.06666666666666667
subject_26_task_4,26,4,,4,89,440.0,470.0,0.2962335596775702,22.0,0.3560606060606061,eye,中,5.333333333333333,6,93.83333333333331,4.167333280008532,88.0,99.0,17.81249999999989,4.95539856346414,2.0466087043543846,2.627527863939128,6.59499646048453,4.567228729289279,0.7789103713960837,2.509962520662851,4.939504813834362,2.7826319259241696,2.063317456871369,5.4535230636792695,3.3505744468806022,1.3486203573072586,2.6430848270670415,5.407204209808761,2.2643413955882545,2.2559680530369093,4.013303199967953,2.422248464803821,1.003711640570474,1.7789716457045468,8.655885265395142,6.303326707445652,19.516304150640973,44.80587273445288,28.627517877937063,0.3229774786656331,2.2958175066656423,2994,3.1438489618218353,0.16757586734724,0.99498997995992,0.9579158316633266,0.0364061456245825,0.0043420173680694,3,3,1426.975521603417,1.3142763265976671,0.0438092108865889,0.0475658507201139,0.5097858623071609,0.8773734731526255,3.1823742689385215,0.0,0.0,0.0,0.0,0.0,0.0,0.0,0.0,0.0,0.0,0.0,0.0,47.0,7.0,0.1,25.0,14.0,0.0,8.0,22.0,0.46808510638297873,0.0,0.1702127659574468,9.0,33.0,8.0,224.0,0.4765957446808511,5.413043478260869,1.0,4.0,0.06666666666666667
subject_26_task_4,26,4,,4,90,445.0,475.0,0.2993849805252039,22.0,0.3598484848484848,eye,中,5.333333333333333,6,93.66666666666669,4.366539438350085,88.0,99.0,-29.78102189781021,7.8883789706343554,2.184165010224081,2.870422198366797,7.085887705968613,5.932136460218315,0.760921167438999,2.46858727263199,6.366930359376678,2.984600192852092,2.2690851010148676,6.218775867564543,4.816781769938546,1.315331977419976,2.7406534311045196,7.070588426081856,2.3383362972230546,2.313801112202913,4.9794512775051105,3.7179805541930864,1.0106038435588711,2.15206538333984,10.536093301654525,6.811492935559154,22.935635152866343,47.977158901067675,33.16561573789103,0.2969829651614378,2.091817321879216,2995,3.21991931704051,0.1826627320014292,0.989983305509182,0.9392320534223706,0.0490818030050083,0.0080133555926544,3,3,1426.975521603417,1.3142763265976671,0.0438092108865889,0.0475658507201139,0.5097858623071609,0.8773734731526255,3.1823742689385215,0.0,0.0,0.0,0.0,0.0,0.0,0.0,0.0,0.0,0.0,0.0,0.0,47.0,7.0,0.09894736842105263,25.0,14.0,0.0,8.0,22.0,0.46808510638297873,0.0,0.1702127659574468,9.0,38.0,8.0,224.0,0.47157894736842104,5.413043478260869,1.0,4.0,0.06666666666666667
subject_26_task_4,26,4,,4,91,450.0,480.0,0.3025364013728377,22.0,0.3636363636363636,eye,中,5.333333333333333,7,93.0,4.358898943540674,88.0,99.0,-26.195426195426137,9.4660517823384,2.17453359507705,2.984108629375164,7.584446513837109,6.639797102773133,0.7287045698240453,2.541612071081072,5.4670500645207705,2.9592790934391324,2.3535724282525945,6.363817040360529,5.190320212506776,1.2573562886425569,2.7038968352825807,7.331203750439366,2.332371777021721,2.473746673317174,5.594202405682333,4.443845008637542,0.9428498892710484,2.2614289757409884,9.632728703123975,7.376733787731406,25.656938710914236,52.04379014750739,32.94448312635486,0.2875141836229046,2.028448940612249,2995,3.306408724832215,0.2145932131286955,0.9849749582637728,0.92220367278798,0.0637729549248748,0.0090150250417362,3,3,1426.975521603417,1.3142763265976671,0.0438092108865889,0.0475658507201139,0.5097858623071609,0.8773734731526255,3.1823742689385215,0.0,0.0,0.0,0.0,0.0,0.0,0.0,0.0,0.0,0.0,0.0,0.0,47.0,7.0,0.09791666666666667,25.0,14.0,0.0,8.0,22.0,0.46808510638297873,0.0,0.1702127659574468,9.0,43.0,8.0,224.0,0.4666666666666667,5.413043478260869,1.0,4.0,0.06666666666666667
subject_26_task_4,26,4,,4,92,455.0,485.0,0.3056878222204714,22.0,0.3674242424242424,eye,中,5.333333333333333,6,92.0,3.794733192202055,88.0,97.0,-25.815324165029388,7.263271206524316,2.2982842993097123,2.9694948857453003,7.398056306813619,6.581295855839785,0.7739647272478384,2.4913517589564105,5.491188803245673,3.052841963168329,2.3224372619108222,6.7247917566740805,5.6614904700678705,1.3144992173681171,2.89557520754776,6.927417064264647,2.3225869157316037,2.3343934014399412,5.920910262384032,4.707490192712257,0.9949423753078402,2.536380654062761,10.073237314599693,7.002191799191523,24.610895150390817,49.81835737184758,32.707775520119746,0.2845159331427378,2.0242399582550936,2995,3.378650067294751,0.1997434841611163,0.9806343906510852,0.9031719532554258,0.0767946577629382,0.011686143572621,3,3,1426.975521603417,1.3142763265976671,0.0438092108865889,0.0475658507201139,0.5097858623071609,0.8773734731526255,3.1823742689385215,0.0,0.0,0.0,0.0,0.0,0.0,0.0,0.0,0.0,0.0,0.0,0.0,47.0,7.0,0.09690721649484536,25.0,14.0,0.0,8.0,22.0,0.46808510638297873,0.0,0.1702127659574468,9.0,48.0,8.0,224.0,0.4618556701030928,5.413043478260869,1.0,2.0,0.03333333333333333
subject_26_task_4,26,4,,4,93,460.0,490.0,0.3088392430681052,22.0,0.3712121212121212,eye,中,5.333333333333333,7,91.85714285714286,3.0237157840738176,88.0,95.0,-0.5662862159790097,9.384782855293317,2.2388624496611627,2.9271545491681734,7.83104445114751,7.369589941344632,0.7648596656084979,2.6753095265751865,5.544299649566237,3.028056322247266,2.5106980973979565,7.465804723722588,6.371079901832229,1.2060615035258484,2.973597156687225,6.988922758245069,2.237755464773537,2.452108132292209,6.436993196550779,5.258553768606238,0.9125843331720052,2.6250853752250864,9.45168993441324,7.823941099612014,24.964969606544884,47.36697761399213,31.796110580109968,0.3133967804855996,1.897337683983171,2995,3.4299169480081027,0.1889693366365519,0.9762938230383972,0.8998330550918197,0.0757929883138564,0.015025041736227,3,3,1426.975521603417,1.3142763265976671,0.0438092108865889,0.0475658507201139,0.5097858623071609,0.8773734731526255,3.1823742689385215,0.0,0.0,0.0,0.0,0.0,0.0,0.0,0.0,0.0,0.0,0.0,0.0,47.0,7.0,0.09591836734693877,25.0,14.0,0.0,8.0,22.0,0.46808510638297873,0.0,0.1702127659574468,9.0,53.0,8.0,224.0,0.45714285714285713,5.413043478260869,1.0,2.0,0.03333333333333333
subject_26_task_4,26,4,,4,94,465.0,495.0,0.3119906639157389,22.0,0.375,eye,中,5.333333333333333,5,90.8,2.949576240750525,88.0,94.0,23.10592459605027,7.155046699289231,2.241068368753236,2.832106278481018,7.323392588905771,6.765634771749625,0.7913080048518585,2.5858466698621307,4.603428462978803,2.5557371742901016,2.1975895346863683,7.271901154478461,6.0213376877266915,1.1629729455618505,3.3090352132188685,6.292980927024452,2.252070678548962,2.6048905264554545,6.308013752472337,4.983218098855113,0.8645548270365957,2.4216041666272337,9.225072390970658,7.5901853720725,23.828963773676193,39.19807420636826,26.118869638459728,0.3185277145982051,1.64497602911589,2995,3.4554932659932662,0.1691561569813581,0.976627712854758,0.8951585976627713,0.0781302170283806,0.0146911519198664,3,3,1190.6208093751711,1.096588357702207,0.0365529452567402,0.0396873603125057,0.5097858623071609,0.8773734731526255,3.1823742689385215,0.0,0.0,0.0,0.0,0.0,0.0,0.0,0.0,0.0,0.0,0.0,0.0,47.0,7.0,0.09494949494949495,25.0,14.0,0.0,8.0,22.0,0.46808510638297873,0.0,0.1702127659574468,9.0,58.0,8.0,224.0,0.45252525252525255,5.413043478260869,1.0,2.0,0.03333333333333333
subject_26_task_4,26,4,,4,95,470.0,500.0,0.3151420847633726,22.0,0.3787878787878788,eye,中,5.333333333333333,7,91.71428571428572,2.8702082220799308,88.0,94.0,14.910562180579085,4.549710550953291,2.0793001866245584,2.701291579538897,6.70752909165806,6.037037780290325,0.7697429638378723,2.4830822198035416,4.089753071122718,2.3645307116597887,2.110819457899425,6.597145854768859,5.471326013004956,1.1201956201468997,3.125395604100593,4.618672798185857,2.1565858509596314,2.6034240700487055,5.960758404098543,4.567131542308834,0.8283651809823228,2.2895841183442034,7.314428405953322,7.262818112683796,21.736761448910865,35.0669930006882,24.758249839088407,0.334126044017827,1.6132574801038384,2995,3.4317274569402225,0.1972165268567934,0.9726210350584308,0.8854757929883138,0.0821368948247078,0.0180300500834724,9,6,1100.54743057877,0.9831387833865884,0.0327712927795529,0.0366849143526256,0.4413436907522471,1.2967681581637578,3.1909026913481284,0.0,0.0,0.0,0.0,0.0,0.0,0.0,0.0,0.0,0.0,0.0,0.0,47.0,7.0,0.094,25.0,14.0,0.0,8.0,22.0,0.46808510638297873,0.0,0.1702127659574468,9.0,63.0,8.0,224.0,0.448,5.413043478260869,1.0,0.0,0.0
subject_26_task_4,26,4,,4,96,475.0,505.0,0.3182935056110063,22.0,0.3825757575757575,eye,中,5.333333333333333,5,93.0,2.23606797749979,89.0,94.0,12.927191679049084,4.487539836954873,2.2859939214497333,2.742025328773868,6.665125605793729,5.2922971439724815,0.833688112746918,2.430730867381931,4.0786693509257415,2.570631005029252,2.0656287217965468,6.880398072307174,4.603660922404482,1.2444787283909802,3.330897755102408,4.813900943679776,2.1739701069768027,2.4259792663745503,5.611789843927484,3.6695243530546735,0.8961206458395018,2.3132060202286464,7.417768455319525,7.131204061615455,20.97865129976688,35.80332063458008,21.529511876904035,0.3399267169140992,1.7066550238612306,2994,3.4076951508986104,0.2132863397742109,0.968937875751503,0.8867735470941884,0.0791583166332665,0.0203740814963259,9,6,1795.520416903536,1.4307371741388042,0.0476912391379601,0.0598506805634512,0.2711020114278575,1.6616881734006008,3.2206030535200423,0.0,0.0,0.0,0.0,0.0,0.0,0.0,0.0,0.0,0.0,0.0,0.0,47.0,7.0,0.09306930693069307,25.0,14.0,0.0,8.0,22.0,0.46808510638297873,0.0,0.1702127659574468,9.0,68.0,8.0,224.0,0.44356435643564357,5.413043478260869,1.0,0.0,0.0
subject_26_task_4,26,4,,4,97,480.0,510.0,0.3214449264586401,22.0,0.3863636363636363,eye,中,5.333333333333333,6,95.66666666666669,2.581988897471611,94.0,99.0,14.796547472256645,4.268554422175127,1.9274787365343995,2.5207225191262355,6.5324471201858065,5.004737976632618,0.7646532777445597,2.591497902137267,4.083249622632494,2.3216581690646603,1.921172456257108,6.78481421209264,4.420963127060307,1.208459012361541,3.53160081490604,4.7692676850571445,2.061795677859358,2.359765242787164,5.019020373654101,3.2191658625732575,0.8737291491860993,2.1269151196269167,7.978278286581426,6.329945426993743,18.248383850035182,29.366855982503424,19.528892754184692,0.3468770428665407,1.6092853056928,2994,3.353510825439783,0.1918121231218444,0.9759519038076152,0.9024716098864396,0.0674682698730795,0.0177020708082832,9,6,2490.4934032283027,1.8783355648910205,0.0626111854963673,0.0830164467742767,0.3641757937155654,1.5163908333447988,3.2337276244316477,0.0,0.0,0.0,0.0,0.0,0.0,0.0,0.0,0.0,0.0,0.0,0.0,47.0,7.0,0.09215686274509804,25.0,14.0,0.0,8.0,22.0,0.46808510638297873,0.0,0.1702127659574468,9.0,73.0,8.0,224.0,0.4392156862745098,5.413043478260869,1.0,0.0,0.0
subject_26_task_4,26,4,,4,98,485.0,515.0,0.3245963473062738,22.0,0.3901515151515151,eye,中,5.333333333333333,7,95.71428571428572,2.3603873774083293,94.0,99.0,9.834525939177208,4.453122018271466,2.018632084003662,2.563796774964158,6.751373771821232,4.960478866690211,0.7873604116035611,2.633349818421398,4.080362055284097,2.3631242989633368,2.0790314075494476,7.094704721450282,4.383834285379796,1.13664675309006,3.412504830705181,5.053746056938504,2.180138011738263,2.3984848980637974,4.996578971849866,3.0718816423751374,0.9089646607732252,2.083223027955443,7.216982288173543,5.969096598412214,19.216984299240124,33.28777499551229,20.92847550202292,0.3106156775414675,1.7322059734850566,2994,3.292195681511471,0.1838748588600345,0.977621910487642,0.9168336673346692,0.0567802271209084,0.0173680694722778,9,6,3185.466389553069,2.325933955643237,0.0775311318547745,0.1061822129851023,0.4166377744553657,1.3162592273444,3.24112542185063,0.0,0.0,0.0,0.0,0.0,0.0,0.0,0.0,0.0,0.0,0.0,0.0,47.0,7.0,0.0912621359223301,25.0,14.0,0.0,8.0,22.0,0.46808510638297873,0.0,0.1702127659574468,9.0,78.0,8.0,224.0,0.4349514563106796,5.413043478260869,1.0,0.0,0.0
subject_26_task_4,26,4,,4,99,490.0,520.0,0.3277477681539075,22.0,0.3939393939393939,eye,中,5.333333333333333,5,96.4,2.5099800796022267,94.0,99.0,12.922201138520034,4.413830000720911,1.9784984080453432,2.477117181664524,6.181072385115503,4.501520974680343,0.7987100580828684,2.495268464030462,4.040119386458062,2.430240673531586,2.2865240697164864,6.250027600062025,3.9853042314549545,1.062853746312375,2.7334186780885217,4.933590567380762,2.206339987249342,2.5647565793583804,4.572072725484009,2.7419464006444954,0.8602531737344435,1.7826536686876515,8.23119101339095,5.923263162865003,19.35444945620715,31.463308378760093,19.75451557214394,0.3060414183450389,1.6256369601187246,2994,3.2464895763281776,0.1542210695841803,0.979625918503674,0.916499665998664,0.0584502338009352,0.0163660654642618,9,6,3880.439375877835,2.773532346395452,0.0924510782131817,0.1293479791959278,0.4503082442905517,1.0668523392000535,3.24587338049287,0.0,0.0,0.0,0.0,0.0,0.0,0.0,0.0,0.0,0.0,0.0,0.0,47.0,7.0,0.09038461538461538,25.0,14.0,0.0,8.0,22.0,0.46808510638297873,0.0,0.1702127659574468,9.0,83.0,8.0,224.0,0.4307692307692308,5.413043478260869,1.0,0.0,0.0
subject_26_task_4,26,4,,4,100,495.0,525.0,0.3308991890015412,22.0,0.3977272727272727,eye,中,5.333333333333333,7,95.28571428571428,2.8115408417381924,92.0,99.0,-4.800520381613148,4.579377959346782,2.053439913416607,2.281222582474408,6.496844882820159,4.417201679612416,0.9001488628037653,2.847966232112751,4.301046583626924,2.5945538097339553,2.523919173695044,6.638822749794848,3.934803272550417,1.0279860927303397,2.6303626593856184,5.306007797805594,2.2047595100536097,2.323290816890146,4.478172240598724,2.756777331475499,0.9489812872435844,1.927512564523888,7.912479362461674,5.845922233081208,19.45428304380836,32.45808099495091,19.91668711376432,0.3004953829404557,1.6684285368861855,2995,3.2237347899159667,0.1337296902092346,0.9796327212020032,0.9158597662771284,0.0627712854757929,0.0153589315525876,6,3,4811.767074430847,3.4388187060431283,0.1146272902014376,0.1603922358143615,0.4504794235006849,1.0635505804826113,3.2458975189089387,0.0,0.0,0.0,0.0,0.0,0.0,0.0,0.0,0.0,0.0,0.0,0.0,47.0,7.0,0.08952380952380952,25.0,14.0,0.0,8.0,22.0,0.46808510638297873,0.0,0.1702127659574468,9.0,88.0,8.0,224.0,0.4266666666666667,5.413043478260869,1.0,0.0,0.0
subject_26_task_4,26,4,,4,101,500.0,530.0,0.3340506098491749,22.0,0.4015151515151515,eye,中,5.333333333333333,6,96.0,2.9664793948382653,92.0,99.0,-11.622047244094528,4.692643527694135,2.097455785023273,2.4776254513656935,6.681807254673206,4.470322705278924,0.8465588629900186,2.696859305747817,4.495439228396226,2.524486943428101,2.53257194131714,6.765681954379065,4.004957729510283,0.996807593988886,2.6714668373291577,4.942638856340265,2.255915847729632,2.5805840679111336,4.4929299142387595,2.762870446037315,0.8741880862481238,1.7410515588727105,8.892582618623118,5.873140122620268,20.63751705655828,33.57369892902739,21.45360759788268,0.2845855975079073,1.626828403679414,2995,3.264770777479893,0.1597930727068006,0.9819699499165276,0.9235392320534224,0.0601001669449081,0.0120200333889816,6,3,5596.813439552015,3.999866671110963,0.1333288890370321,0.1865604479850671,0.4504794235006849,1.0635505804826113,3.245897518908939,0.0,0.0,0.0,0.0,0.0,0.0,0.0,0.0,0.0,0.0,0.0,0.0,47.0,7.0,0.08867924528301886,25.0,14.0,0.0,8.0,22.0,0.46808510638297873,0.0,0.1702127659574468,9.0,93.0,8.0,224.0,0.4226415094339623,5.413043478260869,1.0,0.0,0.0
subject_26_task_4,26,4,,4,102,505.0,535.0,0.3372020306968087,22.0,0.4053030303030303,eye,中,5.333333333333333,6,96.0,2.9664793948382653,92.0,99.0,-11.622047244094528,4.619887954117371,2.464839865140885,2.6312906560896834,7.575060313755859,4.8607579783207,0.9367417694569106,2.878838297937419,4.568846844678554,2.8940134276592135,3.3529745190870557,7.693167449557154,4.204575627599956,0.8631182286607989,2.2944306333863347,4.498173865226259,2.3088896935694687,2.6800743597128616,4.648621362944937,2.874185252732662,0.8615021016867752,1.7345120840016477,8.291125865718941,5.822382568080289,21.63565576111594,37.448984513633654,22.167012180357357,0.2691105197996539,1.730892048159583,2995,3.2585646076794665,0.1540448800391319,0.9853088480801336,0.9318864774624374,0.0534223706176961,0.010016694490818,6,3,5596.813439552015,3.999866671110963,0.1333288890370321,0.1865604479850671,0.4504794235006849,1.0635505804826113,3.245897518908939,0.0,0.0,0.0,0.0,0.0,0.0,0.0,0.0,0.0,0.0,0.0,0.0,47.0,7.0,0.08785046728971962,25.0,14.0,0.0,8.0,22.0,0.46808510638297873,0.0,0.1702127659574468,9.0,98.0,8.0,224.0,0.41869158878504675,5.413043478260869,1.0,0.0,0.0
subject_26_task_4,26,4,,4,103,510.0,540.0,0.3403534515444424,22.0,0.4090909090909091,eye,中,5.333333333333333,5,94.2,2.16794833886788,92.0,97.0,-2.2192866578599415,4.482615877585346,2.269910341544334,2.4200387828729446,7.093634825276462,4.645195215777429,0.9379644481769892,2.9312070845638543,4.338046582074451,2.6390453482416283,2.7576456821300663,6.541515932361215,3.6818153874167137,0.95699217827113,2.3721379344529874,4.481676420075153,2.3243490670511986,2.613051237029848,4.260059715969408,2.5673573941860326,0.8895153046035156,1.6303008741656553,8.861616306117506,6.150576686992591,20.203726290205633,35.71802955573481,23.153060994038785,0.3044278366597289,1.7678931620178502,2995,3.248272787979967,0.1653480874522644,0.9816360601001668,0.9208681135225376,0.0580968280467445,0.0123539232053422,6,3,5596.813439552015,3.999866671110963,0.1333288890370321,0.1865604479850671,0.4504794235006849,1.0635505804826113,3.245897518908939,0.0,0.0,0.0,0.0,0.0,0.0,0.0,0.0,0.0,0.0,0.0,0.0,47.0,7.0,0.08703703703703704,25.0,14.0,0.0,8.0,22.0,0.46808510638297873,0.0,0.1702127659574468,9.0,103.0,8.0,224.0,0.4148148148148148,5.413043478260869,1.0,0.0,0.0
subject_26_task_4,26,4,,4,104,515.0,545.0,0.3435048723920761,22.0,0.4128787878787879,eye,中,5.333333333333333,6,92.5,2.588435821108957,90.0,97.0,-8.147001934235895,4.37502745507868,2.523360852877709,2.578425088570316,7.515495155857591,4.90274273761122,0.9786442367720138,2.914761878936254,4.183733979717646,3.043377636494988,3.2342826962115936,7.099312214335414,3.700085381813409,0.9409745289302576,2.195019075682852,4.1726387195726495,2.3255446589479685,2.5608612547664276,4.287610431862083,2.525489026564076,0.9081103689704104,1.6742845493412526,7.66470514430339,6.131402156521436,21.166360511443116,37.02922943290064,23.076171558355274,0.2896767327196677,1.749437718065967,2995,3.2488320534223707,0.1697842775684565,0.9843071786310518,0.9252086811352254,0.0560934891485809,0.010016694490818,6,3,5596.813439552015,3.999866671110963,0.1333288890370321,0.1865604479850671,0.4504794235006849,1.0635505804826113,3.245897518908939,0.0,0.0,0.0,0.0,0.0,0.0,0.0,0.0,0.0,0.0,0.0,0.0,47.0,7.0,0.08623853211009175,25.0,14.0,0.0,8.0,22.0,0.46808510638297873,0.0,0.1702127659574468,9.0,108.0,8.0,224.0,0.41100917431192663,5.413043478260869,1.0,0.0,0.0
subject_26_task_4,26,4,,4,105,520.0,550.0,0.3466562932397098,22.0,0.4166666666666667,eye,中,5.333333333333333,6,92.5,2.588435821108957,90.0,97.0,-8.147001934235895,4.719374134620547,2.2802691166772187,2.627735749910058,7.097058663768006,4.624351843598165,0.8677695680607411,2.700826620032446,4.439911732737244,2.781813919278027,2.7499122841588544,6.451059892164001,3.4417269368065537,1.0116009646209243,2.3459147876555844,4.767944031747357,2.2459468968683383,2.589314135260614,4.1868263775112124,2.5278512240859525,0.8673906600530276,1.6169634732596123,8.394648452493753,6.811628554480637,21.63434142670813,39.77374689533011,24.546941841668666,0.3148525957009957,1.838454247848212,2995,3.2299288814691147,0.1848180782861182,0.9849749582637728,0.9282136894824708,0.0550918196994991,0.0086811352253756,6,3,5596.813439552015,3.999866671110963,0.1333288890370321,0.1865604479850671,0.4504794235006849,1.0635505804826113,3.245897518908939,0.0,0.0,0.0,0.0,0.0,0.0,0.0,0.0,0.0,0.0,0.0,0.0,47.0,7.0,0.08545454545454545,25.0,14.0,0.0,8.0,22.0,0.46808510638297873,0.0,0.1702127659574468,9.0,113.0,8.0,224.0,0.4072727272727273,5.413043478260869,1.0,0.0,0.0
subject_26_task_4,26,4,,4,106,525.0,555.0,0.3498077140873436,22.0,0.4204545454545454,eye,中,5.333333333333333,6,92.33333333333331,2.581988897471611,90.0,97.0,-10.048543689320429,4.326555271584457,2.3122406896082466,2.6097513328861637,7.560244746041112,4.923127536801593,0.8860003865008489,2.896921500057295,4.486720580696246,3.027643769639192,2.806656300163509,7.40146031564688,3.610037831070936,1.0787369188962714,2.6371096151729336,4.518198088281903,2.2163877004099732,2.4458219803012646,4.091495738776216,2.4118412413659436,0.9061933853979712,1.6728509972227192,7.597802147107238,6.048370751123051,20.57634844505412,38.033327323061755,24.733458256555547,0.2939477219329886,1.848400236058586,2994,3.208821643286573,0.1871939312877528,0.9853039412157648,0.9245156980627922,0.0574482297929191,0.0093520374081496,6,3,5596.813439552015,3.999866671110963,0.1333288890370321,0.1865604479850671,0.4504794235006849,1.0635505804826113,3.245897518908939,0.0,0.0,0.0,0.0,0.0,0.0,0.0,0.0,0.0,0.0,0.0,0.0,47.0,7.0,0.08468468468468468,25.0,14.0,0.0,8.0,22.0,0.46808510638297873,0.0,0.1702127659574468,9.0,118.0,8.0,224.0,0.4036036036036036,5.413043478260869,1.0,0.0,0.0
subject_26_task_4,26,4,,4,107,530.0,560.0,0.3529591349349773,22.0,0.4242424242424242,eye,中,5.333333333333333,5,91.4,1.3416407864998738,90.0,93.0,1.0898661567877062,4.53119621333389,2.0253427009483667,2.4361742219875,7.085974123576618,4.579451168162368,0.831362011250589,2.9086483469132514,4.257274974296103,2.520002143167953,2.2751491663396624,6.285731549006157,3.309638649639235,1.107620625693839,2.7627777738717927,4.619703298291681,2.160717196179281,2.4094052704012863,3.9796309335181994,2.280215102268442,0.8967844566138156,1.6517067437373838,8.578553437022897,6.4230576627224165,21.753548672027033,38.739305469641494,24.417681318504744,0.2952648213659893,1.780826937880554,2994,3.163964166108506,0.1568236205478409,0.98062792251169,0.919505678022712,0.0584502338009352,0.0140280561122244,6,3,5596.813439552015,3.999866671110963,0.1333288890370321,0.1865604479850671,0.4504794235006849,1.0635505804826113,3.245897518908939,0.0,0.0,0.0,0.0,0.0,0.0,0.0,0.0,0.0,0.0,0.0,0.0,47.0,7.0,0.08392857142857142,25.0,14.0,0.0,8.0,22.0,0.46808510638297873,0.0,0.1702127659574468,9.0,123.0,8.0,224.0,0.4,5.413043478260869,1.0,0.0,0.0
subject_26_task_4,26,4,,4,108,535.0,565.0,0.356110555782611,22.0,0.428030303030303,eye,中,5.333333333333333,7,92.42857142857144,2.070196678027062,90.0,95.0,8.754595588235244,4.147732561969034,1.915848008098972,2.4743056268624652,6.7797427239687735,4.367631291634971,0.7742972360808784,2.7400587261185687,3.9491098443296657,2.449196837215292,2.10622693709784,6.174842354443928,3.1062998541267413,1.162836156957535,2.9317079967423707,4.355004218227067,2.0658358687531213,2.3970854520984153,3.838942019422864,2.222910661990392,0.8618115248852237,1.6015040331842334,7.094974394508866,5.749409003621487,22.442645308776076,35.79213060549308,23.974795122269573,0.2561823227395218,1.594826728892639,2994,3.1671366376423307,0.1443407612587347,0.9843019372077488,0.9235136940547762,0.0591182364729458,0.0113560454241816,6,3,5596.813439552015,3.999866671110963,0.1333288890370321,0.1865604479850671,0.4504794235006849,1.0635505804826113,3.245897518908939,0.0,0.0,0.0,0.0,0.0,0.0,0.0,0.0,0.0,0.0,0.0,0.0,47.0,7.0,0.0831858407079646,25.0,14.0,0.0,8.0,22.0,0.46808510638297873,0.0,0.1702127659574468,9.0,128.0,8.0,224.0,0.39646017699115044,5.413043478260869,1.0,0.0,0.0
subject_26_task_4,26,4,,4,109,540.0,570.0,0.3592619766302448,22.0,0.4318181818181818,eye,中,5.333333333333333,7,92.0,2.23606797749979,90.0,95.0,5.830841520717576,4.688281531232018,2.127422839802035,2.6523012108661472,6.932279906345855,4.341264346023727,0.8021045389136985,2.6136850060412327,4.477615819687976,2.657892580071185,2.3982747892006007,6.656320874032615,3.2800317318530205,1.1082518950871016,2.775462138036033,4.984783118735871,2.0288257665418437,2.460014338141331,4.045195917679772,2.258973676913465,0.8247211144609535,1.644379000138726,7.790730967245328,6.602641262781742,23.2851033603669,36.843185543674174,23.857301519912735,0.2835564506885532,1.5822642044348496,2994,3.1657461486939056,0.1323277864834696,0.9869739478957916,0.9362057448229792,0.0521042084168336,0.0090180360721442,6,3,5596.813439552015,3.999866671110963,0.1333288890370321,0.1865604479850671,0.4504794235006849,1.0635505804826113,3.245897518908939,0.0,0.0,0.0,0.0,0.0,0.0,0.0,0.0,0.0,0.0,0.0,0.0,47.0,7.0,0.0824561403508772,25.0,14.0,0.0,8.0,22.0,0.46808510638297873,0.0,0.1702127659574468,9.0,133.0,8.0,224.0,0.3929824561403509,5.413043478260869,1.0,0.0,0.0
subject_26_task_4,26,4,,4,110,545.0,575.0,0.3624133974778785,22.0,0.4356060606060606,eye,中,5.333333333333333,5,92.8,2.16794833886788,90.0,95.0,-1.6051660516606014,4.32585911405449,2.01534126008282,2.332437999278528,6.411899002676389,3.874699690973008,0.8640492311933725,2.749011551286561,3.978318614465195,2.6067372387476824,2.047176611876401,6.079865505249604,2.975123650927784,1.2733328544420988,2.969878353424974,4.477166247997621,2.0033992357114716,2.2757175347105485,3.820084612210243,2.124722626051655,0.880337390363469,1.6786286320442334,7.12639272702944,6.9445031634531125,20.620002767687296,35.7238605136996,22.581842263855247,0.3367847832850701,1.7324857283569766,2994,3.156564969859344,0.1350298011599249,0.9849699398797596,0.9261857047428188,0.0597862391449565,0.0103540414161656,6,3,5596.813439552015,3.999866671110963,0.1333288890370321,0.1865604479850671,0.4504794235006849,1.0635505804826113,3.245897518908939,0.0,0.0,0.0,0.0,0.0,0.0,0.0,0.0,0.0,0.0,0.0,0.0,47.0,7.0,0.0817391304347826,25.0,14.0,0.0,8.0,22.0,0.46808510638297873,0.0,0.1702127659574468,9.0,138.0,8.0,224.0,0.38956521739130434,5.413043478260869,1.0,0.0,0.0
subject_26_task_4,26,4,,4,111,550.0,580.0,0.3655648183255122,22.0,0.4393939393939394,eye,中,5.333333333333333,7,92.42857142857144,1.9023794624226835,90.0,95.0,-3.482498892334984,4.439251460641789,2.088231772964243,2.284551979201714,6.548037074515439,3.852182785302369,0.9140662116578012,2.8662237209430907,4.022579310615051,2.5333251545262043,2.0874194818397003,5.931591908502189,2.8858684918878166,1.213615747369338,2.84159075840114,4.625392658975063,2.0761346113641137,2.123122442986234,3.9018291973576753,2.100309191406933,0.9778685248336264,1.8377786972425567,8.226992237924884,6.342827896133045,20.7529978061392,35.77810544215271,23.239489517559196,0.3056342970487229,1.7239969751053863,2995,3.156833109469443,0.1214570621912635,0.9809682804674458,0.92220367278798,0.0597662771285475,0.0143572621035058,6,3,5596.813439552015,3.999866671110963,0.1333288890370321,0.1865604479850671,0.4504794235006849,1.0635505804826113,3.245897518908939,0.0,0.0,0.0,0.0,0.0,0.0,0.0,0.0,0.0,0.0,0.0,0.0,47.0,7.0,0.08103448275862069,25.0,14.0,0.0,8.0,22.0,0.46808510638297873,0.0,0.1702127659574468,9.0,143.0,8.0,224.0,0.38620689655172413,5.413043478260869,1.0,0.0,0.0
subject_26_task_4,26,4,,4,112,555.0,585.0,0.3687162391731459,22.0,0.4431818181818182,eye,中,5.333333333333333,5,92.6,2.302172886644267,90.0,95.0,-13.56521739130424,4.049615775972621,1.9209853923171256,2.429625260417721,6.377296814414343,3.872081608671741,0.7906508973267977,2.6248067627177645,3.828383488314614,2.32701069803668,2.0183533999675194,5.613022271060044,2.7649972545636907,1.1529252994416774,2.7809908171435054,4.288105570692347,1.989218711554078,2.1531996070635353,3.820321975920699,2.0366014811148143,0.9238431518510776,1.7742535171324556,6.818016642675922,6.384016539113406,23.187636436892376,38.91047365745517,23.443289182500937,0.2753198479926226,1.6780698525851985,2995,3.175196104768301,0.1241153383899553,0.9803005008347244,0.925542570951586,0.0547579298831385,0.0140233722871452,6,3,5596.813439552015,3.999866671110963,0.1333288890370321,0.1865604479850671,0.4504794235006849,1.0635505804826113,3.245897518908939,0.0,0.0,0.0,0.0,0.0,0.0,0.0,0.0,0.0,0.0,0.0,0.0,47.0,7.0,0.08034188034188035,25.0,14.0,0.0,8.0,22.0,0.46808510638297873,0.0,0.1702127659574468,9.0,148.0,8.0,224.0,0.38290598290598293,5.413043478260869,1.0,0.0,0.0
subject_26_task_4,26,4,,4,113,560.0,590.0,0.3718676600207797,22.0,0.4469696969696969,eye,中,5.333333333333333,6,93.83333333333331,3.65604522218567,90.0,100.0,6.315789473684251,4.684870125535986,2.1350479621913925,2.429212794317821,6.077232712348302,3.657787148863885,0.8789052845372335,2.5017292542520666,4.124267360702298,2.501651659397893,2.055180070138165,5.591989571989939,2.6434599180642846,1.2172420780772328,2.7209243867443704,5.04861269151009,2.1398251343707857,2.157785167114229,3.8436511131994697,2.009572874632763,0.9916766353679858,1.7812946218088417,8.710443508448227,6.763704115159548,21.577433520614477,34.98591238555431,23.641178173073843,0.313461937384615,1.6214121272638724,2995,3.197698258539853,0.1307564092877692,0.9806343906510852,0.9282136894824708,0.0517529215358931,0.013355592654424,6,3,5449.6172460918,3.894670177660747,0.1298223392553582,0.18165390820306,0.4504794235006849,1.0635505804826113,3.245897518908939,0.0,0.0,0.0,0.0,0.0,0.0,0.0,0.0,0.0,0.0,0.0,0.0,47.0,7.0,0.07966101694915254,25.0,14.0,0.0,8.0,22.0,0.46808510638297873,0.0,0.1702127659574468,9.0,153.0,8.0,224.0,0.37966101694915255,5.413043478260869,1.0,0.0,0.0
subject_26_task_4,26,4,,4,114,565.0,595.0,0.3750190808684134,22.0,0.4507575757575757,eye,中,5.333333333333333,6,94.5,4.03732584763727,90.0,100.0,22.321144674085794,4.480211971157402,2.082131452739719,2.303176093653617,6.5172432002448435,4.013166802148553,0.9040261656401418,2.8296764707670654,3.928457317561545,2.3022873481344894,1.982803832329842,5.756222410665312,2.9243404789732548,1.1611271425823535,2.903072062303618,4.589462963676642,2.0918572177454804,2.132948910453029,3.9026103713096223,1.91882950370351,0.980734797488037,1.8296783163365715,7.242606106912393,6.9616969622082285,19.696572948884917,37.58572521932307,22.529758565938653,0.3534471189619995,1.9082367941297584,2995,3.1908247734138975,0.1377682188051151,0.9792988313856428,0.9198664440734556,0.0587646076794657,0.0143572621035058,12,5,4548.106725521178,3.264428384121368,0.1088142794707122,0.1516035575173726,0.4473800512682441,1.0917792869742002,3.2448842829675644,0.0,0.0,0.0,0.0,0.0,0.0,0.0,0.0,0.0,0.0,0.0,0.0,47.0,7.0,0.07899159663865546,25.0,14.0,0.0,8.0,22.0,0.46808510638297873,0.0,0.1702127659574468,9.0,158.0,8.0,224.0,0.3764705882352941,5.413043478260869,1.0,0.0,0.0
subject_26_task_4,26,4,,4,115,570.0,600.0,0.3781705017160471,22.0,0.4545454545454545,eye,中,5.333333333333333,5,95.4,3.7815340802378072,91.0,100.0,23.17460317460317,4.583666717363356,2.1425796181263412,2.308067942739424,6.857144657587078,4.388428984316837,0.9283000636382192,2.970945755369921,4.0926496317296985,2.220564373073208,1.9284784772511048,5.7242358933142965,3.095671171015051,1.1514592458602124,2.968265376481539,4.805504453911078,2.231561578806605,2.22610222464483,4.004551653000727,2.1278588425897116,1.0024524274318292,1.7989073496567054,8.453480522230386,7.380785879228635,19.282480475057167,35.771617077394,23.67123498140124,0.3827715987461283,1.8551356566218924,2995,3.1925592480698213,0.1470949359389496,0.9803005008347244,0.9135225375626044,0.064440734557596,0.0143572621035058,12,5,4027.037634999988,3.0767661974333533,0.1025588732477784,0.1342345878333329,0.4009210121909881,1.294918637844854,3.22969605623505,0.0,0.0,0.0,0.0,0.0,0.0,0.0,0.0,0.0,0.0,0.0,0.0,47.0,7.0,0.07833333333333334,25.0,14.0,0.0,8.0,22.0,0.46808510638297873,0.0,0.1702127659574468,9.0,163.0,8.0,224.0,0.37333333333333335,5.413043478260869,1.0,0.0,0.0
subject_26_task_4,26,4,,4,116,575.0,605.0,0.3813219225636808,22.0,0.4583333333333333,eye,中,5.333333333333333,6,95.33333333333331,3.386246693120078,91.0,100.0,11.360674587964793,4.625924458284646,2.2263616281015457,2.4771417588446107,6.873086453190783,4.552035452965267,0.8987623014114323,2.77460360459812,4.125269252633196,2.3946961348438784,2.0306482684379668,6.110453806377799,3.2994521870421707,1.17927667339748,3.0091148237494307,5.110089401392055,2.182213843732479,2.2226087069623515,4.360041669757735,2.509690568104876,0.981825472426462,1.96167758008859,7.572230900010219,8.35296616590759,21.136082799942603,39.230582856415616,25.94515260136568,0.3951993491400532,1.856095248478216,2995,3.208912091613337,0.1528522753449786,0.9759599332220368,0.9048414023372288,0.0667779632721202,0.0173622704507512,12,5,3505.9685444787983,2.889104010745338,0.0963034670248446,0.1168656181492932,0.3406521691001748,1.424844348960196,3.209993176624314,0.0,0.0,0.0,0.0,0.0,0.0,0.0,0.0,0.0,0.0,0.0,0.0,47.0,7.0,0.07768595041322314,25.0,14.0,0.0,8.0,22.0,0.46808510638297873,0.0,0.1702127659574468,9.0,168.0,8.0,224.0,0.3702479338842975,5.413043478260869,1.0,0.0,0.0
subject_26_task_4,26,4,,4,117,580.0,610.0,0.3844733434113145,22.0,0.4621212121212121,eye,中,5.333333333333333,6,96.66666666666669,1.8618986725025253,95.0,100.0,-9.952606635071009,5.382113044323869,2.206974360681806,2.445298194423874,6.564273325443411,4.388308883148445,0.9025379259324982,2.684446968640563,4.22154378865902,2.3480636227571985,1.960939745616779,5.590691735305101,3.1373276249132793,1.197417528001941,2.851026783358225,5.339320876288068,2.262681343790655,2.2873182786167976,4.333658710102562,2.521753708289329,0.9892288995998226,1.894646123635772,7.7290612998172605,8.505165726789583,21.41031040951181,37.1830021094432,24.59364545068384,0.3972462595876729,1.736686736355031,2994,3.2400446758481696,0.1639321660317142,0.9762859051436206,0.895123580494322,0.0734802939211756,0.0160320641282565,12,5,2984.899453957609,2.701441824057323,0.0900480608019107,0.0994966484652536,0.2602556217643607,1.487611529645876,3.1834112970889388,0.0,0.0,0.0,0.0,0.0,0.0,0.0,0.0,0.0,0.0,0.0,0.0,47.0,7.0,0.07704918032786885,25.0,14.0,0.0,8.0,22.0,0.46808510638297873,0.0,0.1702127659574468,9.0,173.0,8.0,224.0,0.36721311475409835,5.413043478260869,1.0,0.0,0.0
subject_26_task_4,26,4,,4,118,585.0,615.0,0.3876247642589483,22.0,0.4659090909090909,eye,中,5.333333333333333,7,96.57142857142856,1.718249385968449,95.0,100.0,-7.667286245353111,5.180040336136296,2.1076106435930804,2.2085935281312303,6.66664927131095,4.533253011485673,0.9542772885766828,3.0185043949448858,3.89403902122898,2.3342572497920657,1.9518965438672389,5.634911308191697,3.1485394019054898,1.1958918914663716,2.8868903558932497,4.9306791337634905,2.0995801208715132,2.2796348538669258,4.30961502423823,2.551587265433526,0.9210159764446542,1.8904847927411996,7.278693265458568,8.032830550381702,17.774894859291987,35.575179694816484,24.578255879694098,0.451920003688937,2.0014284178012587,2994,3.2277524353375884,0.1689706189713239,0.977621910487642,0.8977955911823647,0.0731462925851703,0.0153640614562458,12,5,2463.8303634364192,2.5137796373693075,0.0837926545789769,0.0821276787812139,0.4175931969984671,1.4039445982518135,3.1455859520947467,0.0,0.0,0.0,0.0,0.0,0.0,0.0,0.0,0.0,0.0,0.0,0.0,47.0,7.0,0.07642276422764227,25.0,14.0,0.0,8.0,22.0,0.46808510638297873,0.0,0.1702127659574468,9.0,178.0,8.0,224.0,0.3642276422764228,5.413043478260869,1.0,0.0,0.0
subject_26_task_4,26,4,,4,119,590.0,620.0,0.390776185106582,22.0,0.4696969696969697,eye,中,5.333333333333333,7,96.14285714285714,0.8997354108424375,95.0,97.0,-0.890077821011698,5.270055201955326,2.077341957733781,2.3454106304464553,6.359652965149103,4.32842586884815,0.8857050150481979,2.711530715599479,4.136767666597483,2.26070911077823,2.030501396120511,5.341498605499699,3.1081039170388327,1.1133748122988514,2.63063035352017,5.082934852696611,2.1602415787756986,2.3919204387118937,4.3712951202582335,2.614911283258582,0.9031410676598592,1.8275253012229289,10.69679789392256,8.915641892169042,20.232583228990944,37.00176916666033,24.434197145745035,0.4406576160474635,1.828820805918697,2994,3.2165979173664767,0.1614580092335502,0.9819639278557114,0.8991315965263861,0.0734802939211756,0.0123580494321977,6,3,2089.9574663754447,2.431313944131509,0.0810437981377169,0.0696652488791814,0.613075849232201,0.8810812946461891,3.0986283597021873,0.0,0.0,0.0,0.0,0.0,0.0,0.0,0.0,0.0,0.0,0.0,0.0,47.0,7.0,0.07580645161290323,25.0,14.0,0.0,8.0,22.0,0.46808510638297873,0.0,0.1702127659574468,9.0,183.0,8.0,224.0,0.36129032258064514,5.413043478260869,1.0,0.0,0.0
subject_26_task_4,26,4,,4,120,595.0,625.0,0.3939276059542158,22.0,0.4734848484848485,eye,中,5.333333333333333,6,96.0,0.8944271909999159,95.0,97.0,6.3983272347099,4.8371096224875085,1.912579089616003,2.23212851663442,5.903565075155522,4.0305770237907,0.8568409369635086,2.64481414540452,4.036010840020756,2.1628149649785677,1.9381595261975304,4.749569942702055,2.732593653138135,1.1159117377823835,2.4505567671306308,4.453493187363201,1.9289369067371045,2.3635870500158305,4.1438897847371265,2.457231030961614,0.8161057180966469,1.7532207179377517,20.631738388518816,10.267713312480112,20.95434996137588,38.68895797894715,25.95494412660982,0.4900039052228336,1.8463449379370205,2994,3.2161652144772117,0.1576326408564548,0.982631930527722,0.8984635938543755,0.0731462925851703,0.011690046760187,6,3,2470.3988964248765,2.8738935509828716,0.095796451699429,0.0823466298808292,0.613075849232201,0.881081294646189,3.098628359702187,0.0,0.0,0.0,0.0,0.0,0.0,0.0,0.0,0.0,0.0,0.0,0.0,47.0,7.0,0.0752,25.0,14.0,0.0,8.0,22.0,0.46808510638297873,0.0,0.1702127659574468,9.0,188.0,8.0,224.0,0.3584,5.413043478260869,1.0,0.0,0.0
subject_26_task_4,26,4,,4,121,600.0,630.0,0.3970790268018495,22.0,0.4772727272727273,eye,中,5.333333333333333,7,96.0,0.816496580927726,95.0,97.0,3.569999999999994,5.0448726319490875,1.9024139223453989,2.229998991833675,6.448218269995704,4.698405791127978,0.8531007992882944,2.89157900681089,4.963275692444355,2.6610445945995016,2.2418381984939137,5.603640627800879,3.5792628606885244,1.1869922621477385,2.499574068978508,4.460787777125434,2.1320048726633383,2.255145766615241,3.9919197651701497,2.444202171309211,0.9453955944778129,1.7701382430642794,14.279920244485249,7.850437691244353,20.55884323426609,34.1808972492236,22.93704677971289,0.3818521111226615,1.6625885444883977,2995,3.2011729929459185,0.1615648608775247,0.9779632721202004,0.8938230383973289,0.0734557595993322,0.0143572621035058,6,3,2470.3988964248765,2.8738935509828716,0.095796451699429,0.0823466298808292,0.613075849232201,0.881081294646189,3.098628359702187,0.0,0.0,0.0,0.0,0.0,0.0,0.0,0.0,0.0,0.0,0.0,0.0,47.0,7.0,0.0746031746031746,25.0,14.0,0.0,8.0,22.0,0.46808510638297873,0.0,0.1702127659574468,9.0,193.0,8.0,224.0,0.35555555555555557,5.413043478260869,1.0,0.0,0.0
subject_26_task_4,26,4,,4,122,605.0,635.0,0.4002304476494832,22.0,0.4810606060606061,eye,中,5.333333333333333,6,96.16666666666669,0.7527726527090811,95.0,97.0,3.0369357045144056,5.503072973555336,1.9739908756572215,2.3595425630814972,7.03915875018579,5.125883087653895,0.8365989690303548,2.9832726310276194,5.526830906081394,3.079520867279222,2.7263993805944273,6.073452258497384,3.996311791247731,1.1295193540602275,2.2276458473861633,4.766111044536444,2.157837244883204,2.3030350137990507,3.8843137378915737,2.1798148242807796,0.9369537292981358,1.6866064626104271,22.116751216010577,8.562345017188695,20.908073295942057,36.67115769784592,23.5590706755756,0.4095233882143754,1.7539233375924337,2995,3.2424777368597253,0.1680793987470062,0.9843071786310518,0.9135225375626044,0.0624373956594323,0.010016694490818,6,3,2470.3988964248765,2.8738935509828716,0.095796451699429,0.0823466298808292,0.613075849232201,0.881081294646189,3.098628359702187,0.0,0.0,0.0,0.0,0.0,0.0,0.0,0.0,0.0,0.0,0.0,0.0,47.0,7.0,0.07401574803149606,25.0,14.0,0.0,8.0,22.0,0.46808510638297873,0.0,0.1702127659574468,9.0,198.0,8.0,224.0,0.352755905511811,5.413043478260869,1.0,0.0,0.0
subject_26_task_4,26,4,,4,123,610.0,640.0,0.4033818684971169,22.0,0.4848484848484848,eye,中,5.333333333333333,5,95.8,1.6431676725154984,93.0,97.0,-7.931456548347574,4.530858374606411,1.9711812108799336,2.5082591248207695,7.1408639726281296,5.363580793886246,0.7858762244195111,2.846940294949944,4.9636606377363615,2.800064438714935,2.341482215557905,6.103116526699203,4.095879896028076,1.195851251873704,2.606518420745303,4.581419499239787,2.164623131164219,2.235345612853517,3.8027990682767383,2.1698905826626804,0.9683617238951172,1.7012130233509164,15.758896853568388,7.990150079330135,24.536694708425625,37.44147247252773,23.96348234539569,0.3256408483000119,1.5259379031060265,2995,3.2426310679611654,0.1611257298388629,0.9896494156928214,0.924540901502504,0.0597662771285475,0.0063439065108514,6,3,2470.3988964248765,2.8738935509828716,0.095796451699429,0.0823466298808292,0.613075849232201,0.881081294646189,3.098628359702187,0.0,0.0,0.0,0.0,0.0,0.0,0.0,0.0,0.0,0.0,0.0,0.0,47.0,7.0,0.0734375,25.0,14.0,0.0,8.0,22.0,0.46808510638297873,0.0,0.1702127659574468,9.0,203.0,8.0,224.0,0.35,5.413043478260869,1.0,0.0,0.0
subject_26_task_4,26,4,,4,124,615.0,645.0,0.4065332893447507,22.0,0.4886363636363636,eye,中,5.333333333333333,6,94.83333333333331,2.0412414523193148,93.0,97.0,-11.293894337235,5.412840397427818,2.103580140018804,2.8384707256296275,7.383014607912189,5.296396620649176,0.7410962956301723,2.601053638231374,6.164006231839729,3.299903244687858,2.829080922491252,6.397835589937515,4.488666708311977,1.1664223594502223,2.2614537248032,4.824511995474605,2.297073002446205,2.3641512128941637,4.00309686342173,2.238144238840353,0.9716269373625038,1.6932490788189432,22.876256116984163,9.572303056936986,28.610543256092665,42.82703118418437,25.78512850270327,0.3345725724693657,1.4968968187999812,2995,3.250141278875126,0.1530094691485928,0.9896494156928214,0.918864774624374,0.0641068447412353,0.0070116861435726,6,3,2470.3988964248765,2.8738935509828716,0.095796451699429,0.0823466298808292,0.613075849232201,0.881081294646189,3.098628359702187,0.0,0.0,0.0,0.0,0.0,0.0,0.0,0.0,0.0,0.0,0.0,0.0,47.0,7.0,0.07286821705426356,25.0,14.0,0.0,8.0,22.0,0.46808510638297873,0.0,0.1702127659574468,9.0,208.0,8.0,224.0,0.34728682170542635,5.413043478260869,1.0,0.0,0.0
subject_26_task_4,26,4,,4,125,620.0,650.0,0.4096847101923844,22.0,0.4924242424242424,eye,中,5.333333333333333,6,94.5,1.760681686165901,93.0,97.0,-6.729538565173458,5.557306796531951,2.069040222066065,2.636139740219936,7.420090228761604,5.558996138143449,0.7848750164865853,2.8147560296414857,7.1011041708534535,3.0254440286693627,2.415782498896523,6.842802656773993,4.35051328535729,1.2523660677446418,2.832540868186452,4.764000430170487,2.165736380718565,2.156498632355995,4.077316142379213,2.254512296598075,1.004283679212204,1.8907112117779117,9.68974427245618,7.292825516182166,25.97804728932341,40.36648677478493,25.518382775454736,0.2807303195255714,1.553869169811503,2995,3.259953465015065,0.1584328967211095,0.9876460767946578,0.908848080133556,0.0721202003338898,0.0076794657762938,6,3,2208.0425336245517,2.568686055868487,0.0856228685289495,0.073601417787485,0.6130758492322009,0.8810812946461891,3.098628359702187,0.0,0.0,0.0,0.0,0.0,0.0,0.0,0.0,0.0,0.0,0.0,0.0,47.0,7.0,0.07230769230769231,25.0,14.0,0.0,8.0,22.0,0.46808510638297873,0.0,0.1702127659574468,9.0,213.0,8.0,224.0,0.3446153846153846,5.413043478260869,1.0,0.0,0.0
subject_26_task_4,26,4,,4,126,625.0,655.0,0.4128361310400181,22.0,0.4962121212121212,eye,中,5.333333333333333,5,94.0,1.4142135623730951,93.0,96.0,-3.0708661417323895,9.616777684329712,2.601936871382252,6.687727487995693,7.4879729663100205,5.005982430412565,0.389061437693546,1.1196588048407696,13.163331519594848,3.3735276404092485,9.231166703668832,6.775968959155082,3.669752851060963,0.3654497582703684,0.7340316968235493,5.250073493196284,2.258130352439728,2.481622620951167,3.906030598514068,2.0358311939070663,0.9099410737859176,1.5739825086769026,10.64467747673285,7.499584325543111,25.33456643120665,37.6825965178816,24.81652160597655,0.2960218145397295,1.487398516181626,2995,3.256869099430867,0.1630677847315024,0.989983305509182,0.9115191986644408,0.0724540901502504,0.0060100166944908,12,4,1836.560855937836,2.2647101961427785,0.0754903398714259,0.0612186951979278,0.5996392102413257,0.967178735461704,3.098761430412551,0.0,0.0,0.0,0.0,0.0,0.0,0.0,0.0,0.0,0.0,0.0,0.0,47.0,7.0,0.0717557251908397,25.0,14.0,0.0,8.0,22.0,0.46808510638297873,0.0,0.1702127659574468,9.0,218.0,8.0,224.0,0.3419847328244275,5.413043478260869,1.0,0.0,0.0
subject_26_task_4,26,4,,4,127,630.0,660.0,0.4159875518876518,22.0,0.5,eye,中,5.333333333333333,6,94.66666666666669,1.96638416050035,93.0,97.0,12.711864406779616,8.542164849457313,2.552183142074389,7.011572409672719,7.211896981990309,4.6972361531699995,0.3639958333103085,1.0285705631508897,11.628282586841392,3.3707048284246137,9.689785260657755,6.625163241324987,3.5700864328803714,0.3478616643972774,0.6837265288245679,5.601143567047396,2.3075752004540533,2.6287960273772653,4.30685064390783,2.182568191770946,0.8778068653566506,1.6383358005165392,10.027673490115378,9.665501536640322,26.3426621223897,40.14697669635952,24.449698812418813,0.3669143798653979,1.5240288361834538,2994,3.2996466265865063,0.1489293409317105,0.9946559786239144,0.918503674014696,0.0701402805611222,0.0033400133600534,12,4,1498.4135780463594,2.105666509439849,0.0701888836479949,0.0499471192682119,0.566499305280881,1.0829632847813149,3.0990896338194793,0.0,0.0,0.0,0.0,0.0,0.0,0.0,0.0,0.0,0.0,0.0,0.0,47.0,7.0,0.07121212121212121,25.0,14.0,0.0,8.0,22.0,0.46808510638297873,0.0,0.1702127659574468,9.0,223.0,8.0,224.0,0.3393939393939394,5.413043478260869,1.0,0.0,0.0
subject_26_task_4,26,4,,4,128,635.0,665.0,0.4191389727352855,22.0,0.5037878787878788,eye,中,5.333333333333333,6,94.66666666666669,1.96638416050035,93.0,97.0,12.711864406779616,9.741791394367008,2.6194170381186614,6.636532412581727,6.586448148184395,4.102096597087579,0.3946966390388897,0.9924532479789626,13.58948103820525,3.4157695620187876,8.992313395467233,6.174997631943797,3.2204334127305714,0.3798543724844575,0.6866973336423569,5.163909886919566,2.2617599290419235,2.5912141601468255,4.262505278824582,2.298423871393057,0.8728571971502987,1.6449837857412204,9.73997194079633,9.519282109704568,24.39098703568292,36.08624600252955,23.648878482871613,0.390278675306509,1.479491008286667,2994,3.256331997327989,0.1449019577002251,0.9946559786239144,0.9021376085504342,0.0865063460253841,0.0033400133600534,12,4,1160.2663001548829,1.9466228227369191,0.0648874274245639,0.038675543338496,0.5140428543680788,1.180962078721308,3.099609140013764,0.0,0.0,0.0,0.0,0.0,0.0,0.0,0.0,0.0,0.0,0.0,0.0,47.0,7.0,0.07067669172932331,25.0,14.0,0.0,8.0,22.0,0.46808510638297873,0.0,0.1702127659574468,9.0,228.0,8.0,224.0,0.3368421052631579,5.413043478260869,1.0,0.0,0.0
subject_26_task_4,26,4,,4,129,640.0,670.0,0.4222903935829193,22.0,0.5075757575757576,eye,中,5.333333333333333,7,95.28571428571428,1.7043362064926932,93.0,97.0,7.401315789473548,8.090338611080588,2.536974577796968,6.659557742297297,6.53017026095918,3.972440247523384,0.3809524109512123,0.980571160076242,10.993063061181257,3.4222999407619077,9.556216356855938,6.5002540492352585,3.283763846376256,0.3581229027225445,0.6802121055549111,5.314125476406065,2.370473629962039,2.5716856476386414,4.398474503370988,2.3558288297114993,0.9217587041163612,1.7103468720641382,10.14250930693769,9.789125602203072,20.295258299459373,32.280108730117355,22.264523301558583,0.4823356006493318,1.590524656243337,2994,3.2502965931863725,0.1452131567173319,0.9919839679358716,0.9034736138944556,0.083500334001336,0.0053440213760855,12,4,791.1099360079679,1.6527570218799088,0.0550919007293303,0.0263703312002655,0.4348358361754236,1.227728557637539,3.1003935723546077,0.0,0.0,0.0,0.0,0.0,0.0,0.0,0.0,0.0,0.0,0.0,0.0,47.0,7.0,0.07014925373134329,25.0,14.0,0.0,8.0,22.0,0.46808510638297873,0.0,0.1702127659574468,9.0,233.0,8.0,224.0,0.33432835820895523,5.413043478260869,1.0,0.0,0.0
subject_26_task_4,26,4,,4,130,645.0,675.0,0.425441814430553,22.0,0.5113636363636364,eye,中,5.333333333333333,5,96.2,0.8366600265340756,95.0,97.0,1.1861614497527746,9.513363224156723,2.6529083651041834,6.528769406627695,6.587040879997802,4.104268335570286,0.4063412566556689,1.0089253379528085,13.572633422758557,3.446577996399471,9.125934044400866,6.0837487997159,3.3433370805629026,0.377668519148907,0.6666439588667122,5.383909773288902,2.3053074476452253,2.6057249710939576,4.263426630912967,2.5175333181493484,0.8847086600537859,1.6361767562610643,9.99348442252297,9.120965928392836,21.109933750279083,33.065785682211846,24.18059280950293,0.4320698509189898,1.5663614141742488,2994,3.2373981295925187,0.1627386991662503,0.991315965263861,0.906813627254509,0.0808283233132932,0.0056780227120908,18,4,500.8160179489697,1.5299015415210269,0.0509967180507009,0.0166938672649656,0.7017332089025916,0.8721858879939336,3.1017517873646354,0.0,0.0,0.0,0.0,0.0,0.0,0.0,0.0,0.0,0.0,0.0,0.0,47.0,7.0,0.06962962962962962,25.0,14.0,0.0,8.0,22.0,0.46808510638297873,0.0,0.1702127659574468,9.0,238.0,8.0,224.0,0.33185185185185184,5.413043478260869,1.0,0.0,0.0
subject_26_task_4,26,4,,4,131,650.0,680.0,0.4285932352781867,22.0,0.5151515151515151,eye,中,5.333333333333333,6,96.0,0.8944271909999159,95.0,97.0,-6.070038910505951,6.955618398561195,2.344045846945012,5.074726734277693,6.0470102544705835,3.8258392419712255,0.4619058265959319,1.191593276072486,9.336578594866356,2.9297725720731385,6.732950565666898,5.416675266611473,3.1626411314013585,0.4351394746625389,0.8045024560602803,5.202071565172335,2.452361675588381,2.4384037796332443,4.434357772504574,2.601794020721747,1.0057241938647403,1.818549417263263,9.648760189024998,9.238222643928845,21.37283223161326,34.15287431300224,24.19294129717883,0.4322413868136898,1.5979573480432605,2994,3.21800167000668,0.1650417102376215,0.99498997995992,0.9148296593186372,0.0764863059452237,0.0040080160320641,12,1,571.0000000000059,2.000000000000018,0.0666666666666672,0.0190333333333335,1.0,-1.000088900581841e-12,3.1018991418563924,0.0,0.0,0.0,0.0,0.0,0.0,0.0,0.0,0.0,0.0,0.0,0.0,47.0,7.0,0.06911764705882353,25.0,14.0,0.0,8.0,22.0,0.46808510638297873,0.0,0.1702127659574468,9.0,243.0,8.0,224.0,0.32941176470588235,5.413043478260869,1.0,0.0,0.0
subject_26_task_4,26,4,,4,132,655.0,685.0,0.4317446561258204,22.0,0.5189393939393939,eye,中,5.333333333333333,6,96.0,0.8944271909999159,95.0,97.0,-6.070038910505951,8.39322835202227,2.275689167419266,2.3487193458978077,5.653960912318587,3.603849602811348,0.968906383554896,2.4072526682226214,11.374882662732489,2.843107020462012,1.9489955325854331,5.2063495128364154,2.970870356171312,1.458755021716493,2.6712988438357015,5.165732346720331,2.315807679636059,2.149209478646191,4.256480556246112,2.575832943791307,1.077516036777769,1.980486592180541,9.856331912648267,8.470012440224952,19.88239202662606,34.239634261066975,24.297359636934033,0.4260057053941044,1.7221083969782918,2995,3.2240217028380633,0.1718631521955876,0.992320534223706,0.9075125208681136,0.0797996661101836,0.0063439065108514,18,2,534.5877423816969,1.831837120121846,0.0610612373373948,0.0178195914127232,0.9928183648917632,0.0426059748870056,3.1010057164411227,0.0,0.0,0.0,0.0,0.0,0.0,0.0,0.0,0.0,0.0,0.0,0.0,47.0,7.0,0.06861313868613139,25.0,14.0,0.0,8.0,22.0,0.46808510638297873,0.0,0.1702127659574468,9.0,248.0,8.0,224.0,0.327007299270073,5.413043478260869,1.0,0.0,0.0
subject_26_task_4,26,4,,4,133,660.0,690.0,0.4348960769734542,22.0,0.5227272727272727,eye,中,5.333333333333333,6,94.16666666666669,2.136976056643281,91.0,96.0,-13.93829401088922,6.572754274549155,2.042805770113267,2.091362710359868,5.4018368610535825,3.618710755709346,0.9767821526098428,2.5829268324881194,8.297918836865835,2.488745210471984,1.931754601383928,4.828619292121344,2.693228973352117,1.2883340403015076,2.499602842235796,5.050028829444175,2.152319366054819,2.0458438711988145,3.7594316715422664,2.290978189962791,1.052044780325105,1.8375946104525227,9.794850499127948,6.489744453813362,17.420881504390604,30.953704916294967,22.548807114327104,0.372526754870455,1.7768162253152155,2995,3.172985642737897,0.1672940626591829,0.992320534223706,0.9118530884808014,0.0764607679465776,0.0063439065108514,18,2,564.2065509529156,1.6958641099744902,0.0565288036658163,0.0188068850317638,0.8102753433078398,0.4858234676614362,3.083302757117095,2.0,1.0,0.06666666666666667,2.0,0.0,0.0,0.0,0.0,0.0,0.0,0.0,1.0,49.0,7.0,0.07101449275362319,27.0,14.0,0.0,8.0,22.0,0.4489795918367347,0.0,0.16326530612244897,10.0,4.0,9.0,473.0,0.6855072463768116,10.375,1.0,2.0,0.03333333333333333
subject_26_task_4,26,4,,4,134,665.0,695.0,0.4380474978210879,22.0,0.5265151515151515,eye,中,5.333333333333333,6,94.16666666666669,2.136976056643281,91.0,96.0,-13.93829401088922,7.589176605737099,2.053103975059707,2.048229531270534,5.408364172509525,3.555226360009791,1.0023798327847315,2.6405068816455697,10.336068167890508,2.556053565992043,1.9837762929972955,4.587550868116235,2.5787908554176258,1.288478733723595,2.3125343741178024,4.851201393578569,2.034864599806182,1.960964744807756,3.552639354285798,2.0852665513299393,1.0376854582389092,1.8116793602192387,9.199003758481878,6.249305700060884,15.599913320392568,30.980950834156,21.77970871241049,0.4005987451155671,1.9859694216157588,2995,3.162308180300501,0.1657120992853569,0.992320534223706,0.9228714524207012,0.0654424040066777,0.0063439065108514,18,2,593.8253595241343,1.5598910998271345,0.0519963699942378,0.0197941786508044,0.6459420755701946,0.6499225266460171,3.067365773445514,2.0,1.0,0.06666666666666667,2.0,0.0,0.0,0.0,0.0,0.0,0.0,0.0,1.0,49.0,7.0,0.07050359712230216,27.0,14.0,0.0,8.0,22.0,0.4489795918367347,0.0,0.16326530612244897,10.0,9.0,9.0,473.0,0.6805755395683454,10.375,1.0,2.0,0.03333333333333333
subject_26_task_4,26,4,,4,135,670.0,700.0,0.4411989186687216,22.0,0.5303030303030303,eye,中,5.333333333333333,6,92.16666666666669,2.3166067138525404,90.0,95.0,-14.28795606120045,6.676166683292744,1.9540340590213163,1.885830679206035,5.2136016046829585,3.6356462433716294,1.036166226675237,2.7646180869631247,7.422908508431454,2.2761192377690778,1.7641381688715896,4.282509790549082,2.4383418982829204,1.2902159694356428,2.427536496922086,4.965666572542487,2.0309085910979627,1.824111804337122,3.294793473521758,1.9471808721570207,1.1133684822767704,1.8062453549655515,9.481928209089558,5.620455218912813,14.069674425370616,28.51881256668911,22.57927644332628,0.3994730118827722,2.0269703267094528,2995,3.1534981636060095,0.1518946813917573,0.993322203672788,0.9225375626043406,0.0651085141903172,0.0060100166944908,12,2,654.4532543507916,1.5587402038338591,0.0519580067944619,0.0218151084783597,0.5210456174418027,0.6922610827769015,3.0553953992647043,2.0,1.0,0.06666666666666667,2.0,0.0,0.0,0.0,0.0,0.0,0.0,0.0,1.0,49.0,7.0,0.07,27.0,14.0,0.0,8.0,22.0,0.4489795918367347,0.0,0.16326530612244897,10.0,14.0,9.0,473.0,0.6757142857142857,10.375,1.0,2.0,0.03333333333333333
subject_26_task_4,26,4,,4,136,675.0,705.0,0.4443503395163554,22.0,0.5340909090909091,eye,中,5.333333333333333,6,92.16666666666669,2.3166067138525404,90.0,95.0,-14.28795606120045,8.017719498508807,2.05716282688157,1.9220935178165215,5.208634410298361,3.4764627625049793,1.0702719757457408,2.7098756444563192,9.425029122646029,2.3901964126340904,1.834250785800754,4.229677433346795,2.397270994710413,1.303091393574426,2.305942822044534,4.860862252345639,1.9794222222840971,1.861283407204316,3.0141938726798614,1.735253800369087,1.0634716962621118,1.619416936192022,9.608527857544974,5.5320715892359855,13.194300009577509,27.045468522592728,20.56539319168144,0.4192773838112179,2.049784263125812,2995,3.1606584307178625,0.1339317136929871,0.995659432387312,0.9308848080133556,0.0594323873121869,0.0040066777963272,12,2,636.218703089532,1.3865789873424554,0.0462192995780818,0.0212072901029844,0.6548973370498985,0.6443621687185846,3.0390063130538025,2.0,1.0,0.06666666666666667,2.0,0.0,0.0,0.0,0.0,0.0,0.0,0.0,1.0,49.0,7.0,0.06950354609929078,27.0,14.0,0.0,8.0,22.0,0.4489795918367347,0.0,0.16326530612244897,10.0,19.0,9.0,473.0,0.6709219858156028,10.375,1.0,2.0,0.03333333333333333
subject_26_task_4,26,4,,4,137,680.0,710.0,0.4475017603639891,22.0,0.5378787878787878,eye,中,5.333333333333333,6,90.83333333333331,0.7527726527090811,90.0,92.0,-1.3700787401574797,5.232069970977546,1.6586471006493744,1.7895178021304778,4.593909403270943,3.03089303361958,0.9268681757033668,2.5671213763851624,4.414268752425328,1.8730952729510528,1.5512597254544878,3.5430244190300595,1.9737861209768817,1.2074672230675452,2.283965967073647,5.166198483526495,1.9271285068073256,1.9332136574971408,2.884168594411555,1.599821577215319,0.9968523134180144,1.491903692706982,10.791761987743412,5.844962354835921,14.010720918084065,26.470838231482485,19.686744537207307,0.4171778446669115,1.88932735055166,2995,3.1748207011686143,0.1280764070294929,0.9929883138564274,0.9345575959933222,0.0557595993322203,0.0056761268781302,6,1,519.8626145185629,0.9266713271275632,0.0308890442375854,0.0173287538172854,1.0,-1.000088900581841e-12,3.00686,2.0,1.0,0.06666666666666667,2.0,0.0,0.0,0.0,0.0,0.0,0.0,0.0,1.0,49.0,7.0,0.06901408450704226,27.0,14.0,0.0,8.0,22.0,0.4489795918367347,0.0,0.16326530612244897,10.0,24.0,9.0,473.0,0.6661971830985915,10.375,1.0,2.0,0.03333333333333333
subject_26_task_4,26,4,,4,138,685.0,715.0,0.4506531812116228,22.0,0.5416666666666666,eye,中,5.333333333333333,6,90.83333333333331,0.7527726527090811,90.0,92.0,-1.3700787401574797,4.3400297136326085,1.6914496798345162,1.8210919237542864,4.401649975990547,2.7637064001059652,0.9288107084388662,2.4170388757291787,3.547996343556946,1.855590795568655,1.5263374694335747,3.407174551974149,1.81268772188638,1.2157146323986048,2.232255068231113,4.6764447863141445,1.8706137036291952,1.895468472040861,2.8451571563463345,1.4962202570688476,0.98688726888456,1.5010311162194845,9.56646755803453,5.824414252883485,13.838757052658115,27.188345810439596,19.70208592219497,0.4208769783818659,1.9646522955049148,2994,3.145727788911156,0.1271613846944956,0.99498997995992,0.9438877755511024,0.0494321977287909,0.0033400133600534,6,1,557.1607859008805,0.9931564811067388,0.0331052160368912,0.018572026196696,1.0,-1.000088900581841e-12,3.00686,2.0,1.0,0.06666666666666667,2.0,0.0,0.0,0.0,0.0,0.0,0.0,0.0,1.0,49.0,7.0,0.06853146853146853,27.0,14.0,0.0,8.0,22.0,0.4489795918367347,0.0,0.16326530612244897,10.0,29.0,9.0,473.0,0.6615384615384615,10.375,1.0,2.0,0.03333333333333333
subject_26_task_4,26,4,,4,139,690.0,720.0,0.4538046020592565,22.0,0.5454545454545454,eye,中,5.333333333333333,6,90.33333333333331,0.5163977794943223,90.0,91.0,0.0521739130435339,4.240288166042964,1.749729631159988,1.7122400647563116,4.141148298379589,2.71523422212601,1.0218950409906522,2.4185558927269715,3.509350573244974,1.8982918031783256,1.4494274033424517,3.121330114571583,1.7256213947311416,1.3096839474683382,2.15349185987076,4.439637773514884,1.8707508379161657,1.9453330701331304,2.7452903060536396,1.5112930604298915,0.9616609446669916,1.4112186484681326,8.967989798480739,5.516497976581138,12.86505520441048,25.288794254085303,20.646919166791218,0.4287970699643742,1.9656965207126071,2994,3.139160320641283,0.1328393957397625,0.9933199732798932,0.9432197728790916,0.0501002004008016,0.0033400133600534,6,1,453.9561058169922,0.8091909194598791,0.0269730306486626,0.0151318701938997,1.0,-1.000088900581841e-12,3.00686,0.0,0.0,0.0,0.0,0.0,0.0,0.0,0.0,0.0,0.0,0.0,0.0,49.0,7.0,0.06805555555555555,27.0,14.0,0.0,8.0,22.0,0.4489795918367347,0.0,0.16326530612244897,10.0,34.0,9.0,473.0,0.6569444444444444,10.375,1.0,2.0,0.03333333333333333
subject_26_task_4,26,4,,4,140,695.0,725.0,0.4569560229068903,22.0,0.5492424242424242,eye,中,5.333333333333333,7,90.71428571428572,1.1126972805283737,90.0,93.0,3.6525505293551097,4.429745054010515,1.6444080901883498,1.7469308263167231,4.055442947225392,2.5547007123669188,0.9413126526912716,2.32146739077013,3.5895229391492833,1.7516236134737684,1.419190449054928,2.9885015399790835,1.5218402094119252,1.2342414047672148,2.1057790671922834,4.681601490359782,1.6940537747114432,1.9438257980380065,2.642605992740667,1.383580130835136,0.8715049344552019,1.359487046322758,8.344321452670352,5.004180362098656,12.669619214529789,25.966598941548437,21.40900284443298,0.3949748036910024,2.0495169193221994,2994,3.1304641661085064,0.1380553389222933,0.990313961255845,0.9428857715430862,0.0474281897127588,0.0060120240480961,12,2,385.4057079482397,0.7348908078609173,0.0244963602620305,0.0128468569316079,0.9571759060858922,0.1768176851274781,3.006306790956635,0.0,0.0,0.0,0.0,0.0,0.0,0.0,0.0,0.0,0.0,0.0,0.0,49.0,7.0,0.06758620689655172,27.0,14.0,0.0,8.0,22.0,0.4489795918367347,0.0,0.16326530612244897,10.0,39.0,9.0,473.0,0.6524137931034483,10.375,1.0,2.0,0.03333333333333333
subject_26_task_4,26,4,,4,141,700.0,730.0,0.460107443754524,22.0,0.553030303030303,eye,中,5.333333333333333,5,91.0,1.224744871391589,90.0,93.0,3.887688984881122,4.34032423132312,1.6420936393252592,1.717859559245732,4.225387715739448,2.829011293628225,0.9558951606301626,2.4596816969104895,3.2202807925161783,1.8430203560794436,1.3915122580751405,3.0113994862683384,1.497479320947445,1.3244729576646834,2.1641199844218155,4.447667448207801,1.7476489577142895,1.9003797678911376,2.677134896685552,1.365527543867011,0.919631426961394,1.4087367914132156,7.554528812263055,5.678444939832609,12.895612709281304,26.825585925339755,21.02608917369911,0.44033928963652,2.0802102645369223,2994,3.098455123911587,0.1390244239253433,0.9876419505678022,0.9405477621910489,0.0494321977287909,0.0080160320641282,12,2,320.51845623137405,0.6721829309198258,0.0224060976973275,0.0106839485410458,0.8915696394240126,0.3432209913431998,3.005459277869924,0.0,0.0,0.0,0.0,0.0,0.0,0.0,0.0,0.0,0.0,0.0,0.0,49.0,7.0,0.06712328767123288,27.0,14.0,0.0,8.0,22.0,0.4489795918367347,0.0,0.16326530612244897,10.0,44.0,9.0,473.0,0.647945205479452,10.375,1.0,2.0,0.03333333333333333
subject_26_task_4,26,4,,4,142,705.0,735.0,0.4632588646021577,22.0,0.5568181818181818,eye,中,5.333333333333333,6,92.0,2.6832815729997477,90.0,97.0,13.74045801526726,4.213519276956054,1.7727259930253054,1.95218426598951,4.78850649639046,3.36990658890881,0.9080730871103286,2.4528967781447077,3.850069673812858,2.3498677489957553,1.9994467812603385,3.6663507622635456,1.852502455503658,1.175258962138783,1.8336825949188231,4.413109714470067,1.8018704583759015,1.8930406197951697,2.895895072344806,1.4776075414497771,0.9518392999780784,1.529758549321645,7.49978250715868,5.140984025047323,13.852398390756486,29.657863022312117,22.38985706039712,0.3711259148074914,2.140991197748283,2995,3.088827586206897,0.1303287129206483,0.9876460767946578,0.9402337228714523,0.0497495826377295,0.0080133555926544,12,2,255.6312045145085,0.6094750539787344,0.0203158351326244,0.0085210401504836,0.792657498800634,0.5104143317263383,3.0041815137495393,0.0,0.0,0.0,0.0,0.0,0.0,0.0,0.0,0.0,0.0,0.0,0.0,49.0,7.0,0.06666666666666667,27.0,14.0,0.0,8.0,22.0,0.4489795918367347,0.0,0.16326530612244897,10.0,49.0,9.0,473.0,0.6435374149659864,10.375,1.0,2.0,0.03333333333333333
subject_26_task_4,26,4,,4,143,710.0,740.0,0.4664102854497914,22.0,0.5606060606060606,eye,中,5.333333333333333,6,93.5,3.0166206257996713,90.0,97.0,16.951264199340226,4.422806900127627,1.738033778274816,1.897619812694342,5.005217969991148,3.533469716065301,0.9159019982021914,2.637629485373296,3.7397378001204102,2.112761180717313,1.7203451242629926,3.619269555568687,1.8607161019050276,1.2281031003139171,2.103804349792433,4.385123206407632,1.8412616735207537,1.9584587800419857,2.967965371064081,1.6181105671845413,0.940158502330736,1.5154597080672043,6.706501704730871,4.8604698298565525,14.72783593236666,29.57936125967693,22.39267034224055,0.3300192813239405,2.0083983414475566,2995,3.080982202820685,0.1263607932447756,0.98330550918197,0.9342237061769616,0.0517529215358931,0.011686143572621,12,2,190.74395279764295,0.5467671770376429,0.0182255725679214,0.0063581317599214,0.6264495212990917,0.660818300843306,3.002034410382504,0.0,0.0,0.0,0.0,0.0,0.0,0.0,0.0,0.0,0.0,0.0,0.0,49.0,7.0,0.06621621621621622,27.0,14.0,0.0,8.0,22.0,0.4489795918367347,0.0,0.16326530612244897,10.0,54.0,9.0,473.0,0.6391891891891892,10.375,1.0,2.0,0.03333333333333333
subject_26_task_4,26,4,,4,144,715.0,745.0,0.4695617062974251,22.0,0.5643939393939394,eye,中,5.333333333333333,6,93.5,3.0166206257996713,90.0,97.0,16.951264199340226,4.575214339366761,1.6790104524541896,1.8804504208286463,5.243620524317227,3.771701696932342,0.8928767458353464,2.788491771033534,4.17282622997361,2.221661851606289,1.9351197140897056,3.9215839860884745,2.0663567882526563,1.148074630954486,2.0265330137123927,4.532347079948929,1.7349386032774716,1.9059243838995064,3.0095149426409145,1.6415602361242865,0.9102872170236896,1.5790316594215927,7.181020448359806,5.010841887719457,14.791879032036178,31.50563532835385,23.95996045281059,0.3387562781487734,2.1299278651562186,2995,3.091348220282069,0.1121950588841324,0.9839732888146911,0.9332220367278798,0.0520868113522537,0.011686143572621,6,2,187.9239956832268,0.5946961888709709,0.019823206295699,0.0062641331894408,0.5237341772151899,0.6920201347473584,3.000707515822785,0.0,0.0,0.0,0.0,0.0,0.0,0.0,0.0,0.0,0.0,0.0,0.0,49.0,7.0,0.06577181208053691,27.0,14.0,0.0,8.0,22.0,0.4489795918367347,0.0,0.16326530612244897,10.0,59.0,9.0,473.0,0.6348993288590604,10.375,1.0,2.0,0.03333333333333333
subject_26_task_4,26,4,,4,145,720.0,750.0,0.4727131271450589,22.0,0.5681818181818182,eye,中,5.333333333333333,6,94.0,2.3664319132398464,91.0,97.0,-7.037178995783901,4.4301245644605505,1.625869892104308,1.7312424096260672,5.215716543331828,3.8748814720932847,0.939134741076197,3.012701464758119,3.8154122811348223,1.9817796200647,1.640596131864948,3.7804082889073274,1.9251435368188492,1.207963118754834,2.3042894076618037,4.5031206684698235,1.8560809482384188,1.8202315802178737,3.0595192535789777,1.7516179302072694,1.019694948934055,1.680840661611182,7.293137573771264,5.379212071254358,15.515315333645228,29.950931918397742,22.231774153445695,0.3467033673230891,1.9304107763410152,2995,3.102725990597717,0.1153019089216802,0.9826377295492488,0.9258764607679466,0.0560934891485809,0.0140233722871452,6,2,226.2414240502496,0.7159538735767391,0.0238651291192246,0.0075413808016749,0.5237341772151898,0.6920201347473585,3.0007075158227847,0.0,0.0,0.0,0.0,0.0,0.0,0.0,0.0,0.0,0.0,0.0,0.0,49.0,7.0,0.06533333333333333,27.0,14.0,0.0,8.0,22.0,0.4489795918367347,0.0,0.16326530612244897,10.0,64.0,9.0,473.0,0.6306666666666667,10.375,1.0,0.0,0.0
subject_26_task_4,26,4,,4,146,725.0,755.0,0.4758645479926926,22.0,0.571969696969697,eye,中,5.333333333333333,5,94.2,2.588435821108957,91.0,97.0,-21.030927835051543,4.246694680995183,1.8376191246434483,2.066716508892309,5.610292831683228,3.956192836377809,0.889149100390334,2.7145923533993335,4.305253915808305,2.542578536217016,2.2597744593475726,4.478930628406226,2.0821412372512524,1.1251470365547422,1.982025511386368,4.167729762337066,1.9247356732894627,2.0197450442264735,3.308606721402867,1.9022851128794889,0.9529597207288122,1.6381308773900245,7.981879992097891,5.912961013353737,16.613952079264106,33.24925395090458,24.637906865331235,0.3559033386603847,2.001285052001746,2995,3.1205519089082383,0.1117516306494171,0.985642737896494,0.9262103505843072,0.0587646076794657,0.0113522537562604,6,2,229.90457020213657,0.7275461082346094,0.0242515369411536,0.0076634856734045,0.5237341772151899,0.6920201347473584,3.000707515822785,0.0,0.0,0.0,0.0,0.0,0.0,0.0,0.0,0.0,0.0,0.0,0.0,49.0,7.0,0.06490066225165562,27.0,14.0,0.0,8.0,22.0,0.4489795918367347,0.0,0.16326530612244897,10.0,69.0,9.0,473.0,0.6264900662251656,10.375,1.0,0.0,0.0
subject_26_task_4,26,4,,4,147,730.0,760.0,0.4790159688403264,22.0,0.5757575757575758,eye,中,5.333333333333333,7,94.14285714285714,2.1157009420498154,91.0,97.0,-7.179727827311129,4.506350467796548,1.9250387283818244,2.2017366661977484,5.862379766718455,4.048288029558311,0.874327415233647,2.6626162232390813,4.682625044523745,2.4896266463009913,2.065684877380521,4.55075200122599,2.2898036757088076,1.2052306107106072,2.2030233415838154,4.520824892842424,1.971758642974706,2.319556446856815,3.6902478606407247,2.117352735988309,0.8500584866760182,1.590928242182382,8.206635581117695,6.901140601974428,19.110056814819927,37.94150624649753,27.074848470250934,0.3611261164133518,1.9854209024158285,2995,3.1658411152166614,0.1206454413950275,0.9826377295492488,0.9298831385642736,0.0520868113522537,0.0143572621035058,6,2,229.90457020213657,0.7275461082346094,0.0242515369411536,0.0076634856734045,0.5237341772151899,0.6920201347473584,3.000707515822785,0.0,0.0,0.0,0.0,0.0,0.0,0.0,0.0,0.0,0.0,0.0,0.0,49.0,7.0,0.06447368421052632,27.0,14.0,0.0,8.0,22.0,0.4489795918367347,0.0,0.16326530612244897,10.0,74.0,9.0,473.0,0.6223684210526316,10.375,1.0,0.0,0.0
subject_26_task_4,26,4,,4,148,735.0,765.0,0.4821673896879601,22.0,0.5795454545454546,eye,中,5.333333333333333,6,93.66666666666669,1.8618986725025255,91.0,96.0,-4.157644001732291,4.911059969296308,1.9410203656920244,2.302370841322025,6.373250643229499,4.474198792289561,0.8430528787349858,2.7681251555331405,5.150082307055753,2.524304355280068,2.1156158683507775,5.668325862158159,2.9825058651039575,1.1931770757835554,2.6792793280459213,4.190950214777109,2.0230300852784726,2.210213358528915,4.1347597495506605,2.544372530388525,0.9153098624944388,1.8707514066889428,8.314787691028332,7.768315022988435,20.221208051338408,42.670639071802725,28.86613475441543,0.3841667126546508,2.110192376413358,2994,3.2062355133852933,0.1701280069592636,0.9575818303273214,0.8744154976619907,0.0798263193052772,0.0323981295925183,6,2,229.90457020213657,0.7275461082346094,0.0242515369411536,0.0076634856734045,0.5237341772151899,0.6920201347473584,3.000707515822785,0.0,0.0,0.0,0.0,0.0,0.0,0.0,0.0,0.0,0.0,0.0,0.0,49.0,7.0,0.06405228758169934,27.0,14.0,0.0,8.0,22.0,0.4489795918367347,0.0,0.16326530612244897,10.0,79.0,9.0,473.0,0.6183006535947713,10.375,1.0,0.0,0.0
subject_26_task_4,26,4,,4,149,740.0,770.0,0.4853188105355938,22.0,0.5833333333333334,eye,中,5.333333333333333,6,92.0,1.6733200530681511,90.0,94.0,-2.8246371125931966,5.138854335794717,2.120768996512751,2.468903446894307,6.5787586495481305,4.514971027275735,0.8589922782037173,2.6646480071238545,5.323643949696905,2.718475664562495,2.2544066953776736,5.570399994476161,3.136208282037862,1.205849712093353,2.470894007677248,4.492190991321295,2.244510239948296,2.4556788756128736,4.574657825469744,2.6493706992535966,0.9140080416207208,1.862889268992074,13.649076823655092,9.372670678338336,21.990070577257,46.41489999533252,29.990281191350377,0.4262228556934202,2.110720828851574,2994,3.2747658851512056,0.233648867393253,0.9545758183032732,0.8623914495657983,0.0861723446893787,0.0360721442885771,6,2,229.90457020213657,0.7275461082346094,0.0242515369411536,0.0076634856734045,0.5237341772151899,0.6920201347473584,3.000707515822785,0.0,0.0,0.0,0.0,0.0,0.0,0.0,0.0,0.0,0.0,0.0,0.0,49.0,7.0,0.06363636363636363,27.0,14.0,0.0,8.0,22.0,0.4489795918367347,0.0,0.16326530612244897,10.0,84.0,9.0,473.0,0.6142857142857143,10.375,1.0,0.0,0.0
subject_26_task_4,26,4,,4,150,745.0,775.0,0.4884702313832275,22.0,0.5871212121212122,eye,中,5.333333333333333,7,91.42857142857144,2.1491969707422394,88.0,94.0,-6.983311938382643,6.163844601487664,2.816142469352899,3.1069155131240835,8.210468017411168,5.3842316390489575,0.9064110232341642,2.6426428342608297,8.264431605218718,6.31598355803409,5.537211521747789,10.851922395426074,4.6570899989715,1.140643360512348,1.9598172027209697,4.432760447160226,2.729727529818863,3.090171015051978,5.756626719256197,2.952040023893192,0.8833580784113813,1.862882892634784,18.428563567525888,10.9769679028525,24.77038220404621,51.21145643558029,31.837478713335265,0.4431489111645368,2.067447163863905,2994,3.315785738772712,0.2265208356580467,0.9402137608550434,0.845691382765531,0.0918503674014696,0.0494321977287909,6,2,229.90457020213657,0.7275461082346094,0.0242515369411536,0.0076634856734045,0.5237341772151899,0.6920201347473584,3.000707515822785,0.0,0.0,0.0,0.0,0.0,0.0,0.0,0.0,0.0,0.0,0.0,0.0,49.0,7.0,0.06322580645161291,27.0,14.0,0.0,8.0,22.0,0.4489795918367347,0.0,0.16326530612244897,10.0,89.0,9.0,473.0,0.6103225806451613,10.375,1.0,0.0,0.0
subject_26_task_4,26,4,,4,151,750.0,780.0,0.4916216522308613,22.0,0.5909090909090909,eye,中,5.333333333333333,6,91.16666666666669,2.401388487243717,88.0,94.0,-14.778721502011614,6.047859607853662,2.563659001660394,2.912718414516344,7.520627318417825,5.370385558177144,0.8801602615905764,2.5819960078999338,7.070457108391082,4.80631761038732,4.179552844414872,8.64028651365534,4.5948952393016205,1.1499597658658611,2.067275336690942,4.593416058003482,2.55469085217645,3.048679443561645,5.449200747991302,2.914402346260069,0.8379663718242254,1.7873970841700657,14.80881951724872,10.053919769964969,24.355518203189508,51.371674324798,31.293137944932408,0.4127984338534149,2.109241687909172,2994,3.3495630427231675,0.2033288161406468,0.9228456913827656,0.824315297261189,0.0978623914495658,0.0644622578490314,6,2,229.90457020213657,0.7275461082346094,0.0242515369411536,0.0076634856734045,0.5237341772151899,0.6920201347473584,3.000707515822785,0.0,0.0,0.0,0.0,0.0,0.0,0.0,0.0,0.0,0.0,0.0,0.0,49.0,7.0,0.06282051282051282,27.0,14.0,0.0,8.0,22.0,0.4489795918367347,0.0,0.16326530612244897,10.0,94.0,9.0,473.0,0.6064102564102564,10.375,1.0,0.0,0.0
subject_26_task_4,26,4,,4,152,755.0,785.0,0.494773073078495,22.0,0.5946969696969697,eye,中,5.333333333333333,7,91.28571428571428,2.2146697055682827,88.0,94.0,-8.07084729535663,6.587992623357929,2.9740572085894623,3.269163168146972,8.264398999586879,5.7128276664055315,0.9097304281313124,2.5279860852804443,8.153846356400463,6.331113398486579,5.694599706100565,10.91309128464824,5.267985145049461,1.1117749666766084,1.9163930474265225,4.640535382579639,2.731314571786837,3.2072617675981396,5.867763478137509,2.968601072031576,0.8516032583870661,1.829524342982385,19.00126153656902,11.51850618798636,28.407225780191713,55.28183118283464,32.90821573811518,0.4054780384791459,1.9460482206390783,2994,3.3781531781868703,0.185728589376784,0.9151636606546426,0.8122912491649966,0.1042084168336673,0.0688042752171008,6,2,229.90457020213657,0.7275461082346094,0.0242515369411536,0.0076634856734045,0.5237341772151899,0.6920201347473584,3.000707515822785,0.0,0.0,0.0,0.0,0.0,0.0,0.0,0.0,0.0,0.0,0.0,0.0,49.0,7.0,0.062420382165605096,27.0,14.0,0.0,8.0,22.0,0.4489795918367347,0.0,0.16326530612244897,10.0,99.0,9.0,473.0,0.6025477707006369,10.375,1.0,0.0,0.0
subject_26_task_4,26,4,,4,153,760.0,790.0,0.4979244939261287,22.0,0.5984848484848485,eye,中,5.333333333333333,5,90.2,1.4832396974191324,88.0,92.0,3.9560439560437985,6.3871337339415994,2.6706235897119273,2.815752375640505,7.464971086903311,5.377999116634887,0.9484582567756636,2.651146155991518,7.200395388453983,4.898963802286244,4.277891932899384,8.745211361435059,4.714312818331116,1.145181757540547,2.0442805705725027,4.363936808961895,2.519433693477092,2.7524208956205243,5.096035210858894,2.7057676784265343,0.915351898935898,1.8514738130957291,15.189328296879404,9.94078100881424,24.07712715194242,46.5790401293356,30.230807724970095,0.4128723890554471,1.9345763236365947,2995,3.35762962962963,0.2020357950989934,0.9195325542570952,0.8060100166944908,0.1138564273789649,0.0634390651085141,6,2,229.90457020213657,0.7275461082346094,0.0242515369411536,0.0076634856734045,0.5237341772151899,0.6920201347473584,3.000707515822785,0.0,0.0,0.0,0.0,0.0,0.0,0.0,0.0,0.0,0.0,0.0,0.0,49.0,7.0,0.0620253164556962,27.0,14.0,0.0,8.0,22.0,0.4489795918367347,0.0,0.16326530612244897,10.0,104.0,9.0,473.0,0.5987341772151898,10.375,1.0,0.0,0.0
subject_26_task_4,26,4,,4,154,765.0,795.0,0.5010759147737625,22.0,0.6022727272727273,eye,中,5.333333333333333,7,91.42857142857144,2.439750182371333,88.0,95.0,11.113360323886653,6.080802058091788,2.8627648536067083,2.7603498176294243,6.999627137059054,4.720083636977298,1.0371021945563543,2.5357753906243308,7.643312294186103,6.21358367403495,5.291727078135119,9.394771950940507,4.2909077607135515,1.1742071316770757,1.7753697067558067,4.296907322833931,2.644141220086895,2.884207380398778,4.9879761555131505,2.321666564965708,0.9167652915863868,1.7294096774773178,19.091519500432707,11.39467582632021,24.2298520358587,45.34567968655714,28.26706528027695,0.4702742637246314,1.871479843106277,2995,3.3074111187371313,0.2067754855752054,0.9445742904841402,0.8554257095158597,0.0921535893155258,0.0454090150250417,6,2,229.90457020213657,0.7275461082346094,0.0242515369411536,0.0076634856734045,0.5237341772151899,0.6920201347473584,3.000707515822785,0.0,0.0,0.0,0.0,0.0,0.0,0.0,0.0,0.0,0.0,0.0,0.0,49.0,7.0,0.061635220125786164,27.0,14.0,0.0,8.0,22.0,0.4489795918367347,0.0,0.16326530612244897,10.0,109.0,9.0,473.0,0.5949685534591195,10.375,1.0,0.0,0.0
subject_26_task_4,26,4,,4,155,770.0,800.0,0.5042273356213962,22.0,0.6060606060606061,eye,中,5.333333333333333,5,91.8,2.8635642126552705,88.0,95.0,19.40026075619288,5.248788689692438,2.1138917000229016,2.252381796469433,5.516734465989566,3.8789714470054304,0.9385139337107004,2.44928922558198,4.762114715888637,2.6787463439658654,2.226281960335139,5.260384704930704,3.084778767674051,1.2032376813414116,2.362856456932714,4.41929402833273,1.9859985063938312,2.34030320831822,4.140482367024704,2.1310412680665065,0.8486073511051596,1.769207661771366,8.369882422421922,7.920367375664814,20.47289549157561,43.49074190562809,28.835193610663868,0.3868708937103677,2.1243083042906212,2995,3.2485871716137837,0.1490278445678416,0.9465776293823038,0.8614357262103506,0.0918196994991652,0.0404006677796327,6,2,229.90457020213657,0.7275461082346094,0.0242515369411536,0.0076634856734045,0.5237341772151899,0.6920201347473584,3.000707515822785,0.0,0.0,0.0,0.0,0.0,0.0,0.0,0.0,0.0,0.0,0.0,0.0,49.0,7.0,0.06125,27.0,14.0,0.0,8.0,22.0,0.4489795918367347,0.0,0.16326530612244897,10.0,114.0,9.0,473.0,0.59125,10.375,1.0,0.0,0.0
subject_26_task_4,26,4,,4,156,775.0,805.0,0.5073787564690299,22.0,0.6098484848484849,eye,中,5.333333333333333,5,93.6,2.701851217221259,90.0,97.0,17.54716981132072,4.730450092253821,1.9695661769097133,2.220440476541796,4.783819441455837,3.402019106013614,0.8870159762072052,2.1544461524617633,4.150655062068118,2.3279667532329498,2.032746235729952,4.2026192290459585,2.556554345330176,1.1452323523290084,2.0674588668156173,4.261445603025887,1.9232052827152373,2.6121733987319287,3.75412302352221,1.9726920430034405,0.7362471739620544,1.4371645562827633,8.791374780995339,7.942052694190006,20.788324056018023,40.06343631040965,27.59328823492436,0.3820439143044269,1.9272085716218024,2995,3.2198092661481232,0.1424215122571808,0.9579298831385644,0.8737896494156928,0.0904841402337228,0.0290484140233722,6,2,214.1714341146371,0.677757702894421,0.022591923429814,0.0071390478038212,0.5237341772151899,0.6920201347473584,3.0007075158227843,0.0,0.0,0.0,0.0,0.0,0.0,0.0,0.0,0.0,0.0,0.0,0.0,49.0,7.0,0.06086956521739131,27.0,14.0,0.0,8.0,22.0,0.4489795918367347,0.0,0.16326530612244897,10.0,119.0,9.0,473.0,0.5875776397515527,10.375,1.0,0.0,0.0
subject_26_task_4,26,4,,4,157,780.0,810.0,0.5105301773166636,22.0,0.6136363636363636,eye,中,5.333333333333333,6,95.33333333333331,2.065591117977289,92.0,97.0,12.343584305408449,4.776226204967781,1.978764483594156,2.015394650791834,3.978383555573723,2.6452712154499105,0.9818248167011429,1.973997278404329,4.219685556935387,2.1717826246556693,1.6404827511704907,3.6382172602101903,2.0270697587155495,1.3238680035532795,2.217772334158533,4.523995137420581,1.893778332116608,2.404152956173627,3.3600782772503472,1.6993587259169505,0.7877112507561437,1.3976141861614917,8.903136030983113,8.109340076171234,18.232851463539284,34.82880221463217,25.31235683720399,0.4447653233169642,1.91022245117722,2995,3.205737562604341,0.1599384982459758,0.9756260434056762,0.889482470784641,0.0904841402337228,0.011686143572621,6,2,175.85400574761428,0.5565000181886528,0.0185500006062884,0.0058618001915871,0.5237341772151899,0.6920201347473584,3.000707515822785,0.0,0.0,0.0,0.0,0.0,0.0,0.0,0.0,0.0,0.0,0.0,0.0,49.0,7.0,0.06049382716049383,27.0,14.0,0.0,8.0,22.0,0.4489795918367347,0.0,0.16326530612244897,10.0,124.0,9.0,473.0,0.5839506172839506,10.375,1.0,0.0,0.0
subject_26_task_4,26,4,,4,158,785.0,815.0,0.5136815981642974,22.0,0.6174242424242424,eye,中,5.333333333333333,5,96.0,1.4142135623730951,94.0,97.0,10.675182481751929,4.497880649268059,1.9504744948884425,2.0564279526440323,4.001767962421532,2.5940087053031515,0.9484769414754544,1.9459801435184232,4.21589242707367,2.30094157137096,1.8486501656780392,3.8108427631126776,1.970161544281045,1.2446603549390487,2.061419101279746,4.591580105959897,1.9221270168621745,2.514643689785376,3.420191219267873,1.8111896859297367,0.7643735073362332,1.3601096780275004,8.933459019094345,7.510634992945683,19.32957937509391,35.483924154138926,26.84846709584605,0.388556566451886,1.8357318317986695,2995,3.189801001669449,0.150332032200313,0.979966611018364,0.8941569282136895,0.082804674457429,0.0096828046744574,6,2,137.53657738059155,0.4352423334828846,0.0145080777827628,0.004584552579353,0.5237341772151898,0.6920201347473585,3.0007075158227843,0.0,0.0,0.0,0.0,0.0,0.0,0.0,0.0,0.0,0.0,0.0,0.0,49.0,7.0,0.06012269938650307,27.0,14.0,0.0,8.0,22.0,0.4489795918367347,0.0,0.16326530612244897,10.0,129.0,9.0,473.0,0.5803680981595092,10.375,1.0,0.0,0.0
subject_26_task_4,26,4,,4,159,790.0,820.0,0.5168330190119311,22.0,0.6212121212121212,eye,中,5.333333333333333,6,96.33333333333331,1.505545305418162,94.0,98.0,8.911994058670642,4.138697384635015,1.8860929729702036,2.034311585423208,3.602664281768394,2.4325167219183137,0.927140653617145,1.7709500882672866,4.124078466682359,2.1374946868853724,1.8623618848942955,3.623890635399525,1.764498588614674,1.1477332650666296,1.945857389368345,4.29032774680022,1.841431656252205,2.3113653224173145,2.883486073136269,1.628144469333063,0.796685681139477,1.2475250213240237,8.84423939993013,6.709549491171615,17.317710969946095,30.14959789608943,26.13655562847894,0.3874385883224208,1.7409689969079831,2994,3.1812612190221037,0.1531778093899432,0.979625918503674,0.8901135604542418,0.0865063460253841,0.0113560454241816,12,2,99.21914901356875,0.3139846487771163,0.0104661549592372,0.0033073049671189,0.5237341772151899,0.6920201347473584,3.0007075158227847,0.0,0.0,0.0,0.0,0.0,0.0,0.0,0.0,0.0,0.0,0.0,0.0,49.0,7.0,0.05975609756097561,27.0,14.0,0.0,8.0,22.0,0.4489795918367347,0.0,0.16326530612244897,10.0,134.0,9.0,473.0,0.5768292682926829,10.375,1.0,0.0,0.0
subject_26_task_4,26,4,,4,160,795.0,825.0,0.5199844398595648,22.0,0.625,eye,中,5.333333333333333,6,96.83333333333331,0.752772652709081,96.0,98.0,-2.2167487684729585,4.21693591910292,1.8649988116767264,1.8271728749980685,3.2789529115510794,2.159075153345653,1.020701892632189,1.7945499062613577,3.8258690904980384,1.9959218627606796,1.6761057074355488,3.229536702999258,1.6250854284250298,1.190809060494431,1.926809680721431,4.077564671789975,1.939260493932364,2.144122879774498,2.8056505106657017,1.5708044310873677,0.9044539901259392,1.3085306523853604,8.99486869090624,6.438783986918267,16.213775843284296,27.470083790281308,24.89190712552364,0.3971181080306593,1.694243466530922,2994,3.187149028801072,0.1493014989274087,0.979625918503674,0.8917835671342685,0.084502338009352,0.0113560454241816,12,2,60.901720646546,0.1927269640713481,0.0064242321357116,0.0020300573548848,0.5237341772151899,0.6920201347473584,3.0007075158227847,0.0,0.0,0.0,0.0,0.0,0.0,0.0,0.0,0.0,0.0,0.0,0.0,49.0,7.0,0.059393939393939395,27.0,14.0,0.0,8.0,22.0,0.4489795918367347,0.0,0.16326530612244897,10.0,139.0,9.0,473.0,0.5733333333333334,10.375,1.0,0.0,0.0
subject_26_task_4,26,4,,4,161,800.0,830.0,0.5231358607071985,22.0,0.6287878787878788,eye,中,5.333333333333333,7,95.71428571428572,3.0394235042348474,89.0,98.0,-11.745089081772454,4.2705057632743015,2.1327519859043904,2.12257161495489,3.7942345308675502,2.5568098915105044,1.0047962438005735,1.7875649067078416,4.185519752973311,2.5396985411781414,2.201721422524798,3.914595687274513,1.9283658541608977,1.153505850102404,1.7779704767488236,3.896260024727688,2.0468203019801585,2.1036508643234884,2.7129143942720084,1.631623561175628,0.9729847935761878,1.2896219806628666,9.008671594146271,7.373465677334171,18.379475937736665,27.046929430353032,25.873240255143727,0.4011793210161668,1.471583277019362,2994,3.1508017414601466,0.14740764548257,0.9876419505678022,0.901135604542418,0.0808283233132932,0.0073480293921175,12,2,22.58429227952324,0.0714692793655798,0.0023823093121859,0.0007528097426507,0.5237341772151899,0.6920201347473584,3.0007075158227847,2.0,1.0,0.06666666666666667,2.0,0.0,0.0,0.0,0.0,0.0,0.0,0.0,1.0,51.0,7.0,0.06144578313253012,29.0,14.0,0.0,8.0,22.0,0.43137254901960786,0.0,0.1568627450980392,11.0,1.0,10.0,616.0,0.7421686746987952,12.82,1.0,2.0,0.03333333333333333
subject_26_task_4,26,4,,4,162,805.0,835.0,0.5262872815548323,22.0,0.6325757575757576,eye,中,5.333333333333333,6,95.5,3.271085446759225,89.0,98.0,-15.645438898450893,4.415710924010818,2.103444780817858,2.2528214282045664,4.281573703279658,2.743348002940063,0.9336935251429328,1.900538431353589,4.24372056644714,2.561724138946004,2.040928942685674,3.9634622938290502,2.1115976792563425,1.2551755650909686,1.9419893612824657,4.0623962724915295,2.0234950890864427,2.0633923271528287,3.1694386111572803,1.8829363250181017,0.9806642500597847,1.5360329538157338,8.459909841344064,8.4675867384478,21.558839701597517,37.22431987307239,28.372007092960832,0.3927663480804279,1.726638371466441,2994,3.1056118553248493,0.1704988966206275,0.9859719438877756,0.8901135604542418,0.0901803607214428,0.0076820307281229,6,0,0.0,0.0,0.0,0.0,,,,2.0,1.0,0.06666666666666667,2.0,0.0,0.0,0.0,0.0,0.0,0.0,0.0,1.0,51.0,7.0,0.06107784431137724,29.0,14.0,0.0,8.0,22.0,0.43137254901960786,0.0,0.1568627450980392,11.0,6.0,10.0,616.0,0.7377245508982035,12.82,1.0,2.0,0.03333333333333333
subject_26_task_4,26,4,,4,163,810.0,840.0,0.5294387024024659,22.0,0.6363636363636364,eye,中,5.333333333333333,5,93.6,4.277849927241487,89.0,98.0,-32.09944751381214,4.2280098043349765,2.0551430797977748,2.4418587647760748,4.265987476249623,2.780361139762608,0.8416306092077512,1.7470246591599354,3.886546214092935,2.658276997979637,2.065924412721738,4.034822905575543,2.1924716182794115,1.2867251975000906,1.95303510657483,3.917291556968721,2.040925497582263,2.2180488515419685,3.226147280600114,1.91255599366334,0.9201445207861084,1.454497847672437,8.604106936770128,8.902428167928077,23.87518431401232,38.70087646942137,27.722674935345008,0.3728736939091713,1.620966605342932,2995,3.10892802142618,0.1523965347131211,0.9846410684474124,0.8971619365609349,0.0808013355592654,0.0103505843071786,12,4,73.63482520597061,0.1088950387547628,0.0036298346251587,0.0024544941735323,0.4222123632061521,1.2745673157115367,3.173144538598048,2.0,1.0,0.06666666666666667,2.0,0.0,0.0,0.0,0.0,0.0,0.0,0.0,1.0,51.0,7.0,0.060714285714285714,29.0,14.0,0.0,8.0,22.0,0.43137254901960786,0.0,0.1568627450980392,11.0,11.0,10.0,616.0,0.7333333333333333,12.82,1.0,2.0,0.03333333333333333
subject_26_task_4,26,4,,4,164,815.0,845.0,0.5325901232500997,22.0,0.6401515151515151,eye,中,5.333333333333333,6,93.16666666666669,3.970726214015097,89.0,98.0,-21.4285714285715,4.4325072960001135,1.9843975237464295,2.3924463264362803,4.53201784998215,2.6054795602696545,0.8294428601465561,1.8943028313336976,4.0016741898565655,2.666442568645183,2.2513439340742276,4.021675879632176,2.02555602385535,1.1843781522176209,1.786344511277849,3.829415658913039,1.995674648382144,2.237515167016921,3.374363190627371,1.878039368856204,0.891915584662963,1.508085058089733,7.747581034726505,8.476370682201525,24.241695330659727,45.63977441073831,28.28893039991657,0.3496608041056031,1.8826973026517384,2995,3.1025035152326748,0.1581293915074077,0.98330550918197,0.8797996661101837,0.0964941569282136,0.0103505843071786,12,4,432.1295925183731,0.6390558895568961,0.0213018629852298,0.0144043197506124,0.4222123632061519,1.2745673157115367,3.1731445385980477,2.0,1.0,0.06666666666666667,2.0,0.0,0.0,0.0,0.0,0.0,0.0,0.0,1.0,51.0,7.0,0.06035502958579882,29.0,14.0,0.0,8.0,22.0,0.43137254901960786,0.0,0.1568627450980392,11.0,16.0,10.0,616.0,0.7289940828402367,12.82,1.0,2.0,0.03333333333333333
subject_26_task_4,26,4,,4,165,820.0,850.0,0.5357415440977334,22.0,0.6439393939393939,eye,中,5.333333333333333,7,92.57142857142856,2.9920529661723823,89.0,96.0,-4.172494172494253,4.383408808557511,2.081854076319275,2.6674904147823977,4.956242671874276,3.0578902731848125,0.7804541919934523,1.858017050186321,4.009428426671971,2.810377376483352,2.279450537749579,4.451954384166842,2.33969495200875,1.2329187801802175,1.9530822496206035,4.054528898329467,1.9853914374875912,2.3953984896671825,3.6245746807135606,2.0484078993117176,0.8288355553582412,1.513140588653022,7.145937377331986,8.698988216353797,27.517379015453898,48.81540833809959,31.21072740050697,0.3161270632449552,1.7739846629537142,2995,3.089573622704508,0.1519423700168715,0.986644407345576,0.8914858096828047,0.0868113522537562,0.0073455759599332,12,4,790.6243598307757,1.1692167403590297,0.0389738913453009,0.0263541453276925,0.4222123632061521,1.2745673157115367,3.173144538598048,4.0,2.0,0.13333333333333333,4.0,0.0,0.0,0.0,0.0,0.0,0.0,0.0,2.0,53.0,8.0,0.06235294117647059,31.0,14.0,0.0,8.0,22.0,0.41509433962264153,0.0,0.1509433962264151,12.0,4.0,11.0,633.0,0.7447058823529412,12.653846153846153,1.0,4.0,0.06666666666666667
subject_26_task_4,26,4,,4,166,825.0,855.0,0.5388929649453672,22.0,0.6477272727272727,eye,中,5.333333333333333,6,91.66666666666669,2.3380903889000244,89.0,94.0,14.944512946978987,4.5391266832935395,2.121254408519293,2.7706066999025474,5.43614372097146,3.2591077438527716,0.7656281234698182,1.96207701409322,4.181760656703118,2.721069429293985,2.43937727710639,4.754985195168008,2.4196315144644576,1.1154770747564478,1.949261903762755,4.046347337338782,1.9488843432500755,2.416747799336368,4.000611461529747,2.174575552435517,0.8064078278193668,1.6553698580498566,7.151108055063844,9.335404438235669,28.16921934187475,56.14290664849931,33.98846721599692,0.3314044427336398,1.993058663327616,2995,3.076757262103506,0.1507379050157374,0.9839732888146911,0.8901502504173623,0.0864774624373956,0.0093489148580968,12,4,1149.1191271431785,1.6993775911611626,0.056645919705372,0.0383039709047726,0.422212363206152,1.2745673157115367,3.173144538598048,4.0,2.0,0.13333333333333333,4.0,0.0,0.0,0.0,0.0,0.0,0.0,0.0,2.0,53.0,8.0,0.06198830409356725,31.0,14.0,0.0,8.0,22.0,0.41509433962264153,0.0,0.1509433962264151,12.0,9.0,11.0,633.0,0.7403508771929824,12.653846153846153,1.0,4.0,0.06666666666666667
subject_26_task_4,26,4,,4,167,830.0,860.0,0.5420443857930008,22.0,0.6515151515151515,eye,中,5.333333333333333,6,92.16666666666669,1.9407902170679512,89.0,94.0,10.329896907216447,4.573886611832183,2.0280805627424328,2.7736799445893805,5.488603121253248,3.8230385403356744,0.7311876652166055,1.9788163129491096,4.094140019118377,2.711891894968313,2.113268131219444,4.703735883202581,2.776053056454259,1.2832691956620943,2.225811203847724,4.2500163497703705,2.0027389114879757,2.435593932751713,3.738394106982627,2.1031715264567095,0.8222794795786416,1.534900402202522,7.539859337026634,7.935551833718423,28.732480571313182,50.466019662373334,33.65352558705511,0.2761874949857745,1.7564101204947526,2995,3.10855005021761,0.1703629525119165,0.9692821368948248,0.8771285475792988,0.0904841402337228,0.0136894824707846,12,4,1507.613894455581,2.229538441963296,0.0743179480654432,0.0502537964818527,0.422212363206152,1.2745673157115367,3.1731445385980472,2.0,1.0,0.06666666666666667,2.0,0.0,0.0,0.0,0.0,0.0,0.0,0.0,1.0,53.0,8.0,0.06162790697674419,31.0,14.0,0.0,8.0,22.0,0.41509433962264153,0.0,0.1509433962264151,12.0,14.0,11.0,633.0,0.736046511627907,12.653846153846153,1.0,4.0,0.06666666666666667
subject_26_task_4,26,4,,4,168,835.0,865.0,0.5451958066406346,22.0,0.6553030303030303,eye,中,5.333333333333333,7,92.71428571428572,2.288688541085317,89.0,96.0,11.801526717557266,4.516059698069565,2.145982901476969,2.719200808628887,5.666702066370339,4.100731381355311,0.7891961839181146,2.0839586574070204,4.199985977763307,2.857229861504258,2.247868304553202,4.846993055869425,2.7419073629161077,1.2710841892813536,2.1562620221351616,4.037330918709194,2.1160844555210376,2.5312869226187,3.9918493238991433,2.39635917142087,0.835971788347043,1.5770038900882255,6.630826030706495,7.729340401753508,27.026903586201637,51.7139141981507,36.66636033046589,0.2859869010558671,1.9134235645311883,2995,3.143447615849563,0.1480880843561502,0.9679465776293824,0.8884808013355593,0.0764607679465776,0.01669449081803,6,4,1866.1086617679832,2.7596992927654296,0.0919899764255143,0.0622036220589327,0.422212363206152,1.2745673157115367,3.173144538598048,2.0,1.0,0.06666666666666667,2.0,0.0,0.0,0.0,0.0,0.0,0.0,0.0,1.0,53.0,8.0,0.06127167630057803,31.0,14.0,0.0,8.0,22.0,0.41509433962264153,0.0,0.1509433962264151,12.0,19.0,11.0,633.0,0.7317919075144509,12.653846153846153,1.0,4.0,0.06666666666666667
subject_26_task_4,26,4,,4,169,840.0,870.0,0.5483472274882684,22.0,0.6590909090909091,eye,中,5.333333333333333,7,93.14285714285714,1.6761634196950517,91.0,96.0,2.9460580912863845,4.736615947946566,2.2324747577320383,2.5592693120654997,5.9234140071935935,4.316831899262978,0.8723094311361408,2.314494211010957,4.575631267457941,2.7244435560459994,2.094221577142622,5.338503320260468,2.9722844527496464,1.3009337625884172,2.549158779819459,4.475063025323912,2.1273061035495964,2.2927558712793163,4.138680120505244,2.624339643206063,0.9278380355264768,1.805111556947376,6.779390842454238,7.891465952514202,25.903335478601388,50.06786433318624,34.976030865612564,0.3046505713147753,1.9328732538922275,2994,3.1575509446693655,0.1566783598327375,0.9676018704074816,0.8891115564462257,0.0764863059452237,0.0183700734802939,6,4,2150.9686038744153,3.1809651048128,0.1060321701604266,0.0716989534624805,0.4222123632061521,1.2745673157115367,3.1731445385980477,6.0,2.0,0.2,6.0,0.0,0.0,0.0,0.0,0.0,0.0,0.0,2.0,57.0,8.0,0.06551724137931035,35.0,14.0,0.0,8.0,22.0,0.38596491228070173,0.0,0.14035087719298245,13.0,4.0,12.0,652.0,0.7494252873563219,12.107142857142858,1.0,8.0,0.13333333333333333
subject_26_task_4,26,4,,4,170,845.0,875.0,0.5514986483359021,22.0,0.6628787878787878,eye,中,5.333333333333333,6,93.5,1.51657508881031,92.0,96.0,-0.5187319884727006,4.646508149925054,2.1351038226894903,2.692124778973691,5.449548943665725,4.176089825418408,0.7930924448098755,2.024255705466682,4.306572325698926,2.6145682567394246,1.8899493057997896,4.963520333931701,2.779459838965662,1.383406554194844,2.626271677605255,4.515495683653322,2.179341788478532,2.5247040400860197,4.047371107275267,2.447039416470785,0.8632068368711762,1.6031071535566477,6.340236123976141,8.003749484480707,25.392456747238185,45.220005456100154,33.55895633934674,0.3152018555806435,1.7808440477512486,2994,3.1571211505922165,0.1629238066288908,0.9659318637274548,0.8947895791583166,0.0718102872411489,0.0207080828323313,6,4,2150.9686038744153,3.1809651048128,0.1060321701604266,0.0716989534624805,0.4222123632061521,1.2745673157115367,3.1731445385980477,10.0,2.0,0.3333333333333333,10.0,0.0,0.0,0.0,0.0,0.0,0.0,0.0,3.0,61.0,8.0,0.06971428571428571,39.0,14.0,0.0,8.0,22.0,0.36065573770491804,0.0,0.13114754098360656,14.0,3.0,13.0,658.0,0.752,11.4,1.0,12.0,0.2
subject_26_task_4,26,4,,4,171,850.0,880.0,0.5546500691835358,22.0,0.6666666666666666,eye,中,5.333333333333333,6,93.16666666666669,1.602081978759722,92.0,96.0,-3.3119383825418063,4.70587548308951,2.3388221235295386,2.5694732865326357,5.700840088633748,4.103653245524211,0.9102340685104578,2.218680427040641,4.107644109881486,2.69198242945525,2.0558979278070844,5.073601362862133,2.8524527574956853,1.3093949816500097,2.4678274608087527,4.329613110391845,2.2958157976355924,2.3600386428226807,3.9855313877574137,2.5334402009181844,0.9727873755870896,1.6887568345027573,6.471217417546196,7.445360754526661,25.028178889272898,45.49323371425695,31.03684850868832,0.2974791249281724,1.8176805398236704,2994,3.1820292616536237,0.1633089671409313,0.9482297929191716,0.8724114896459586,0.0808283233132932,0.0357381429525718,6,4,2150.9686038744153,3.1809651048128,0.1060321701604266,0.0716989534624805,0.4222123632061521,1.2745673157115367,3.1731445385980477,10.0,2.0,0.3333333333333333,10.0,0.0,0.0,0.0,0.0,0.0,0.0,0.0,3.0,63.0,8.0,0.0715909090909091,41.0,14.0,0.0,8.0,22.0,0.3492063492063492,0.0,0.12698412698412698,15.0,4.0,13.0,658.0,0.7477272727272727,11.096774193548388,1.0,14.0,0.23333333333333334
subject_26_task_4,26,4,,4,172,855.0,885.0,0.5578014900311695,22.0,0.6704545454545454,eye,中,5.333333333333333,6,93.66666666666669,2.250925735484551,92.0,97.0,4.4578313253012505,4.794233867334492,2.393330080494351,2.544881780786987,5.778827503075775,4.436781674727415,0.9404484320502426,2.2707646173209324,4.129250651105158,2.9040811223308576,2.1826145872948626,4.975384459317319,2.9894635828100857,1.3305515042535212,2.2795524634900484,4.631737121260429,2.3070382516098413,2.3520265130721874,3.833442522173964,2.4117549379357177,0.9808725534290076,1.629846645379337,6.40127074569624,8.377943789026657,24.74676843570046,42.63833944483551,30.772550024659296,0.3385469828432376,1.7229861569854152,2994,3.2193576046274246,0.1837432069082668,0.9425517702070808,0.8583834335337341,0.0885103540414161,0.0360721442885771,6,4,2150.9686038744153,3.1809651048128,0.1060321701604266,0.0716989534624805,0.4222123632061521,1.2745673157115367,3.1731445385980477,10.0,2.0,0.3333333333333333,10.0,0.0,0.0,0.0,0.0,0.0,0.0,0.0,3.0,63.0,8.0,0.0711864406779661,41.0,14.0,0.0,8.0,22.0,0.3492063492063492,0.0,0.12698412698412698,15.0,9.0,13.0,658.0,0.7435028248587571,11.096774193548388,1.0,14.0,0.23333333333333334
subject_26_task_4,26,4,,4,173,860.0,890.0,0.5609529108788033,22.0,0.6742424242424242,eye,中,5.333333333333333,5,94.0,2.345207879911715,92.0,97.0,2.0547945205475746,4.737520325293297,2.3387650200666936,2.7769606644630738,5.587729494100909,3.8298084494643,0.842203150370837,2.01217452072959,4.391528207341529,2.773429625726566,2.511062472059502,4.836924662120272,2.6502800577276147,1.1044845186395849,1.9262462467344208,4.546764507517017,2.2280838185734275,2.452677461975631,3.775585771966684,2.1644794084741905,0.9084291975263256,1.5393731261041763,6.91171031972469,7.881239207172736,28.17929583165675,41.50516686679148,29.363978953340112,0.2796819073924095,1.4728958138181858,2994,3.2221510717931268,0.1766684530862918,0.9505678022712092,0.863059452237809,0.0868403473613894,0.0344021376085504,6,4,2150.9686038744153,3.1809651048128,0.1060321701604266,0.0716989534624805,0.4222123632061521,1.2745673157115367,3.1731445385980477,10.0,2.0,0.3333333333333333,10.0,0.0,0.0,0.0,0.0,0.0,0.0,0.0,3.0,63.0,8.0,0.07078651685393259,41.0,14.0,0.0,8.0,22.0,0.3492063492063492,0.0,0.12698412698412698,15.0,14.0,13.0,658.0,0.7393258426966293,11.096774193548388,1.0,12.0,0.2
subject_26_task_4,26,4,,4,174,865.0,895.0,0.5641043317264369,22.0,0.678030303030303,eye,中,5.333333333333333,6,93.33333333333331,1.8618986725025255,92.0,97.0,3.505311077389856,5.027360988280523,2.4418735522366557,2.859431811620068,6.030023591654987,4.3262859075885975,0.8539715975437665,2.1088188104889825,4.501556226729322,2.7740352575508997,2.777142825690083,5.558363256182635,2.961760824513002,0.998881019690296,2.0014682733508513,5.370745566477484,2.374643781695954,2.6009659046016615,3.9433861051527574,2.3026105641447954,0.912985355745996,1.5161237208746448,7.992475906290398,8.18936487683214,29.129775490520743,42.87608258201004,30.600627644169695,0.2811338137328617,1.471898834097178,2995,3.2320827399118346,0.1677567290845336,0.9542570951585976,0.8651085141903172,0.0898163606010016,0.0307178631051752,6,4,2150.9686038744153,3.1809651048128,0.1060321701604266,0.0716989534624805,0.4222123632061521,1.2745673157115367,3.1731445385980477,10.0,2.0,0.3333333333333333,10.0,0.0,0.0,0.0,0.0,0.0,0.0,0.0,3.0,63.0,8.0,0.07039106145251396,41.0,14.0,0.0,8.0,22.0,0.3492063492063492,0.0,0.12698412698412698,15.0,19.0,13.0,658.0,0.735195530726257,11.096774193548388,1.0,12.0,0.2
subject_26_task_4,26,4,,4,175,870.0,900.0,0.5672557525740707,22.0,0.6818181818181818,eye,中,5.333333333333333,6,93.66666666666669,1.751190071541826,92.0,97.0,1.5130434782609672,5.068390238495094,2.4038155323009995,2.9437080585687734,6.192079209996637,4.417198612253388,0.8165944055844081,2.103496368117162,4.841701006420686,2.8616337757770265,2.8015284761096932,5.36133030443565,2.853810111058005,1.0214544667954966,1.9137161553612307,4.94246609896523,2.315070499468459,2.613624265897773,3.85963963577061,2.2312824101320112,0.8857702041089822,1.4767385221091962,8.145522041723845,7.528531655522663,29.91826132923296,43.3906654852096,31.81690179650524,0.2516366700817128,1.450307055203533,2995,3.2083501012829174,0.1650931557207804,0.9562604340567612,0.8564273789649416,0.1001669449081803,0.0273789649415692,6,4,2150.9686038744153,3.1809651048128,0.1060321701604266,0.0716989534624805,0.4222123632061521,1.2745673157115367,3.1731445385980477,6.0,2.0,0.2,6.0,0.0,0.0,0.0,0.0,0.0,0.0,0.0,2.0,63.0,8.0,0.07,41.0,14.0,0.0,8.0,22.0,0.3492063492063492,0.0,0.12698412698412698,15.0,24.0,13.0,658.0,0.7311111111111112,11.096774193548388,1.0,12.0,0.2
subject_26_task_4,26,4,,4,176,875.0,905.0,0.5704071734217044,22.0,0.6856060606060606,eye,中,5.333333333333333,7,93.71428571428572,1.6035674514745462,92.0,97.0,1.4292589027912763,8.842585476448937,2.931467456580217,6.377047130415087,6.649679923590884,4.652123219228774,0.4596904173090854,1.0427521998191742,11.591537270301862,3.955713036326866,8.936319134916006,6.343382930285574,3.3290849970453245,0.4426557485924037,0.709842926882579,5.686426909804341,2.526113713282151,2.8988369841940003,4.072009482053695,2.4221186852113794,0.8714231697249157,1.4047045433242555,8.935224464485193,7.962870094942975,30.639793565248016,43.22070216997866,31.71489218261634,0.2598865451879071,1.4106068331674415,2995,3.2248947725729806,0.1584212704797138,0.9375626043405676,0.8333889816360601,0.1085141903171953,0.0440734557595993,6,4,2150.9686038744153,3.1809651048128,0.1060321701604266,0.0716989534624805,0.4222123632061521,1.2745673157115367,3.1731445385980477,2.0,1.0,0.06666666666666667,2.0,0.0,0.0,0.0,0.0,0.0,0.0,0.0,1.0,63.0,8.0,0.06961325966850829,41.0,14.0,0.0,8.0,22.0,0.3492063492063492,0.0,0.12698412698412698,15.0,29.0,13.0,658.0,0.7270718232044199,11.096774193548388,1.0,12.0,0.2
subject_26_task_4,26,4,,4,177,880.0,910.0,0.5735585942693382,22.0,0.6893939393939394,eye,中,5.333333333333333,5,94.2,1.6431676725154982,93.0,97.0,-8.410596026490465,10.82526963523436,2.7952445543973883,8.238334899440021,6.663621949774017,4.873071552153442,0.3392972716595179,0.8088554339089757,14.304356839353296,3.675178484963392,11.764129309984217,6.086292018161113,3.3119443333445804,0.3124054817932228,0.517360176668211,5.806560451464401,2.328470049083851,3.085806598062057,3.9725357295926935,2.424571072190478,0.754574201295108,1.2873573256624438,8.759535874174583,6.792595284209547,27.344023328369666,39.02861714917348,33.238045769767865,0.2484124301182178,1.4273180168289628,2995,3.2357494894486045,0.1717555448468643,0.9392320534223706,0.8300500834724541,0.1081803005008347,0.0437395659432387,6,4,2150.9686038744153,3.1809651048128,0.1060321701604266,0.0716989534624805,0.4222123632061521,1.2745673157115367,3.1731445385980477,0.0,0.0,0.0,0.0,0.0,0.0,0.0,0.0,0.0,0.0,0.0,0.0,63.0,8.0,0.06923076923076923,41.0,14.0,0.0,8.0,22.0,0.3492063492063492,0.0,0.12698412698412698,15.0,34.0,13.0,658.0,0.7230769230769231,11.096774193548388,1.0,10.0,0.16666666666666666
subject_26_task_4,26,4,,4,178,885.0,915.0,0.5767100151169718,22.0,0.6931818181818182,eye,中,5.333333333333333,5,93.4,0.5477225575051661,93.0,94.0,0.3271028037381004,18.75696995430659,4.583316240648012,8.594498682458982,12.960116580872802,8.431673634899475,0.5332848848999618,1.5079549208988614,20.010287565802138,5.488791589375114,12.4465742191286,11.299150658703626,7.441838471092658,0.4409881380002241,0.9078120983152498,6.577425662771666,2.756294837099982,3.2885891620875256,5.118847558106996,3.733875579380528,0.8381390016350796,1.5565482052667416,10.084703455176738,7.536658864166605,24.842696687545224,39.3748980176081,32.57919871517379,0.3033752317213242,1.5849687541106814,2995,3.241724137931034,0.1636404505967973,0.917863105175292,0.8046744574290484,0.1138564273789649,0.067779632721202,6,4,2150.9686038744153,3.1809651048128,0.1060321701604266,0.0716989534624805,0.4222123632061521,1.2745673157115367,3.1731445385980477,0.0,0.0,0.0,0.0,0.0,0.0,0.0,0.0,0.0,0.0,0.0,0.0,63.0,8.0,0.06885245901639345,41.0,14.0,0.0,8.0,22.0,0.3492063492063492,0.0,0.12698412698412698,15.0,39.0,13.0,658.0,0.7191256830601093,11.096774193548388,1.0,10.0,0.16666666666666666
subject_26_task_4,26,4,,4,179,890.0,920.0,0.5798614359646056,22.0,0.696969696969697,eye,中,5.333333333333333,6,93.5,0.5477225575051661,93.0,94.0,1.1920529801324662,20.958983559208164,5.079147139784949,8.562742616204751,16.70012880837173,10.332614614925667,0.5931682601521625,1.950324744874055,20.588339617831647,5.444531241846062,12.136276667181376,13.559379946286851,9.6030536627511,0.4486162759101422,1.117260286505646,6.850963684120406,2.7643575908238285,2.9539255830342217,5.690565582652573,4.515295431918284,0.9358250616402894,1.9264417544355743,10.013511320536564,7.292762463754701,20.912158827206003,37.31798534857484,33.50909743582918,0.3487331233476989,1.7845113771814614,2995,3.275589940621726,0.184634235841637,0.9015025041736228,0.7752921535893156,0.127212020033389,0.0841402337228714,6,4,2150.9686038744153,3.1809651048128,0.1060321701604266,0.0716989534624805,0.4222123632061521,1.2745673157115367,3.1731445385980477,0.0,0.0,0.0,0.0,0.0,0.0,0.0,0.0,0.0,0.0,0.0,0.0,63.0,8.0,0.06847826086956521,41.0,14.0,0.0,8.0,22.0,0.3492063492063492,0.0,0.12698412698412698,15.0,44.0,13.0,658.0,0.7152173913043478,11.096774193548388,1.0,10.0,0.16666666666666666
subject_26_task_4,26,4,,4,180,895.0,925.0,0.5830128568122394,22.0,0.7007575757575758,eye,中,5.333333333333333,6,92.83333333333331,1.4719601443879746,91.0,94.0,-6.733787385253114,18.14355690012719,4.51236404222206,8.44617345117851,12.909125025050772,8.341097156229546,0.5342495117232576,1.528399233057372,19.24043764319707,5.387292833027647,12.016688875284345,10.66669430079088,7.52884135442953,0.4483175764089316,0.8876566924129906,5.669919180701152,2.594875256922213,3.0922827088214566,4.980907435525471,3.591634446246527,0.8391455443319354,1.6107542241581834,10.087172479722192,8.191980327926407,22.038679936827524,38.25258582878656,32.10436156172736,0.3717092108696255,1.7357022261966308,2994,3.3113774973711885,0.1943142096556484,0.9004676018704075,0.7752171008684035,0.1259185036740147,0.085504342017368,6,4,2150.9686038744153,3.1809651048128,0.1060321701604266,0.0716989534624805,0.4222123632061521,1.2745673157115367,3.1731445385980477,0.0,0.0,0.0,0.0,0.0,0.0,0.0,0.0,0.0,0.0,0.0,0.0,63.0,8.0,0.0681081081081081,41.0,14.0,0.0,8.0,22.0,0.3492063492063492,0.0,0.12698412698412698,15.0,49.0,13.0,658.0,0.7113513513513513,11.096774193548388,1.0,10.0,0.16666666666666666
subject_26_task_4,26,4,,4,181,900.0,930.0,0.5861642776598731,22.0,0.7045454545454546,eye,中,5.333333333333333,6,92.83333333333331,1.4719601443879744,91.0,94.0,-3.648648648648692,19.771852753804875,4.913104489403638,8.486525610924666,16.299263532969697,9.965735288689864,0.578930025625448,1.9206050014139744,18.70084648129285,5.1724395446831695,11.89503737787072,12.904915484049605,9.607626773397152,0.4348401253707591,1.0848991116293287,6.257491239973945,2.647271058117338,3.0092147213309604,5.586228075433715,4.465666140495202,0.8797215563754996,1.85637403533735,11.635813851264748,7.668025998101361,20.87608054613664,37.072720066007925,32.266849151159775,0.3673115737005727,1.775846763192752,2994,3.328359971959341,0.1868966527360142,0.8944555778223113,0.7722110888443554,0.1275885103540414,0.0868403473613894,6,4,2150.9686038744153,3.1809651048128,0.1060321701604266,0.0716989534624805,0.4222123632061521,1.2745673157115367,3.1731445385980477,0.0,0.0,0.0,0.0,0.0,0.0,0.0,0.0,0.0,0.0,0.0,0.0,63.0,8.0,0.06774193548387097,41.0,14.0,0.0,8.0,22.0,0.3492063492063492,0.0,0.12698412698412698,15.0,54.0,13.0,658.0,0.7075268817204301,11.096774193548388,1.0,6.0,0.1
subject_26_task_4,26,4,,4,182,905.0,935.0,0.5893156985075068,22.0,0.7083333333333334,eye,中,5.333333333333333,5,92.6,1.51657508881031,91.0,94.0,-2.068965517241299,13.474205595137,3.845691849166227,3.1138808710636545,12.241134861321653,7.971621930234418,1.2350157274490072,3.9311506663838,11.471778609794228,4.274257232289423,2.7375265801224806,9.69439089965815,7.245247968802925,1.5613573447378863,3.5412956243239138,5.253156520658528,2.431552931109816,2.407531952170767,4.930727703597599,3.636260838588808,1.0099774289256638,2.0480424773394077,13.717426809445952,8.627558413877745,21.087240177657105,38.55020164534488,31.17997323323924,0.4091364418099167,1.8281293009689612,2994,3.321642807505212,0.1815190209184748,0.9141616566466266,0.8012692050768203,0.1179024716098864,0.0688042752171008,6,4,2027.933199732798,2.9990139008175074,0.0999671300272502,0.0675977733244266,0.422212363206152,1.2745673157115367,3.173144538598048,0.0,0.0,0.0,0.0,0.0,0.0,0.0,0.0,0.0,0.0,0.0,0.0,63.0,8.0,0.06737967914438503,41.0,14.0,0.0,8.0,22.0,0.3492063492063492,0.0,0.12698412698412698,15.0,59.0,13.0,658.0,0.7037433155080214,11.096774193548388,1.0,2.0,0.03333333333333333
subject_26_task_4,26,4,,4,183,910.0,940.0,0.5924671193551405,22.0,0.7121212121212122,eye,中,5.333333333333333,6,93.0,1.6733200530681511,91.0,95.0,4.04981920449988,13.928654782308676,4.241630743974593,3.0571980144334976,15.210854234604792,8.870266366286682,1.3874242767230671,4.975423300287398,10.444719029409802,4.273674311120269,2.57740632728309,11.641313613112947,8.387118344744287,1.658129828378771,4.516677673164695,5.5525953567920014,2.4658743833507217,2.5982623180145614,5.492414260572908,4.204127061587364,0.9490475100431728,2.1138798120929865,11.670638934855594,7.920361493112047,19.91038255924021,35.59556154646089,28.289589157506708,0.3978005680978885,1.7877889307526813,2994,3.334485871812543,0.1760880558691221,0.9268537074148296,0.822311289245157,0.1102204408817635,0.0557782231128924,12,5,1669.5048031709846,2.4691160086151713,0.082303866953839,0.0556501601056994,0.422195578258064,1.2746186798089854,3.1731557464794578,0.0,0.0,0.0,0.0,0.0,0.0,0.0,0.0,0.0,0.0,0.0,0.0,63.0,8.0,0.06702127659574468,41.0,14.0,0.0,8.0,22.0,0.3492063492063492,0.0,0.12698412698412698,15.0,64.0,13.0,658.0,0.7,11.096774193548388,1.0,0.0,0.0
subject_26_task_4,26,4,,4,184,915.0,945.0,0.5956185402027743,22.0,0.7159090909090909,eye,中,5.333333333333333,7,94.28571428571428,2.690370836538197,91.0,98.0,12.423312883435605,5.689075253896036,2.236637098359119,2.767754416279998,7.507762212626024,6.914908466735927,0.8081053308787679,2.712582506766202,5.49403426970288,2.990381482813593,2.5614692532190335,6.814854122254995,6.415214808705265,1.1674477369016003,2.660525444016427,4.832846928363515,2.1731613339172027,2.533316150952785,4.318687483681736,3.07825443055716,0.8578326606017462,1.704756621891614,12.762365117424231,8.747922171839386,19.808074522343624,38.66727053830626,28.24992952961516,0.4416341508596244,1.9520963784081768,2995,3.3002860082304526,0.1802248561900545,0.9382303839732888,0.8417362270450751,0.1025041736227045,0.0434056761268781,12,5,1377.3807864476094,2.201913757611086,0.0733971252537028,0.0459126928815869,0.4018472076286895,1.299068067224835,3.1867430464634,0.0,0.0,0.0,0.0,0.0,0.0,0.0,0.0,0.0,0.0,0.0,0.0,63.0,8.0,0.06666666666666667,41.0,14.0,0.0,8.0,22.0,0.3492063492063492,0.0,0.12698412698412698,15.0,69.0,13.0,658.0,0.6962962962962963,11.096774193548388,1.0,0.0,0.0
subject_26_task_4,26,4,,4,185,920.0,950.0,0.5987699610504079,22.0,0.7196969696969697,eye,中,5.333333333333333,6,94.33333333333331,2.943920288775949,91.0,98.0,18.47244094488193,5.898889063164523,2.059939243987391,2.6701663952308037,8.991235066631594,9.039582134566782,0.7714647475403248,3.3672939194691685,5.099673573026707,2.7137504337927623,2.628369835947734,9.182660630781792,9.776710432258758,1.0324842404890262,3.493671440446554,4.869953946470703,2.126665198452769,2.3667669056241105,4.718542132675792,3.7445394034298465,0.8985528711759524,1.993665756210802,11.146196068378025,7.818655202286294,19.863049403163114,35.39242547089356,25.91353421540973,0.3936281405533434,1.7818223552954289,2995,3.2392814087368778,0.1824047948847035,0.9475792988313856,0.8671118530884808,0.0914858096828046,0.0303839732888146,12,5,1085.256769724234,1.934711506607,0.0644903835535666,0.0361752256574744,0.3705442907060183,1.3154860495199718,3.2076450700380423,0.0,0.0,0.0,0.0,0.0,0.0,0.0,0.0,0.0,0.0,0.0,0.0,63.0,8.0,0.06631578947368422,41.0,14.0,0.0,8.0,22.0,0.3492063492063492,0.0,0.12698412698412698,15.0,74.0,13.0,658.0,0.6926315789473684,11.096774193548388,1.0,0.0,0.0
subject_26_task_4,26,4,,4,186,925.0,955.0,0.6019213818980417,22.0,0.7234848484848485,eye,中,5.333333333333333,6,95.5,1.6431676725154984,94.0,98.0,0.4943114947037957,5.76061302388662,2.0125233276645447,2.596299901438098,8.14525927320228,8.157532761196236,0.7751505619785304,3.1372567047014086,5.26860629757358,2.510341374514062,2.403743882607568,9.095659581752136,9.673486652579385,1.0443464433452276,3.783955373766865,4.744872425253388,2.07933284876455,2.355648807972542,4.597706129078108,3.656689159401091,0.8827006987319933,1.951779107954236,11.17332299415298,8.18697559457871,18.990546824274453,34.50409669570504,24.303825769336623,0.4311079438804679,1.816909066125498,2995,3.207005064145848,0.1701676596648875,0.9482470784641068,0.8691151919866444,0.0914858096828046,0.028380634390651,12,5,793.1327530008585,1.6675092556029147,0.0555836418534304,0.0264377584333619,0.4249367010170129,1.3075721855181064,3.243944221170889,0.0,0.0,0.0,0.0,0.0,0.0,0.0,0.0,0.0,0.0,0.0,0.0,63.0,8.0,0.06596858638743455,41.0,14.0,0.0,8.0,22.0,0.3492063492063492,0.0,0.12698412698412698,15.0,79.0,13.0,658.0,0.6890052356020943,11.096774193548388,1.0,0.0,0.0
subject_26_task_4,26,4,,4,187,930.0,960.0,0.6050728027456754,22.0,0.7272727272727273,eye,中,5.333333333333333,6,95.66666666666669,1.505545305418162,94.0,98.0,-5.412667946257047,5.587553829292528,1.9381743767182904,2.411880553988452,8.177254178769026,8.461983873006595,0.8035946778181828,3.390405949103306,4.577543904364104,2.3495307911407184,2.287636253740269,9.198621108682742,10.279583976726354,1.027056109684943,4.02101561978792,4.865436605842158,2.0596606498539383,2.2751492521787178,4.343093990838934,3.5940849013529768,0.9052859489906324,1.90892706783079,7.784131315235022,8.661754808108217,17.374771464992183,32.72125277752973,23.1861239756758,0.4985248194809631,1.883262340656315,2995,3.175686865267434,0.1699373177305609,0.9535893155258764,0.8791318864774624,0.0831385642737896,0.0287145242070116,12,5,501.0087362774835,1.4003070045988293,0.0466769001532943,0.0167002912092494,0.6007421015442805,1.1585022202389523,3.322573387989143,0.0,0.0,0.0,0.0,0.0,0.0,0.0,0.0,0.0,0.0,0.0,0.0,63.0,8.0,0.065625,41.0,14.0,0.0,8.0,22.0,0.3492063492063492,0.0,0.12698412698412698,15.0,84.0,13.0,658.0,0.6854166666666667,11.096774193548388,1.0,0.0,0.0
subject_26_task_4,26,4,,4,188,935.0,965.0,0.6082242235933092,22.0,0.7310606060606061,eye,中,5.333333333333333,7,96.28571428571428,2.138089935299395,94.0,100.0,3.1332357247438054,5.35906957406108,2.020728323593121,2.3012889836141337,7.849091349503055,8.113855976914378,0.8780854286364344,3.4107369415101427,4.571790084812798,2.3565171636314552,2.2254475337291937,8.895482990996344,9.807046040558255,1.0588958525940295,3.997165898622709,4.971990943007995,2.1383811373095183,2.1288180494522675,4.117284310559601,3.463925686310073,1.004492205362366,1.934070556954811,7.3599040043197475,8.50884040211666,15.889538641531914,30.75614184488712,24.05250993141585,0.5354995254472864,1.935622080586848,2995,3.1522630331753554,0.1755189804654503,0.9542570951585976,0.8808013355592654,0.082804674457429,0.0257095158597662,6,2,331.9201236957253,1.315055957590037,0.0438351985863345,0.0110640041231908,0.8969889064976228,0.3316490942250801,3.4550701109350235,0.0,0.0,0.0,0.0,0.0,0.0,0.0,0.0,0.0,0.0,0.0,0.0,63.0,8.0,0.06528497409326425,41.0,14.0,0.0,8.0,22.0,0.3492063492063492,0.0,0.12698412698412698,15.0,89.0,13.0,658.0,0.6818652849740933,11.096774193548388,1.0,0.0,0.0
subject_26_task_4,26,4,,4,189,940.0,970.0,0.6113756444409428,22.0,0.7348484848484849,eye,中,5.333333333333333,6,96.5,2.258317958127243,94.0,100.0,1.7387652246954657,5.355291229162604,1.9832440501165656,2.1470712271672676,8.682002307667602,8.806240217849847,0.9236973720397498,4.043648947371987,4.310140877869621,2.1090195365209294,2.2818794422717694,9.062117503885196,10.2814606037681,0.9242466965832578,3.971339298654283,4.564735198854191,2.032822645862444,1.891228887171292,4.120040534310434,3.5462541173631363,1.074868652679546,2.1784991558968687,7.2473000903916285,7.495747774422473,16.54479746972959,31.580595500702895,23.046059886081945,0.4530576930987952,1.9087931150854427,2995,3.1120247122545703,0.1428909738520949,0.9575959933222036,0.882804674457429,0.0838063439065108,0.0240400667779632,6,2,398.2245035341636,1.5777515987882866,0.0525917199596095,0.0132741501178054,0.8969889064976228,0.3316490942250801,3.4550701109350235,0.0,0.0,0.0,0.0,0.0,0.0,0.0,0.0,0.0,0.0,0.0,0.0,63.0,8.0,0.06494845360824743,41.0,14.0,0.0,8.0,22.0,0.3492063492063492,0.0,0.12698412698412698,15.0,94.0,13.0,658.0,0.6783505154639176,11.096774193548388,1.0,0.0,0.0
subject_26_task_4,26,4,,4,190,945.0,975.0,0.6145270652885766,22.0,0.7386363636363636,eye,中,5.333333333333333,6,96.33333333333331,2.1602468994692865,94.0,100.0,8.669724770642445,4.120637620482764,1.927540417756104,1.753439570560622,4.877651683558465,3.853080168894864,1.0992910449373612,2.781762066655624,3.491056124230495,1.8376024908393525,1.5790971448646711,4.454241521360192,3.6345810734207937,1.163704523699101,2.8207520581274443,4.212217160517068,2.062417715703625,1.7985394708723343,2.900357356052269,1.9209242334786285,1.1467180726944537,1.6126181287784176,6.633873133687846,7.222254529030747,14.481764719589526,25.637700339016476,21.850553718274636,0.4987137043637494,1.7703436587625458,2994,3.0891433848220284,0.1478235834211815,0.9759519038076152,0.905811623246493,0.0771543086172344,0.0100200400801603,6,2,398.2245035341636,1.5777515987882866,0.0525917199596095,0.0132741501178054,0.8969889064976228,0.3316490942250801,3.4550701109350235,0.0,0.0,0.0,0.0,0.0,0.0,0.0,0.0,0.0,0.0,0.0,0.0,63.0,8.0,0.06461538461538462,41.0,14.0,0.0,8.0,22.0,0.3492063492063492,0.0,0.12698412698412698,15.0,99.0,13.0,658.0,0.6748717948717948,11.096774193548388,1.0,0.0,0.0
subject_26_task_4,26,4,,4,191,950.0,980.0,0.6176784861362103,22.0,0.7424242424242424,eye,中,5.333333333333333,7,96.28571428571428,1.9760470401187071,94.0,100.0,5.3487358326067325,4.301031108087658,2.0609548290262456,1.9156092299922336,4.857582762024872,3.56362641819246,1.0758743467918044,2.535790017071784,4.036774295792255,2.222986454909909,1.7778781677407225,4.016444498752846,2.8660034965555568,1.250359273906163,2.259122459362236,4.340750078556116,2.0931657496954017,1.816159772669718,2.7767304857909005,1.722637601271693,1.1525229119123646,1.5289020974785512,7.338367062356021,7.336061723062777,14.98891830205873,25.022795182959,22.853751639186793,0.4894323643124512,1.669419679172053,2994,3.078393168117884,0.1495942389325837,0.9896459585838344,0.9198396793587176,0.0708082832331329,0.0040080160320641,6,2,398.2245035341636,1.5777515987882866,0.0525917199596095,0.0132741501178054,0.8969889064976228,0.3316490942250801,3.4550701109350235,0.0,0.0,0.0,0.0,0.0,0.0,0.0,0.0,0.0,0.0,0.0,0.0,63.0,8.0,0.06428571428571428,41.0,14.0,0.0,8.0,22.0,0.3492063492063492,0.0,0.12698412698412698,15.0,104.0,13.0,658.0,0.6714285714285714,11.096774193548388,1.0,0.0,0.0
subject_26_task_4,26,4,,4,192,955.0,985.0,0.620829906983844,22.0,0.7462121212121212,eye,中,5.333333333333333,6,97.16666666666669,1.7224014243685082,95.0,100.0,1.1553273427471602,4.260982693874501,1.994270434507995,1.9250358611827056,4.703984511728217,3.34753329616719,1.035965342111992,2.4435827958229193,3.433323311133727,2.1352478825627528,1.6510802231788142,3.199722638955805,1.9820538525372824,1.293242964567629,1.9379570986535104,4.180344687317193,2.0638991039686942,1.988606244932024,2.8329800423671543,1.5611315958421812,1.0378621254099722,1.4246058261091268,7.727539218474443,7.339179121762894,14.919570248200989,24.39313913026901,23.196749228869184,0.4919162549368911,1.634975989553744,2994,3.092844810211623,0.1594145879594256,0.9839679358717436,0.9108216432865732,0.0761523046092184,0.0070140280561122,6,2,398.2245035341636,1.5777515987882866,0.0525917199596095,0.0132741501178054,0.8969889064976228,0.3316490942250801,3.4550701109350235,0.0,0.0,0.0,0.0,0.0,0.0,0.0,0.0,0.0,0.0,0.0,0.0,63.0,8.0,0.06395939086294417,41.0,14.0,0.0,8.0,22.0,0.3492063492063492,0.0,0.12698412698412698,15.0,109.0,13.0,658.0,0.6680203045685279,11.096774193548388,1.0,0.0,0.0
subject_26_task_4,26,4,,4,193,960.0,990.0,0.6239813278314778,22.0,0.75,eye,中,5.333333333333333,5,97.6,1.51657508881031,96.0,100.0,-7.425742574257256,4.478196175582384,1.9894419642129777,2.025749198327878,4.88003332859147,3.257744624295572,0.9820771326752248,2.4090017326032336,3.8121475839411065,2.1238589553949323,1.8280380388566144,3.4549992628622395,1.8990564645237995,1.1618242674661985,1.890004031329262,4.169733479410949,2.0362811580838622,2.2410568233790173,2.8846257802504907,1.485369940762559,0.9086254024623978,1.2871720833482097,8.419858040021914,6.372390136912202,14.85199265481043,23.855608791478986,21.784410502598615,0.4290596073549929,1.6062227706362595,2994,3.098938342318059,0.1652881171895695,0.9722778891115564,0.8944555778223113,0.0818303273213092,0.0150300601202404,6,2,398.2245035341636,1.5777515987882866,0.0525917199596095,0.0132741501178054,0.8969889064976228,0.3316490942250801,3.4550701109350235,0.0,0.0,0.0,0.0,0.0,0.0,0.0,0.0,0.0,0.0,0.0,0.0,63.0,8.0,0.06363636363636363,41.0,14.0,0.0,8.0,22.0,0.3492063492063492,0.0,0.12698412698412698,15.0,114.0,13.0,658.0,0.6646464646464646,11.096774193548388,1.0,0.0,0.0
subject_26_task_4,26,4,,4,194,965.0,995.0,0.6271327486791115,22.0,0.7537878787878788,eye,中,5.333333333333333,6,95.16666666666669,2.9268868558020253,91.0,98.0,-16.176961602671113,4.519126102330549,1.8343699256780897,2.0590955240908544,4.563578309153879,3.01230448002868,0.8908619848940775,2.2163023792540275,3.5780454022047947,1.9227504117695056,1.7107173167077248,3.1333195144181896,1.6214767383162718,1.123943969579871,1.831582274766624,4.047472290182021,1.9505914306252592,2.319430764326188,2.926016676022565,1.379937496499644,0.8409785110321759,1.2615236121836106,8.372054910633727,5.922829647344879,14.932292738127174,24.91090341058753,21.190121794570413,0.3966456960907215,1.6682571020712444,2994,3.1157150170648467,0.1682191877616457,0.9488977955911824,0.8650634602538411,0.0871743486973948,0.0384101536406145,6,2,398.2245035341636,1.5777515987882866,0.0525917199596095,0.0132741501178054,0.8969889064976228,0.3316490942250801,3.4550701109350235,0.0,0.0,0.0,0.0,0.0,0.0,0.0,0.0,0.0,0.0,0.0,0.0,63.0,8.0,0.06331658291457286,41.0,14.0,0.0,8.0,22.0,0.3492063492063492,0.0,0.12698412698412698,15.0,119.0,13.0,658.0,0.6613065326633166,11.096774193548388,1.0,0.0,0.0
subject_26_task_4,26,4,,4,195,970.0,1000.0,0.6302841695267453,22.0,0.7575757575757576,eye,中,5.333333333333333,6,95.16666666666669,2.9268868558020253,91.0,98.0,-16.176961602671113,4.4679353353145705,1.839135401741525,2.0466190276898297,4.4370572702088165,2.778338562275124,0.8986212758011407,2.16799375466437,3.592545535102825,2.117434005684282,1.6884281819682605,3.2549764558106915,1.5749308515324536,1.2540859174809051,1.9278145736801495,3.9730641210565234,1.9654485289675017,2.4508464060059207,2.898341443056985,1.3552982351938916,0.8019468393250073,1.182587956533896,7.549170802551203,5.820241016654157,14.08431245270314,25.59812227262056,20.545403965778828,0.4132428214866182,1.8174917915647084,2995,3.1266117404737384,0.1607604181575175,0.9419031719532556,0.867779632721202,0.0801335559265442,0.0444073455759599,6,2,398.2245035341636,1.5777515987882866,0.0525917199596095,0.0132741501178054,0.8969889064976228,0.3316490942250801,3.4550701109350235,0.0,0.0,0.0,0.0,0.0,0.0,0.0,0.0,0.0,0.0,0.0,0.0,63.0,8.0,0.063,41.0,14.0,0.0,8.0,22.0,0.3492063492063492,0.0,0.12698412698412698,15.0,124.0,13.0,658.0,0.658,11.096774193548388,1.0,0.0,0.0
subject_26_task_4,26,4,,4,196,975.0,1005.0,0.6334355903743789,22.0,0.7613636363636364,eye,中,5.333333333333333,6,91.83333333333331,4.535048695071164,87.0,98.0,-25.1514185527573,4.505339987746433,1.7015124167021547,2.0179297056313117,4.381497303961272,2.673915042993113,0.8431970707175028,2.171283415737475,3.5909401623662425,1.9499389526744464,1.647758979552212,3.0895062645630755,1.3995432631179618,1.1833884547874554,1.8749746188017535,3.84602090264044,1.801631594847505,2.385774420867477,3.0672236775395767,1.336101220173639,0.7551558852711753,1.2856302132807351,7.855783672895089,6.095035111898317,13.970391787908415,27.078312023192563,20.189984992483208,0.4362823322659899,1.9382643260319476,2995,3.1498345348438033,0.1513870170475704,0.9378964941569282,0.8651085141903172,0.0814691151919866,0.0444073455759599,6,2,398.2245035341636,1.5777515987882866,0.0525917199596095,0.0132741501178054,0.8969889064976228,0.3316490942250801,3.4550701109350235,0.0,0.0,0.0,0.0,0.0,0.0,0.0,0.0,0.0,0.0,0.0,0.0,63.0,8.0,0.0626865671641791,41.0,14.0,0.0,8.0,22.0,0.3492063492063492,0.0,0.12698412698412698,15.0,129.0,13.0,658.0,0.6547263681592039,11.096774193548388,1.0,0.0,0.0
subject_26_task_4,26,4,,4,197,980.0,1010.0,0.6365870112220127,22.0,0.7651515151515151,eye,中,5.333333333333333,5,91.0,4.527692569068709,87.0,98.0,-30.695770804911213,4.056974086011959,1.5693894436249678,1.8962883840354257,4.037619209179812,2.483399013317777,0.82761116760374,2.1292221389805146,3.304263088117178,1.7281411279167889,1.564521736233002,2.7972937896658157,1.1651425616917577,1.1045810920324723,1.7879545709611149,3.5992392239458537,1.777965576527392,2.5377004442227937,2.9442670725641045,1.2215627968193263,0.7006207452794606,1.1602106463222956,7.121909713399148,5.0042304067710015,13.012640118870763,25.507238880195093,17.969086905136006,0.3845668796690943,1.960189373346676,2995,3.1612694816340543,0.1456665070273388,0.9278797996661102,0.8434056761268781,0.0954924874791318,0.0497495826377295,6,2,398.2245035341636,1.5777515987882866,0.0525917199596095,0.0132741501178054,0.8969889064976228,0.3316490942250801,3.4550701109350235,4.0,1.0,0.13333333333333333,4.0,0.0,0.0,0.0,0.0,0.0,0.0,0.0,1.0,67.0,8.0,0.06633663366336634,45.0,14.0,0.0,8.0,22.0,0.3283582089552239,0.0,0.11940298507462686,16.0,4.0,14.0,787.0,0.7792079207920792,12.393939393939394,1.0,4.0,0.06666666666666667
subject_26_task_4,26,4,,4,198,985.0,1015.0,0.6397384320696464,22.0,0.7689393939393939,eye,中,5.333333333333333,6,88.83333333333333,2.1369760566432805,87.0,92.0,-10.267753201396872,4.526428431476656,1.8034411624639557,1.936999451714078,4.4311585567000655,2.7910106154977568,0.9310488760686356,2.2876405838829075,3.979132772089567,2.0721656850909613,1.756109390345215,3.168949637856184,1.3319191636171444,1.179975288830735,1.8045286103921088,3.6352266958194743,1.9449740744096655,2.4291352511138493,2.9537563446455324,1.2407807155384851,0.8006857887051874,1.2159703101303745,7.698149163323691,6.120564818291719,12.565118119879344,26.60378599779544,18.31439471404732,0.48710762285699,2.117273052587181,2995,3.1299591486440095,0.1294500547257733,0.9278797996661102,0.8437395659432387,0.0914858096828046,0.0527545909849749,6,2,398.2245035341636,1.5777515987882866,0.0525917199596095,0.0132741501178054,0.8969889064976228,0.3316490942250801,3.4550701109350235,4.0,1.0,0.13333333333333333,4.0,0.0,0.0,0.0,0.0,0.0,0.0,0.0,1.0,67.0,8.0,0.06600985221674877,45.0,14.0,0.0,8.0,22.0,0.3283582089552239,0.0,0.11940298507462686,16.0,9.0,14.0,787.0,0.7753694581280788,12.393939393939394,1.0,4.0,0.06666666666666667
subject_26_task_4,26,4,,4,199,990.0,1020.0,0.6428898529172802,22.0,0.7727272727272727,eye,中,5.333333333333333,6,88.83333333333333,2.1369760566432805,87.0,92.0,-10.267753201396872,4.439212016864206,1.9918029351928328,2.0048810736228093,4.96262399519037,3.3301612547378827,0.9934768507708318,2.475271007582976,4.076232276318614,2.2562453866551953,1.9455113229695729,3.84774090579694,1.732065652227772,1.1597184555119049,1.9777530258337737,3.765726953098659,1.910849823242137,2.31209313594661,2.955947115095347,1.2936619907726787,0.8264588452488107,1.2784723370951632,6.85601332758939,5.984526915910677,12.808420364579543,24.512146410796372,18.265637416092577,0.4672337997634986,1.913752493522336,2995,3.1457296551724143,0.1341142007813083,0.9215358931552587,0.8330550918196995,0.0991652754590984,0.0580968280467445,6,2,398.2245035341636,1.5777515987882866,0.0525917199596095,0.0132741501178054,0.8969889064976228,0.3316490942250801,3.4550701109350235,4.0,1.0,0.13333333333333333,4.0,0.0,0.0,0.0,0.0,0.0,0.0,0.0,1.0,67.0,8.0,0.06568627450980392,45.0,14.0,0.0,8.0,22.0,0.3283582089552239,0.0,0.11940298507462686,16.0,14.0,14.0,787.0,0.7715686274509804,12.393939393939394,1.0,4.0,0.06666666666666667
subject_26_task_4,26,4,,4,200,995.0,1025.0,0.6460412737649138,22.0,0.7765151515151515,eye,中,5.333333333333333,5,88.0,1.224744871391589,87.0,90.0,9.409594095940784,4.703481054609328,1.962128333015598,2.059883781755883,5.229725628763583,3.4764489085980776,0.952543221318556,2.538844994597544,4.395773292304285,2.2232772914693637,1.9194065051914355,3.7265613401087143,1.786005499449103,1.158314971558159,1.941517510766714,3.5896799521453686,1.943255437232878,2.2579419039268274,3.0134117259228876,1.4637699799331627,0.8606312827860307,1.3345833746573412,7.484713944366842,6.364274531455457,15.18136198139682,27.614293838777783,20.74449177568078,0.4192163087379257,1.8189602403668543,2995,3.15235357019662,0.150100935203554,0.9282136894824708,0.8373956594323874,0.1008347245409015,0.0517529215358931,6,2,398.2245035341636,1.5777515987882866,0.0525917199596095,0.0132741501178054,0.8969889064976228,0.3316490942250801,3.4550701109350235,4.0,1.0,0.13333333333333333,4.0,0.0,0.0,0.0,0.0,0.0,0.0,0.0,1.0,67.0,8.0,0.06536585365853659,45.0,14.0,0.0,8.0,22.0,0.3283582089552239,0.0,0.11940298507462686,16.0,19.0,14.0,787.0,0.7678048780487805,12.393939393939394,1.0,4.0,0.06666666666666667
subject_26_task_4,26,4,,4,201,1000.0,1030.0,0.6491926946125476,22.0,0.7803030303030303,eye,中,5.333333333333333,6,88.83333333333333,2.3166067138525404,87.0,93.0,14.099646920360708,4.86266299932255,2.199853488535523,2.286739548437299,5.848708046291865,4.14557357516194,0.9620043918157836,2.557662524483266,4.698702624963752,2.4103595352934195,2.1376652795776105,4.560308930921116,2.195998883851018,1.127566396068187,2.1333129066035097,4.420442010739974,2.12551390069632,2.360968329831024,3.284856829383582,1.664813156060163,0.9002720933780778,1.391317616538584,7.061299390020898,6.888575519983173,17.41108116752825,30.539265035537696,23.820208699189095,0.3956431799784151,1.7540131334574198,2994,3.188298696844993,0.1784487153939345,0.934869739478958,0.8353373413493654,0.105878423513694,0.0457581830327321,6,2,398.2245035341636,1.5777515987882866,0.0525917199596095,0.0132741501178054,0.8969889064976228,0.3316490942250801,3.4550701109350235,4.0,1.0,0.13333333333333333,4.0,0.0,0.0,0.0,0.0,0.0,0.0,0.0,1.0,67.0,8.0,0.06504854368932039,45.0,14.0,0.0,8.0,22.0,0.3283582089552239,0.0,0.11940298507462686,16.0,24.0,14.0,787.0,0.7640776699029126,12.393939393939394,1.0,4.0,0.06666666666666667
subject_26_task_4,26,4,,4,202,1005.0,1035.0,0.6523441154601813,22.0,0.7840909090909091,eye,中,5.333333333333333,6,92.33333333333331,4.4121045620731465,88.0,98.0,28.15748031496067,5.3156496885259905,2.280011230260921,2.2964266595893044,6.0286720203344695,4.1921571735916,0.9928517511065128,2.62524039039533,5.284189351690061,2.4623195135897284,2.2171625295757367,4.605922643605598,2.327241738534604,1.1105724008699098,2.0773951310132235,5.382805421981448,2.1303225793010494,2.3759203027606706,3.3370862274555213,1.7400579951625184,0.8966304874897311,1.4045446825712278,8.704535528035299,6.726025963166634,19.398256832873216,34.00849769533802,23.424354926803165,0.3467335246210571,1.7531728746732331,2994,3.246509945130315,0.1998476887541468,0.938877755511022,0.8273213092852372,0.1135604542418169,0.0457581830327321,6,2,398.2245035341636,1.5777515987882866,0.0525917199596095,0.0132741501178054,0.8969889064976228,0.3316490942250801,3.4550701109350235,4.0,1.0,0.13333333333333333,4.0,0.0,0.0,0.0,0.0,0.0,0.0,0.0,1.0,67.0,8.0,0.0647342995169082,45.0,14.0,0.0,8.0,22.0,0.3283582089552239,0.0,0.11940298507462686,16.0,29.0,14.0,787.0,0.7603864734299517,12.393939393939394,1.0,4.0,0.06666666666666667
subject_26_task_4,26,4,,4,203,1010.0,1040.0,0.655495536307815,22.0,0.7878787878787878,eye,中,5.333333333333333,6,92.33333333333331,4.4121045620731465,88.0,98.0,28.15748031496067,5.132560273620417,2.37845423390326,2.4924921887300133,6.270605461442798,4.607241739237988,0.9542474173670896,2.5157974375188825,5.1255283234414515,2.5765673543488528,2.311673935994397,4.918754997594465,2.6732389926013007,1.1145894385146098,2.1277892703663666,5.49534941836855,2.1767128642681617,2.334330532782488,3.28475512269903,1.9831411381885815,0.9324784274117136,1.4071508197185982,8.095321256431385,7.104316182490923,20.199759425438828,35.33043278976426,28.421471531613232,0.3517030095687184,1.749052156793037,2994,3.303291152263375,0.1878722767952819,0.9488977955911824,0.8423513694054776,0.1055444221776887,0.0404141616566466,6,2,332.7431210030294,1.3183166442275331,0.0439438881409177,0.0110914373667676,0.8969889064976228,0.3316490942250801,3.455070110935024,0.0,0.0,0.0,0.0,0.0,0.0,0.0,0.0,0.0,0.0,0.0,0.0,67.0,8.0,0.06442307692307692,45.0,14.0,0.0,8.0,22.0,0.3283582089552239,0.0,0.11940298507462686,16.0,34.0,14.0,787.0,0.7567307692307692,12.393939393939394,1.0,4.0,0.06666666666666667
subject_26_task_4,26,4,,4,204,1015.0,1045.0,0.6586469571554487,22.0,0.7916666666666666,eye,中,5.333333333333333,6,95.33333333333331,3.204163957519444,90.0,98.0,17.032258064516046,4.605731348096102,2.34313085106374,2.3154048571766324,6.109644579330055,4.345454475130733,1.011974577059891,2.638693859690723,4.621398982406114,2.441657103876499,2.09599034369729,4.404295970069352,2.518596346465349,1.1649181071938806,2.1012959259632136,5.281110246656947,2.1304914354745734,2.185260963940155,3.335652082242215,2.0822085857231705,0.9749368476491572,1.5264319169587128,7.300317920916935,7.0098390877057986,21.89639034105187,37.908359314976025,28.65747210213138,0.3201367430212269,1.7312606655492682,2994,3.3248462066598004,0.1693635114312445,0.9505678022712092,0.8453573814295258,0.1052104208416833,0.0390781563126252,12,4,834.5205135786979,1.7324301649892302,0.0577476721663076,0.0278173504526232,0.4417830363211667,1.1635507934060234,3.3329853876229985,0.0,0.0,0.0,0.0,0.0,0.0,0.0,0.0,0.0,0.0,0.0,0.0,67.0,8.0,0.06411483253588517,45.0,14.0,0.0,8.0,22.0,0.3283582089552239,0.0,0.11940298507462686,16.0,39.0,14.0,787.0,0.75311004784689,12.393939393939394,1.0,4.0,0.06666666666666667
subject_26_task_4,26,4,,4,205,1020.0,1050.0,0.6617983780030825,22.0,0.7954545454545454,eye,中,5.333333333333333,7,94.85714285714286,3.1847852585154217,90.0,98.0,6.074551311550838,4.6217906854831625,2.4524944707054637,2.5863103514550785,5.809562183312273,4.295439693362521,0.9482599291789058,2.246274187490209,4.431594406766011,2.3272435257975896,2.0796163899011892,4.250899566527968,2.596228039880787,1.1190734681159953,2.044078699884619,5.285552066764486,2.1650422303667405,2.216206663251539,3.5261764631414607,2.269735816901312,0.976913510038034,1.5910864819655317,7.273855491208974,7.267688538208762,26.581522881011153,42.3215110628828,33.14465145618641,0.2734112929022786,1.592140196493998,2995,3.3414383514986374,0.1614252711762235,0.96661101836394,0.857762938230384,0.1018363939899833,0.0257095158597662,12,4,1413.3327554546868,2.2383474686203693,0.0746115822873456,0.0471110918484895,0.4220175212185778,1.2184399633289884,3.30112295632989,0.0,0.0,0.0,0.0,0.0,0.0,0.0,0.0,0.0,0.0,0.0,0.0,67.0,8.0,0.06380952380952382,45.0,14.0,0.0,8.0,22.0,0.3283582089552239,0.0,0.11940298507462686,16.0,44.0,14.0,787.0,0.7495238095238095,12.393939393939394,1.0,4.0,0.06666666666666667
subject_26_task_4,26,4,,4,206,1025.0,1055.0,0.6649497988507163,22.0,0.7992424242424242,eye,中,5.333333333333333,7,94.85714285714286,3.184785258515422,90.0,98.0,-10.189243027888672,4.3474193298114905,2.2623664492242925,2.3792865861549823,5.335052210113275,3.630975608291759,0.9508591618970806,2.2422907106516003,4.311553425834432,2.209333947127488,1.9203688476447427,3.930595556253241,2.1556833682618426,1.1504737487473564,2.0467919801312977,5.168917015205634,2.074015365682681,2.2061700616497792,3.44478797230071,2.0451187438027234,0.9400976840977198,1.561433559534703,6.9271382261380365,6.815670012716697,25.341092686424943,39.63996094124883,29.008275521163032,0.268957226787928,1.5642561838891698,2995,3.3571220168067226,0.1553258724974081,0.9849749582637728,0.8938230383973289,0.0868113522537562,0.0086811352253756,12,4,1992.1449973306756,2.744264772251507,0.0914754924083835,0.0664048332443558,0.4496756472346459,1.2226154072739437,3.2877756083395484,0.0,0.0,0.0,0.0,0.0,0.0,0.0,0.0,0.0,0.0,0.0,0.0,67.0,8.0,0.06350710900473934,45.0,14.0,0.0,8.0,22.0,0.3283582089552239,0.0,0.11940298507462686,16.0,49.0,14.0,787.0,0.7459715639810427,12.393939393939394,1.0,4.0,0.06666666666666667
subject_26_task_4,26,4,,4,207,1030.0,1060.0,0.6681012196983499,22.0,0.803030303030303,eye,中,5.333333333333333,6,95.16666666666669,3.371448748930742,90.0,98.0,-21.207617278216524,4.052189175112077,2.4106996391326643,2.5941004581300255,5.6922062885515405,4.223720518754073,0.9293008031271206,2.1942890726193407,4.005402276775027,2.367705039359071,1.9441286345682731,4.280887343172075,2.6568175139926997,1.2178746803371168,2.2019568391999527,4.2243333994142915,2.122483504471125,2.150828114715301,3.2840710849322696,2.142232648563928,0.9868215362956012,1.5268868127879074,7.577981450646639,6.945853744836493,26.69962410594458,39.72248346002647,31.990997197225408,0.2601479974877257,1.487754408167207,2995,3.3223768067226898,0.1640945429668343,0.9826377295492488,0.8988313856427379,0.082804674457429,0.0103505843071786,12,4,2570.957239206665,3.2501820758826465,0.1083394025294215,0.0856985746402221,0.4648801535005941,1.2196472938655882,3.280438168484258,0.0,0.0,0.0,0.0,0.0,0.0,0.0,0.0,0.0,0.0,0.0,0.0,67.0,8.0,0.06320754716981132,45.0,14.0,0.0,8.0,22.0,0.3283582089552239,0.0,0.11940298507462686,16.0,54.0,14.0,787.0,0.7424528301886792,12.393939393939394,1.0,4.0,0.06666666666666667
subject_26_task_4,26,4,,4,208,1035.0,1065.0,0.6712526405459837,22.0,0.8068181818181818,eye,中,5.333333333333333,6,94.33333333333331,2.875181153713043,90.0,98.0,-5.19480519480526,3.6698970535961433,2.0500221945921586,2.2782824000439534,5.455848896245619,3.787970172619046,0.899810398637416,2.3947202050721907,3.656380760282421,2.0699013797117334,1.6543287230072403,3.85484376605875,2.1533474549610783,1.2512031925245573,2.33015585865632,3.664653844170873,1.930875541915292,2.0568776285797608,3.2391549623331635,1.9334762026574783,0.938741087503844,1.5747922566349974,6.69700991737794,6.507664227923589,23.769330205212043,36.78357528671076,29.571923805135366,0.2737840810716919,1.547522583477973,2995,3.27074487394958,0.1603841003236501,0.9816360601001668,0.9075125208681136,0.072787979966611,0.0103505843071786,12,4,3149.7694810826533,3.756099379513785,0.1252033126504595,0.1049923160360884,0.4744965972678314,1.2156945764095082,3.2757974339198017,0.0,0.0,0.0,0.0,0.0,0.0,0.0,0.0,0.0,0.0,0.0,0.0,67.0,8.0,0.06291079812206572,45.0,14.0,0.0,8.0,22.0,0.3283582089552239,0.0,0.11940298507462686,16.0,59.0,14.0,787.0,0.7389671361502348,12.393939393939394,1.0,4.0,0.06666666666666667
subject_26_task_4,26,4,,4,209,1040.0,1070.0,0.6744040613936174,22.0,0.8106060606060606,eye,中,5.333333333333333,7,94.42857142857144,2.6367367999823097,90.0,98.0,-2.716981132075603,3.973599157818971,2.105968780711517,2.4883193597941133,5.572977763907203,3.871870389084217,0.8463418380853523,2.2396553488891064,3.990205366570502,2.204608975518038,1.7291471464670316,4.107454230528456,2.238733498052977,1.274968981108671,2.375422033295863,3.966452333145676,2.0058480485044083,2.0696826865566873,3.3629691276943374,1.9892020618350217,0.9691572826757904,1.624871846074762,7.533988857364728,6.212253261807054,27.108886428970383,40.50211572374986,31.531386770481262,0.2291592935063618,1.4940530969382264,2995,3.2320067226890754,0.1530098430157337,0.9792988313856428,0.917195325542571,0.0617696160267111,0.011686143572621,6,4,3794.0631054897767,4.5214516377056775,0.1507150545901892,0.1264687701829925,0.4746015194398927,1.2156422096593835,3.2757468002383434,0.0,0.0,0.0,0.0,0.0,0.0,0.0,0.0,0.0,0.0,0.0,0.0,67.0,8.0,0.06261682242990654,45.0,14.0,0.0,8.0,22.0,0.3283582089552239,0.0,0.11940298507462686,16.0,64.0,14.0,787.0,0.7355140186915888,12.393939393939394,1.0,0.0,0.0
subject_26_task_4,26,4,,4,210,1045.0,1075.0,0.6775554822412511,22.0,0.8143939393939394,eye,中,5.333333333333333,5,93.4,2.302172886644267,90.0,95.0,14.736842105263078,3.874895480518746,1.8537371584704272,2.4205883842871163,5.603980122649258,3.815198489197957,0.7658208931777422,2.3151313783981813,3.928877352697425,2.052261915957387,1.6571686687028613,3.998478446575591,2.1123317008447566,1.2384146253282609,2.4128373424446745,4.099648271972574,1.9347428303408467,2.127979023928603,3.539496319444498,1.9545600412054869,0.9091926229465316,1.663313538171067,6.787101265001706,6.127496634473008,27.3732765765929,39.58925146500138,29.978762702924055,0.2238495861950512,1.4462737536818833,2995,3.223306662202879,0.154148799357666,0.9826377295492488,0.9135225375626044,0.0641068447412353,0.008347245409015,6,4,3871.097954790097,4.613255420575119,0.1537751806858373,0.1290365984930032,0.4746015194398927,1.2156422096593835,3.275746800238344,0.0,0.0,0.0,0.0,0.0,0.0,0.0,0.0,0.0,0.0,0.0,0.0,67.0,8.0,0.062325581395348835,45.0,14.0,0.0,8.0,22.0,0.3283582089552239,0.0,0.11940298507462686,16.0,69.0,14.0,787.0,0.7320930232558139,12.393939393939394,1.0,0.0,0.0
subject_26_task_4,26,4,,4,211,1050.0,1080.0,0.6807069030888848,22.0,0.8181818181818182,eye,中,5.333333333333333,6,94.5,2.258317958127243,90.0,96.0,12.079646017699362,4.00427172320472,1.9193108714548184,2.5716800624954663,6.270914285836292,4.154351818786302,0.7463256800273934,2.438450403411077,4.4912297916321045,2.276645910275963,2.3019284635792685,5.067692771148409,2.393821667639762,0.9890167945254068,2.2014988090762184,4.51429953731181,1.983796805030692,2.189558534928868,3.616553642393092,2.04405545240422,0.9060259286902964,1.6517273161233768,7.903435980425294,6.174544062754147,28.45682009679838,43.64970756911388,31.75250167545954,0.2169794109725152,1.5338926633627914,2994,3.205391449565798,0.1490851903879792,0.9829659318637276,0.9275217100868404,0.0537742150968603,0.0080160320641282,6,4,3871.097954790097,4.613255420575119,0.1537751806858373,0.1290365984930032,0.4746015194398927,1.2156422096593835,3.275746800238344,0.0,0.0,0.0,0.0,0.0,0.0,0.0,0.0,0.0,0.0,0.0,0.0,67.0,8.0,0.062037037037037036,45.0,14.0,0.0,8.0,22.0,0.3283582089552239,0.0,0.11940298507462686,16.0,74.0,14.0,787.0,0.7287037037037037,12.393939393939394,1.0,0.0,0.0
subject_26_task_4,26,4,,4,212,1055.0,1085.0,0.6838583239365186,22.0,0.821969696969697,eye,中,5.333333333333333,5,95.4,0.5477225575051661,95.0,96.0,4.2619926199262625,4.2193614527804835,1.8596675720729965,2.6046558457512283,6.416399696198105,4.469258353156318,0.7139782306006096,2.4634347400116896,4.547424957666471,2.360317154534293,2.054074071963974,4.962409874163984,2.546148896833119,1.1490905740694684,2.4158865261461804,4.639000587187374,2.0321886469446184,2.219941729678226,3.7779805113909384,2.103064271361659,0.9154243193757966,1.7018376928022096,7.219592918070827,6.347838123778011,28.85071627151884,43.622844359534405,32.95768550755193,0.2200235884626732,1.5120194572984822,2994,3.186723112892452,0.1443812396135711,0.9832999331997327,0.9251837007348028,0.0541082164328657,0.0096860387441549,6,4,3871.097954790097,4.613255420575119,0.1537751806858373,0.1290365984930032,0.4746015194398927,1.2156422096593835,3.275746800238344,0.0,0.0,0.0,0.0,0.0,0.0,0.0,0.0,0.0,0.0,0.0,0.0,67.0,8.0,0.06175115207373272,45.0,14.0,0.0,8.0,22.0,0.3283582089552239,0.0,0.11940298507462686,16.0,79.0,14.0,787.0,0.7253456221198157,12.393939393939394,1.0,0.0,0.0
subject_26_task_4,26,4,,4,213,1060.0,1090.0,0.6870097447841523,22.0,0.8257575757575758,eye,中,5.333333333333333,6,96.33333333333331,2.3380903889000244,95.0,101.0,12.388489208633084,4.048090892684874,1.8979182523382176,2.605886036763074,6.510727869250131,4.51996472397689,0.7283197444412168,2.4984699167188036,4.5896071524459146,2.317921585917001,2.3151216708026223,5.097335696377445,2.4450563928865203,1.0012094030087877,2.201757151973039,4.418178313453169,2.076280649802677,2.309981564532448,3.831625787976036,2.1838298239363243,0.8988299654343462,1.658725700155783,7.624061816073708,6.359986293833081,29.454798965624377,46.90660490479657,34.56882640950039,0.2159236021693982,1.5924944848389413,2994,3.1993573814295257,0.1476592930472409,0.982631930527722,0.9188376753507014,0.0597862391449565,0.0100200400801603,6,4,3871.097954790097,4.613255420575119,0.1537751806858373,0.1290365984930032,0.4746015194398927,1.2156422096593835,3.275746800238344,0.0,0.0,0.0,0.0,0.0,0.0,0.0,0.0,0.0,0.0,0.0,0.0,67.0,8.0,0.061467889908256884,45.0,14.0,0.0,8.0,22.0,0.3283582089552239,0.0,0.11940298507462686,16.0,84.0,14.0,787.0,0.7220183486238532,12.393939393939394,1.0,0.0,0.0
subject_26_task_4,26,4,,4,214,1065.0,1095.0,0.690161165631786,22.0,0.8295454545454546,eye,中,5.333333333333333,6,96.66666666666669,2.1602468994692865,95.0,101.0,4.877697841726685,4.081986384600239,1.830594092104202,2.4826892819582143,5.8830783722679865,4.268562737698655,0.7373432130259676,2.369639412801478,4.3337760682512325,2.284328178495189,2.0496175767163467,4.398205309281847,2.346939061562361,1.1145143388918766,2.1458663114746157,4.4551103844411495,2.1072990951554793,2.1958927043198404,3.6270926474603353,2.1247662849941973,0.9596548551802752,1.6517622378930383,6.955514956695976,6.541255191247051,29.290541422331597,42.2703299631814,34.82600082995508,0.223323123220245,1.4431392494149595,2994,3.2301773547094195,0.1637854883967796,0.982631930527722,0.9188376753507014,0.0614562458249833,0.0100200400801603,6,4,3564.1198869752543,4.247424265723526,0.1415808088574509,0.1188039962325084,0.4746015194398927,1.2156422096593835,3.2757468002383434,0.0,0.0,0.0,0.0,0.0,0.0,0.0,0.0,0.0,0.0,0.0,0.0,67.0,8.0,0.06118721461187215,45.0,14.0,0.0,8.0,22.0,0.3283582089552239,0.0,0.11940298507462686,16.0,89.0,14.0,787.0,0.7187214611872146,12.393939393939394,1.0,0.0,0.0
subject_26_task_4,26,4,,4,215,1070.0,1100.0,0.6933125864794197,22.0,0.8333333333333334,eye,中,5.333333333333333,6,96.16666666666669,2.857738033247041,92.0,101.0,-7.749667110519276,4.8792998114533965,2.4717758142031756,2.689285162727125,6.337019846330939,4.817492450097895,0.919120013177264,2.356395645266846,5.747657807990744,3.0606352345610133,2.558446923547852,4.968339366552475,2.515155908761188,1.196286390149836,1.941935680128464,4.502975590867704,2.2542854087291215,2.3786904781194504,4.096086723706399,2.384249875131359,0.947700186075205,1.7219923152610803,9.051625991283744,7.39073558435025,29.860375040141975,49.32557429096168,37.87566197972965,0.2475098043616236,1.6518739039497057,2994,3.2285327321309283,0.1654518535235066,0.9849699398797596,0.9151636606546426,0.0671342685370741,0.0086840347361389,6,4,2918.9368945102387,3.4785483622943403,0.115951612076478,0.0972978964836746,0.4746015194398926,1.2156422096593835,3.2757468002383434,0.0,0.0,0.0,0.0,0.0,0.0,0.0,0.0,0.0,0.0,0.0,0.0,67.0,8.0,0.060909090909090906,45.0,14.0,0.0,8.0,22.0,0.3283582089552239,0.0,0.11940298507462686,16.0,94.0,14.0,787.0,0.7154545454545455,12.393939393939394,1.0,0.0,0.0
subject_26_task_4,26,4,,4,216,1075.0,1105.0,0.6964640073270535,22.0,0.8371212121212122,eye,中,5.333333333333333,6,96.16666666666669,2.857738033247041,92.0,101.0,-7.749667110519276,4.913673986527135,2.4688014538107836,2.7102983292995577,6.901720768102183,5.289458307510917,0.9108965707287338,2.546480102758963,5.46307354750109,3.1946824562306393,2.403104125656841,5.210541566708778,3.010639693310772,1.329398265402851,2.1682545966603004,4.386665339990957,2.3111869967233005,2.342284421760853,4.055635953877307,2.378871131232252,0.9867234633212586,1.7314873958937964,8.413645637805887,7.179280563030095,29.040007720720343,47.81907515867925,36.70253675719737,0.2472203393357779,1.6466619299332983,2995,3.251982602877216,0.1794423992922844,0.9846410684474124,0.912186978297162,0.0707846410684474,0.008347245409015,12,4,2273.753902045222,2.7096724588651537,0.0903224152955051,0.0757917967348407,0.4746015194398928,1.2156422096593835,3.2757468002383443,0.0,0.0,0.0,0.0,0.0,0.0,0.0,0.0,0.0,0.0,0.0,0.0,67.0,8.0,0.06063348416289593,45.0,14.0,0.0,8.0,22.0,0.3283582089552239,0.0,0.11940298507462686,16.0,99.0,14.0,787.0,0.7122171945701358,12.393939393939394,1.0,0.0,0.0
subject_26_task_4,26,4,,4,217,1080.0,1110.0,0.6996154281746872,22.0,0.8409090909090909,eye,中,5.333333333333333,5,95.2,3.96232255123179,91.0,101.0,-28.223684210526343,4.867766949978727,2.4465319293150043,2.5962436817959293,6.137124676058351,4.768924574916598,0.9423352462903778,2.363847707782594,5.4198722632384415,3.077664138482892,2.0051488648203546,4.48210093178803,2.5549015595599363,1.5348806228203042,2.23529584781706,4.209068965762576,2.2677591065401725,2.3608887312432483,4.014938539150438,2.3218211067410905,0.9605531495531204,1.7006047282186671,8.920877047035692,7.9597781563616605,27.16799613272596,46.979808789776406,34.98391730972116,0.2929836310884,1.729233490768411,2995,3.269852585627938,0.1799848632133333,0.9823038397328882,0.9051752921535892,0.074457429048414,0.0120200333889816,12,4,1628.570909580206,1.9407965554359672,0.0646932185145322,0.0542856969860068,0.4746015194398927,1.2156422096593835,3.2757468002383434,0.0,0.0,0.0,0.0,0.0,0.0,0.0,0.0,0.0,0.0,0.0,0.0,67.0,8.0,0.06036036036036036,45.0,14.0,0.0,8.0,22.0,0.3283582089552239,0.0,0.11940298507462686,16.0,104.0,14.0,787.0,0.709009009009009,12.393939393939394,1.0,0.0,0.0
subject_26_task_4,26,4,,4,218,1085.0,1115.0,0.7027668490223209,22.0,0.8446969696969697,eye,中,5.333333333333333,7,95.28571428571428,3.251373336211726,91.0,101.0,-9.667386609071364,4.995358297228685,2.547112331232193,2.7052891992710606,6.4583057424387125,4.918267540949979,0.9415305143415024,2.3872884807209895,4.918977533591717,3.156692799280678,2.3706658098970497,4.795041926058845,2.7602642574253786,1.331563810513538,2.022656211618068,4.386909169471747,2.2655820152144623,2.317064052085003,3.864511375302784,2.185281557231353,0.9777813492793974,1.6678483151233197,8.801677067441753,7.939647681888199,28.214035801447935,44.94756177074458,31.509898373405388,0.2814077269116082,1.5930922497956808,2995,3.262753525856279,0.166075743358481,0.9829716193656094,0.8938230383973289,0.079465776293823,0.011686143572621,15,6,1200.7460241565516,1.5591956756884944,0.0519731891896164,0.040024867471885,0.3886895232399707,1.541344590347933,3.2604301733973764,0.0,0.0,0.0,0.0,0.0,0.0,0.0,0.0,0.0,0.0,0.0,0.0,67.0,8.0,0.060089686098654706,45.0,14.0,0.0,8.0,22.0,0.3283582089552239,0.0,0.11940298507462686,16.0,109.0,14.0,787.0,0.705829596412556,12.393939393939394,1.0,0.0,0.0
subject_26_task_4,26,4,,4,219,1090.0,1120.0,0.7059182698699547,22.0,0.8484848484848485,eye,中,5.333333333333333,7,94.42857142857144,2.070196678027062,91.0,96.0,-0.7465781833263837,5.1166106226399535,2.5341647662516364,2.7588503429710745,6.491552541345722,4.859889860309662,0.918558258409382,2.3529919112447426,5.332106296474481,3.1269642149700387,2.2575555337878828,4.8316120378972105,2.652263666370541,1.3851106509541329,2.1401963165842472,4.519413673717076,2.1687877442608547,2.471728787699292,3.9625667553386847,2.1379331236060617,0.8774375874302869,1.6031559672155933,9.36879906453604,7.656710403247286,27.328649403026077,44.90704093919109,29.841593716766525,0.2801715624629245,1.6432221101354014,2995,3.244573930616369,0.17483879562308,0.9819699499165276,0.8941569282136895,0.0767946577629382,0.0126878130217028,15,6,998.608500589546,1.5797103627234694,0.0526570120907823,0.0332869500196515,0.5697105763706799,1.3179039672129536,3.2197900346513135,0.0,0.0,0.0,0.0,0.0,0.0,0.0,0.0,0.0,0.0,0.0,0.0,67.0,8.0,0.059821428571428574,45.0,14.0,0.0,8.0,22.0,0.3283582089552239,0.0,0.11940298507462686,16.0,114.0,14.0,787.0,0.7026785714285714,12.393939393939394,1.0,0.0,0.0
subject_26_task_4,26,4,,4,220,1095.0,1125.0,0.7090696907175884,22.0,0.8522727272727273,eye,中,5.333333333333333,5,93.8,2.16794833886788,91.0,96.0,12.8571428571428,4.7944629883912935,2.247257246225386,2.6545403395135017,6.826522273420104,4.844131862550537,0.846571141818565,2.5716400582826338,4.255826737412641,2.687372810678342,2.0395973377857666,4.847518224137385,2.7403288304266176,1.317599685433898,2.376703545514509,4.197530673465076,2.106515438782976,2.3700442201242176,3.842296584351311,2.0526641035668103,0.8888084960172475,1.621191938836454,8.662450141402969,7.89656431801878,27.563261886955548,45.53295397893845,29.544692312659212,0.2864887454324072,1.6519435967223872,2995,3.233227686089593,0.1663260183134108,0.9829716193656094,0.8858096828046744,0.084474123539232,0.0126878130217028,9,2,1103.449044837383,1.9660562046100372,0.0655352068203345,0.0367816348279127,0.8614699331848553,0.4022861306432422,3.19113353674833,0.0,0.0,0.0,0.0,0.0,0.0,0.0,0.0,0.0,0.0,0.0,0.0,67.0,8.0,0.059555555555555556,45.0,14.0,0.0,8.0,22.0,0.3283582089552239,0.0,0.11940298507462686,16.0,119.0,14.0,787.0,0.6995555555555556,12.393939393939394,1.0,0.0,0.0
subject_26_task_4,26,4,,4,221,1100.0,1130.0,0.712221111565222,22.0,0.8560606060606061,eye,中,5.333333333333333,6,94.5,1.760681686165901,91.0,96.0,6.2752293577981835,4.348127429695331,1.9986660746689735,2.5911860926044152,6.213121331112022,4.139880207357529,0.7713325107654091,2.39779047473475,4.180999076731884,2.367520799465487,2.130028944357077,4.444792117068878,2.3860796857843938,1.1114970084033735,2.0867285061285794,4.116462943094588,1.9273352710998937,2.456020983948174,3.5703423631304507,1.8845743140389553,0.7847389267829494,1.4537100401279757,9.03822464078086,7.361927296968044,28.39963389209524,45.17729372773982,28.89092163087692,0.259226133862844,1.5907702859618371,2995,3.229666327913279,0.1731276918144245,0.973288814691152,0.881135225375626,0.0818030050083472,0.0193656093489148,9,2,1546.4945137353943,2.755446795074199,0.0918482265024733,0.0515498171245131,0.8614699331848552,0.4022861306432423,3.19113353674833,0.0,0.0,0.0,0.0,0.0,0.0,0.0,0.0,0.0,0.0,0.0,0.0,67.0,8.0,0.05929203539823009,45.0,14.0,0.0,8.0,22.0,0.3283582089552239,0.0,0.11940298507462686,16.0,124.0,14.0,787.0,0.6964601769911505,12.393939393939394,1.0,0.0,0.0
subject_26_task_4,26,4,,4,222,1105.0,1135.0,0.7153725324128558,22.0,0.8598484848484849,eye,中,5.333333333333333,6,94.5,1.760681686165901,91.0,96.0,6.2752293577981835,4.7962230845874965,2.0785464989020848,2.7742105383523743,6.071920434945578,4.158963511294715,0.74923891686193,2.1887021013739423,4.3994216759338345,2.3495902666112087,2.4646325350972114,4.721627789456977,2.330038803524456,0.9533227502080892,1.9157532501171597,4.177012012474162,1.9805575020134465,2.4886839287976548,3.698508161950552,1.9013213482227136,0.7958252468686544,1.4861301265112414,9.315087794725406,7.952683179650623,29.36033368525736,47.778396546006256,30.28385683305281,0.2708648772491263,1.6273110877481995,2994,3.243914440311126,0.2001177016254587,0.968937875751503,0.8827655310621243,0.0788243152972612,0.0217100868403473,3,2,1989.539982633405,3.5448373855383606,0.118161246184612,0.0663179994211135,0.8614699331848552,0.4022861306432423,3.191133536748329,0.0,0.0,0.0,0.0,0.0,0.0,0.0,0.0,0.0,0.0,0.0,0.0,67.0,8.0,0.059030837004405284,45.0,14.0,0.0,8.0,22.0,0.3283582089552239,0.0,0.11940298507462686,16.0,129.0,14.0,787.0,0.6933920704845815,12.393939393939394,1.0,0.0,0.0
subject_26_task_4,26,4,,4,223,1110.0,1140.0,0.7185239532604896,22.0,0.8636363636363636,eye,中,5.333333333333333,7,95.14285714285714,0.3779644730092272,95.0,96.0,-1.0479797979798855,6.847815740670177,2.156748872816974,2.904515871505455,6.673261569556204,4.5233214740903875,0.7425502108546228,2.2975469457832056,5.621630607318083,2.3001904256638372,3.331571540224992,5.14646624975609,2.76372740055643,0.690422041937751,1.5447563372475357,4.169018015827772,1.9056071400391776,2.7738453229455917,3.862417365489651,2.0920679481744617,0.6869911325897516,1.3924415083780113,8.895920185793798,7.04789216293556,31.38377202557498,49.47920439528672,31.857915609770988,0.2245712260843647,1.576585642891032,2994,3.264990566037736,0.2116232365518617,0.9729458917835672,0.8827655310621243,0.0794923179692718,0.0180360721442885,3,2,2245.000000000002,4.000000000000003,0.1333333333333334,0.0748333333333333,0.8614699331848551,0.4022861306432425,3.1911335367483296,0.0,0.0,0.0,0.0,0.0,0.0,0.0,0.0,0.0,0.0,0.0,0.0,67.0,8.0,0.058771929824561406,45.0,14.0,0.0,8.0,22.0,0.3283582089552239,0.0,0.11940298507462686,16.0,134.0,14.0,787.0,0.6903508771929825,12.393939393939394,1.0,0.0,0.0
subject_26_task_4,26,4,,4,224,1115.0,1145.0,0.7216753741081233,22.0,0.8674242424242424,eye,中,5.333333333333333,6,94.83333333333331,0.408248290463863,94.0,95.0,-1.6666666666665089,6.109429787553695,2.2008743779924393,2.8339725401774087,6.210513592210592,4.088247420209228,0.7766039884968903,2.1914515769520513,4.952323981883612,2.2598420567263555,2.8668218056670636,5.039523810887213,2.5580004747932823,0.7882743365001462,1.757878289095334,4.387208954712934,2.0074151426959004,2.5940807475300156,4.033621632217221,2.152652497437539,0.7738445091222717,1.5549329511264756,8.520161761875174,7.181889609468129,31.24937810963102,49.21041534636099,33.961472599236366,0.2298250411343283,1.574764629674163,2994,3.281706281833616,0.2226666883966494,0.9632598530394122,0.8810955243820975,0.0774883099532398,0.0253841015364061,3,2,2027.6418929586396,3.612724976318289,0.1204241658772762,0.0675880630986213,0.8614699331848552,0.4022861306432423,3.1911335367483296,0.0,0.0,0.0,0.0,0.0,0.0,0.0,0.0,0.0,0.0,0.0,0.0,67.0,8.0,0.05851528384279476,45.0,14.0,0.0,8.0,22.0,0.3283582089552239,0.0,0.11940298507462686,16.0,139.0,14.0,787.0,0.6873362445414847,12.393939393939394,1.0,0.0,0.0
subject_26_task_4,26,4,,4,225,1120.0,1150.0,0.724826794955757,22.0,0.8712121212121212,eye,中,5.333333333333333,5,94.8,0.4472135954999579,94.0,95.0,-2.608695652173792,6.707521712585066,2.1405451276237644,2.7674282333061555,6.24150167317384,4.227440444993235,0.7734780984967135,2.2553436429017433,5.402270706297379,2.17341456719988,3.2508260129417987,5.032015935948979,2.4671257024423237,0.6685730206868478,1.5479191798995455,4.516269817818939,1.958939246697243,2.6025733025330298,4.145824228346389,2.234758694336376,0.752693207446126,1.5929711660037955,8.485982339555541,7.11592339845576,30.93685294111708,50.43222772705383,33.163010943621686,0.2300144559629152,1.6301667083928284,2994,3.252683818551117,0.2509704069603353,0.9629258517034068,0.8800935203740815,0.0794923179692718,0.0263861055444221,6,2,1584.5964240606288,2.823334385854127,0.0941111461951375,0.0528198808020209,0.8614699331848552,0.4022861306432423,3.19113353674833,0.0,0.0,0.0,0.0,0.0,0.0,0.0,0.0,0.0,0.0,0.0,0.0,67.0,8.0,0.058260869565217394,45.0,14.0,0.0,8.0,22.0,0.3283582089552239,0.0,0.11940298507462686,16.0,144.0,14.0,787.0,0.6843478260869565,12.393939393939394,1.0,0.0,0.0
subject_26_task_4,26,4,,4,226,1125.0,1155.0,0.7279782158033907,22.0,0.875,eye,中,5.333333333333333,6,95.5,1.760681686165901,94.0,99.0,6.985074626865764,5.908635715173922,2.1146346690706457,2.672733786085102,5.776005945482755,3.867215696625828,0.7911879140675906,2.161085393372897,4.8098411749183265,2.145248794356436,2.8166896007534468,4.73428729232331,2.2592296107576453,0.7616205895681921,1.6807983709163117,4.6086391730349465,2.005344818718983,2.6188675827277788,3.9780830386172585,2.184387119901984,0.7657297497379542,1.5190088513271598,9.048601792788633,6.944121332041054,29.807485669768244,45.12977059243309,30.098414498769557,0.2329656854983919,1.5140415093180846,2995,3.2662074450084604,0.252143169663974,0.962270450751252,0.8841402337228714,0.074457429048414,0.0263772954924874,6,2,1141.550955162618,2.0339437953899653,0.0677981265129988,0.0380516985054206,0.8614699331848553,0.4022861306432422,3.19113353674833,0.0,0.0,0.0,0.0,0.0,0.0,0.0,0.0,0.0,0.0,0.0,0.0,67.0,8.0,0.05800865800865801,45.0,14.0,0.0,8.0,22.0,0.3283582089552239,0.0,0.11940298507462686,16.0,149.0,14.0,787.0,0.6813852813852814,12.393939393939394,1.0,0.0,0.0
subject_26_task_4,26,4,,4,227,1130.0,1160.0,0.7311296366510245,22.0,0.8787878787878788,eye,中,5.333333333333333,5,94.8,2.863564212655271,91.0,99.0,-5.379310344827738,6.55159318095161,2.0373887698838633,2.5997875640776633,5.731311825906911,3.8416303333261337,0.78367509639453,2.204530825940861,4.971671830147825,2.2576120494343344,3.069467121908165,4.832065073947105,2.3062684506946476,0.7355061838977663,1.5742358142423118,4.653414350589504,1.9557283343380256,2.3760324875199146,3.790065342822122,2.041005435326239,0.8231067313306818,1.595123535864682,8.395726146533933,7.233965096921788,26.2672511361658,43.33650224434655,27.404570134179437,0.275398634574357,1.649830125721801,2995,3.2915265814266483,0.2462867643203545,0.9686143572621037,0.886143572621035,0.0774624373956594,0.0196994991652754,6,2,698.5054862646073,1.2445532049258037,0.0414851068308601,0.0232835162088202,0.8614699331848552,0.4022861306432423,3.1911335367483296,0.0,0.0,0.0,0.0,0.0,0.0,0.0,0.0,0.0,0.0,0.0,0.0,67.0,8.0,0.05775862068965517,45.0,14.0,0.0,8.0,22.0,0.3283582089552239,0.0,0.11940298507462686,16.0,154.0,14.0,787.0,0.678448275862069,12.393939393939394,1.0,0.0,0.0
subject_26_task_4,26,4,,4,228,1135.0,1165.0,0.7342810574986581,22.0,0.8825757575757576,eye,中,5.333333333333333,7,94.0,2.768874620972692,91.0,99.0,-7.596463022508037,6.9894725617130815,1.9751690708355465,2.3303780050236163,5.307552245187521,3.603609156737248,0.8475745422320572,2.2775499226932214,7.954355099597312,2.274077751654796,1.9222306563001064,4.178000057014404,2.0340433906956616,1.183041038390222,2.1735165045469538,7.160830568572196,2.1213230623500414,2.224312252537002,3.474935713636103,1.8976335699955265,0.9536984116913024,1.5622517520517494,11.204785201857923,7.181138532948842,24.95014454589439,37.894155265010056,25.912477135540552,0.2878195162252283,1.5187950192154551,2995,3.233240242261104,0.2397857343691286,0.9729549248747912,0.8971619365609349,0.071118530884808,0.0180300500834724,9,4,756.5371186666292,1.0462296758594982,0.0348743225286499,0.0252179039555543,0.560568154673504,1.059440852462146,3.1818607857007013,0.0,0.0,0.0,0.0,0.0,0.0,0.0,0.0,0.0,0.0,0.0,0.0,67.0,8.0,0.05751072961373391,45.0,14.0,0.0,8.0,22.0,0.3283582089552239,0.0,0.11940298507462686,16.0,159.0,14.0,787.0,0.6755364806866953,12.393939393939394,1.0,0.0,0.0
subject_26_task_4,26,4,,4,229,1140.0,1170.0,0.7374324783462919,22.0,0.8863636363636364,eye,中,5.333333333333333,5,93.6,3.2863353450309964,91.0,99.0,-11.922525107604187,5.910357972140223,1.6836117487042856,2.07665227770803,5.021094733157582,3.4702408145607944,0.8107335863481501,2.4178793855171983,6.282039112747566,2.0599870987401325,1.8732599815369704,3.984521926820275,1.7616538242803594,1.099680300141765,2.1270522864376034,5.916290333327124,1.9548517180423677,2.0560694927234193,3.045205441907096,1.6515763320531855,0.9507712287744802,1.4810809910289031,9.406722731432394,6.176120886361676,19.35614005442531,33.28577620327675,23.28156204495814,0.3190781255454728,1.7196494812335663,2995,3.189663189771198,0.2219212564028209,0.9722871452420702,0.908848080133556,0.0647746243739565,0.01669449081803,6,2,1228.5409533616453,1.449178358433082,0.0483059452811027,0.0409513651120548,0.8463580064877616,0.4289748198362522,3.177133335299321,0.0,0.0,0.0,0.0,0.0,0.0,0.0,0.0,0.0,0.0,0.0,0.0,67.0,8.0,0.05726495726495726,45.0,14.0,0.0,8.0,22.0,0.3283582089552239,0.0,0.11940298507462686,16.0,164.0,14.0,787.0,0.6726495726495727,12.393939393939394,1.0,0.0,0.0
subject_26_task_4,26,4,,4,230,1145.0,1175.0,0.7405838991939256,22.0,0.8901515151515151,eye,中,5.333333333333333,6,92.33333333333331,3.669695718539436,88.0,99.0,-16.897001303780947,6.6099335692440695,1.7345146502521709,2.0353249552437775,4.625176958128645,3.0200021970672757,0.8522052686394848,2.2724513578101693,7.706344682619633,2.2218519000047623,1.7213868192999284,3.437882483316601,1.549551124982294,1.2907336544544754,1.9971585960642797,6.493174934921269,1.933750246409712,2.0700193947338654,2.991683475993057,1.5942057573769983,0.9341701103521916,1.4452441767472843,10.931230905859325,6.886439446140862,20.151393779595377,35.281551051535025,22.994406672037496,0.341735143556861,1.7508243567380404,2995,3.181560267111853,0.2014876136992309,0.9839732888146911,0.923873121869783,0.0614357262103505,0.0076794657762938,6,2,1956.0048054232575,2.3072896554683076,0.0769096551822769,0.0652001601807752,0.8463580064877617,0.4289748198362521,3.177133335299321,0.0,0.0,0.0,0.0,0.0,0.0,0.0,0.0,0.0,0.0,0.0,0.0,67.0,8.0,0.05702127659574468,45.0,14.0,0.0,8.0,22.0,0.3283582089552239,0.0,0.11940298507462686,16.0,169.0,14.0,787.0,0.6697872340425531,12.393939393939394,1.0,0.0,0.0
subject_26_task_4,26,4,,4,231,1150.0,1180.0,0.7437353200415594,22.0,0.8939393939393939,eye,中,5.333333333333333,6,92.33333333333331,3.669695718539436,88.0,99.0,-16.897001303780947,6.393998046673577,1.773635182491164,2.1622565476621456,4.981258269528558,3.3907293548191175,0.820270464394633,2.3037313841941405,7.064910235814927,2.1854976479710935,1.8436200690848448,3.7074816189787474,1.8342825604497743,1.1854381955474989,2.0109792039848564,5.8581654826186105,1.8498228181930885,2.038206733250585,2.799582803511093,1.5182986586957834,0.90757369604159,1.37355193555182,10.510357070149997,6.612170666250471,18.66131816340175,31.8540113390442,23.343387311828565,0.3543249522007585,1.7069539814993204,2995,3.2174547579298824,0.171603419761712,0.9886477462437396,0.9315525876460768,0.0574290484140233,0.0036727879799666,6,2,2683.46865748487,3.165400952503533,0.105513365083451,0.0894489552494956,0.8463580064877617,0.4289748198362521,3.177133335299321,0.0,0.0,0.0,0.0,0.0,0.0,0.0,0.0,0.0,0.0,0.0,0.0,67.0,8.0,0.05677966101694915,45.0,14.0,0.0,8.0,22.0,0.3283582089552239,0.0,0.11940298507462686,16.0,174.0,14.0,787.0,0.6669491525423729,12.393939393939394,1.0,0.0,0.0
subject_26_task_4,26,4,,4,232,1155.0,1185.0,0.746886740889193,22.0,0.8977272727272727,eye,中,5.333333333333333,6,90.83333333333331,1.7224014243685084,88.0,93.0,-3.2073011734024854,6.916696951604904,1.7477600751940114,1.8825737126371151,5.098536771963681,3.3959271168331044,0.9283886540334952,2.708280019921044,8.185908670298613,2.069513715042018,1.5513749752715016,3.2298825867653735,1.6873471726335911,1.333986784645562,2.0819483608082057,6.3570018189898665,1.8982508889674308,1.780196045511455,2.6508530688673297,1.414527434287864,1.0663156418944062,1.48907929300884,10.246222417331202,6.47188232816428,16.42463812677443,29.477787622087295,21.593778050482417,0.3940350026716398,1.7947298074125864,2994,3.190576486305945,0.1630982672072248,0.9869739478957916,0.935871743486974,0.0537742150968603,0.0060120240480961,3,2,3410.932509546483,4.023512249538759,0.1341170749846253,0.113697750318216,0.8463580064877617,0.4289748198362521,3.1771333352993216,0.0,0.0,0.0,0.0,0.0,0.0,0.0,0.0,0.0,0.0,0.0,0.0,67.0,8.0,0.056540084388185655,45.0,14.0,0.0,8.0,22.0,0.3283582089552239,0.0,0.11940298507462686,16.0,179.0,14.0,787.0,0.6641350210970464,12.393939393939394,1.0,0.0,0.0
subject_26_task_4,26,4,,4,233,1160.0,1190.0,0.7500381617368268,22.0,0.9015151515151516,eye,中,5.333333333333333,7,90.71428571428572,1.6035674514745462,88.0,93.0,-2.0693928128872128,5.920571491749941,1.6769276917618372,2.029233584218387,5.030220230320507,3.2451174186763985,0.8263847517622029,2.478876887038132,6.534594147960736,1.9578668962437211,1.7057141096633903,3.110902925304823,1.6514904899293243,1.1478282820971042,1.823812623510944,5.374138860701644,1.7989508312118496,1.896488725138071,2.583679239223061,1.3853664045564966,0.9485692202472122,1.3623488528965335,8.066843904242901,6.050468958320615,17.56242887275308,29.179572533879007,21.467441371059223,0.3445120832749682,1.6614770511127386,2994,3.1629144956579824,0.1471027857405572,0.988309953239813,0.9365397461589846,0.053440213760855,0.0063460253841015,3,2,4138.396361608095,4.881623546573984,0.1627207848857994,0.1379465453869365,0.8463580064877617,0.4289748198362521,3.177133335299322,0.0,0.0,0.0,0.0,0.0,0.0,0.0,0.0,0.0,0.0,0.0,0.0,67.0,8.0,0.05630252100840336,45.0,14.0,0.0,8.0,22.0,0.3283582089552239,0.0,0.11940298507462686,16.0,184.0,14.0,787.0,0.661344537815126,12.393939393939394,1.0,0.0,0.0
subject_26_task_4,26,4,,4,234,1165.0,1195.0,0.7531895825844606,22.0,0.9053030303030304,eye,中,5.333333333333333,5,90.2,1.4832396974191324,88.0,92.0,4.328358208955181,3.7704187907647326,1.624634760087634,1.7618542537784248,4.703940274300506,3.0172437883499588,0.9221164330724214,2.669880476329165,3.943154881647729,1.8263022081023343,1.6746460823419789,2.88048809096347,1.6235233538128062,1.0905601054213592,1.720057820775558,3.572757365327188,1.793797810492529,1.8040178117426624,2.5454454657494017,1.314774838667746,0.9943348667714864,1.4109868811608504,6.517752925086556,5.4992630718294535,14.6327914717424,28.20693803366814,20.52486289361821,0.375817770823097,1.927652566370469,2994,3.1909452237808953,0.1196005896362128,0.9919839679358716,0.9448897795591182,0.0480961923847695,0.0036740146960587,3,2,4364.783112369675,5.148667782211353,0.1716222594070451,0.1454927704123225,0.8463580064877616,0.4289748198362522,3.177133335299321,0.0,0.0,0.0,0.0,0.0,0.0,0.0,0.0,0.0,0.0,0.0,0.0,67.0,8.0,0.05606694560669456,45.0,14.0,0.0,8.0,22.0,0.3283582089552239,0.0,0.11940298507462686,16.0,189.0,14.0,787.0,0.6585774058577406,12.393939393939394,1.0,0.0,0.0
subject_26_task_4,26,4,,4,235,1170.0,1200.0,0.7563410034320943,22.0,0.9090909090909092,eye,中,5.333333333333333,6,90.66666666666669,1.7511900715418265,88.0,93.0,7.051671732522984,4.9063103325986726,1.8964107379539663,2.124034579914629,5.118127116167033,3.2003560190672036,0.8928342108395375,2.4096251372577675,5.368110155404051,2.1261888631682213,1.7565734568953897,3.1937814848883757,1.7229204886426406,1.21041841707326,1.8181884010322815,3.814287133547507,1.8784556222959483,2.0066688031371616,2.7631286357500473,1.449507365822183,0.93610645631169,1.3769729371534858,7.296455128730899,5.7953407329003435,19.198775641211785,33.889340353142565,23.47795370664737,0.3018599123821291,1.7651823734215766,2994,3.1880397461589847,0.1106758755951786,0.9956579826319304,0.947561790247161,0.0464261857047428,0.0026720106880427,3,2,4364.783112369675,5.148667782211353,0.1716222594070451,0.1454927704123225,0.8463580064877616,0.4289748198362522,3.177133335299321,0.0,0.0,0.0,0.0,0.0,0.0,0.0,0.0,0.0,0.0,0.0,0.0,67.0,8.0,0.05583333333333333,45.0,14.0,0.0,8.0,22.0,0.3283582089552239,0.0,0.11940298507462686,16.0,194.0,14.0,787.0,0.6558333333333334,12.393939393939394,1.0,0.0,0.0
subject_26_task_4,26,4,,4,236,1175.0,1205.0,0.759492424279728,22.0,0.9128787878787878,eye,中,5.333333333333333,5,91.6,1.816590212458495,90.0,94.0,12.751091703056828,5.185026628109505,2.0165469272301713,2.1233469405793426,5.3973800263567195,3.270770865552332,0.9497020428889348,2.5419209283265203,5.672960812093965,2.266778346059397,2.1914629900400797,3.4961244295260023,1.90629123239518,1.0343676148589396,1.5953381122179306,3.868523849599257,1.8881348107916935,2.1688102191738428,3.1745295305487886,1.5632958153154233,0.8705855376829302,1.4637193713325691,7.365593641210342,5.654843115077676,20.321534884818305,39.88028644890072,24.069527914848276,0.2782685041818502,1.9624642860364971,2994,3.202715051961113,0.1393617069965211,0.9769539078156312,0.93186372745491,0.0521042084168336,0.0120240480961923,3,2,4364.783112369675,5.148667782211353,0.1716222594070451,0.1454927704123225,0.8463580064877616,0.4289748198362522,3.177133335299321,0.0,0.0,0.0,0.0,0.0,0.0,0.0,0.0,0.0,0.0,0.0,0.0,67.0,8.0,0.05560165975103734,45.0,14.0,0.0,8.0,22.0,0.3283582089552239,0.0,0.11940298507462686,16.0,199.0,14.0,787.0,0.6531120331950208,12.393939393939394,1.0,0.0,0.0
subject_26_task_4,26,4,,4,237,1180.0,1210.0,0.7626438451273617,22.0,0.9166666666666666,eye,中,5.333333333333333,7,92.0,1.632993161855452,90.0,94.0,7.732079905992974,4.567967633670098,2.018803899683773,2.3404002620832594,5.4739349939567425,3.2571663518733684,0.8625891615166612,2.338888387016429,5.021715325747906,2.358751161807034,2.013164230347772,3.5370326713382965,1.9344381408451123,1.171663556430049,1.7569518760659073,3.627246189134115,1.915044405635019,2.445120460830215,3.4163862004952747,1.7126830801724835,0.783210658253126,1.3972261306648577,6.497117129567907,5.474054570970517,22.028389980268344,46.342896514560174,25.225872135761687,0.2484999846050407,2.103780464939619,2995,3.244430298958683,0.1767156357628336,0.9722871452420702,0.9282136894824708,0.0520868113522537,0.015025041736227,3,2,4098.531342515135,4.834599047496473,0.1611533015832157,0.1366177114171712,0.8463580064877617,0.4289748198362521,3.177133335299321,0.0,0.0,0.0,0.0,0.0,0.0,0.0,0.0,0.0,0.0,0.0,0.0,67.0,8.0,0.05537190082644628,45.0,14.0,0.0,8.0,22.0,0.3283582089552239,0.0,0.11940298507462686,16.0,204.0,14.0,787.0,0.6504132231404959,12.393939393939394,1.0,0.0,0.0
subject_26_task_4,26,4,,4,238,1185.0,1215.0,0.7657952659749955,22.0,0.9204545454545454,eye,中,5.333333333333333,6,92.33333333333331,1.505545305418162,90.0,94.0,7.6614374315942175,5.112633778155615,2.131784333728438,2.6295227903994225,6.028385353024846,3.931971617673802,0.810711487845527,2.2925777160155887,5.69789972905777,2.478760291013708,2.4882060141104434,4.2494285704824675,2.471723344847415,0.9962038018382846,1.7078282691964626,3.7203224873358622,1.9571960995722533,2.565272405635604,3.671251634162504,1.8963708534430448,0.7629583880731426,1.4311351987793548,8.109029775858568,5.178660072371483,27.579889728054212,50.990210551717894,29.196127769568857,0.1877694263260146,1.8488185070533747,2995,3.282942366026289,0.1909908199512766,0.9706176961602672,0.9168614357262104,0.0614357262103505,0.0160267111853088,6,3,3415.3318926274387,4.0841870258235735,0.1361395675274524,0.1138443964209146,0.8353887852348699,0.4926156074731947,3.181985443314537,0.0,0.0,0.0,0.0,0.0,0.0,0.0,0.0,0.0,0.0,0.0,0.0,67.0,8.0,0.0551440329218107,45.0,14.0,0.0,8.0,22.0,0.3283582089552239,0.0,0.11940298507462686,16.0,209.0,14.0,787.0,0.6477366255144033,12.393939393939394,1.0,0.0,0.0
subject_26_task_4,26,4,,4,239,1190.0,1220.0,0.7689466868226291,22.0,0.9242424242424242,eye,中,5.333333333333333,5,93.8,1.3038404810405295,93.0,96.0,6.544401544401266,5.116737005030751,2.1556434898951156,2.6208549256644487,6.05526372201464,3.772077747813959,0.8224963040823822,2.310415453644191,5.115725934082164,2.4667944506917245,2.037107444411334,4.233108095926202,2.4163729125540425,1.2109299671253018,2.077999423908369,3.863629246640575,2.006585512614345,2.5613388206835777,3.9262577266062406,2.044085275220986,0.7834127591439939,1.5328927570614768,8.22851124503656,6.151265905183739,26.747993213625055,54.67803396345585,29.938347100630462,0.2299711180594426,2.0441920082289995,2995,3.3039063239770035,0.1886331497195539,0.9662771285475792,0.914524207011686,0.0604340567612687,0.0190317195325542,6,3,2874.009344913652,3.678974279512986,0.1226324759837662,0.0958003114971217,0.7785065519334257,0.6737657481510955,3.2071466406103397,0.0,0.0,0.0,0.0,0.0,0.0,0.0,0.0,0.0,0.0,0.0,0.0,67.0,8.0,0.05491803278688524,45.0,14.0,0.0,8.0,22.0,0.3283582089552239,0.0,0.11940298507462686,16.0,214.0,14.0,787.0,0.6450819672131147,12.393939393939394,1.0,0.0,0.0
subject_26_task_4,26,4,,4,240,1195.0,1225.0,0.7720981076702629,22.0,0.928030303030303,eye,中,5.333333333333333,6,94.66666666666669,2.422120283277993,93.0,99.0,13.02936630602771,4.379475434203543,2.0642050752995127,2.8449381485461234,6.379795884945063,4.0545660221405395,0.7255711609598274,2.2425077635538027,3.8870593133950817,2.1757490500783345,2.1532162117633264,4.327205031950308,2.6652426795710658,1.0104647355857288,2.0096472468998567,3.851242274429758,1.9576049318411763,2.657536887201081,4.357017778807233,2.1621494290937724,0.7366238042712275,1.6394947516216969,8.168645513710702,6.372635564526455,29.04712967326976,54.95852872332605,32.60158619556133,0.2193895106403848,1.8920467991679368,2995,3.3449000341180484,0.2208535379505042,0.9445742904841402,0.8757929883138564,0.0808013355592654,0.030050083472454,6,3,2327.139786330305,3.260265156390814,0.1086755052130271,0.0775713262110101,0.6968813215418136,0.8194293567259007,3.2432526161847295,0.0,0.0,0.0,0.0,0.0,0.0,0.0,0.0,0.0,0.0,0.0,0.0,67.0,8.0,0.054693877551020405,45.0,14.0,0.0,8.0,22.0,0.3283582089552239,0.0,0.11940298507462686,16.0,219.0,14.0,787.0,0.6424489795918368,12.393939393939394,1.0,0.0,0.0
subject_26_task_4,26,4,,4,241,1200.0,1230.0,0.7752495285178966,22.0,0.9318181818181818,eye,中,5.333333333333333,7,95.14285714285714,2.1157009420498154,93.0,99.0,7.390180878552914,4.574647630403251,2.159931167758742,2.915177887758171,6.519743358288951,4.062023047000213,0.7409260261025687,2.236482166548938,4.225659890757478,2.4043424383027143,2.0143655273799173,4.6349804491865925,2.8554823850550357,1.1935978875840074,2.3009629514536547,3.7725734720346127,1.9460245186625589,2.57096602641216,4.659812660894021,2.3471940841140553,0.7569234671600383,1.812475393693511,8.625389592751677,7.363939881019299,29.136154303106036,58.79470667872689,32.62532346028306,0.2527423421914769,2.0179295478421846,2995,3.390463564830654,0.2108512982552527,0.9409015025041736,0.8631051752921536,0.089482470784641,0.0327212020033388,6,3,1599.6759342686923,2.402153859355588,0.0800717953118529,0.0533225311422897,0.6289057505559997,0.8885776822581765,3.2733208229621424,0.0,0.0,0.0,0.0,0.0,0.0,0.0,0.0,0.0,0.0,0.0,0.0,67.0,8.0,0.05447154471544716,45.0,14.0,0.0,8.0,22.0,0.3283582089552239,0.0,0.11940298507462686,16.0,224.0,14.0,787.0,0.6398373983739838,12.393939393939394,1.0,0.0,0.0
subject_26_task_4,26,4,,4,242,1205.0,1235.0,0.7784009493655304,22.0,0.9356060606060606,eye,中,5.333333333333333,6,95.33333333333331,2.2509257354845507,93.0,99.0,9.41577825159924,4.415125564985824,1.9262097391893749,2.7536173306841913,6.0765854689158605,3.907454206973413,0.6995197617785073,2.2067646804815872,3.6808950361734145,2.0391044991030394,1.8419455547303107,4.170734626401663,2.61108891607439,1.10703842134009,2.264309395948635,3.611557125051001,1.9037723628807817,2.541340670088445,4.261000776986139,2.2220514564775993,0.7491212749585932,1.6766743739389514,8.276232556294163,7.2201309769090924,27.551014599354698,49.213332500505885,29.119983468176915,0.2620640684890858,1.7862620747788565,2995,3.388942222222222,0.2219415271242142,0.9445742904841402,0.8540901502504173,0.0954924874791318,0.030050083472454,14,7,1259.194229822321,2.1589506358615296,0.0719650211953843,0.0419731409940773,0.3263992085303642,1.600711119852385,3.346567398543957,0.0,0.0,0.0,0.0,0.0,0.0,0.0,0.0,0.0,0.0,0.0,0.0,67.0,8.0,0.05425101214574899,45.0,14.0,0.0,8.0,22.0,0.3283582089552239,0.0,0.11940298507462686,16.0,229.0,14.0,787.0,0.637246963562753,12.393939393939394,1.0,0.0,0.0
subject_26_task_4,26,4,,4,243,1210.0,1240.0,0.781552370213164,22.0,0.9393939393939394,eye,中,5.333333333333333,5,95.4,2.8809720581775866,91.0,99.0,-16.12557427258792,4.453490125954154,1.9287146649601183,2.546744435012673,5.963761613503662,3.8446107723895304,0.7573255637448839,2.341719699673747,3.7506580813631345,1.9395332872103672,1.801215181280818,4.022954969439301,2.5040371126574015,1.0767915501529324,2.2334671677476288,3.8385252544606505,1.833195781304356,2.247069364466964,4.145911896795865,2.1431458172131013,0.815816285110191,1.845030670772966,8.339904752655736,6.703525265232514,26.875734987551855,48.28248033903659,28.47478441982271,0.2494266768271607,1.7965082763838751,2994,3.35152602739726,0.2182953422892931,0.9445557782231128,0.8533734134936539,0.0955243820975283,0.0307281229124916,11,5,1426.812416733287,2.6141087130295935,0.0871369571009864,0.0475604138911095,0.3361754497390842,1.405801723596572,3.3944047518692013,0.0,0.0,0.0,0.0,0.0,0.0,0.0,0.0,0.0,0.0,0.0,0.0,67.0,8.0,0.05403225806451613,45.0,14.0,0.0,8.0,22.0,0.3283582089552239,0.0,0.11940298507462686,16.0,234.0,14.0,787.0,0.6346774193548387,12.393939393939394,1.0,0.0,0.0
subject_26_task_4,26,4,,4,244,1215.0,1245.0,0.7847037910607978,22.0,0.9431818181818182,eye,中,5.333333333333333,6,94.33333333333331,3.669695718539436,89.0,99.0,-19.920087177624502,4.469800344705581,1.9219461750919349,2.3255766857325333,6.009816438364295,3.935027047000612,0.8264385289391311,2.5842263019038065,3.8179809613978466,2.0440986484703028,1.6818171140819087,3.9240121151309015,2.391024725934476,1.2154107788266626,2.333197874058375,3.7430770368908455,1.90864014392209,2.1788773562284343,3.9080859012752143,2.0109864647353657,0.8759741058697695,1.7936236246173964,11.89863563343454,7.198374659255727,22.495863568437596,43.93552113963099,26.16989802680843,0.319986589417055,1.9530488796737688,2994,3.317472013651877,0.2134478236941789,0.948563794255177,0.8694054776219104,0.0838343353373413,0.0273881095524382,11,5,2011.37828367741,3.5056100771556764,0.1168536692385225,0.067045942789247,0.3860976503319679,1.3999124436457755,3.3710745541481377,0.0,0.0,0.0,0.0,0.0,0.0,0.0,0.0,0.0,0.0,0.0,0.0,67.0,8.0,0.05381526104417671,45.0,14.0,0.0,8.0,22.0,0.3283582089552239,0.0,0.11940298507462686,16.0,239.0,14.0,787.0,0.6321285140562249,12.393939393939394,1.0,0.0,0.0
subject_26_task_4,26,4,,4,245,1220.0,1250.0,0.7878552119084316,22.0,0.946969696969697,eye,中,5.333333333333333,6,93.5,3.781534080237808,89.0,99.0,-23.135694389176347,4.853930622323649,2.190177970923891,2.398517099371152,6.246381435222492,4.422646568725703,0.9131383601551624,2.60426804414285,3.946783549488708,2.271274578934354,1.775399402048789,4.561986078232213,2.9742852405128875,1.2793034493046072,2.569554812831263,4.0130289658675995,2.032870493181644,1.9947482990403569,4.033324683002808,2.244539324508354,1.019111280435545,2.0219717369570787,13.068682480906109,7.323911222853529,25.08076111609003,45.948332765082654,28.1977380389726,0.2920131167054188,1.8320150872776135,2994,3.2951098639455783,0.2115031521430181,0.9549098196392786,0.8810955243820975,0.0774883099532398,0.0240480961923847,11,5,2454.0672484476227,4.051912165919449,0.1350637388639816,0.0818022416149207,0.4374442278644342,1.3108455162134978,3.347078700762157,0.0,0.0,0.0,0.0,0.0,0.0,0.0,0.0,0.0,0.0,0.0,0.0,67.0,8.0,0.0536,45.0,14.0,0.0,8.0,22.0,0.3283582089552239,0.0,0.11940298507462686,16.0,244.0,14.0,787.0,0.6296,12.393939393939394,1.0,0.0,0.0
subject_26_task_4,26,4,,4,246,1225.0,1255.0,0.7910066327560653,22.0,0.9507575757575758,eye,中,5.333333333333333,7,92.0,2.516611478423583,89.0,96.0,-10.340272217774276,4.679306581346321,2.148683745658031,2.3845735046824665,6.222509038758382,4.519694620688594,0.9010767508062846,2.6094851035371964,3.88455979056229,2.434490622912282,1.8141332526660523,4.640289272464961,2.6760296890564823,1.3419579952765608,2.557854703145751,3.84922331920171,2.0330146267385616,2.0182704508053093,3.62407903991613,2.2301081923299666,1.007305351930099,1.795635980534763,13.148987342741576,7.031571702346611,27.3898984269381,45.33017682612874,27.859250162398173,0.2567213500664546,1.6549961638976467,2994,3.268418071476737,0.1715410300442937,0.9736138944555778,0.9031396125584502,0.0684702738810955,0.0153640614562458,8,4,2902.3032240873963,4.6117106314948035,0.1537236877164934,0.0967434408029132,0.4721927966101695,1.1312681319723374,3.330839613347457,0.0,0.0,0.0,0.0,0.0,0.0,0.0,0.0,0.0,0.0,0.0,0.0,67.0,8.0,0.05338645418326693,45.0,14.0,0.0,8.0,22.0,0.3283582089552239,0.0,0.11940298507462686,16.0,249.0,14.0,787.0,0.6270916334661355,12.393939393939394,1.0,0.0,0.0
subject_26_task_4,26,4,,4,247,1230.0,1260.0,0.794158053603699,22.0,0.9545454545454546,eye,中,5.333333333333333,6,90.66666666666669,0.816496580927726,89.0,91.0,2.4785894206547434,4.703644530641084,2.1481602043668,2.6249049661601096,7.012100720578199,5.3420738816345805,0.8183763725013159,2.671373177687259,4.12137992214505,2.514585097317934,1.956322680796708,5.760822326119285,3.1013414051213704,1.2853631571116249,2.944719898546186,4.1983104667819084,2.0297122557587555,2.01172295138631,3.7727140767520497,2.294746437381203,1.0089422374785997,1.8753646341571104,13.12045288876309,6.772556946579196,29.132876534787496,46.39139578607831,29.713605810681425,0.2324712747981512,1.5924069746659744,2995,3.268088671611599,0.1865567468377383,0.969949916527546,0.8931552587646077,0.0731218697829716,0.0180300500834724,8,4,3531.133493205435,5.6109112709832125,0.1870303756994404,0.1177044497735145,0.4721927966101695,1.1312681319723374,3.330839613347458,0.0,0.0,0.0,0.0,0.0,0.0,0.0,0.0,0.0,0.0,0.0,0.0,67.0,8.0,0.05317460317460317,45.0,14.0,0.0,8.0,22.0,0.3283582089552239,0.0,0.11940298507462686,16.0,254.0,14.0,787.0,0.6246031746031746,12.393939393939394,1.0,0.0,0.0
subject_26_task_4,26,4,,4,248,1235.0,1265.0,0.7973094744513327,22.0,0.9583333333333334,eye,中,5.333333333333333,6,90.66666666666669,0.816496580927726,89.0,91.0,2.4785894206547434,5.045171896352605,2.3618466669205884,2.9704915334889996,7.437313889016137,5.533020260870824,0.7951029788482428,2.5037317242512445,4.715401718720527,2.834507138286052,2.263869315015131,6.38971076776694,3.3028595213097307,1.252063058360375,2.822473331559879,4.224988655359039,2.1011748374179646,2.272934900826707,4.1425178873615325,2.5630412299225966,0.9244324756743936,1.822541369686754,12.78126685760948,6.9692472847788265,33.005186344827585,49.83752649316693,32.05890971084566,0.2111561259484,1.5099907624359536,2995,3.2809255139871927,0.18665973107553,0.976627712854758,0.9051752921535892,0.0681135225375626,0.0163606010016694,8,4,3389.0178523847453,5.385091926458811,0.1795030642152937,0.1129672617461581,0.4721927966101694,1.1312681319723374,3.330839613347458,0.0,0.0,0.0,0.0,0.0,0.0,0.0,0.0,0.0,0.0,0.0,0.0,67.0,8.0,0.052964426877470355,45.0,14.0,0.0,8.0,22.0,0.3283582089552239,0.0,0.11940298507462686,16.0,259.0,14.0,787.0,0.6221343873517786,12.393939393939394,1.0,0.0,0.0
subject_26_task_4,26,4,,4,249,1240.0,1270.0,0.8004608952989665,22.0,0.9621212121212122,eye,中,5.333333333333333,7,91.71428571428572,2.0586634591635513,89.0,95.0,11.107594936708931,4.862943086558664,2.311984844660858,3.124133997135667,7.369392139048898,5.540936422901968,0.7400402309185776,2.358859173711965,4.339757192336208,2.600145899093475,2.088707365007364,6.294206485482114,3.2798756542719283,1.2448588742752429,3.013445823445892,4.093201013746546,2.078765851831053,2.4433799886245655,4.26922627931056,2.546127368095018,0.8507746897776788,1.7472625212559776,12.713348564344932,7.25810098254654,33.01280539578469,49.629504197526295,32.205607729976386,0.219857140146996,1.5033410097241644,2995,3.2887571572920176,0.2066938794645085,0.9702838063439064,0.887813021702838,0.0797996661101836,0.0193656093489148,11,4,2760.187583266706,4.385891286970401,0.1461963762323467,0.0920062527755568,0.4721927966101695,1.1312681319723374,3.330839613347458,0.0,0.0,0.0,0.0,0.0,0.0,0.0,0.0,0.0,0.0,0.0,0.0,67.0,8.0,0.05275590551181102,45.0,14.0,0.0,8.0,22.0,0.3283582089552239,0.0,0.11940298507462686,16.0,264.0,14.0,787.0,0.6196850393700788,12.393939393939394,1.0,0.0,0.0
subject_26_task_4,26,4,,4,250,1245.0,1275.0,0.8036123161466001,22.0,0.9659090909090908,eye,中,5.333333333333333,6,92.16666666666669,1.834847859269718,91.0,95.0,10.809917355371956,4.895977231887873,2.3893695598167453,3.4764379265259806,7.826902737773957,5.5673718954148725,0.6873039617895472,2.2514144947197186,4.42805140096359,2.816517634238501,2.45616924664003,6.698030216537976,3.276543639650368,1.1467115460758324,2.727023076972685,4.13355357914008,2.044180918964194,2.6158990463927516,4.547694180749092,2.7937475312881945,0.7814448809800438,1.7384822961804391,8.218433398114648,7.081929838443539,40.13290792876037,53.44401569880347,35.476338922790326,0.1764619162661878,1.3316756362053692,2995,3.2791849847818733,0.2131176876438123,0.9662771285475792,0.8871452420701169,0.0764607679465776,0.023372287145242,11,4,2131.357314148667,3.386690647481992,0.1128896882493997,0.0710452438049555,0.4721927966101695,1.1312681319723374,3.330839613347458,0.0,0.0,0.0,0.0,0.0,0.0,0.0,0.0,0.0,0.0,0.0,0.0,67.0,8.0,0.05254901960784314,45.0,14.0,0.0,8.0,22.0,0.3283582089552239,0.0,0.11940298507462686,16.0,269.0,14.0,787.0,0.6172549019607844,12.393939393939394,1.0,0.0,0.0
subject_26_task_4,26,4,,4,251,1250.0,1280.0,0.8067637369942339,22.0,0.9696969696969696,eye,中,5.333333333333333,7,93.42857142857144,2.6367367999823097,91.0,98.0,13.986842105263271,5.049344508801401,2.362248729087326,3.373418341773659,7.892952797878029,5.533553713385259,0.7002537158926203,2.3397491796787087,4.7800979986544325,2.8609505176337913,2.323419686612198,6.515023065579091,3.169784323427873,1.231353308280422,2.804066395373757,4.3132881893460935,2.07630554859286,2.7621418135369327,4.44883537372938,2.6795190998444167,0.7517012842777046,1.610646981239761,10.909178301575396,7.240685108924064,34.97714242581427,52.78200028795599,34.7153199957317,0.2070119114013214,1.5090426669332813,2995,3.312484950963815,0.2060481641116992,0.9662771285475792,0.8767946577629382,0.0851419031719532,0.023372287145242,11,4,1502.5270450306284,2.387490007993583,0.0795830002664527,0.0500842348343542,0.4721927966101694,1.1312681319723374,3.330839613347457,0.0,0.0,0.0,0.0,0.0,0.0,0.0,0.0,0.0,0.0,0.0,0.0,67.0,8.0,0.05234375,45.0,14.0,0.0,8.0,22.0,0.3283582089552239,0.0,0.11940298507462686,16.0,274.0,14.0,787.0,0.61484375,12.393939393939394,1.0,0.0,0.0
subject_26_task_4,26,4,,4,252,1255.0,1285.0,0.8099151578418676,22.0,0.9734848484848484,eye,中,5.333333333333333,5,94.4,2.5099800796022262,91.0,98.0,16.33484162895923,5.061922131232403,2.2545298371600526,3.4677534269558996,7.200647123090322,4.940813071401497,0.6501413334739743,2.0764588009970684,4.673881081008096,2.638531567699957,2.5315796444886183,6.022555835803529,2.8199610679862204,1.0422471098012571,2.378971504576184,4.3866224623595205,2.106939025872399,2.9209559656172477,4.572186133931067,2.6430587772609844,0.7213183117696083,1.5653047111118934,10.921614335737717,6.885607931394841,39.89485072099825,51.3965778497531,33.91646554573476,0.1725939013921581,1.288301044392705,2995,3.311718971931011,0.2171508376392794,0.9639398998330552,0.8784641068447412,0.082804674457429,0.025041736227045,11,4,873.6967759125893,1.3882893685051736,0.0462763122835057,0.0291232258637529,0.4721927966101695,1.1312681319723374,3.330839613347457,0.0,0.0,0.0,0.0,0.0,0.0,0.0,0.0,0.0,0.0,0.0,0.0,67.0,8.0,0.052140077821011675,45.0,14.0,0.0,8.0,22.0,0.3283582089552239,0.0,0.11940298507462686,16.0,279.0,14.0,787.0,0.6124513618677043,12.393939393939394,1.0,0.0,0.0
subject_26_task_4,26,4,,4,253,1260.0,1290.0,0.8130665786895014,22.0,0.9772727272727272,eye,中,5.333333333333333,5,94.8,1.9235384061671343,93.0,98.0,0.2061855670102484,4.650199143644972,2.292153110950416,3.146050117988039,6.494052911154679,4.257222067417323,0.7285812447311847,2.0641924532682756,4.5407277593440245,2.8054703169217956,2.21085953942413,4.895122025118724,2.351024679896648,1.2689500472076782,2.2141261974488766,4.255981933429362,2.1570225376880585,2.785778063851299,4.4179618353562855,2.506703642467678,0.7742980554258528,1.585898709119891,10.533913718711451,7.807861293994627,34.01894663712569,52.37058979905151,31.84972169969892,0.2295150810305725,1.5394535979517436,2994,3.2992764227642275,0.212740746030693,0.9635938543754174,0.885437541750167,0.0781563126252505,0.0240480961923847,11,4,244.8665067945504,0.3890887290167644,0.0129696243005588,0.0081622168931516,0.4721927966101695,1.1312681319723374,3.330839613347458,0.0,0.0,0.0,0.0,0.0,0.0,0.0,0.0,0.0,0.0,0.0,0.0,67.0,8.0,0.05193798449612403,45.0,14.0,0.0,8.0,22.0,0.3283582089552239,0.0,0.11940298507462686,16.0,284.0,14.0,787.0,0.610077519379845,12.393939393939394,1.0,0.0,0.0
subject_26_task_4,26,4,,4,254,1265.0,1295.0,0.816217999537135,22.0,0.981060606060606,eye,中,5.333333333333333,7,94.71428571428572,1.6035674514745462,93.0,98.0,-0.7751937984495659,4.534847417399202,2.216090654194481,2.946175875066637,6.383425278294194,4.258241201124172,0.7521922479065705,2.166681674477364,4.380700619722061,2.827049723743845,2.4213773456404515,4.622596901438578,2.2902927777239896,1.167537859736642,1.9090774553422225,4.217914081653801,2.3174371768493147,2.8940030293335375,4.270672626072461,2.3838219389958817,0.800772201466216,1.475697358567022,10.98626349491736,8.604448253350851,35.92058070747505,52.37269695980348,32.414727718921974,0.2395409006169065,1.4580136492310314,2994,3.275511005756857,0.2020414325786317,0.9502338009352036,0.8887775551102205,0.0764863059452237,0.021376085504342,3,0,0.0,0.0,0.0,0.0,,,,0.0,0.0,0.0,0.0,0.0,0.0,0.0,0.0,0.0,0.0,0.0,0.0,67.0,8.0,0.051737451737451735,45.0,14.0,0.0,8.0,22.0,0.3283582089552239,0.0,0.11940298507462686,16.0,289.0,14.0,787.0,0.6077220077220077,12.393939393939394,1.0,0.0,0.0
subject_26_task_4,26,4,,4,255,1270.0,1300.0,0.8193694203847688,22.0,0.9848484848484848,eye,中,5.333333333333333,5,94.8,1.9235384061671343,93.0,98.0,-4.328358208955406,4.932191291546323,2.5372764390270817,3.1636307882810075,6.210158785043421,3.958214304511157,0.8020140809180005,1.9629846845743264,5.144578518530912,3.2041029924664612,2.5095095586285603,4.652762942713392,2.345242095896721,1.276784534033612,1.854052687990602,4.416099201231466,2.4658925072133315,3.1775497062028646,4.582024809812023,2.47055696784483,0.776035856307672,1.4419994125874716,10.9240080313651,10.22474141840032,36.187598186978256,58.788176944220254,31.68099252312641,0.2825482190216091,1.6245393419167171,2994,3.2616526601152147,0.1957750498954487,0.9549098196392786,0.8997995991983968,0.0704742818971276,0.0207080828323313,6,1,702.1128211028939,0.8581537841958369,0.0286051261398612,0.0234037607034297,1.0,-1.000088900581841e-12,3.11402,0.0,0.0,0.0,0.0,0.0,0.0,0.0,0.0,0.0,0.0,0.0,0.0,67.0,8.0,0.05153846153846154,45.0,14.0,0.0,8.0,22.0,0.3283582089552239,0.0,0.11940298507462686,16.0,294.0,14.0,787.0,0.6053846153846154,12.393939393939394,1.0,0.0,0.0
subject_26_task_4,26,4,,4,256,1275.0,1305.0,0.8225208412324025,22.0,0.9886363636363636,eye,中,5.333333333333333,6,95.16666666666669,1.9407902170679512,93.0,98.0,1.762917933130853,4.8394136523559075,2.467656770931397,3.1237546111769188,5.910069866045167,4.0453151272920795,0.7899649870390019,1.8919763559207567,4.704983992589539,2.967326455935965,2.4283165724731455,4.523978144835684,2.1930044118253504,1.2219685396759694,1.8630100358900856,4.30973850031878,2.4118357903878618,3.0002504758250588,4.40029518102757,2.266907248174613,0.8038781461153223,1.4666426075034629,9.848800703322098,9.61982879664632,35.88364813199765,55.27852127891699,31.199392558242952,0.2680839127967109,1.5404933488249437,2994,3.267157520325203,0.2038180062016084,0.9512358049432198,0.8841015364061456,0.0861723446893787,0.0203740814963259,6,1,1408.179616258663,1.7211402928400852,0.0573713430946695,0.0469393205419554,1.0,-1.000088900581841e-12,3.11402,0.0,0.0,0.0,0.0,0.0,0.0,0.0,0.0,0.0,0.0,0.0,0.0,67.0,8.0,0.05134099616858238,45.0,14.0,0.0,8.0,22.0,0.3283582089552239,0.0,0.11940298507462686,16.0,299.0,14.0,787.0,0.6030651340996168,12.393939393939394,1.0,0.0,0.0
subject_26_task_4,26,4,,4,257,1280.0,1310.0,0.8256722620800362,22.0,0.9924242424242424,eye,中,5.333333333333333,6,95.16666666666669,1.4719601443879744,93.0,97.0,8.119935170178334,4.435436127864119,2.3976498277668536,2.850778391033222,5.702717716378121,3.9384606571546894,0.8410509337759717,2.0004072341488657,4.298306450217883,2.928068314607406,2.254103359104578,4.098133743501275,2.2013246013383516,1.2989946990587666,1.8180771200878831,4.054761536319002,2.3513445248530136,2.9986757896712017,4.036970521799624,2.169174170601054,0.7841276249176752,1.3462510804618426,9.016745631024593,9.163341180939568,28.743201355694264,49.55367835623232,27.430306143018864,0.3188002988095908,1.7240138891632308,2994,3.253636517615176,0.2244484538422861,0.9482297929191716,0.8827655310621243,0.0865063460253841,0.0227120908483633,6,1,2114.2464114144323,2.5841268014843335,0.0861375600494777,0.070474880380481,1.0,-1.000088900581841e-12,3.11402,0.0,0.0,0.0,0.0,0.0,0.0,0.0,0.0,0.0,0.0,0.0,0.0,67.0,8.0,0.05114503816793893,45.0,14.0,0.0,8.0,22.0,0.3283582089552239,0.0,0.11940298507462686,16.0,304.0,14.0,787.0,0.600763358778626,12.393939393939394,1.0,0.0,0.0
subject_26_task_4,26,4,,4,258,1285.0,1315.0,0.82882368292767,22.0,0.9962121212121212,eye,中,5.333333333333333,7,94.71428571428572,1.7994708216848745,92.0,97.0,1.2683823529412075,4.662733786615572,2.4608070310508507,2.7970959880765904,6.1638204436196755,4.2257617831811745,0.8797721070498595,2.2036499533425724,4.291779518802676,2.8234025661190256,2.143239877246501,4.30199113047297,2.339348385924894,1.317352572660394,2.007237349465472,4.125619936466277,2.258871247336116,2.8869678919301265,4.101774526887735,2.2251186508025453,0.7824372600922531,1.420789797611996,9.826108821796495,8.99453895387967,28.23749418412292,51.32200037186641,29.175846584011605,0.3185317682663579,1.8175125610374876,2995,3.2299045840407468,0.2167490473345146,0.9509181969949916,0.8851419031719533,0.0858096828046744,0.0213689482470784,6,1,2820.3132065702016,3.4471133101285822,0.114903777004286,0.0940104402190067,1.0,-1.000088900581841e-12,3.1140199999999996,0.0,0.0,0.0,0.0,0.0,0.0,0.0,0.0,0.0,0.0,0.0,0.0,67.0,8.0,0.05095057034220532,45.0,14.0,0.0,8.0,22.0,0.3283582089552239,0.0,0.11940298507462686,16.0,309.0,14.0,787.0,0.5984790874524715,12.393939393939394,1.0,0.0,0.0
subject_26_task_4,26,4,,4,259,1290.0,1320.0,0.8319751037753037,22.0,1.0,eye,中,5.333333333333333,7,95.0,1.632993161855452,92.0,97.0,-1.617717862301425,4.569642396755171,2.4064096547255764,2.875560304640615,6.398542322117145,4.4188866742155755,0.8368489615196324,2.2251462825492125,3.8200401210624784,2.687610560836273,2.178246152086889,4.4745323914042,2.51126235873876,1.2338415280850523,2.054190426145058,4.160004377563227,2.312581795718998,2.76285141945649,4.158456788877178,2.353956165518234,0.8370272029228162,1.5051322556083138,9.25874262455718,9.566323255086685,29.66483104759385,53.405151316125306,30.3783703088411,0.3224802878445054,1.8002850321460726,2995,3.1971068289384723,0.1895002132517901,0.9585976627712854,0.9018363939899832,0.076126878130217,0.0170283806343906,3,1,3526.38000172597,4.31009981877283,0.1436699939590943,0.1175460000575323,1.0,-1.000088900581841e-12,3.11402,0.0,0.0,0.0,0.0,0.0,0.0,0.0,0.0,0.0,0.0,0.0,0.0,67.0,8.0,0.05075757575757576,45.0,14.0,0.0,8.0,22.0,0.3283582089552239,0.0,0.11940298507462686,16.0,314.0,14.0,787.0,0.5962121212121212,12.393939393939394,1.0,0.0,0.0
subject_26_task_4,26,4,,4,260,1295.0,1325.0,0.8351265246229375,22.0,1.003787878787879,eye,中,5.333333333333333,6,95.33333333333331,1.7511900715418265,92.0,97.0,-3.706563706563616,4.899928335650664,2.277908368465281,3.071216908620544,6.770240087745173,4.834420264439806,0.7416956979077122,2.2044161285847013,4.332267401258314,2.462884962686261,2.317192291379303,4.9121211700591525,2.703970262310381,1.062874657338099,2.119859102040783,4.107638306447216,2.082490314050517,2.709586417347688,4.402631536983494,2.5100071644709008,0.7685639035971359,1.6248352548552647,9.8064225618841,8.182991466317196,33.267078829787806,53.95474552898653,32.161845481964654,0.2459786598091694,1.621866043755988,2995,3.20045895522388,0.2054372331079708,0.9679465776293824,0.8851419031719533,0.0874791318864774,0.0230383973288814,3,1,4232.446796881739,5.173086327417078,0.1724362109139026,0.1410815598960579,1.0,-1.000088900581841e-12,3.11402,0.0,0.0,0.0,0.0,0.0,0.0,0.0,0.0,0.0,0.0,0.0,0.0,67.0,8.0,0.050566037735849056,45.0,14.0,0.0,8.0,22.0,0.3283582089552239,0.0,0.11940298507462686,16.0,319.0,14.0,787.0,0.5939622641509434,12.393939393939394,1.0,0.0,0.0
subject_26_task_4,26,4,,4,261,1300.0,1330.0,0.8382779454705711,22.0,1.0075757575757576,eye,中,5.333333333333333,7,96.0,2.3804761428476167,92.0,100.0,4.7772511848340615,4.183110175591781,2.1054163304639326,2.8700146557800257,6.012975877088859,4.355603359797316,0.7335907941179879,2.0951028472900344,3.722327737630656,2.28512744324496,2.130041899433187,4.3610851981865615,2.395967064075406,1.0728086822390874,2.0474175645779855,4.084155334910768,2.056735650364625,2.605559007845238,4.12968079785599,2.4634047984770024,0.7893644489231957,1.5849500185647991,8.653785785010095,8.546669483435563,32.94576473031445,50.846713953606496,31.561770613360142,0.2594163332797523,1.5433459921123278,2995,3.2223552542372884,0.2223041593523708,0.9636060100166944,0.8781302170283807,0.0918196994991652,0.0237061769616026,3,1,4206.887178897095,5.14184621580415,0.1713948738601383,0.1402295726299031,1.0,-1.000088900581841e-12,3.11402,0.0,0.0,0.0,0.0,0.0,0.0,0.0,0.0,0.0,0.0,0.0,0.0,67.0,8.0,0.05037593984962406,45.0,14.0,0.0,8.0,22.0,0.3283582089552239,0.0,0.11940298507462686,16.0,324.0,14.0,787.0,0.5917293233082707,12.393939393939394,1.0,0.0,0.0
subject_26_task_4,26,4,,4,262,1305.0,1335.0,0.8414293663182049,22.0,1.0113636363636365,eye,中,5.333333333333333,7,96.42857142857144,2.819996622760558,92.0,100.0,10.890585241730166,4.724460825336261,2.0720794695666527,3.115096741992894,6.139445998583616,4.3155772360033975,0.665173393055213,1.970868485662466,4.467693510571642,2.447845085522102,2.3569026042482086,4.4449891611474905,2.613669138576006,1.038585591576832,1.8859452033086144,4.3092026550922995,2.0906003055834983,2.6362638232175475,4.184567246552394,2.437118798191894,0.7930163465323932,1.5873097410429695,8.940180742609973,8.397203272227328,37.153848193204375,53.99055472849019,31.721801792154537,0.2260116698695888,1.4531618487466753,2995,3.2675352921310363,0.2466570620739179,0.9642737896494156,0.8821368948247078,0.091151919866444,0.020033388981636,3,1,3500.8203837413257,4.278859707159901,0.14262865690533,0.1166940127913775,1.0,-1.000088900581841e-12,3.11402,0.0,0.0,0.0,0.0,0.0,0.0,0.0,0.0,0.0,0.0,0.0,0.0,67.0,8.0,0.050187265917602995,45.0,14.0,0.0,8.0,22.0,0.3283582089552239,0.0,0.11940298507462686,16.0,329.0,14.0,787.0,0.5895131086142322,12.393939393939394,1.0,0.0,0.0
subject_26_task_4,26,4,,4,263,1310.0,1340.0,0.8445807871658386,22.0,1.0151515151515151,eye,中,5.333333333333333,5,96.6,3.4351128074635335,92.0,100.0,24.762633996937236,7.619699926848726,3.2418812295130635,3.9231244397117377,14.852170068458744,17.766816545533374,0.8263518731899491,3.7858014184097737,6.347723183878766,3.713826962682164,3.550072489614561,20.21391362108179,20.96171718091686,1.0461270786854784,5.693943906840183,4.889211780062054,2.367874972865163,3.2218240178759143,8.516201994922607,7.660794143019855,0.734948575628987,2.643285898817395,9.504485948318797,9.74860279085688,43.24839992707092,66.84322231894966,41.14989864476524,0.2254095598287055,1.5455652100809811,2995,3.2459877384196187,0.2417579213267253,0.9482470784641068,0.8711185308848081,0.0921535893155258,0.0270450751252086,6,2,3795.739788386334,5.050927337758884,0.1683642445919627,0.1265246596128778,0.993610388378137,0.0386563845749619,3.125220478482819,0.0,0.0,0.0,0.0,0.0,0.0,0.0,0.0,0.0,0.0,0.0,0.0,67.0,8.0,0.05,45.0,14.0,0.0,8.0,22.0,0.3283582089552239,0.0,0.11940298507462686,16.0,334.0,14.0,787.0,0.5873134328358209,12.393939393939394,1.0,0.0,0.0
subject_26_task_4,26,4,,4,264,1315.0,1345.0,0.8477322080134724,22.0,1.018939393939394,eye,中,5.333333333333333,5,97.2,2.588435821108957,95.0,100.0,2.3216444981860183,8.494702867157281,2.8310147088770945,3.8962700025849983,13.844409769585972,17.251880519043752,0.7265961309146555,3.5532470184049965,7.1355838366987685,3.4280582662340766,3.480646584118246,17.5711398079989,20.022672591045463,0.9848912216126384,5.048240142556791,5.132530301441374,2.192113999415388,3.181334234500339,7.859668914669736,7.41658114545843,0.6890549177897626,2.470557425068598,8.263634070581157,8.380934108253202,45.38318419647103,60.45829337813601,40.41907710684257,0.1846704733623538,1.3321738976357946,2994,3.2612029532967033,0.2555612027666433,0.9228456913827656,0.855377421509686,0.0968603874415497,0.0390781563126252,6,2,5789.204276404121,8.597471948972224,0.2865823982990741,0.1929734758801373,0.9845123191842716,0.0799152904222102,3.141168666615632,4.0,1.0,0.13333333333333333,0.0,4.0,0.0,0.0,4.0,1.0,0.0,0.0,1.0,71.0,8.0,0.05278810408921933,45.0,18.0,0.0,8.0,26.0,0.36619718309859156,0.0,0.11267605633802817,17.0,2.0,15.0,1123.0,0.8349442379182156,16.5,1.0,4.0,0.06666666666666667
subject_26_task_4,26,4,,4,265,1320.0,1350.0,0.850883628861106,22.0,1.0227272727272727,eye,中,5.333333333333333,6,97.5,2.073644135332772,95.0,100.0,-4.061973728528021,8.087598283483542,3.0847592604829073,3.9336514013976,14.852497394015254,18.358886083940007,0.7841974149989277,3.7757533341002865,6.62823729804867,3.6977485104823824,3.618394426742443,20.496369810789144,21.898679873997853,1.0219307445184689,5.664492974924669,5.327643888410748,2.318776808265264,3.3817198726695223,8.432792803668502,7.599373224238457,0.6856797415437094,2.493640254422278,9.201412394750804,8.857378054952173,41.398400758711496,60.44981995230214,39.17408591328832,0.2139545946853589,1.460196984531622,2994,3.3058964073944894,0.2650268549724597,0.8917835671342685,0.8276553106212425,0.1038744154976619,0.0551102204408817,6,2,7782.668764421908,12.144016560185564,0.4048005520061854,0.2594222921473969,0.9800750362570432,0.0977469418395133,3.1489468689368105,8.0,2.0,0.26666666666666666,4.0,4.0,0.0,0.0,4.0,0.5,0.0,0.0,2.0,75.0,8.0,0.05555555555555555,49.0,18.0,0.0,8.0,26.0,0.3466666666666667,0.0,0.10666666666666667,18.0,1.0,15.0,1123.0,0.8318518518518518,15.68918918918919,1.0,8.0,0.13333333333333333
subject_26_task_4,26,4,,4,266,1325.0,1355.0,0.8540350497087398,22.0,1.0265151515151516,eye,中,5.333333333333333,6,98.16666666666669,2.1369760566432805,95.0,100.0,-4.111396115793409,8.320197274171592,2.7524252477509488,3.972684772327572,13.56272812102014,17.04695091080563,0.6928375659008855,3.41399554666247,6.692548040765339,3.2603796196353856,3.200541117835508,17.255439773651485,19.98561225910925,1.0186963702688956,5.391413244933143,5.307147396112036,2.03053901340624,3.4014559461009775,7.463777895958851,7.0355357205581885,0.5969617262671908,2.19428915565243,8.454237284510771,7.177813526877155,38.894384575764555,56.97702369824072,36.279452703474355,0.1845462681867375,1.4649164479579817,2994,3.2762605337078656,0.2603936542530717,0.8841015364061456,0.8346693386773547,0.0898463593854375,0.06312625250501,6,2,9776.133252439697,15.690561171398905,0.5230187057132968,0.3258711084146565,0.9774473779963992,0.1078137543177927,3.1535529438518863,8.0,2.0,0.26666666666666666,4.0,4.0,0.0,0.0,4.0,0.5,0.0,0.0,2.0,75.0,8.0,0.055350553505535055,49.0,18.0,0.0,8.0,26.0,0.3466666666666667,0.0,0.10666666666666667,18.0,6.0,15.0,1123.0,0.8287822878228782,15.68918918918919,1.0,8.0,0.13333333333333333
subject_26_task_4,26,4,,4,267,1330.0,1360.0,0.8571864705563735,22.0,1.0303030303030305,eye,中,5.333333333333333,5,97.8,2.16794833886788,95.0,100.0,-0.5348460291735792,8.48352510900151,3.0618662569700072,3.942202800194796,15.66527708497335,18.889429911010826,0.7766891791611307,3.973736988923878,6.524410000254773,3.584798784171257,3.47542258545584,20.98775937416424,22.167868479283204,1.0314713379527258,6.038908609846496,5.816823697121844,2.2633888230917787,3.4262235490013255,8.678619890928076,7.625043550382989,0.6606074562039335,2.5329987278435806,9.36585470683279,8.37495706761913,37.99461778793319,67.86714552907647,41.977314915235766,0.220424827389077,1.7862305105390632,2994,3.26920007020007,0.2439597527072986,0.8797595190380761,0.8296593186372746,0.0868403473613894,0.0694722778891115,3,2,11799.111332495,19.273178618673583,0.6424392872891195,0.3933037110831667,0.975770591971929,0.1140714333245934,3.156492215735503,8.0,2.0,0.26666666666666666,4.0,4.0,0.0,0.0,4.0,0.5,0.0,0.0,2.0,75.0,8.0,0.05514705882352941,49.0,18.0,0.0,8.0,26.0,0.3466666666666667,0.0,0.10666666666666667,18.0,11.0,15.0,1123.0,0.825735294117647,15.68918918918919,1.0,8.0,0.13333333333333333
subject_26_task_4,26,4,,4,268,1335.0,1365.0,0.8603378914040072,22.0,1.0340909090909092,eye,中,5.333333333333333,6,97.0,1.6733200530681511,95.0,100.0,2.6049204052098283,6.177398435858935,2.351665216088019,3.631441105539957,13.080385591052682,15.22131160494785,0.647584567047068,3.6019820261157083,5.4251772443631445,2.6862986457882836,2.7071480542225537,15.574348342443937,17.637075049116685,0.992298386339916,5.753046390703083,5.164165331527766,1.988374049260698,3.4355554192725957,7.249746377674022,6.369947194771337,0.5787634913721441,2.1102108663434103,8.02578928193627,7.550674775336602,33.89716511154022,55.4414492438153,37.01100316838196,0.2227523968594645,1.6355777558796614,2995,3.251920225908931,0.2195877718312248,0.8787979966611018,0.8257095158597663,0.0831385642737896,0.0751252086811352,3,2,14498.642615668556,23.682709738531173,0.7894236579510391,0.4832880871889518,0.9757705919719292,0.1140714333245933,3.156492215735504,8.0,2.0,0.26666666666666666,4.0,4.0,0.0,0.0,4.0,0.5,0.0,0.0,2.0,75.0,8.0,0.054945054945054944,49.0,18.0,0.0,8.0,26.0,0.3466666666666667,0.0,0.10666666666666667,18.0,16.0,15.0,1123.0,0.8227106227106227,15.68918918918919,1.0,8.0,0.13333333333333333
subject_26_task_4,26,4,,4,269,1340.0,1370.0,0.8634893122516409,22.0,1.0378787878787878,eye,中,5.333333333333333,6,97.0,1.6733200530681511,95.0,100.0,2.6049204052098283,4.52550327561204,1.7205264552739203,2.953172676689818,7.150503188954847,4.938825004254528,0.5826027271803291,2.4212953226188505,3.548419658141077,1.7405794118356717,1.8601984123572288,5.106896355834932,2.941119988325257,0.9356955689635404,2.7453503464522977,4.995352462010009,1.8706564965698824,2.8111666882891466,4.480711702441104,2.239031551997778,0.6654377715710443,1.5938975518979377,8.602765595878907,7.029303490756924,28.659712225239513,53.34928328381574,30.053824957483055,0.2452677624783156,1.8614730973060176,2995,3.2471744635947943,0.2180338728099149,0.8808013355592654,0.8260434056761269,0.0831385642737896,0.0781302170283806,3,2,16197.187699041337,26.457186719145533,0.8819062239715177,0.5399062566347113,0.975770591971929,0.1140714333245934,3.156492215735503,8.0,2.0,0.26666666666666666,4.0,4.0,0.0,0.0,4.0,0.5,0.0,0.0,2.0,75.0,8.0,0.05474452554744526,49.0,18.0,0.0,8.0,26.0,0.3466666666666667,0.0,0.10666666666666667,18.0,21.0,15.0,1123.0,0.8197080291970803,15.68918918918919,1.0,8.0,0.13333333333333333
subject_26_task_4,26,4,,4,270,1345.0,1375.0,0.8666407330992747,22.0,1.0416666666666667,eye,中,5.333333333333333,7,96.14285714285714,2.5448360411214073,92.0,100.0,-10.876712328767145,4.20663541689153,1.6694121798983643,3.0227814143660177,7.000849728600234,4.827694146306001,0.5522768440894685,2.3160291033046976,3.433580057636823,1.6625181248005212,1.803452856305541,4.971628465175726,2.7191725997448075,0.9218528330184736,2.7567277113970943,4.920660629001169,1.845016463701246,3.065953308615428,4.076565777345303,2.0379480898176485,0.6017757865120419,1.329624220267811,7.846274041455687,6.509357277629651,25.21704988972117,48.76581234827079,28.17875364037057,0.2581331799753054,1.9338428785893955,2995,3.2254064358167196,0.2130534218790701,0.8918196994991653,0.8270450751252086,0.081135225375626,0.0764607679465776,3,2,16197.187699041337,26.457186719145533,0.8819062239715177,0.5399062566347113,0.975770591971929,0.1140714333245934,3.156492215735503,4.0,1.0,0.13333333333333333,4.0,0.0,0.0,0.0,0.0,0.0,0.0,0.0,1.0,75.0,8.0,0.05454545454545454,49.0,18.0,0.0,8.0,26.0,0.3466666666666667,0.0,0.10666666666666667,18.0,26.0,15.0,1123.0,0.8167272727272727,15.68918918918919,1.0,8.0,0.13333333333333333
subject_26_task_4,26,4,,4,271,1350.0,1380.0,0.8697921539469085,22.0,1.0454545454545454,eye,中,5.333333333333333,5,95.8,3.0331501776206204,92.0,100.0,-22.433862433862373,4.236871469539711,1.6117719218983928,2.458762762892812,6.5016081678549185,4.380613284013372,0.6555215274214142,2.6442600587482343,3.2690220383488895,1.5914644239237523,1.628709651066272,4.553463519506473,2.3719474484236645,0.9771320645652612,2.7957490867236183,4.9088231817710275,1.8188432005282085,2.5477870430414704,3.850441245306427,1.8830469300965291,0.7138913770269155,1.5112884947832563,8.25521841513338,6.373707799635157,21.999354981220502,43.19351081443548,24.556107550953826,0.2897224852763183,1.9633989656199975,2995,3.188011744386874,0.1962491308382417,0.9041736227045076,0.8260434056761269,0.0864774624373956,0.0757929883138564,3,2,16197.187699041337,26.457186719145533,0.8819062239715177,0.5399062566347113,0.975770591971929,0.1140714333245934,3.156492215735503,0.0,0.0,0.0,0.0,0.0,0.0,0.0,0.0,0.0,0.0,0.0,0.0,75.0,8.0,0.05434782608695652,49.0,18.0,0.0,8.0,26.0,0.3466666666666667,0.0,0.10666666666666667,18.0,31.0,15.0,1123.0,0.813768115942029,15.68918918918919,1.0,8.0,0.13333333333333333
subject_26_task_4,26,4,,4,272,1355.0,1385.0,0.8729435747945421,22.0,1.0492424242424243,eye,中,5.333333333333333,6,93.5,2.588435821108957,91.0,97.0,-15.420560747663524,4.260143322726221,1.5668238866714874,2.3079233899856657,6.214723222178653,4.197251725300504,0.6788890365555933,2.6927770865987246,3.509850377485653,1.5353323317419283,1.5030758622738551,4.379253983871909,2.2873306039932393,1.0214603070128978,2.913528248166375,4.961893865973659,1.773738562894824,2.5085524270604775,3.3872603354243846,1.6571670342785456,0.7070765369545381,1.350284849096647,7.623529031437461,5.37446592287253,17.931690972828466,35.69214055000854,22.152101474738327,0.2997188570233756,1.9904503487201584,2995,3.206795073554567,0.1911671241423607,0.9051752921535892,0.8163606010016694,0.0968280467445742,0.0751252086811352,3,2,16197.187699041337,26.457186719145533,0.8819062239715177,0.5399062566347113,0.975770591971929,0.1140714333245934,3.156492215735503,0.0,0.0,0.0,0.0,0.0,0.0,0.0,0.0,0.0,0.0,0.0,0.0,75.0,8.0,0.05415162454873646,49.0,18.0,0.0,8.0,26.0,0.3466666666666667,0.0,0.10666666666666667,18.0,36.0,15.0,1123.0,0.8108303249097473,15.68918918918919,1.0,8.0,0.13333333333333333
subject_26_task_4,26,4,,4,273,1360.0,1390.0,0.8760949956421759,22.0,1.053030303030303,eye,中,5.333333333333333,6,93.5,2.588435821108957,91.0,97.0,-15.420560747663524,4.124680507651659,1.5848138166025458,2.112362675136532,5.509142172543964,3.6776394951655953,0.7502564948985911,2.6080474898506156,3.589851044317019,1.525995227878877,1.50377461516194,3.447722443743712,1.805409075284537,1.0147765579315515,2.29271222494498,4.742396562492196,1.7698548127637443,2.472233569431474,3.204669643492494,1.459217425721277,0.7158930428934949,1.2962649173271497,7.454427245939101,5.510757490528973,17.30333412764982,32.17446928377574,20.125535707981708,0.3184795167148204,1.8594375538505397,2995,3.173902949245542,0.1945477048074441,0.9028380634390653,0.8180300500834724,0.097829716193656,0.0751252086811352,3,2,16197.187699041337,26.457186719145533,0.8819062239715177,0.5399062566347113,0.975770591971929,0.1140714333245934,3.156492215735503,0.0,0.0,0.0,0.0,0.0,0.0,0.0,0.0,0.0,0.0,0.0,0.0,75.0,8.0,0.0539568345323741,49.0,18.0,0.0,8.0,26.0,0.3466666666666667,0.0,0.10666666666666667,18.0,41.0,15.0,1123.0,0.8079136690647482,15.68918918918919,1.0,8.0,0.13333333333333333
subject_26_task_4,26,4,,4,274,1365.0,1395.0,0.8792464164898096,22.0,1.056818181818182,eye,中,5.333333333333333,5,94.0,4.636809247747852,91.0,102.0,19.525267993874397,4.368238898632555,1.6014607632843711,2.1938824136051234,5.370596287287856,3.8761028801090145,0.7299665439465152,2.447987300496456,3.8408065865763454,1.7888599514678407,1.655359827786774,3.5447920277100855,1.9548387975677064,1.0806471930997366,2.141402713903897,4.649056880955179,1.7117079882434665,2.5325686905257836,3.009833653505309,1.4366227958513236,0.6758782080213195,1.188450944989153,7.263379152472211,5.298732725629384,17.772802194157208,31.234391188302155,20.09416040530421,0.2981371574242433,1.7574263668207837,2994,3.133928791509757,0.1681187031602133,0.8994655978623914,0.8169672678690715,0.1015364061456245,0.0751503006012024,3,2,16197.187699041337,26.457186719145533,0.8819062239715177,0.5399062566347113,0.975770591971929,0.1140714333245934,3.156492215735503,0.0,0.0,0.0,0.0,0.0,0.0,0.0,0.0,0.0,0.0,0.0,0.0,75.0,8.0,0.053763440860215055,49.0,18.0,0.0,8.0,26.0,0.3466666666666667,0.0,0.10666666666666667,18.0,46.0,15.0,1123.0,0.8050179211469534,15.68918918918919,1.0,8.0,0.13333333333333333
subject_26_task_4,26,4,,4,275,1370.0,1400.0,0.8823978373374433,22.0,1.0606060606060606,eye,中,5.333333333333333,6,93.66666666666669,4.226897995772629,91.0,102.0,7.129120879120939,4.291229577122301,1.5800062243416515,2.124210913877599,4.622393005541735,3.370809378574882,0.7438085427484507,2.17605181074222,3.621531696690921,1.691281664629436,1.5190810919306947,3.2344276150779994,1.7730157042454004,1.1133583806772822,2.129200101468687,4.824193731834093,1.75794008284013,2.5057081574783124,2.9097285954683,1.392058905550444,0.7015741548326525,1.1612400218214496,6.693194230475453,5.588447772138761,19.254360120637223,30.029325552809595,20.739982071679783,0.2902432351490583,1.5596117120829969,2994,3.1417017423983595,0.1687335912592569,0.9044756179024716,0.8129592518370073,0.1052104208416833,0.0714762859051436,3,2,15860.826101157883,25.90775914161123,0.863591971387041,0.5286942033719294,0.975770591971929,0.1140714333245934,3.1564922157355033,0.0,0.0,0.0,0.0,0.0,0.0,0.0,0.0,0.0,0.0,0.0,0.0,75.0,8.0,0.05357142857142857,49.0,18.0,0.0,8.0,26.0,0.3466666666666667,0.0,0.10666666666666667,18.0,51.0,15.0,1123.0,0.8021428571428572,15.68918918918919,1.0,8.0,0.13333333333333333
subject_26_task_4,26,4,,4,276,1375.0,1405.0,0.885549258185077,22.0,1.0643939393939394,eye,中,5.333333333333333,5,94.2,4.658325879540847,91.0,102.0,9.14835164835156,4.170101687484141,1.6635513501149126,2.161231932950382,4.4293139214359005,3.183016392165366,0.769723658415473,2.049439421057077,3.8273809819353257,1.8825682883803971,1.656820188852117,3.197624467803308,1.7025394288068016,1.136253831916838,1.9299767647198307,4.402109448434543,1.7458522471779525,2.407676993982901,2.9388452889917804,1.4030353335464776,0.7251189638564746,1.2206144330557374,6.881580375551529,5.987702608228987,20.261615350127183,31.29079013577512,21.039564839811728,0.2955195084281077,1.5443383755470763,2994,3.167747110808973,0.1677443630034386,0.9148296593186372,0.8283233132932531,0.105878423513694,0.0584502338009352,3,2,13161.294817984328,21.498228021753643,0.7166076007251214,0.4387098272661442,0.975770591971929,0.1140714333245934,3.1564922157355024,0.0,0.0,0.0,0.0,0.0,0.0,0.0,0.0,0.0,0.0,0.0,0.0,75.0,8.0,0.05338078291814947,49.0,18.0,0.0,8.0,26.0,0.3466666666666667,0.0,0.10666666666666667,18.0,56.0,15.0,1123.0,0.799288256227758,15.68918918918919,1.0,4.0,0.06666666666666667
subject_26_task_4,26,4,,4,277,1380.0,1410.0,0.8887006790327108,22.0,1.068181818181818,eye,中,5.333333333333333,6,93.83333333333331,4.262237284181475,91.0,102.0,1.9843163995909792,4.6007791123593655,1.6164707176142346,2.159903205048463,4.378612885961373,3.172962478872842,0.748399610610312,2.0272264403918636,3.7002076893441114,1.79824662444464,1.513266819539152,3.0794910317180193,1.74530089700038,1.1883209234656154,2.0349954099012377,4.5844830285333,1.8797579632593129,2.4811560511979023,2.961323732161588,1.402930502054787,0.757613759260231,1.1935257884049093,8.273413498298337,5.659509433261445,22.076878923810213,32.457661250311205,21.274908810909675,0.2563545985278556,1.470210592825473,2994,3.173352084039309,0.1771812929489991,0.8981295925183701,0.8523714094856379,0.0968603874415497,0.0440881763527054,3,2,10461.763534810774,17.088696901896057,0.5696232300632019,0.3487254511603591,0.975770591971929,0.1140714333245934,3.156492215735503,0.0,0.0,0.0,0.0,0.0,0.0,0.0,0.0,0.0,0.0,0.0,0.0,75.0,8.0,0.05319148936170213,49.0,18.0,0.0,8.0,26.0,0.3466666666666667,0.0,0.10666666666666667,18.0,61.0,15.0,1123.0,0.7964539007092198,15.68918918918919,1.0,0.0,0.0
subject_26_task_4,26,4,,4,278,1385.0,1415.0,0.8918520998803445,22.0,1.071969696969697,eye,中,5.333333333333333,5,94.2,4.711687595755899,90.0,102.0,-28.014705882353024,4.418498064386172,1.7031012751583563,2.1287770360285263,4.548396759394453,3.595238943862946,0.8000374141275424,2.136624307015262,3.593613974755165,1.9806474643645495,1.67099443429732,3.237034232468213,1.992109219452388,1.1853106292346471,1.9371903137603437,4.23783288716582,1.7692231850324447,2.371936610866852,2.7892224665160565,1.4005359707930471,0.7458981732171424,1.1759262257420542,7.237027710032276,5.801090911686153,19.691049780716856,28.94828087312261,20.983434764391777,0.2946054667622176,1.4701237971309795,2994,3.138119178082192,0.2192940388609965,0.8834335337341349,0.8390113560454242,0.0968603874415497,0.0527722110888443,6,2,10899.376628339798,17.926279545172513,0.5975426515057504,0.3633125542779932,0.9827444909147784,0.0871566447041437,3.157599715290729,0.0,0.0,0.0,0.0,0.0,0.0,0.0,0.0,0.0,0.0,0.0,0.0,75.0,8.0,0.053003533568904596,49.0,18.0,0.0,8.0,26.0,0.3466666666666667,0.0,0.10666666666666667,18.0,66.0,15.0,1123.0,0.7936395759717314,15.68918918918919,1.0,0.0,0.0
subject_26_task_4,26,4,,4,279,1390.0,1420.0,0.8950035207279782,22.0,1.0757575757575757,eye,中,5.333333333333333,7,92.71428571428572,4.750939756661684,87.0,102.0,-23.588495575221152,4.402191660549402,1.5737993214039625,1.9736446044302205,4.724132965760585,3.613098361644821,0.797407657828198,2.3936087354108087,3.5194665747072555,1.7654723678424682,1.4329403825533396,3.234132058281322,1.933467191396608,1.232062679883858,2.256989961102541,3.9158740873839264,1.6729266859248364,2.2769302498290527,2.868114620456249,1.3887254810114404,0.7347290001748786,1.2596409664598118,7.762682546254794,5.133099354402721,17.11300444027793,29.312205676393955,21.17391902964307,0.2999531363599269,1.7128614544973435,2995,3.158470892180503,0.2246478163302278,0.8737896494156928,0.8303839732888146,0.1001669449081803,0.0570951585976627,6,2,11431.349647496854,18.921686376627243,0.6307228792209081,0.3810449882498951,0.9892693119122749,0.0593327961549997,3.1586358984089364,0.0,0.0,0.0,0.0,0.0,0.0,0.0,0.0,0.0,0.0,0.0,0.0,75.0,8.0,0.0528169014084507,49.0,18.0,0.0,8.0,26.0,0.3466666666666667,0.0,0.10666666666666667,18.0,71.0,15.0,1123.0,0.7908450704225352,15.68918918918919,1.0,0.0,0.0
subject_26_task_4,26,4,,4,280,1395.0,1425.0,0.8981549415756119,22.0,1.0795454545454546,eye,中,5.333333333333333,6,91.16666666666669,2.6394443859772205,87.0,95.0,-14.083601286173534,4.450153315399068,1.6431117684318866,2.0791648402617167,5.061015311252864,3.921093251857842,0.7902748914439408,2.4341577989630703,3.577917823963966,1.8274424503880584,1.583621444700558,3.2999396739711204,2.0340278431133623,1.153964198011731,2.083793248073308,3.845919526958644,1.7102423898423624,2.4828239422304463,2.8977097083117203,1.4271410025043547,0.6888295060929552,1.1671023704196122,8.411936748939063,5.281475145219002,16.12813087431691,26.643606486402565,21.276406655907156,0.3274697599105819,1.6519959252582035,2995,3.1767164539496378,0.2326481413403784,0.8714524207011686,0.8223706176961603,0.0984974958263772,0.0624373956594323,6,2,11963.322666653909,19.917093208081976,0.6639031069360659,0.3987774222217969,0.9952138545335684,0.0303424057208408,3.159579929626345,0.0,0.0,0.0,0.0,0.0,0.0,0.0,0.0,0.0,0.0,0.0,0.0,75.0,8.0,0.05263157894736842,49.0,18.0,0.0,8.0,26.0,0.3466666666666667,0.0,0.10666666666666667,18.0,76.0,15.0,1123.0,0.7880701754385965,15.68918918918919,1.0,0.0,0.0
subject_26_task_4,26,4,,4,281,1400.0,1430.0,0.9013063624232456,22.0,1.0833333333333333,eye,中,5.333333333333333,6,90.83333333333331,2.6394443859772205,87.0,95.0,-14.24581005586582,4.798952147745662,1.58304906158837,2.0127039372795315,5.511435360953337,4.172013152293363,0.7865285262610934,2.7383239327304447,4.012975459613384,1.7733969607907196,1.4970401840767051,3.3986234965546864,2.0530012160884707,1.184602109985749,2.2702286369492324,4.134914777760201,1.6233412359353072,2.5908975439600956,2.950414429343658,1.4378456389910548,0.6265555501102862,1.1387615215513514,9.229376273250812,4.455707099654191,14.355602267612374,26.94640232988459,21.42287781977623,0.3103810635452541,1.877065261878861,2995,3.1819518197573657,0.2312523391214653,0.8624373956594323,0.8193656093489149,0.097829716193656,0.0697829716193656,3,1,12831.65728369441,21.461927617071,0.7153975872357,0.4277219094564803,1.0,-1.000088900581841e-12,3.1603399999999997,0.0,0.0,0.0,0.0,0.0,0.0,0.0,0.0,0.0,0.0,0.0,0.0,75.0,8.0,0.05244755244755245,49.0,18.0,0.0,8.0,26.0,0.3466666666666667,0.0,0.10666666666666667,18.0,81.0,15.0,1123.0,0.7853146853146853,15.68918918918919,1.0,0.0,0.0
subject_26_task_4,26,4,,4,282,1405.0,1435.0,0.9044577832708794,22.0,1.0871212121212122,eye,中,5.333333333333333,7,90.28571428571428,1.6035674514745462,87.0,92.0,-0.4109589041095298,4.490163831312481,1.5651932721022452,2.1008263812894747,5.884239527178607,4.536650320071401,0.7450369464332122,2.8009166200430595,3.770962984392325,1.7733176323750717,1.4990680872274604,3.522011702364298,2.2550224198607034,1.1829466903366863,2.349467467403892,3.946647334559148,1.6089625863583878,2.5375846483482816,2.9356947514242746,1.508967230809567,0.6340527743205195,1.156885447480589,7.830425755335553,4.567934979305451,13.807947165463323,25.121833386868065,21.38100140823362,0.3308192683942801,1.8193749647089632,2995,3.1445882761012833,0.2317947717235666,0.8490818030050084,0.8063439065108514,0.0958263772954924,0.082804674457429,3,1,16063.16158602502,26.86686556838332,0.8955621856127772,0.5354387195341673,1.0,-1.000088900581841e-12,3.16034,0.0,0.0,0.0,0.0,0.0,0.0,0.0,0.0,0.0,0.0,0.0,0.0,75.0,8.0,0.05226480836236934,49.0,18.0,0.0,8.0,26.0,0.3466666666666667,0.0,0.10666666666666667,18.0,86.0,15.0,1123.0,0.7825783972125435,15.68918918918919,1.0,0.0,0.0
subject_26_task_4,26,4,,4,283,1410.0,1440.0,0.9076092041185132,22.0,1.0909090909090908,eye,中,5.333333333333333,7,90.28571428571428,1.6035674514745462,87.0,92.0,4.782608695652079,6.89830142956636,2.0619317772087604,2.587276133754789,8.443006171512735,6.651086764887641,0.7969507971367471,3.263279887817698,7.02638508307314,3.327658753493552,2.215691524197595,7.990283113826414,5.686010782133014,1.5018601268056264,3.60622542739566,4.707332845787822,1.8311124450523972,2.973605124525919,4.5066570474129595,2.767982976238928,0.6157887037352786,1.5155532959782123,8.550704329383727,5.731900821255628,17.073810673691764,35.187930722941196,24.526693957508527,0.3357130362284997,2.0609301224805447,2995,3.1510983893557425,0.2262311337278928,0.8637729549248748,0.784974958263773,0.1018363939899833,0.0974958263772955,3,1,19294.66588835563,32.27180351969564,1.0757267839898546,0.6431555296118543,1.0,-1.000088900581841e-12,3.16034,0.0,0.0,0.0,0.0,0.0,0.0,0.0,0.0,0.0,0.0,0.0,0.0,75.0,8.0,0.052083333333333336,49.0,18.0,0.0,8.0,26.0,0.3466666666666667,0.0,0.10666666666666667,18.0,91.0,15.0,1123.0,0.7798611111111111,15.68918918918919,1.0,0.0,0.0
subject_26_task_4,26,4,,4,284,1415.0,1445.0,0.9107606249661468,22.0,1.0946969696969695,eye,中,5.333333333333333,6,90.33333333333331,1.751190071541826,87.0,92.0,6.734944694797172,6.90031026065135,2.0584405179978575,2.8521845946633637,8.483827759314009,6.2050981370654394,0.7217066251074153,2.974501641719769,7.26800815305296,3.0868429140689293,2.247349914788025,9.262618144034848,5.238167344929017,1.37354797032579,4.121573629048558,4.67500538649959,1.798266916367528,3.330349310456614,4.649306765932162,2.5259304821287136,0.5399634538999674,1.3960417759585435,8.015130160518739,5.806941135787451,18.59413815405726,37.08272149877317,24.446888299678537,0.3122995584778082,1.9943232211965511,2995,3.2019508539560824,0.2034694677152616,0.8777963272120201,0.7966611018363939,0.1025041736227045,0.0901502504173622,3,1,19389.025813983655,32.42962770787391,1.0809875902624635,0.6463008604661218,1.0,-1.000088900581841e-12,3.16034,0.0,0.0,0.0,0.0,0.0,0.0,0.0,0.0,0.0,0.0,0.0,0.0,75.0,8.0,0.05190311418685121,49.0,18.0,0.0,8.0,26.0,0.3466666666666667,0.0,0.10666666666666667,18.0,96.0,15.0,1123.0,0.7771626297577855,15.68918918918919,1.0,0.0,0.0
subject_26_task_4,26,4,,4,285,1420.0,1450.0,0.9139120458137806,22.0,1.0984848484848484,eye,中,5.333333333333333,6,92.33333333333331,2.1602468994692865,90.0,95.0,13.549848942598308,7.368515338885214,2.0118281225245385,2.503655483581455,8.398338063845252,6.268777886797167,0.8035562942736185,3.3544303994379887,8.225898453037223,3.3434800071896995,2.269892321020736,7.839529137667781,5.432322528215635,1.4729685528369854,3.4537008936804825,4.961085884181694,1.834959221698747,2.8817120351041683,4.47568716381628,2.7229897274845003,0.6367600923846011,1.5531347717241613,8.0141055270299,5.580075330358235,16.498913347289193,37.667028357698406,23.680623897550003,0.3382086573159106,2.283000556754071,2994,3.202604159445407,0.1931237018054986,0.8921175684702739,0.8129592518370073,0.0931863727454909,0.0828323313293253,3,1,19389.025813983655,32.42962770787391,1.0809875902624635,0.6463008604661218,1.0,-1.000088900581841e-12,3.16034,0.0,0.0,0.0,0.0,0.0,0.0,0.0,0.0,0.0,0.0,0.0,0.0,75.0,8.0,0.05172413793103448,49.0,18.0,0.0,8.0,26.0,0.3466666666666667,0.0,0.10666666666666667,18.0,101.0,15.0,1123.0,0.7744827586206896,15.68918918918919,1.0,0.0,0.0
subject_26_task_4,26,4,,4,286,1425.0,1455.0,0.9170634666614144,22.0,1.1022727272727273,eye,中,5.333333333333333,7,92.71428571428572,2.2146697055682827,90.0,95.0,12.268656716417937,6.586067893750498,1.9257410475892085,2.652768298524018,7.924421302060403,5.436434083699947,0.7259363920553022,2.9872270814113304,7.415700619599239,2.8489070931340925,2.1463792297749387,8.818813711805076,4.894852761728497,1.327308358939356,4.108693184069706,4.5574877024193565,1.7244044085107584,2.935235547612862,4.537955979265444,2.420583489248527,0.5874841662752293,1.546027876010164,7.583482929248707,5.682127244824369,20.30707969849968,40.26565428892198,23.612552786426903,0.2798101612436265,1.9828382459097196,2994,3.1839972337482707,0.19757248338494,0.8944555778223113,0.8259853039412157,0.0858383433533734,0.0804943219772879,3,1,19389.025813983655,32.42962770787391,1.0809875902624635,0.6463008604661218,1.0,-1.000088900581841e-12,3.16034,0.0,0.0,0.0,0.0,0.0,0.0,0.0,0.0,0.0,0.0,0.0,0.0,75.0,8.0,0.05154639175257732,49.0,18.0,0.0,8.0,26.0,0.3466666666666667,0.0,0.10666666666666667,18.0,106.0,15.0,1123.0,0.7718213058419244,15.68918918918919,1.0,0.0,0.0
subject_26_task_4,26,4,,4,287,1430.0,1460.0,0.920214887509048,22.0,1.106060606060606,eye,中,5.333333333333333,6,93.16666666666669,2.0412414523193148,91.0,95.0,13.177914110429478,6.838806721653745,1.948600760288835,2.350917537080269,7.358608445211571,5.403696982519734,0.828868188506904,3.130100622053559,7.997959288924615,3.2105895145674466,2.3431879201460397,7.5867186314965105,5.195987467594641,1.370180123823507,3.237776435371716,4.666919702731767,1.7366236915097126,2.662879997906942,4.433934252801395,2.6839198232181163,0.6521599519598033,1.6650897735859382,7.881050190496079,6.252978212043078,19.22685460294137,41.76462068441509,24.443742507329564,0.3252210692375279,2.1722024505259347,2994,3.1556082758620687,0.2146398019183951,0.895123580494322,0.8356713426853707,0.0821643286573146,0.0721442885771543,3,1,17062.342716305677,28.53807238292914,0.9512690794309714,0.5687447572101892,1.0,-1.000088900581841e-12,3.16034,0.0,0.0,0.0,0.0,0.0,0.0,0.0,0.0,0.0,0.0,0.0,0.0,75.0,8.0,0.05136986301369863,49.0,18.0,0.0,8.0,26.0,0.3466666666666667,0.0,0.10666666666666667,18.0,111.0,15.0,1123.0,0.7691780821917809,15.68918918918919,1.0,0.0,0.0
subject_26_task_4,26,4,,4,288,1435.0,1465.0,0.9233663083566818,22.0,1.1098484848484849,eye,中,5.333333333333333,5,94.4,1.3416407864998738,92.0,95.0,8.021148036253662,5.4918078699113675,1.692429471955848,2.3338172925048033,5.61586091259404,3.63421827683824,0.7251765069147396,2.406298441026091,4.892243875785791,1.7154176726527783,1.9235019065690175,3.915666081826585,2.2911338408014497,0.89182010519168,2.035696491099935,4.007397277151154,1.585983055407807,2.804085088378028,3.448951122384365,1.720730416664904,0.5655973358230687,1.2299737752891613,7.24708222586673,5.412112326065497,18.40760049944561,36.40891069797846,21.65074110357755,0.2940150904637731,1.9779281226292913,2994,3.2281423156443836,0.2350842062190989,0.9151636606546426,0.8597194388777555,0.0734802939211756,0.0591182364729458,3,1,13830.838413975069,23.133134431616824,0.7711044810538942,0.4610279471325022,1.0,-1.000088900581841e-12,3.16034,0.0,0.0,0.0,0.0,0.0,0.0,0.0,0.0,0.0,0.0,0.0,0.0,75.0,8.0,0.051194539249146756,49.0,18.0,0.0,8.0,26.0,0.3466666666666667,0.0,0.10666666666666667,18.0,116.0,15.0,1123.0,0.7665529010238907,15.68918918918919,1.0,0.0,0.0
subject_26_task_4,26,4,,4,289,1440.0,1470.0,0.9265177292043156,22.0,1.1136363636363635,eye,中,5.333333333333333,7,95.85714285714286,1.0690449676496976,95.0,97.0,6.383720930232624,4.312632577599725,1.481698741852333,1.558160511384795,3.986481768864257,2.4281486258349623,0.9509281816771832,2.55845385615717,4.910193220212892,1.5723361293408094,1.4238755295248338,2.683035672982952,1.2693622144751224,1.104265152913695,1.884318971250469,3.896837615228314,1.532944885280058,1.900918241748042,2.720708424180722,1.2440922916672763,0.806423365094543,1.431260095478288,6.818467563245586,5.4389954124109705,13.49341531527775,29.42479515762965,19.08290008919476,0.4030851556353369,2.1806780915068846,2995,3.226078275862069,0.2505339749167262,0.9131886477462438,0.8601001669449082,0.0714524207011686,0.0580968280467445,6,1,12700.95631269254,21.92305117301525,0.7307683724338415,0.4233652104230846,1.0,-1.000088900581841e-12,3.151116724318833,0.0,0.0,0.0,0.0,0.0,0.0,0.0,0.0,0.0,0.0,0.0,0.0,75.0,8.0,0.05102040816326531,49.0,18.0,0.0,8.0,26.0,0.3466666666666667,0.0,0.10666666666666667,18.0,121.0,15.0,1123.0,0.7639455782312925,15.68918918918919,1.0,0.0,0.0
subject_26_task_4,26,4,,4,290,1445.0,1475.0,0.9296691500519492,22.0,1.1174242424242424,eye,中,5.333333333333333,7,95.85714285714286,1.0690449676496976,95.0,97.0,6.383720930232624,3.988247212439787,1.473801634093163,1.483711644796073,3.2086978777619217,2.124954306628327,0.9933207973815747,2.1626155520286003,3.841128278314226,1.5499593204891102,1.36467218419324,2.3597396231899888,1.164705468524619,1.135774099041527,1.7291622490166072,4.0430583027856954,1.5792381693257034,1.7656332024459402,2.406597302520952,1.143905785130656,0.8944316221160641,1.3630222286186513,7.723213966226827,5.119536150177047,11.588837315972953,22.114496957189072,17.497912353492666,0.4417644333587084,1.908258469269264,2995,3.215864087641219,0.2343195153815147,0.9228714524207012,0.8874791318864774,0.0601001669449081,0.0427378964941569,6,1,9872.829809313767,17.323258528992024,0.5774419509664008,0.3290943269771256,1.0,-1.000088900581841e-12,3.146197276718346,0.0,0.0,0.0,0.0,0.0,0.0,0.0,0.0,0.0,0.0,0.0,0.0,75.0,8.0,0.05084745762711865,49.0,18.0,0.0,8.0,26.0,0.3466666666666667,0.0,0.10666666666666667,18.0,126.0,15.0,1123.0,0.7613559322033898,15.68918918918919,1.0,0.0,0.0
subject_26_task_4,26,4,,4,291,1450.0,1480.0,0.9328205708995828,22.0,1.121212121212121,eye,中,5.333333333333333,6,95.5,1.97484176581315,92.0,97.0,-4.260355029585836,4.305324345305235,1.6593914293245773,1.5133574022775829,3.159458648640292,2.1449399857165012,1.096496721017266,2.0877148014641804,4.1713754924583375,1.712130878132306,1.4340155529364706,2.4301309038938608,1.2516573854467878,1.1939416379594567,1.694633575568702,4.299799812090191,1.696669897065238,1.927815585294134,2.3976474815918563,1.144332031184208,0.8800996889992311,1.2437120541413396,7.89371637609905,6.553947252336464,10.444836559212646,20.776519048489117,16.771281516820558,0.627482030492444,1.9891665064077648,2995,3.2054808612440193,0.2396064026285427,0.9275459098497496,0.8898163606010017,0.0641068447412353,0.0380634390651085,9,1,7443.174219079684,13.36831824874033,0.4456106082913443,0.2481058073026561,1.0,-1.000088900581841e-12,3.1212467803811,0.0,0.0,0.0,0.0,0.0,0.0,0.0,0.0,0.0,0.0,0.0,0.0,75.0,8.0,0.05067567567567568,49.0,18.0,0.0,8.0,26.0,0.3466666666666667,0.0,0.10666666666666667,18.0,131.0,15.0,1123.0,0.7587837837837837,15.68918918918919,1.0,0.0,0.0
subject_26_task_4,26,4,,4,292,1455.0,1485.0,0.9359719917472168,22.0,1.125,eye,中,5.333333333333333,6,95.66666666666669,1.96638416050035,92.0,97.0,-5.010438413361192,7.14793751063803,2.1517565668174337,1.7789357409490654,3.5551096366781643,2.6137226124609123,1.209575206842192,1.99844747330868,8.909889995928289,2.5918617123033334,1.877720855210646,2.789811713407321,1.4158846108149945,1.380323228083108,1.485743584125211,4.537624811843313,1.7386379587795249,1.9566992287548344,2.41570040061925,1.088499764813922,0.8885565718170823,1.234579318639843,8.226020526146666,5.5646009006668935,8.36408810320106,17.220311727040578,15.724334281558797,0.6652967821485809,2.058839112473015,2995,3.1989086188992735,0.2436229346877727,0.879465776293823,0.8751252086811352,0.0691151919866444,0.0444073455759599,9,1,5499.573405500298,10.292319698424798,0.3430773232808266,0.1833191135166766,1.0,-1.000088900581841e-12,3.063228935462545,0.0,0.0,0.0,0.0,0.0,0.0,0.0,0.0,0.0,0.0,0.0,0.0,75.0,8.0,0.050505050505050504,49.0,18.0,0.0,8.0,26.0,0.3466666666666667,0.0,0.10666666666666667,18.0,136.0,15.0,1123.0,0.7562289562289563,15.68918918918919,1.0,0.0,0.0
subject_26_task_4,26,4,,4,293,1460.0,1490.0,0.9391234125948504,22.0,1.128787878787879,eye,中,5.333333333333333,8,95.375,1.7677669529663689,92.0,97.0,-4.319999999999977,6.340345676848173,2.11369706210958,1.6794696307172143,3.818199558957516,2.6625854891138663,1.25855033246831,2.2734555535410075,7.114067410480189,2.384126207829506,1.7266404639376731,2.865416021986277,1.52818097320785,1.3807890279557158,1.6595325325873462,4.243042792069259,1.852557369043581,1.878994038890892,2.3968143146506264,1.1216030843490996,0.9859304131358948,1.2755837778311347,9.036463869703931,6.097410781494776,8.086003771859456,17.79210074921598,15.879010922184122,0.7540697424251407,2.200357710830564,2995,3.2184222761970855,0.2494707797267566,0.8253756260434056,0.8614357262103506,0.0751252086811352,0.0514190317195325,6,1,5882.655689598891,11.107876473054036,0.3702625491018012,0.1960885229866296,1.0,-1.000088900581841e-12,3.028229393427207,0.0,0.0,0.0,0.0,0.0,0.0,0.0,0.0,0.0,0.0,0.0,0.0,75.0,8.0,0.050335570469798654,49.0,18.0,0.0,8.0,26.0,0.3466666666666667,0.0,0.10666666666666667,18.0,141.0,15.0,1123.0,0.7536912751677852,15.68918918918919,1.0,0.0,0.0
subject_26_task_4,26,4,,4,294,1465.0,1495.0,0.942274833442484,22.0,1.1325757575757576,eye,中,5.333333333333333,7,95.42857142857144,1.9023794624226835,92.0,97.0,-7.155816435432134,7.21150775807776,2.2716999368418525,1.8179884083668096,3.625533766815904,2.6245934162453946,1.2495678885448092,1.9942557114942792,9.0047140690625,2.6918468216795817,1.8182280918491631,2.823219792567123,1.473899016876716,1.480478072991346,1.5527313680957755,4.517143555607979,1.8153603713281496,1.9194413385570317,2.374504861500327,1.0932142231233963,0.9457753851924818,1.2370812349417233,8.856774231182529,6.206214226766086,8.758450287102294,19.005269056325588,16.012911614271406,0.7085973001302943,2.1699351407306353,2995,3.144134129213483,0.2362417578750759,0.8020033388981636,0.8243739565943239,0.0908180300500834,0.0684474123539232,6,1,7170.559178350113,13.436815874050822,0.4478938624683607,0.2390186392783371,1.0,-1.000088900581841e-12,3.018056397070674,0.0,0.0,0.0,0.0,0.0,0.0,0.0,0.0,0.0,0.0,0.0,0.0,75.0,8.0,0.05016722408026756,49.0,18.0,0.0,8.0,26.0,0.3466666666666667,0.0,0.10666666666666667,18.0,146.0,15.0,1123.0,0.7511705685618729,15.68918918918919,1.0,0.0,0.0
subject_26_task_4,26,4,,4,295,1470.0,1500.0,0.9454262542901178,22.0,1.1363636363636365,eye,中,5.333333333333333,5,94.0,1.5811388300841898,92.0,96.0,0.0,6.6245755374612845,2.38066130233236,1.957830678129126,3.7489238688654862,2.6783464832993835,1.2159689440597,1.9148355936724328,8.460316472893995,3.597946185857161,2.5966309435722663,3.3208246084622193,1.5547480998203358,1.3856209311390837,1.2788974177029784,4.638446085791843,1.9203163124290237,2.0061293886931475,2.3789388748577576,1.1132246284078031,0.9572245555307752,1.1858352149496545,9.129793496722444,7.139488404972785,10.499372793859871,20.344687982588628,16.82442633569602,0.6799918952442591,1.9377050783915768,2994,3.090138450753593,0.2288992275011308,0.8066132264529058,0.8183032732130928,0.1005344021376085,0.0657982631930527,6,1,5933.377798951853,10.805145307289123,0.3601715102429708,0.1977792599650617,1.0,-1.000088900581841e-12,2.98063262004824,0.0,0.0,0.0,0.0,0.0,0.0,0.0,0.0,0.0,0.0,0.0,0.0,75.0,8.0,0.05,49.0,18.0,0.0,8.0,26.0,0.3466666666666667,0.0,0.10666666666666667,18.0,151.0,15.0,1123.0,0.7486666666666667,15.68918918918919,1.0,0.0,0.0
subject_26_task_4,26,4,,4,296,1475.0,1505.0,0.9485776751377516,22.0,1.1401515151515151,eye,中,5.333333333333333,7,93.57142857142856,1.5118578920369088,92.0,96.0,-3.6460865337870634,7.765855206943941,2.506598519402205,2.3600703091927553,4.695096582030437,3.483393064060498,1.0620863749858236,1.98938843632856,10.275023914529893,3.648077921559164,2.6853323073890305,4.1229180960283145,2.402154800690044,1.3585201025292168,1.53534744459134,4.449352869898509,1.8651500102491791,2.2404447041573476,2.740395151945629,1.396633593893966,0.8324909812718094,1.2231478629490735,9.130783207489468,6.117325823970597,13.554800961586466,25.488295718217056,19.831942860142913,0.4513032571490168,1.880388785526946,2994,3.06339339655778,0.2187329476504671,0.811623246492986,0.8193052772211089,0.0971943887775551,0.0681362725450901,6,2,5587.827596759171,10.133772441128508,0.3377924147042835,0.1862609198919723,0.9994805025884888,0.0044481388868101,2.9727029436516337,0.0,0.0,0.0,0.0,0.0,0.0,0.0,0.0,0.0,0.0,0.0,0.0,75.0,8.0,0.04983388704318937,49.0,18.0,0.0,8.0,26.0,0.3466666666666667,0.0,0.10666666666666667,18.0,156.0,15.0,1123.0,0.7461794019933555,15.68918918918919,1.0,0.0,0.0
subject_26_task_4,26,4,,4,297,1480.0,1510.0,0.9517290959853852,22.0,1.143939393939394,eye,中,5.333333333333333,6,93.83333333333331,1.4719601443879746,92.0,96.0,-9.593639575971638,7.676162081273391,2.754576236856861,2.5515583404088895,5.607652136473565,3.912089712534411,1.0795662373196755,2.1977362020948084,9.263632189807849,4.195006867990098,3.1402434514331645,4.916294362714336,2.85394658117398,1.3358858740953838,1.5655774588019935,4.704040622381649,1.9973886561742096,2.156281023788825,2.978104142559325,1.5711023648773477,0.9263118462474692,1.381129875792565,10.455462743707036,7.798049763284479,15.45172353706611,31.742313434586183,23.642031807827475,0.5046718409488921,2.0542895010023745,2994,3.063032053539979,0.221045681077507,0.7969271877087508,0.7952571810287241,0.1065464261857047,0.0801603206412825,6,2,6675.769628425761,13.055423172959,0.4351807724319666,0.2225256542808587,0.9853548522856562,0.076393302827009,3.0029649863131955,0.0,0.0,0.0,0.0,0.0,0.0,0.0,0.0,0.0,0.0,0.0,0.0,75.0,8.0,0.04966887417218543,49.0,18.0,0.0,8.0,26.0,0.3466666666666667,0.0,0.10666666666666667,18.0,161.0,15.0,1123.0,0.7437086092715232,15.68918918918919,1.0,0.0,0.0
subject_26_task_4,26,4,,4,298,1485.0,1515.0,0.954880516833019,22.0,1.1477272727272727,eye,中,5.333333333333333,6,92.5,2.4289915602982237,88.0,95.0,-14.570361145703822,5.46580608169409,2.1216238397044385,2.4508847944553955,5.3103923042771335,3.951062728974005,0.8656562905380785,2.166724570771651,5.890274265643941,2.970061392043466,2.462812364475569,4.397974300255025,2.67047325511313,1.2059633266766998,1.7857528911633225,4.498289816365166,1.8264459354104967,2.2661615628675755,2.9577122509244154,1.5494395875429865,0.8059645725785466,1.3051638944849808,10.126484895715578,7.1919578543255325,17.743283150146468,31.262680656621324,23.351079846234416,0.4053341083195285,1.7619445280826314,2994,3.0966073555166376,0.2308855919457988,0.8326653306613226,0.7822311289245157,0.1185704742818971,0.0811623246492986,6,2,7277.656883437654,15.098132174853331,0.5032710724951112,0.2425885627812551,0.9735309859006472,0.1222452269500779,3.028295809411372,0.0,0.0,0.0,0.0,0.0,0.0,0.0,0.0,0.0,0.0,0.0,0.0,75.0,8.0,0.04950495049504951,49.0,18.0,0.0,8.0,26.0,0.3466666666666667,0.0,0.10666666666666667,18.0,166.0,15.0,1123.0,0.7412541254125412,15.68918918918919,1.0,0.0,0.0
subject_26_task_4,26,4,,4,299,1490.0,1520.0,0.9580319376806528,22.0,1.1515151515151516,eye,中,5.333333333333333,5,91.2,2.16794833886788,88.0,93.0,-14.070796460176982,5.918769936488321,2.4873982718354384,2.764442324355199,6.314710859555453,4.835215454185453,0.8997830231150217,2.284262110994972,6.485194420839076,3.7852082799066458,3.039857654995503,5.465147823089121,3.334118726305625,1.2451926075177508,1.79783017606369,4.314120497347664,2.031783673434993,2.329161635579069,3.465751828240096,1.8273126920668383,0.8723240338491396,1.4879825321261793,10.610305430788229,8.21856185910534,22.20737104992537,40.327829765609025,29.33163443985806,0.3700826108875665,1.8159659544998032,2994,3.109017726798749,0.208792002175463,0.8887775551102205,0.7812291249164997,0.1225784903139612,0.0791583166332665,6,2,7879.544138449546,17.140841176747664,0.5713613725582555,0.2626514712816515,0.9635134764208236,0.1566126750062214,3.0497567894541984,0.0,0.0,0.0,0.0,0.0,0.0,0.0,0.0,0.0,0.0,0.0,0.0,75.0,8.0,0.049342105263157895,49.0,18.0,0.0,8.0,26.0,0.3466666666666667,0.0,0.10666666666666667,18.0,171.0,15.0,1123.0,0.7388157894736842,15.68918918918919,1.0,0.0,0.0
subject_26_task_4,26,4,,4,300,1495.0,1525.0,0.9611833585282864,22.0,1.1553030303030305,eye,中,5.333333333333333,6,90.83333333333331,2.136976056643281,88.0,93.0,-11.680773881499334,5.416251590978987,2.3069428453025815,2.656033171026497,6.762705729826079,5.4775679281146115,0.8685670308895277,2.546167647150448,5.852620855753909,3.3338279045750867,2.78436346828922,5.588929233673827,3.7499985883413447,1.1973393353790378,2.0072556249661617,3.988085727033004,1.8858806785335889,2.305939765160251,3.3569521125029977,1.828488980474981,0.8178360541011486,1.4557848228397705,9.970250373944127,7.911124584665771,21.915676109569016,35.86188098244305,27.444812834518373,0.3609801744246232,1.6363575005922228,2995,3.1248439615247596,0.2044114333629698,0.8537562604340567,0.769949916527546,0.1131886477462437,0.0998330550918197,6,2,8481.43139346144,19.18355017864199,0.6394516726213998,0.282714379782048,0.9549177579107448,0.1837723117331351,3.0681718000683733,0.0,0.0,0.0,0.0,0.0,0.0,0.0,0.0,0.0,0.0,0.0,0.0,75.0,8.0,0.04918032786885246,49.0,18.0,0.0,8.0,26.0,0.3466666666666667,0.0,0.10666666666666667,18.0,176.0,15.0,1123.0,0.7363934426229508,15.68918918918919,1.0,0.0,0.0
subject_26_task_4,26,4,,4,301,1500.0,1530.0,0.9643347793759202,22.0,1.1590909090909092,eye,中,5.333333333333333,6,90.33333333333331,1.8618986725025255,88.0,93.0,-7.096092925026378,5.388996204990257,2.189976861876114,2.528315570587756,6.67975891245673,5.355622263362894,0.8661801902232528,2.641979897669139,4.490261118596631,2.5690689261808357,2.136906221071906,4.867901601924787,3.22434737504447,1.2022375623447576,2.2780136788047587,3.909422306214358,1.9605294109143383,2.223026264830624,3.4496902456391987,1.752209148314161,0.8819191396570001,1.5517991398549833,9.830019402879383,7.359886603137663,20.636489954923302,37.83140901197262,28.984875920606452,0.3566443042985512,1.8332288627866715,2995,3.1601512665001787,0.1908215416686812,0.8277128547579299,0.773288814691152,0.1051752921535893,0.1065108514190317,3,2,9506.781315574734,21.992014455584073,0.7330671485194691,0.3168927105191578,0.9498014419555076,0.1990994709059775,3.0791327235223815,0.0,0.0,0.0,0.0,0.0,0.0,0.0,0.0,0.0,0.0,0.0,0.0,75.0,8.0,0.049019607843137254,49.0,18.0,0.0,8.0,26.0,0.3466666666666667,0.0,0.10666666666666667,18.0,181.0,15.0,1123.0,0.7339869281045751,15.68918918918919,1.0,0.0,0.0
subject_26_task_4,26,4,,4,302,1505.0,1535.0,0.967486200223554,22.0,1.1628787878787878,eye,中,5.333333333333333,6,90.33333333333331,1.8618986725025255,88.0,93.0,11.027811366384537,4.455909384614964,1.981702020790385,2.378956066380794,6.5299295867330125,5.180513973184041,0.833013290491418,2.744871870066634,4.052392218061322,2.315808395259061,1.9459999966106027,4.561586464326871,2.939924967382096,1.1900351486601044,2.3440834903761054,3.708910909429261,1.783184823595488,2.305629394865672,3.097363803747963,1.5504167601050178,0.7734047924468703,1.3433918784369152,9.102342123227205,7.688747661440121,19.62398195292262,33.842079087614444,24.297302295628175,0.3918036451462914,1.7245266107969646,2995,3.1684610971674436,0.1941550237642197,0.8220367278797996,0.7606010016694491,0.1115191986644407,0.1125208681135225,3,2,11338.74446257869,26.229890417346702,0.8743296805782234,0.377958148752623,0.9498014419555076,0.1990994709059775,3.0791327235223815,0.0,0.0,0.0,0.0,0.0,0.0,0.0,0.0,0.0,0.0,0.0,0.0,75.0,8.0,0.048859934853420196,49.0,18.0,0.0,8.0,26.0,0.3466666666666667,0.0,0.10666666666666667,18.0,186.0,15.0,1123.0,0.7315960912052117,15.68918918918919,1.0,0.0,0.0
subject_26_task_4,26,4,,4,303,1510.0,1540.0,0.9706376210711876,22.0,1.1666666666666667,eye,中,5.333333333333333,6,90.33333333333331,1.8618986725025255,88.0,93.0,11.027811366384537,4.392786788635196,1.87715022647287,2.215956888367437,6.112848362600435,4.690002136028117,0.8471059325778777,2.758559245754982,3.8465682985485454,2.1679935655619538,1.7484446896002623,4.27980272104783,2.6475059641292327,1.2399554749756545,2.4477770137677615,3.7549043730767178,1.9344548256669631,2.397372516589412,3.3078000689678047,1.6803455484011418,0.8069062326696679,1.379760569572892,9.42487261325804,7.396246844344955,19.482781231760416,36.33135295834605,27.853035371430124,0.379629928415341,1.8647929433770705,2995,3.144795998570918,0.1992681288486281,0.8303839732888146,0.779966611018364,0.1005008347245409,0.1065108514190317,3,2,11338.74446257869,26.229890417346702,0.8743296805782234,0.377958148752623,0.9498014419555076,0.1990994709059775,3.0791327235223815,0.0,0.0,0.0,0.0,0.0,0.0,0.0,0.0,0.0,0.0,0.0,0.0,75.0,8.0,0.048701298701298704,49.0,18.0,0.0,8.0,26.0,0.3466666666666667,0.0,0.10666666666666667,18.0,191.0,15.0,1123.0,0.7292207792207792,15.68918918918919,1.0,0.0,0.0
subject_26_task_4,26,4,,4,304,1515.0,1545.0,0.9737890419188212,22.0,1.1704545454545454,eye,中,5.333333333333333,6,91.5,2.258317958127243,89.0,95.0,13.247344461305024,4.541815155546922,1.9497583082940595,2.396393287744951,6.111066163247516,4.508080120244859,0.8136220036439915,2.550109864895398,3.9760641251573055,2.170305166508019,1.9146392277690591,4.3464956188766335,2.6920326948492033,1.133532174119749,2.2701381836520595,3.93379892742388,1.8236841491088016,2.633381546900698,3.507469704825275,1.7967973999416158,0.6925256050552749,1.3319261346512117,10.048581777918178,7.384063961079899,19.866256390431484,37.23773791091195,26.265811895719754,0.371688747792282,1.874421490344169,2995,3.116735849056604,0.1954399267224201,0.8337228714524207,0.7989983305509182,0.0888146911519198,0.1011686143572621,3,2,11338.74446257869,26.229890417346702,0.8743296805782234,0.377958148752623,0.9498014419555076,0.1990994709059775,3.0791327235223815,0.0,0.0,0.0,0.0,0.0,0.0,0.0,0.0,0.0,0.0,0.0,0.0,75.0,8.0,0.04854368932038835,49.0,18.0,0.0,8.0,26.0,0.3466666666666667,0.0,0.10666666666666667,18.0,196.0,15.0,1123.0,0.7268608414239482,15.68918918918919,1.0,0.0,0.0
subject_26_task_4,26,4,,4,305,1520.0,1550.0,0.9769404627664552,22.0,1.1742424242424243,eye,中,5.333333333333333,7,93.0,2.8284271247461903,89.0,96.0,15.825571549534398,4.674300630928379,1.8788107318529503,2.320227236327481,5.752453766173662,4.294785850793028,0.8097528993870372,2.4792630980743087,3.9423422949220104,2.050831175565893,1.8993971728161891,3.9631333420923966,2.37865666983645,1.079727402418514,2.0865216600361456,4.021934350043672,1.8490301732474383,2.4569471856550593,3.201942699001063,1.7493345685564097,0.7525722099534912,1.30321999499854,10.772533530747372,7.082216175406746,16.81710672623672,32.380943531479296,24.376360432951856,0.4211316661478774,1.925476484070896,2995,3.076084922634041,0.2119580269028741,0.8076794657762938,0.7876460767946578,0.0951585976627712,0.1031719532554257,3,2,11338.74446257869,26.229890417346702,0.8743296805782234,0.377958148752623,0.9498014419555076,0.1990994709059775,3.0791327235223815,0.0,0.0,0.0,0.0,0.0,0.0,0.0,0.0,0.0,0.0,0.0,0.0,75.0,8.0,0.04838709677419355,49.0,18.0,0.0,8.0,26.0,0.3466666666666667,0.0,0.10666666666666667,18.0,201.0,15.0,1123.0,0.724516129032258,15.68918918918919,1.0,0.0,0.0
subject_26_task_4,26,4,,4,306,1525.0,1555.0,0.9800918836140888,22.0,1.178030303030303,eye,中,5.333333333333333,6,93.66666666666669,2.422120283277993,90.0,96.0,15.81014729950907,4.567240981455745,1.7260800452492704,2.4506379640163676,5.298381906913983,3.7852527837667447,0.7043390621519573,2.162041878364778,3.833557090737266,1.874266322168616,1.7678868543028168,3.657793223951362,1.9949477091658645,1.0601732331494431,2.069019980011022,4.030746487960034,1.795170454219256,2.742337839067568,3.309694352714944,1.7143674450235031,0.6546131656884545,1.206887898917766,10.8486773655432,6.636412086546237,18.10838441199092,33.9336010711912,24.443248237430833,0.3664828366550342,1.8739165404905591,2994,3.0395499124343255,0.2097582973824162,0.845691382765531,0.8122912491649966,0.0981963927855711,0.0794923179692718,3,2,11338.74446257869,26.229890417346702,0.8743296805782234,0.377958148752623,0.9498014419555076,0.1990994709059775,3.0791327235223815,0.0,0.0,0.0,0.0,0.0,0.0,0.0,0.0,0.0,0.0,0.0,0.0,75.0,8.0,0.04823151125401929,49.0,18.0,0.0,8.0,26.0,0.3466666666666667,0.0,0.10666666666666667,18.0,206.0,15.0,1123.0,0.7221864951768489,15.68918918918919,1.0,0.0,0.0
subject_26_task_4,26,4,,4,307,1530.0,1560.0,0.9832433044617226,22.0,1.181818181818182,eye,中,5.333333333333333,6,95.5,3.146426544510455,92.0,101.0,18.501203162599033,4.79923910990307,1.9495632775787817,2.4295694262757848,5.8291168023384055,4.421249627868038,0.8024315981647865,2.3992386219947157,4.288444497109086,2.2041619010537414,2.0086833889288456,4.256275417936591,2.588446348921216,1.0973167365261765,2.1189379278962925,4.15275672901951,1.8245900813420184,2.506003489152934,3.5122056117706277,1.9231773672914565,0.7280876061185201,1.4015166487089787,11.240159490903253,7.287140771883162,17.483349273256962,36.10317496979898,27.684162440786267,0.4168046212420971,2.065003358654136,2994,3.0292383966244723,0.202318737994314,0.8483633934535738,0.8006012024048096,0.1028724114896459,0.0841683366733467,3,2,11338.74446257869,26.229890417346702,0.8743296805782234,0.377958148752623,0.9498014419555076,0.1990994709059775,3.0791327235223815,0.0,0.0,0.0,0.0,0.0,0.0,0.0,0.0,0.0,0.0,0.0,0.0,75.0,8.0,0.04807692307692308,49.0,18.0,0.0,8.0,26.0,0.3466666666666667,0.0,0.10666666666666667,18.0,211.0,15.0,1123.0,0.7198717948717949,15.68918918918919,1.0,0.0,0.0
subject_26_task_4,26,4,,4,308,1535.0,1565.0,0.9863947253093562,22.0,1.1856060606060606,eye,中,5.333333333333333,5,98.4,3.911521443121589,95.0,104.0,28.15950920245404,4.6843505954110425,1.6950265312564492,2.3529093310940694,5.960421134986521,4.664834533542267,0.7203960258291321,2.5332132675996526,4.051054457921789,1.9705578356133135,1.8683654548862736,4.363183512148384,2.7993522442732455,1.054696141196456,2.3352944686156003,4.326563621369278,1.6883934946605068,2.412866282779871,3.5911569631055023,1.9088254713671495,0.6997459853909945,1.4883365019996546,9.27817496097962,5.364202881499611,17.249458393818873,33.65042071932456,25.249317028684207,0.3109780469062034,1.9508102776944445,2994,3.0267485895627644,0.222760837533779,0.8319973279893119,0.7812291249164997,0.1142284569138276,0.0898463593854375,3,2,11338.74446257869,26.229890417346702,0.8743296805782234,0.377958148752623,0.9498014419555076,0.1990994709059775,3.0791327235223815,0.0,0.0,0.0,0.0,0.0,0.0,0.0,0.0,0.0,0.0,0.0,0.0,75.0,8.0,0.04792332268370607,49.0,18.0,0.0,8.0,26.0,0.3466666666666667,0.0,0.10666666666666667,18.0,216.0,15.0,1123.0,0.7175718849840256,15.68918918918919,1.0,0.0,0.0
subject_26_task_4,26,4,,4,309,1540.0,1570.0,0.98954614615699,22.0,1.1893939393939394,eye,中,5.333333333333333,6,98.5,3.5071355833500366,95.0,104.0,18.118927322191972,4.43089328036017,1.8342646126976256,2.380090948057173,6.560634685266999,5.300466734587641,0.770669967126636,2.756463861442913,4.290773752367438,2.2303066774935423,1.9718085083407135,4.887757024679755,3.3017179961546748,1.1310969944897722,2.478819319424088,4.11388133063237,1.7781760039767232,2.111876214338443,3.440222224890866,1.9871372762210568,0.8419887453175122,1.628988574961783,9.625349433480016,6.115743451754355,17.513764888891608,29.889042823315567,25.22487379809819,0.3491963887007165,1.7066029499044597,2994,3.0695958274398865,0.2482659529325037,0.8279893119572478,0.770875083500334,0.1205744822979291,0.0931863727454909,3,2,11338.74446257869,26.229890417346702,0.8743296805782234,0.377958148752623,0.9498014419555076,0.1990994709059775,3.0791327235223815,0.0,0.0,0.0,0.0,0.0,0.0,0.0,0.0,0.0,0.0,0.0,0.0,75.0,8.0,0.04777070063694268,49.0,18.0,0.0,8.0,26.0,0.3466666666666667,0.0,0.10666666666666667,18.0,221.0,15.0,1123.0,0.7152866242038216,15.68918918918919,1.0,0.0,0.0
subject_26_task_4,26,4,,4,310,1545.0,1575.0,0.9926975670046236,22.0,1.193181818181818,eye,中,5.333333333333333,6,98.16666666666669,3.970726214015097,93.0,104.0,-0.7994389901824653,4.164850530595901,1.7670312706344165,2.3928914367640655,6.891754291233419,5.996976087344357,0.7384502462109159,2.880094844818041,4.203410201751012,2.387472607155638,2.0758514017827463,5.290864798533183,3.4030564634008225,1.1501172989093875,2.5487685650280048,4.022662438079667,1.9075492888800565,2.3022198740355524,3.3278175612793124,1.7902263992276637,0.8285695516720218,1.445482075283276,8.262082067462694,4.89610673559264,17.243217192817337,30.032144891526183,23.3055072118383,0.2839439230419317,1.741678745659834,2995,3.129597612359551,0.2816205654948634,0.8474123539232054,0.788313856427379,0.1131886477462437,0.0834724540901502,3,2,10760.846453135931,24.893040335742604,0.8297680111914202,0.3586948817711977,0.9498014419555076,0.1990994709059775,3.0791327235223815,0.0,0.0,0.0,0.0,0.0,0.0,0.0,0.0,0.0,0.0,0.0,0.0,75.0,8.0,0.047619047619047616,49.0,18.0,0.0,8.0,26.0,0.3466666666666667,0.0,0.10666666666666667,18.0,226.0,15.0,1123.0,0.713015873015873,15.68918918918919,1.0,0.0,0.0
subject_26_task_4,26,4,,4,311,1550.0,1580.0,0.9958489878522576,22.0,1.196969696969697,eye,中,5.333333333333333,5,98.0,4.898979485566356,93.0,104.0,-37.137330754352064,4.41588579402565,2.04578330878126,2.353080406106629,7.727978336830917,6.627765372037726,0.8694064611953408,3.284196458725145,4.38252417098862,2.801051085950148,2.0597121417712043,5.8574317988073865,3.8905001266381096,1.359923568514504,2.8438108801797983,4.086530592180126,2.0905052753991327,2.1172721896408704,3.475684144529974,1.9724863804074648,0.9873578303381588,1.6415858865645023,7.601227328664014,5.760689588154061,17.66309686913851,30.59391349468059,24.938876275081913,0.3261426708370325,1.7320809437520093,2995,3.2218068102849204,0.2840376091813315,0.891151919866444,0.8273789649415693,0.092821368948247,0.0687813021702838,3,2,8871.055709372817,20.52139193285149,0.6840463977617162,0.2957018569790939,0.9498014419555076,0.1990994709059775,3.0791327235223815,0.0,0.0,0.0,0.0,0.0,0.0,0.0,0.0,0.0,0.0,0.0,0.0,75.0,8.0,0.04746835443037975,49.0,18.0,0.0,8.0,26.0,0.3466666666666667,0.0,0.10666666666666667,18.0,231.0,15.0,1123.0,0.7107594936708861,15.68918918918919,1.0,0.0,0.0
subject_26_task_4,26,4,,4,312,1555.0,1585.0,0.9990004086998912,22.0,1.2007575757575757,eye,中,5.333333333333333,7,97.57142857142856,4.07664661444276,93.0,104.0,-16.62261380323053,5.017933902239289,2.7060945751917993,2.967711430969844,9.309338536311342,7.915169175362907,0.9118455881363948,3.13687457586436,5.536350044909387,4.297751772741495,3.4992036103956585,7.5203662708027395,4.906559471959981,1.2282085443594817,2.1491650981556925,4.3074296325122114,2.568633461638587,2.5710060440538367,4.018122279534911,2.275398376184908,0.9990771774260364,1.562859911911888,8.181944658451004,6.420583404848028,23.519394709128495,39.14999440618664,27.981118462338753,0.2729910137677153,1.6645834168084055,2995,3.3085492085340675,0.2526337368181837,0.9098497495826378,0.8370617696160267,0.0948247078464106,0.0557595993322203,6,2,7140.821799528953,16.465073241263237,0.5488357747087745,0.2380273933176317,0.9509230947867572,0.1957882247741656,3.084611043956913,0.0,0.0,0.0,0.0,0.0,0.0,0.0,0.0,0.0,0.0,0.0,0.0,75.0,8.0,0.0473186119873817,49.0,18.0,0.0,8.0,26.0,0.3466666666666667,0.0,0.10666666666666667,18.0,236.0,15.0,1123.0,0.7085173501577287,15.68918918918919,1.0,0.0,0.0
subject_26_task_4,26,4,,4,313,1556.5859375,1586.5859375,1.0,22.0,1.201959043560606,eye,中,5.333333333333333,7,97.57142857142856,4.07664661444276,93.0,104.0,-16.62261380323053,4.910469594925029,2.6634910986726177,2.8963029409022623,9.16072997714898,7.833578151741709,0.9196175790378064,3.1629046284416673,5.518407624102092,4.407294714410728,3.6538817748384873,7.421288587221542,4.734108518578106,1.2061952153899518,2.0310697073797868,4.355511843555107,2.567533787324507,2.5159339022018203,3.810132994037515,2.2491471372669407,1.020509237177308,1.5144010701962702,8.039577495430905,6.504731561826322,23.540031937287853,35.80796935682408,26.72465892173508,0.2763263694439898,1.5211521145008975,2995,3.3217672977624786,0.2455786980439268,0.9135225375626044,0.8383973288814691,0.0968280467445742,0.0520868113522537,6,2,6712.381613054976,15.416341833754585,0.5138780611251528,0.2237460537684991,0.952273345926283,0.1917663145159424,3.0912058727696516,0.0,0.0,0.0,0.0,0.0,0.0,0.0,0.0,0.0,0.0,0.0,0.0,75.0,8.0,0.047271312714505895,49.0,18.0,0.0,8.0,26.0,0.3466666666666667,0.0,0.10666666666666667,18.0,237.5859375,15.0,1123.0,0.7078091223785349,15.68918918918919,1.0,0.0,0.0
