sample_id,subject,task,repeat_id,label_task,window_id,window_start_sec,window_end_sec,progress_end_ratio,task_required_time_min,elapsed_required_ratio,anchor_source,task_difficulty,nasa_tlx_weighted_task_label,hr_n,hr_mean,hr_std,hr_min,hr_max,hr_slope_bpm_per_min,eeg_frontal_delta_power,eeg_frontal_theta_power,eeg_frontal_alpha_power,eeg_frontal_beta_power,eeg_frontal_gamma_power,eeg_frontal_theta_alpha,eeg_frontal_beta_alpha,eeg_central_delta_power,eeg_central_theta_power,eeg_central_alpha_power,eeg_central_beta_power,eeg_central_gamma_power,eeg_central_theta_alpha,eeg_central_beta_alpha,eeg_parietal_delta_power,eeg_parietal_theta_power,eeg_parietal_alpha_power,eeg_parietal_beta_power,eeg_parietal_gamma_power,eeg_parietal_theta_alpha,eeg_parietal_beta_alpha,eeg_occipital_delta_power,eeg_occipital_theta_power,eeg_occipital_alpha_power,eeg_occipital_beta_power,eeg_occipital_gamma_power,eeg_occipital_theta_alpha,eeg_occipital_beta_alpha,eye_n,eye_pupil_filtered_mean,eye_pupil_filtered_std,eye_valid_ratio,eye_fixation_ratio,eye_saccade_ratio,eye_eyes_not_found_ratio,eye_aoi_interval_n,eye_aoi_unique_hit_n,eye_aoi_total_fix_ms,eye_aoi_fixation_n,eye_aoi_fixation_density_per_sec,eye_aoi_coverage_ratio,eye_aoi_max_share,eye_aoi_entropy,eye_aoi_pupil_weighted_mean,log_action_count_win,log_unique_device_count_win,log_action_density_win,log_correct_action_count_win,log_error_action_count_win,log_duplicate_action_count_win,log_extra_action_count_win,log_disallowed_action_count_win,log_error_rate_win,log_duplicate_rate_win,log_extra_rate_win,log_unique_step_count_win,log_action_count_cum,log_unique_device_count_cum,log_action_density_cum,log_correct_action_count_cum,log_error_action_count_cum,log_duplicate_action_count_cum,log_extra_action_count_cum,log_disallowed_action_count_cum,log_error_rate_cum,log_duplicate_rate_cum,log_extra_rate_cum,log_unique_step_count_cum,log_time_since_last_action_sec,log_cum_gap_count,log_cum_idle_gap_total_sec,log_cum_idle_ratio,log_cum_mean_inter_action_sec,log_action_type_diversity_cum,log_recent_60s_action_count,log_recent_60s_action_density
subject_24_task_5_6,24,5_6,,5_6,1,0.0,30.0,0.016759557093788,18.0,0.0277777777777777,eye,高,7.333333333333333,0,,,,,,31.196007645774767,7.321359079266573,2.8280225730212143,4.534545912995952,3.005891824297792,2.5888616127434467,1.6034334224396365,5.205467664850892,3.2513855252459845,1.6596633548329196,4.387708443141507,3.3387515792718374,1.9590632737524687,2.64373400205804,9.3961326863029,3.452465278097264,2.382194889520481,3.569185582736526,1.9018053579121093,1.4492791052843794,1.4982760639936468,20.73114154353352,11.54625346030825,15.213562919842913,26.45794986892952,24.81174138012555,0.7589447337972735,1.739102799806392,2990,3.113578259245424,0.3694632569372961,0.7839464882943143,0.5989966555183946,0.1933110367892976,0.1434782608695652,0,0,0.0,0.0,,,,,,0.0,0.0,0.0,0.0,0.0,0.0,0.0,0.0,0.0,0.0,0.0,0.0,0.0,0.0,0.0,0.0,0.0,0.0,0.0,0.0,0.0,0.0,0.0,0.0,,0.0,0.0,0.0,,0.0,0.0,0.0
subject_24_task_5_6,24,5_6,,5_6,2,5.0,35.0,0.0195528166094193,18.0,0.0324074074074074,eye,高,7.333333333333333,0,,,,,,30.41427593688104,6.630623108635326,2.7119244716163124,4.507991625044314,3.0611866519766457,2.444988117491141,1.662285093934619,5.717032920917725,3.402491929595881,1.7888560305777694,4.445217298370483,3.3118167872013253,1.9020490589714676,2.4849497233909625,10.45705535187034,3.6202510518288142,2.538142972174116,3.7044547099233296,1.9255845502946327,1.426338504772168,1.4595138061707285,20.29012852109992,11.851663611611558,15.41845556155045,27.396359911066625,24.446316855422037,0.768667365178032,1.7768550035183743,2995,3.1288293680297397,0.3753910343427284,0.7806343906510852,0.5996661101836394,0.1899833055091819,0.1429048414023372,0,0,0.0,0.0,,,,,,0.0,0.0,0.0,0.0,0.0,0.0,0.0,0.0,0.0,0.0,0.0,0.0,0.0,0.0,0.0,0.0,0.0,0.0,0.0,0.0,0.0,0.0,0.0,0.0,,0.0,0.0,0.0,,0.0,0.0,0.0
subject_24_task_5_6,24,5_6,,5_6,3,10.0,40.0,0.0223460761250507,18.0,0.037037037037037,eye,高,7.333333333333333,0,,,,,,30.67522660345611,6.444530858117613,2.9142423158595827,4.43192671620585,2.9903300872030836,2.2113915589811683,1.5207818142255656,5.389293136694893,3.236403583131237,1.8950257781422888,4.425739596495078,3.468547205692692,1.707841455488755,2.335450866971146,9.712623204854223,3.5148856795785344,2.533896457777623,3.646164079161689,1.993805867290524,1.387146530312962,1.4389554348087257,21.585443913995547,10.29627472175716,17.140066919002233,27.607461374172537,25.250987622860617,0.6007137994509377,1.6106974088628374,2995,3.1564472026676547,0.3669192951755469,0.7913188647746243,0.6030050083472455,0.1886477462437395,0.135559265442404,0,0,0.0,0.0,,,,,,0.0,0.0,0.0,0.0,0.0,0.0,0.0,0.0,0.0,0.0,0.0,0.0,0.0,0.0,0.0,0.0,0.0,0.0,0.0,0.0,0.0,0.0,0.0,0.0,,0.0,0.0,0.0,,0.0,0.0,0.0
subject_24_task_5_6,24,5_6,,5_6,4,15.0,45.0,0.025139335640682,18.0,0.0416666666666666,eye,高,7.333333333333333,0,,,,,,36.2840572627129,6.716661496067783,2.774042679480438,4.368476253518925,2.944822768647414,2.4212538421816117,1.574768941311716,5.775954185124051,3.4012199543281123,1.7735264707713865,4.57614376923368,3.534805678253903,1.917772308664087,2.58025118014918,10.235571745537092,3.695746191980505,2.5051556529149224,3.644515346251673,1.9881827646643604,1.4752561133996795,1.454805948688668,22.581860834143907,10.404540530106232,16.062567970047915,29.87515977358609,26.767096580508348,0.6477507550167394,1.85992425552967,2995,3.1530108342361864,0.3513245342283755,0.818363939899833,0.6474123539232054,0.1752921535893155,0.1155258764607679,0,0,0.0,0.0,,,,,,0.0,0.0,0.0,0.0,0.0,0.0,0.0,0.0,0.0,0.0,0.0,0.0,0.0,0.0,0.0,0.0,0.0,0.0,0.0,0.0,0.0,0.0,0.0,0.0,,0.0,0.0,0.0,,0.0,0.0,0.0
subject_24_task_5_6,24,5_6,,5_6,5,20.0,50.0,0.0279325951563134,18.0,0.0462962962962962,eye,高,7.333333333333333,2,91.5,0.7071067811865476,91.0,92.0,-60.000000000001705,37.84083074221122,7.662673825041697,2.8086134095328625,4.49881893450731,3.154620054824998,2.728276450946725,1.60179358228428,5.448935102167531,3.199143405082891,1.855291503989193,4.589958828001415,3.6640106631248863,1.724334638629125,2.47398256184121,10.18344153564992,3.79282766568123,2.5140093740257443,3.5821932533358405,1.9634469661612783,1.508676819135198,1.4248925602053693,23.150525140844326,11.812428389709815,18.631749908313186,29.612131855996783,28.206874219728174,0.633994576346224,1.5893371262344138,2995,3.1004745583038864,0.3481165795252095,0.8534223706176962,0.6894824707846411,0.1595993322203673,0.0934891485809682,0,0,0.0,0.0,,,,,,0.0,0.0,0.0,0.0,0.0,0.0,0.0,0.0,0.0,0.0,0.0,0.0,0.0,0.0,0.0,0.0,0.0,0.0,0.0,0.0,0.0,0.0,0.0,0.0,,0.0,0.0,0.0,,0.0,0.0,0.0
subject_24_task_5_6,24,5_6,,5_6,6,25.0,55.0,0.0307258546719447,18.0,0.0509259259259259,eye,高,7.333333333333333,2,91.5,0.7071067811865476,91.0,92.0,-60.000000000001705,33.17401936405951,7.670595723966731,2.5473465897311796,4.465966677037386,2.9480450385718373,3.011210078317692,1.7531837618958157,5.290510363372834,3.0941251325047774,1.6713391609789037,4.413009353170626,3.332765799913838,1.8512850082999,2.64040325040067,9.33930330403469,3.6195248138467297,2.4209809817614105,3.485311534782248,1.8166182471523236,1.4950653644595364,1.4396278041996318,19.28144212579083,11.571168300626796,17.15503471120456,31.08068110180192,28.502639250092017,0.6745056769293072,1.8117527376089788,2995,3.0524612129760222,0.2912474240007963,0.8714524207011686,0.7385642737896494,0.1375626043405676,0.0791318864774624,0,0,0.0,0.0,,,,,,0.0,0.0,0.0,0.0,0.0,0.0,0.0,0.0,0.0,0.0,0.0,0.0,0.0,0.0,0.0,0.0,0.0,0.0,0.0,0.0,0.0,0.0,0.0,0.0,,0.0,0.0,0.0,,0.0,0.0,0.0
subject_24_task_5_6,24,5_6,,5_6,7,30.0,60.0,0.0335191141875761,18.0,0.0555555555555555,eye,高,7.333333333333333,4,90.0,1.8257418583505536,88.0,92.0,-18.113207547169893,30.83533534343027,7.566354230779173,2.497864091039117,4.420254807388201,2.8498946183375233,3.0291296703943384,1.7696138165585165,5.539535142298676,3.0971273264311865,1.6463606411274914,4.160066687370972,3.1245671082888933,1.8811961662969263,2.5268258870195037,10.298310905074969,3.8882762666315793,2.2758553859366417,3.2236728929981933,1.683039254590096,1.7084900431981254,1.4164664912008331,19.156612470967712,11.549399906029484,17.70110275518796,31.939689267308346,29.141743687032577,0.6524678188563425,1.8043898004008387,2995,3.00657497378539,0.2891222230285906,0.896160267111853,0.7853088480801336,0.1171953255425709,0.0637729549248748,0,0,0.0,0.0,,,,,,0.0,0.0,0.0,0.0,0.0,0.0,0.0,0.0,0.0,0.0,0.0,0.0,0.0,0.0,0.0,0.0,0.0,0.0,0.0,0.0,0.0,0.0,0.0,0.0,,0.0,0.0,0.0,,0.0,0.0,0.0
subject_24_task_5_6,24,5_6,,5_6,8,35.0,65.0,0.0363123737032074,18.0,0.0601851851851851,eye,高,7.333333333333333,4,90.0,1.8257418583505536,88.0,92.0,-18.113207547169893,34.51153416732441,7.744944341203428,2.589705621718532,4.860844525302672,2.693315226515205,2.9906659182613473,1.8769872855575795,5.981278890112926,3.2951773860274325,1.6452157635424915,4.2720687331923015,2.9984858580784617,2.0028846422746587,2.5966616828382736,10.649717505718735,3.9150513473387383,2.389121649544356,3.3861671780667137,1.6597083185381518,1.6386990373995405,1.41732723350965,21.06667103235968,12.333579812522522,17.986392512259254,33.44503882195698,30.82406764273642,0.685717261208224,1.8594634137535553,2994,2.993003447087211,0.2532034400577508,0.9038076152304608,0.7762191048764195,0.1295925183700735,0.0480961923847695,0,0,0.0,0.0,,,,,,0.0,0.0,0.0,0.0,0.0,0.0,0.0,0.0,0.0,0.0,0.0,0.0,0.0,0.0,0.0,0.0,0.0,0.0,0.0,0.0,0.0,0.0,0.0,0.0,,0.0,0.0,0.0,,0.0,0.0,0.0
subject_24_task_5_6,24,5_6,,5_6,9,40.0,70.0,0.0391056332188387,18.0,0.0648148148148148,eye,高,7.333333333333333,5,90.8,2.3874672772626644,88.0,94.0,3.9344262295082055,33.587668943658066,7.506267665547195,2.2893078278243917,4.69562046910475,2.6770903333520644,3.2788371988753737,2.0511092532135184,6.006162126977533,3.302040606713445,1.6612082199103135,3.95864771843273,2.709314472164811,1.987734329229191,2.3829930956195553,10.407439012331889,3.7931645807021743,2.4534433274157013,3.274932744297514,1.531879049474318,1.5460575503480851,1.3348312177021495,19.482736640834464,12.791329843046489,17.659269588117883,32.371145493735575,30.87035382773767,0.7243408216415242,1.833096512412758,2994,2.9797692830445124,0.2326059419918023,0.9074816299265196,0.7879091516366066,0.1322645290581162,0.0354041416165664,0,0,0.0,0.0,,,,,,0.0,0.0,0.0,0.0,0.0,0.0,0.0,0.0,0.0,0.0,0.0,0.0,0.0,0.0,0.0,0.0,0.0,0.0,0.0,0.0,0.0,0.0,0.0,0.0,,0.0,0.0,0.0,,0.0,0.0,0.0
subject_24_task_5_6,24,5_6,,5_6,10,45.0,75.0,0.0418988927344701,18.0,0.0694444444444444,eye,高,7.333333333333333,7,92.0,2.8284271247461903,88.0,95.0,10.824742268041229,29.459178631099153,7.194209482756928,2.4563971278373735,4.988977338383986,2.5544769197730206,2.928764816253776,2.0310141555882337,6.187387606123997,3.0567669202948227,1.7265613368503774,3.851791980712894,2.544507253276028,1.7704363320627976,2.230903645589214,10.105835446451303,3.707107110389588,2.5251382982691615,3.3978041456084123,1.4964464504852637,1.4680808227139872,1.345591307983968,16.829628596838738,12.58580453272787,16.42164261883148,31.14595682561412,30.753932448102372,0.7664156884217617,1.8966407653944173,2994,2.9762787504291106,0.2570805059844663,0.8794255177020708,0.7414829659318637,0.1499665998663994,0.0514362057448229,0,0,0.0,0.0,,,,,,0.0,0.0,0.0,0.0,0.0,0.0,0.0,0.0,0.0,0.0,0.0,0.0,0.0,0.0,0.0,0.0,0.0,0.0,0.0,0.0,0.0,0.0,0.0,0.0,,0.0,0.0,0.0,,0.0,0.0,0.0
subject_24_task_5_6,24,5_6,,5_6,11,50.0,80.0,0.0446921522501014,18.0,0.074074074074074,eye,高,7.333333333333333,5,92.2,3.420526275297414,88.0,95.0,26.93430656934302,30.476947318396235,7.076743826447757,2.4475729405933633,5.072054848558917,2.582220147566842,2.8913311260632533,2.0722793443407257,6.653917419303809,2.96755898586577,1.7962393194449875,3.9303571412948144,2.6763068830953745,1.6520955497080998,2.1881032770784903,10.62573145439586,3.7419928858878713,2.615583932893199,3.450782591802019,1.4925913589236406,1.4306529562401415,1.3193163287193672,18.096958414499326,11.97509705792934,17.4887255745401,33.40590444864076,31.409532649253688,0.684732401277001,1.9101394384775936,2994,2.984946188340807,0.2394274568845592,0.866065464261857,0.7304609218436874,0.1556446225784903,0.0554442217768871,0,0,0.0,0.0,,,,,,0.0,0.0,0.0,0.0,0.0,0.0,0.0,0.0,0.0,0.0,0.0,0.0,0.0,0.0,0.0,0.0,0.0,0.0,0.0,0.0,0.0,0.0,0.0,0.0,,0.0,0.0,0.0,,0.0,0.0,0.0
subject_24_task_5_6,24,5_6,,5_6,12,55.0,85.0,0.0474854117657328,18.0,0.0787037037037037,eye,高,7.333333333333333,6,92.5,3.146426544510455,88.0,95.0,15.843054082714753,27.854267880662977,6.969829694209663,2.5808486395758146,4.982041384529066,2.5526111879666615,2.7005960703511915,1.9303888295238845,6.084483928499945,2.930347527403947,1.7312787639086205,3.906270921739512,2.799780210458786,1.6925913887999466,2.256292287049442,9.76907212152331,3.615526603187943,2.5274171577366875,3.386421894059503,1.5208224438282878,1.4305222990674251,1.3398745370123455,17.231667186442944,12.01372227399382,16.56742758686246,32.018493684290696,31.769549762264248,0.7251410764288109,1.932617089552305,2995,2.9770673965104346,0.2189314584020731,0.8824707846410684,0.7425709515859766,0.1512520868113522,0.0470784641068447,0,0,0.0,0.0,,,,,,0.0,0.0,0.0,0.0,0.0,0.0,0.0,0.0,0.0,0.0,0.0,0.0,0.0,0.0,0.0,0.0,0.0,0.0,0.0,0.0,0.0,0.0,0.0,0.0,,0.0,0.0,0.0,,0.0,0.0,0.0
subject_24_task_5_6,24,5_6,,5_6,13,60.0,90.0,0.0502786712813641,18.0,0.0833333333333333,eye,高,7.333333333333333,5,94.4,0.5477225575051661,94.0,95.0,-1.7156105100464405,29.351090337754513,7.998431437321113,2.609077626216325,4.956920469166496,2.433188797420041,3.0656165063668146,1.8998746604389092,6.594593646291702,2.896273171606419,1.8371096383778651,3.757029519602954,2.6531776057816843,1.5765380090018888,2.0450763749301015,9.574969556210364,3.402509564201012,2.7381668600535085,3.3422770161139956,1.4053660960247192,1.242623162904879,1.2206257642197458,16.84434193402112,12.714304846999,17.805151097732924,32.94003781385279,30.754135163657875,0.7140801432804394,1.8500285469662172,2995,2.9823030303030302,0.2170330749197918,0.8691151919866444,0.7091819699499166,0.1709515859766277,0.0594323873121869,0,0,0.0,0.0,,,,,,0.0,0.0,0.0,0.0,0.0,0.0,0.0,0.0,0.0,0.0,0.0,0.0,0.0,0.0,0.0,0.0,0.0,0.0,0.0,0.0,0.0,0.0,0.0,0.0,,0.0,0.0,0.0,,0.0,0.0,0.0
subject_24_task_5_6,24,5_6,,5_6,14,65.0,95.0,0.0530719307969955,18.0,0.0879629629629629,eye,高,7.333333333333333,6,94.5,0.5477225575051661,94.0,95.0,-0.0718562874252242,27.561743638458296,7.947576819300758,2.529454607946156,4.5724059516286095,2.473537864027457,3.1420120346630616,1.8076647579539968,5.7282030637936705,2.870404029964402,1.7618600227061243,3.4973597677600883,2.6207757254518875,1.6291896024495816,1.9850383814193864,9.768222554576589,3.526472938607713,2.562175138343872,3.240302840051883,1.4213534934346086,1.3763590497124016,1.2646687541220685,16.643471627174254,12.013013923576723,16.053823424159177,30.495139706960703,30.32949419548067,0.7482961289768831,1.8995561930168603,2995,2.944385146804835,0.1969325441336372,0.8841402337228714,0.7285475792988314,0.1582637729549249,0.0631051752921535,0,0,0.0,0.0,,,,,,0.0,0.0,0.0,0.0,0.0,0.0,0.0,0.0,0.0,0.0,0.0,0.0,0.0,0.0,0.0,0.0,0.0,0.0,0.0,0.0,0.0,0.0,0.0,0.0,,0.0,0.0,0.0,,0.0,0.0,0.0
subject_24_task_5_6,24,5_6,,5_6,15,70.0,100.0,0.0558651903126268,18.0,0.0925925925925925,eye,高,7.333333333333333,7,94.42857142857144,0.5345224838248488,94.0,95.0,-1.9439799331103185,25.80257727616222,7.897744426192525,2.5507414160978947,4.376799196025079,2.404719948373282,3.0962544365921794,1.715892943284182,5.908706857461902,2.9121306571524976,1.643238560710932,3.473320138874138,2.506003706073607,1.7721898248861634,2.1137041339703218,9.245573291977678,3.4066367173531376,2.4135768669137354,3.101325004757441,1.395335984254355,1.411447368448322,1.2849497553906937,15.14725757552218,11.073676481431905,15.722867483692104,32.38067651177167,30.457995415195427,0.7043038741449432,2.0594638061636776,2995,2.930850901525659,0.1824653877323335,0.8984974958263773,0.7342237061769616,0.1532554257095158,0.0627712854757929,0,0,0.0,0.0,,,,,,0.0,0.0,0.0,0.0,0.0,0.0,0.0,0.0,0.0,0.0,0.0,0.0,0.0,0.0,0.0,0.0,0.0,0.0,0.0,0.0,0.0,0.0,0.0,0.0,,0.0,0.0,0.0,,0.0,0.0,0.0
subject_24_task_5_6,24,5_6,,5_6,16,75.0,105.0,0.0586584498282581,18.0,0.0972222222222222,eye,高,7.333333333333333,5,94.2,0.4472135954999579,94.0,95.0,-0.3157894736845156,24.696888494855685,6.961722676435328,2.310919905703502,4.04422644955798,2.3415300862115616,3.0125330866090767,1.7500504624052802,5.490934306925655,2.8062113738242567,1.5853309140962235,3.2104804569421876,2.2979624585467797,1.7701108007624016,2.025116919373543,9.303525282488645,3.353900472209696,2.4430597637549,3.010496916992137,1.3886019754722594,1.3728278456253828,1.2322649497387266,15.841000379120397,10.821966363126997,14.428656704278254,29.781457656889557,30.22117945768439,0.750032839849753,2.0640492228260605,2995,2.9387916952642414,0.1625468941911838,0.9252086811352254,0.7856427378964942,0.1348914858096828,0.0427378964941569,0,0,0.0,0.0,,,,,,0.0,0.0,0.0,0.0,0.0,0.0,0.0,0.0,0.0,0.0,0.0,0.0,0.0,0.0,0.0,0.0,0.0,0.0,0.0,0.0,0.0,0.0,0.0,0.0,,0.0,0.0,0.0,,0.0,0.0,0.0
subject_24_task_5_6,24,5_6,,5_6,17,80.0,110.0,0.0614517093438895,18.0,0.1018518518518518,eye,高,7.333333333333333,6,94.16666666666669,0.408248290463863,94.0,95.0,-0.5660377358490573,22.53919544898958,6.830192994750892,2.411404444210174,3.804623698444897,2.2428976873950126,2.8324543446663664,1.5777625804662785,5.506976028360351,2.8135027059191713,1.5742627694053304,3.1957483736725742,2.179451056584385,1.7871874763207145,2.029996793279785,8.698339836350803,3.140468408981815,2.5070602040371064,2.871341666053125,1.3459270567204302,1.2526497783837558,1.1453022394234562,14.053621605095048,10.464402425624431,15.052794825093889,29.825071976474874,30.060499826339303,0.6951800344863309,1.9813644125909915,2995,2.924477217391304,0.165636083623826,0.9228714524207012,0.7756260434056761,0.1402337228714524,0.0527545909849749,0,0,0.0,0.0,,,,,,0.0,0.0,0.0,0.0,0.0,0.0,0.0,0.0,0.0,0.0,0.0,0.0,0.0,0.0,0.0,0.0,0.0,0.0,0.0,0.0,0.0,0.0,0.0,0.0,,0.0,0.0,0.0,,0.0,0.0,0.0
subject_24_task_5_6,24,5_6,,5_6,18,85.0,115.0,0.0642449688595208,18.0,0.1064814814814814,eye,高,7.333333333333333,6,93.83333333333331,0.9831920802501752,92.0,95.0,-4.79106330161353,21.31476743313104,6.652046296158452,2.1881677902065584,4.293399762071158,2.6654540029856255,3.040007409820484,1.962098053580192,5.9901145757426315,2.783597374732492,1.5797010723380351,3.3031222089912027,2.4771896291860473,1.76210387109039,2.0909792788216697,9.031162916998683,3.2337727856293235,2.3330907045682903,2.994241661430702,1.47847650552495,1.3860467487601145,1.2833798769880014,17.547082474796827,11.085373228645835,18.000516560845654,33.16759030725806,33.68366907178959,0.6158363950931558,1.842591027604369,2994,2.931827320490368,0.1807572174021216,0.9161656646626588,0.7675350701402806,0.1409485637942552,0.0604542418169672,0,0,0.0,0.0,,,,,,0.0,0.0,0.0,0.0,0.0,0.0,0.0,0.0,0.0,0.0,0.0,0.0,0.0,0.0,0.0,0.0,0.0,0.0,0.0,0.0,0.0,0.0,0.0,0.0,,0.0,0.0,0.0,,0.0,0.0,0.0
subject_24_task_5_6,24,5_6,,5_6,19,90.0,120.0,0.0670382283751522,18.0,0.1111111111111111,eye,高,7.333333333333333,6,92.83333333333331,2.5625508125043424,88.0,95.0,-13.932509188105636,26.40457886116354,6.6879113399647165,2.6055220783516915,4.248510151383765,2.7354139434532354,2.566821979952529,1.6305792173795213,6.119052721696157,2.6960535339005105,1.522131280806862,3.353379667880997,2.583018013034603,1.771235876889257,2.203081764473964,8.694845467227166,3.071095452061477,2.3322353649148466,3.315667898380858,1.88791956050721,1.3168033974022202,1.4216695056855542,20.523991323629023,10.730067615985282,21.3218864983506,37.594901853394674,35.65262285525567,0.5032419442254947,1.763207109103733,2994,2.95706629055007,0.1920454637690707,0.9141616566466266,0.7635270541082164,0.1396125584502338,0.0591182364729458,6,0,0.0,0.0,0.0,0.0,,,,0.0,0.0,0.0,0.0,0.0,0.0,0.0,0.0,0.0,0.0,0.0,0.0,0.0,0.0,0.0,0.0,0.0,0.0,0.0,0.0,0.0,0.0,0.0,0.0,,0.0,0.0,0.0,,0.0,0.0,0.0
subject_24_task_5_6,24,5_6,,5_6,20,95.0,125.0,0.0698314878907835,18.0,0.1157407407407407,eye,高,7.333333333333333,6,91.66666666666669,2.943920288775949,88.0,94.0,-17.47911369415169,32.310876195352925,6.594742939034388,2.6400955506998547,4.199280038592346,2.7341825370574457,2.497918280755486,1.5905788097249631,6.201193529645766,2.823558059701997,1.658182270425031,3.339274892583452,2.5384622085556736,1.7028031900125506,2.0138165460709683,9.276903375122028,3.129937800959449,2.480186274913442,3.322668565243061,1.9560259452947255,1.2619769057744197,1.3396850869030077,23.814959059932253,11.186330065686244,21.1931317610326,37.97640031215121,35.63334452492591,0.5278280808999797,1.7919201720803568,2994,2.9495100671140935,0.1978452651111114,0.9168336673346692,0.779559118236473,0.1309285237140948,0.0584502338009352,6,0,0.0,0.0,0.0,0.0,,,,0.0,0.0,0.0,0.0,0.0,0.0,0.0,0.0,0.0,0.0,0.0,0.0,0.0,0.0,0.0,0.0,0.0,0.0,0.0,0.0,0.0,0.0,0.0,0.0,,0.0,0.0,0.0,,0.0,0.0,0.0
subject_24_task_5_6,24,5_6,,5_6,21,100.0,130.0,0.0726247474064148,18.0,0.1203703703703703,eye,高,7.333333333333333,6,91.33333333333331,2.6583202716502514,88.0,94.0,-1.8230155715913663,27.922170347234047,6.770790651093591,2.871643164038598,4.250585122744389,2.705179684470544,2.357810585898612,1.4801926562374434,6.356309725050477,2.8609067618160737,1.7212396415383686,3.316208443264989,2.54209579888056,1.6621199586474318,1.92663959348572,9.507770416723396,3.1382544804613666,2.4364143460878465,3.447054070606507,2.094786520766852,1.2880627162208538,1.4148061786540724,23.66964130919169,11.906284083135692,23.37505774537461,39.34399668621733,37.2371167238534,0.5093584885578165,1.6831614755690865,2994,2.9261379921958137,0.2041341156237113,0.9118236472945892,0.7765531062124249,0.1342685370741483,0.0624582498329993,12,1,110.00000000000048,1.0000000000000042,0.0333333333333334,0.0036666666666666,1.0,-1.000088900581841e-12,2.728,0.0,0.0,0.0,0.0,0.0,0.0,0.0,0.0,0.0,0.0,0.0,0.0,0.0,0.0,0.0,0.0,0.0,0.0,0.0,0.0,0.0,0.0,0.0,0.0,,0.0,0.0,0.0,,0.0,0.0,0.0
subject_24_task_5_6,24,5_6,,5_6,22,105.0,135.0,0.0754180069220462,18.0,0.125,eye,高,7.333333333333333,6,91.33333333333331,2.6583202716502514,88.0,94.0,-1.8230155715913663,33.971175607909885,6.984293878985223,2.797410586647826,4.497895838532024,2.7412893187430054,2.496699595090399,1.6078783214736854,6.015522594672806,2.9967520918166812,1.7119193276967235,3.386160814545457,2.584601002372352,1.7505217934822994,1.977990878285904,10.20507609557933,3.307391023012226,2.699217471228209,3.582233766418813,2.131653672304656,1.2253147655817755,1.3271378851844828,22.839415167623624,11.722140552835803,22.272120180307457,38.87443952811639,37.72159225062149,0.5263145339526443,1.7454305747904664,2994,2.8861581211903906,0.2052308016529547,0.9041416165664664,0.769873079492318,0.1299265197060788,0.0731462925851703,18,3,120.729094484502,1.0659237756344224,0.0355307925211474,0.0040243031494834,0.9111308294797256,0.3597014383092482,2.778560455949351,0.0,0.0,0.0,0.0,0.0,0.0,0.0,0.0,0.0,0.0,0.0,0.0,0.0,0.0,0.0,0.0,0.0,0.0,0.0,0.0,0.0,0.0,0.0,0.0,,0.0,0.0,0.0,,0.0,0.0,0.0
subject_24_task_5_6,24,5_6,,5_6,23,110.0,140.0,0.0782112664376775,18.0,0.1296296296296296,eye,高,7.333333333333333,6,92.16666666666669,4.070217029430577,88.0,99.0,18.393854748603335,31.462635794758164,6.330458229739609,3.0622336184341363,4.813164100715657,2.7468691624981147,2.067268216125414,1.5717821369804088,6.627499361052267,3.0071674783537614,1.814154608163028,3.461920467093385,2.5493950995420533,1.657613670203529,1.9082830380145208,10.541515629593569,3.2072716633343084,2.841227566568471,3.930331495944751,2.2445098900165057,1.1288330794312025,1.3833216114722056,24.833984777854116,11.65283985223674,22.94277295867927,40.66005718824308,36.14355414380918,0.5079089556098518,1.7722381362302302,2995,2.9246868579525325,0.2282284151690685,0.9125208681135224,0.7726210350584307,0.1268781302170283,0.0621035058430717,18,3,425.5329150669536,2.938758310703249,0.0979586103567749,0.0141844305022317,0.4453559716794739,1.0703347134140395,3.1498629316153575,0.0,0.0,0.0,0.0,0.0,0.0,0.0,0.0,0.0,0.0,0.0,0.0,0.0,0.0,0.0,0.0,0.0,0.0,0.0,0.0,0.0,0.0,0.0,0.0,,0.0,0.0,0.0,,0.0,0.0,0.0
subject_24_task_5_6,24,5_6,,5_6,24,115.0,145.0,0.0810045259533089,18.0,0.1342592592592592,eye,高,7.333333333333333,6,93.33333333333331,4.926120853842978,88.0,99.0,29.534000690369304,38.72172335070953,6.773989150306946,2.923981955414282,4.325797083849039,2.3986752647406635,2.3167000527358517,1.4794198971847423,5.83155020060778,3.110098137812653,1.7789947397769597,3.2064066915676275,2.245301878916346,1.748233464817653,1.8023699676423035,10.515198693250817,3.361720761095045,2.9319747951957957,3.505735802325988,1.95350989140458,1.1465721897075691,1.195690975267022,23.157939081983265,11.806476186022293,17.017559748672284,32.13105034744817,31.541794762867337,0.6937819734667562,1.8881115049386004,2995,2.925432317505315,0.233003333019905,0.9148580968280468,0.773288814691152,0.1285475792988314,0.0597662771285475,18,3,730.336735649405,4.811592845772076,0.1603864281924025,0.0243445578549801,0.5101526220544339,0.9952086033652072,3.211241484108889,0.0,0.0,0.0,0.0,0.0,0.0,0.0,0.0,0.0,0.0,0.0,0.0,0.0,0.0,0.0,0.0,0.0,0.0,0.0,0.0,0.0,0.0,0.0,0.0,,0.0,0.0,0.0,,0.0,0.0,0.0
subject_24_task_5_6,24,5_6,,5_6,25,120.0,150.0,0.0837977854689402,18.0,0.1388888888888889,eye,高,7.333333333333333,7,94.71428571428572,3.860668582611295,88.0,99.0,15.746765974127694,22.94427401821246,5.971906481862146,2.58226160603287,4.287711546314207,2.368008953164272,2.312665172231248,1.6604481653977037,6.186619137209273,2.9637161001317804,1.7451837264636476,3.2457391287034056,2.1988253170260914,1.6982258401740344,1.8598266070704248,10.496069030499296,3.532591001025428,2.7593257022063136,3.366220986789556,1.680271515193739,1.2802370514654444,1.219943330393356,18.89469842928752,11.742379232138909,16.499984800822393,31.625694039689048,30.966264554594584,0.7116600029567084,1.9167104952795329,2995,2.909805496828752,0.2328178707847236,0.9198664440734556,0.7913188647746243,0.1181969949916527,0.0590984974958263,12,3,760.9999999999989,4.999999999999995,0.1666666666666665,0.0253666666666666,0.5137976346911953,0.988648180124809,3.2146942181340337,0.0,0.0,0.0,0.0,0.0,0.0,0.0,0.0,0.0,0.0,0.0,0.0,0.0,0.0,0.0,0.0,0.0,0.0,0.0,0.0,0.0,0.0,0.0,0.0,,0.0,0.0,0.0,,0.0,0.0,0.0
subject_24_task_5_6,24,5_6,,5_6,26,125.0,155.0,0.0865910449845716,18.0,0.1435185185185185,eye,高,7.333333333333333,7,95.71428571428572,2.497617912751115,93.0,99.0,5.209003215434016,24.821818192598172,6.136486675226586,2.4174033293945634,4.18157994235139,2.3794669321603688,2.538462076480826,1.7297816593140307,5.949329530327648,3.255656810488416,1.675201750705292,3.1076755927533353,2.1056787802535144,1.9434416237433625,1.8551052680341007,10.066033593393255,3.754132015096713,2.8102756374977176,3.276457889299679,1.5851629811270564,1.3358590043642158,1.1658848853050772,14.96014630307512,12.25595938074314,14.05286668391376,28.647183304186296,29.745569363097616,0.8721323311757073,2.0385295006732376,2995,2.9270359661495067,0.2293931341462899,0.9135225375626044,0.7836393989983306,0.1218697829716193,0.0604340567612687,12,3,760.9999999999989,4.999999999999995,0.1666666666666665,0.0253666666666666,0.5137976346911953,0.988648180124809,3.2146942181340337,0.0,0.0,0.0,0.0,0.0,0.0,0.0,0.0,0.0,0.0,0.0,0.0,0.0,0.0,0.0,0.0,0.0,0.0,0.0,0.0,0.0,0.0,0.0,0.0,,0.0,0.0,0.0,,0.0,0.0,0.0
subject_24_task_5_6,24,5_6,,5_6,27,130.0,160.0,0.0893843045002029,18.0,0.1481481481481481,eye,高,7.333333333333333,5,96.8,2.0493901531919194,95.0,99.0,-18.310626702997105,26.099100277360023,6.2765658260170945,2.340957057915173,4.040884387810826,2.3315618921581422,2.681196481069553,1.7261676689659515,6.208861447087815,3.2805968686033053,1.677959520347338,3.146133418876373,2.1313931757825726,1.95511085268864,1.874975755210783,10.359442558335768,3.901509893827275,2.7417733039891035,3.2631700554263734,1.5135762196525406,1.422987775156622,1.1901677103204231,16.935300211695345,11.281326977346016,12.77969135371807,27.668476165285767,27.8296394450622,0.8827542594809127,2.165034772708812,2995,2.9397974152986377,0.2454365628720282,0.925542570951586,0.8076794657762938,0.1095158597662771,0.0514190317195325,12,2,650.9999999999984,3.9999999999999902,0.133333333333333,0.0216999999999999,0.6006144393241167,0.6727617466331204,3.29693133640553,0.0,0.0,0.0,0.0,0.0,0.0,0.0,0.0,0.0,0.0,0.0,0.0,0.0,0.0,0.0,0.0,0.0,0.0,0.0,0.0,0.0,0.0,0.0,0.0,,0.0,0.0,0.0,,0.0,0.0,0.0
subject_24_task_5_6,24,5_6,,5_6,28,135.0,165.0,0.0921775640158343,18.0,0.1527777777777778,eye,高,7.333333333333333,6,95.5,3.6742346141747673,89.0,99.0,-26.415711947626995,29.462035754530145,5.8540827342674895,2.2433993399514933,3.6187826284410978,2.318102325286253,2.609469758689537,1.6130800094286124,5.553196561301092,3.1209072302121683,1.5934895545240513,2.993609920737784,2.0435077313126886,1.958536358993788,1.8786504826709864,9.985848737230626,3.790900852959938,2.5014558099593316,3.0952135039899034,1.4698508812493358,1.515477842089711,1.237364854364637,17.50521098679989,10.52024290005996,13.359613069099368,26.02445541879399,27.317624609580022,0.787466137353421,1.9479946974653224,2995,3.0027528596187176,0.2807491382656956,0.9195325542570952,0.7742904841402337,0.1352253756260434,0.0514190317195325,12,2,640.2709055154969,3.934076224365572,0.131135874145519,0.0213423635171832,0.6006144393241167,0.6727617466331204,3.2969313364055295,0.0,0.0,0.0,0.0,0.0,0.0,0.0,0.0,0.0,0.0,0.0,0.0,0.0,0.0,0.0,0.0,0.0,0.0,0.0,0.0,0.0,0.0,0.0,0.0,,0.0,0.0,0.0,,0.0,0.0,0.0
subject_24_task_5_6,24,5_6,,5_6,29,140.0,170.0,0.0949708235314656,18.0,0.1574074074074074,eye,高,7.333333333333333,7,93.42857142857144,3.779644730092272,89.0,99.0,-20.7052186177715,30.35635470534293,6.541277892113663,2.1476962842519867,3.814570976759613,2.3785245865389,3.045718307601347,1.7761221662159627,5.7968905607402474,3.286311750707282,1.6302180844569207,3.141785872103019,2.1548382570601277,2.015872466414247,1.92721814465066,9.741875220387104,3.879962168102121,2.5001874426339463,3.2380520104988753,1.5333107656580798,1.551868512712224,1.295123699640531,19.33970016007612,10.50351931518157,12.627908520056309,27.45794914299149,30.292232378177378,0.8317703045202877,2.174386130480858,2994,2.957191804407714,0.2750619422081274,0.9325317301269204,0.8129592518370073,0.1169004676018704,0.0447561790247161,12,2,335.46708493304527,2.0612416892967453,0.0687080563098915,0.0111822361644348,0.6006144393241168,0.6727617466331204,3.2969313364055295,0.0,0.0,0.0,0.0,0.0,0.0,0.0,0.0,0.0,0.0,0.0,0.0,0.0,0.0,0.0,0.0,0.0,0.0,0.0,0.0,0.0,0.0,0.0,0.0,,0.0,0.0,0.0,,0.0,0.0,0.0
subject_24_task_5_6,24,5_6,,5_6,30,145.0,175.0,0.0977640830470969,18.0,0.162037037037037,eye,高,7.333333333333333,6,92.5,3.146426544510455,89.0,96.0,-18.141732283464545,30.149874185406343,6.269872158422938,2.4132012712711557,3.826629682026388,2.5388670612885895,2.598155501186305,1.585706806797225,5.296392345160889,3.160685791015432,1.666779327104721,3.170614491350946,2.179722544447204,1.8962832929453837,1.902240110488088,8.899141049479821,3.724097619570738,2.7150028294199755,3.2940983736337612,1.6189014612657964,1.3716735685193897,1.2132946374636011,19.50232648328922,10.273271182264413,13.178989133373998,28.965454984138727,31.184544495484484,0.779518905304258,2.19785104085014,2994,2.9258812392426847,0.2684435600141383,0.9291917167668672,0.8059452237808952,0.1205744822979291,0.0467601870407481,18,4,49.32366703515743,0.3661252750332869,0.0122041758344428,0.0016441222345052,0.3733866606603222,1.343283415079464,3.201952385578946,0.0,0.0,0.0,0.0,0.0,0.0,0.0,0.0,0.0,0.0,0.0,0.0,0.0,0.0,0.0,0.0,0.0,0.0,0.0,0.0,0.0,0.0,0.0,0.0,,0.0,0.0,0.0,,0.0,0.0,0.0
subject_24_task_5_6,24,5_6,,5_6,31,150.0,180.0,0.1005573425627283,18.0,0.1666666666666666,eye,高,7.333333333333333,5,91.2,2.387467277262665,89.0,95.0,-4.969987995198187,29.95945483519709,6.505812255917695,2.3528516242038773,3.863914380472824,2.4260516905999454,2.7650754467439205,1.642226114356122,5.372159383910684,3.2511276061620635,1.6623105616383382,3.2007752610126623,2.135251015754714,1.9557883353383865,1.9254977588893172,8.926063825367027,3.5599655003615527,2.7214850292367636,3.240825724851976,1.5664990837079396,1.3080966685897737,1.190829892516756,20.71941110293508,9.938952424345722,13.117602803621786,27.799691653927106,29.422366365540952,0.7576805437043395,2.119266154807766,2994,2.946100444140758,0.2830186493287712,0.9131596526386104,0.7952571810287241,0.1305945223780895,0.0387441549766199,12,2,65.64026845637574,0.6251454138702451,0.0208381804623415,0.0021880089485458,0.5238095238095238,0.6920129648298738,3.0458804761904763,0.0,0.0,0.0,0.0,0.0,0.0,0.0,0.0,0.0,0.0,0.0,0.0,0.0,0.0,0.0,0.0,0.0,0.0,0.0,0.0,0.0,0.0,0.0,0.0,,0.0,0.0,0.0,,0.0,0.0,0.0
subject_24_task_5_6,24,5_6,,5_6,32,155.0,185.0,0.1033506020783596,18.0,0.1712962962962963,eye,高,7.333333333333333,5,91.0,2.0,89.0,94.0,12.785114045618268,27.922587589579003,6.827381769877949,2.613334058402454,4.0409309163636085,2.4627451503972546,2.6125178095492188,1.5462741563295788,5.194911509197564,3.5127912357481708,1.835352940574012,3.3950346436969845,2.2100154580602833,1.9139595214038423,1.849799332130188,8.860038796215164,3.7905300918123417,3.0368078277089365,3.2543598698577263,1.5454896996084222,1.2481955747170337,1.0716383961354967,22.519746311040752,10.367536603029093,13.018899095376938,28.75790156312074,28.57638237188962,0.7963451077603517,2.2089349761788064,2994,3.011309878213803,0.3107670637348621,0.9008016032064128,0.7508350033400134,0.1596526386105544,0.0337341349365397,12,2,112.62013422818782,1.072572706935122,0.035752423564504,0.0037540044742729,0.5238095238095238,0.6920129648298738,3.045880476190476,0.0,0.0,0.0,0.0,0.0,0.0,0.0,0.0,0.0,0.0,0.0,0.0,0.0,0.0,0.0,0.0,0.0,0.0,0.0,0.0,0.0,0.0,0.0,0.0,,0.0,0.0,0.0,,0.0,0.0,0.0
subject_24_task_5_6,24,5_6,,5_6,33,160.0,190.0,0.106143861593991,18.0,0.1759259259259259,eye,高,7.333333333333333,6,91.5,2.16794833886788,89.0,94.0,12.927496580027368,25.543078081887323,6.05291038112845,2.4608903524059063,4.208507076602427,2.3926273508778984,2.4596424522574853,1.7101562743289034,5.429225806756986,3.1757257294381387,1.956238522200705,3.4359768656338043,2.127092579306262,1.623383699583602,1.7564202047143216,8.868717655009462,3.387322158460551,3.1510224782193395,3.225189062743806,1.4720922461808927,1.0749914295675689,1.0235373073461471,20.920684519260742,10.862240056261486,12.999077373297078,27.52045821677724,26.8068860937359,0.8356162321623595,2.117108578283427,2995,3.039527721433401,0.3077067199589472,0.896160267111853,0.7232053422370618,0.1759599332220367,0.0367278797996661,12,2,159.59999999999988,1.519999999999999,0.0506666666666666,0.0053199999999999,0.5238095238095238,0.6920129648298738,3.0458804761904763,0.0,0.0,0.0,0.0,0.0,0.0,0.0,0.0,0.0,0.0,0.0,0.0,0.0,0.0,0.0,0.0,0.0,0.0,0.0,0.0,0.0,0.0,0.0,0.0,,0.0,0.0,0.0,,0.0,0.0,0.0
subject_24_task_5_6,24,5_6,,5_6,34,165.0,195.0,0.1089371211096223,18.0,0.1805555555555555,eye,高,7.333333333333333,6,92.5,2.16794833886788,90.0,95.0,14.089456869009384,20.224011025344268,6.215441114874551,2.457816278194583,4.27548238770031,2.294257713088388,2.5288469158647504,1.7395451505597948,5.497204689011562,3.196127144952905,1.9718812385552924,3.3677822932610844,2.073083960713048,1.6208517442432595,1.7079032080697238,8.823284838406936,3.5910411196105425,3.3304541579584663,3.113329065185585,1.3858040245648953,1.0782436716714374,0.934806160819227,18.299628534420375,10.7736932029243,11.73981842560235,27.401524743902048,25.598975845712648,0.9177052670106796,2.334067167865599,2995,3.0279568442346587,0.2921033292631759,0.9061769616026712,0.7509181969949916,0.1579298831385642,0.0280467445742904,6,2,206.57986577181197,1.967427293064876,0.0655809097688292,0.006885995525727,0.5238095238095238,0.6920129648298738,3.0458804761904767,0.0,0.0,0.0,0.0,0.0,0.0,0.0,0.0,0.0,0.0,0.0,0.0,0.0,0.0,0.0,0.0,0.0,0.0,0.0,0.0,0.0,0.0,0.0,0.0,,0.0,0.0,0.0,,0.0,0.0,0.0
subject_24_task_5_6,24,5_6,,5_6,35,170.0,200.0,0.1117303806252536,18.0,0.1851851851851851,eye,高,7.333333333333333,6,94.83333333333331,1.9407902170679512,92.0,97.0,14.51193058568347,20.38528491365431,6.573709678944232,2.3678370927364956,4.255245265417676,2.2685932430324995,2.776250823635436,1.79710220710324,5.202289683793368,3.1891658611688407,1.9637887238555445,3.2581705755143706,2.1791261216118256,1.6239862376373615,1.659124800919287,8.944618238943674,3.580601453783488,3.3123055085964324,2.9210955912767016,1.2544411559099826,1.0809997581716864,0.8818919582434582,16.617570812684377,11.854306459391111,11.857993376274592,24.258288103803284,23.482967927571565,0.9996890775052332,2.045732978088783,2995,3.034935407507609,0.2947161455517177,0.891151919866444,0.7195325542570952,0.1696160267111853,0.0400667779632721,6,2,209.99999999999991,1.9999999999999991,0.0666666666666666,0.0069999999999999,0.5238095238095237,0.6920129648298738,3.045880476190476,0.0,0.0,0.0,0.0,0.0,0.0,0.0,0.0,0.0,0.0,0.0,0.0,0.0,0.0,0.0,0.0,0.0,0.0,0.0,0.0,0.0,0.0,0.0,0.0,,0.0,0.0,0.0,,0.0,0.0,0.0
subject_24_task_5_6,24,5_6,,5_6,36,175.0,205.0,0.114523640140885,18.0,0.1898148148148148,eye,高,7.333333333333333,6,94.83333333333331,1.9407902170679512,92.0,97.0,14.51193058568347,16.21690298834774,6.698312339310378,2.172768131442862,4.056752904277875,2.1208494492277565,3.082847287005381,1.867089656540536,5.763800513322557,3.3916768236285506,1.9284482868395687,3.060370792245673,1.9266256184620043,1.7587595409089187,1.5869602587379472,8.698986185871863,3.9976666648113817,3.16886828023722,2.811860800662815,1.2045573107454717,1.261543968155129,0.8873391229919851,15.067561543381592,11.8799360771305,13.54506248383132,26.39435042092988,24.109877679756156,0.8770676467023704,1.9486326070800113,2995,3.0851287495786988,0.292571622031413,0.8884808013355593,0.6878130217028381,0.1876460767946577,0.0380634390651085,12,4,259.0544875028231,2.4098297333151244,0.0803276577771708,0.0086351495834274,0.5147508345335817,0.8973273306066661,3.1094702371008323,0.0,0.0,0.0,0.0,0.0,0.0,0.0,0.0,0.0,0.0,0.0,0.0,0.0,0.0,0.0,0.0,0.0,0.0,0.0,0.0,0.0,0.0,0.0,0.0,,0.0,0.0,0.0,,0.0,0.0,0.0
subject_24_task_5_6,24,5_6,,5_6,37,180.0,210.0,0.1173168996565163,18.0,0.1944444444444444,eye,高,7.333333333333333,6,96.16666666666669,2.3166067138525404,94.0,100.0,15.549738219895382,21.67196377566482,6.562200264640499,2.2988949890426635,4.507697254774729,2.4282195159915716,2.8545019654739505,1.96081042251168,5.540640420795053,3.263095929637514,1.9198407648332516,3.1968665324467085,2.0389379655951543,1.6996700921291934,1.665172753389458,9.003453500136018,3.898896937654168,3.0441692681296337,3.0255798389483104,1.300407996386741,1.2807753427094044,0.9938934311649678,17.19179691740108,12.394640774092936,15.686865711527666,28.949554786538812,27.35119358209076,0.7901285701059196,1.8454645637251113,2995,3.081451492537313,0.2846453511463472,0.8968280467445743,0.6811352253756261,0.1833055091819699,0.0480801335559265,12,4,304.9619882432013,2.768366574846258,0.0922788858282086,0.0101653996081067,0.5055588779742505,1.0247117764057416,3.173995501418992,0.0,0.0,0.0,0.0,0.0,0.0,0.0,0.0,0.0,0.0,0.0,0.0,0.0,0.0,0.0,0.0,0.0,0.0,0.0,0.0,0.0,0.0,0.0,0.0,,0.0,0.0,0.0,,0.0,0.0,0.0
subject_24_task_5_6,24,5_6,,5_6,38,185.0,215.0,0.1201101591721477,18.0,0.199074074074074,eye,高,7.333333333333333,6,96.33333333333331,2.1602468994692865,94.0,100.0,5.526315789473809,18.48314116690728,6.282907974526704,2.2290610173032515,4.740027964398783,2.591224999593837,2.818634360277787,2.126468467037898,5.876489251827657,3.099716796386464,1.8425483355673935,3.1378448077714456,2.0880691987962887,1.6822987688037712,1.7029918549220469,8.57168779511139,3.79172441673567,2.933141806326626,2.968879185596265,1.334568494325802,1.29271772969078,1.0121839930113694,14.564172483783272,11.731922161353204,16.730841567726635,31.75038781419231,29.709703151029014,0.7012153043146248,1.8977161241809857,2995,3.070574880871341,0.2725678194797351,0.8954924874791319,0.6984974958263773,0.1772954924874791,0.0487479131886477,12,4,350.8694889835794,3.1269034163773917,0.1042301138792463,0.0116956496327859,0.4987722588170137,1.0960345900099595,3.221635891375236,0.0,0.0,0.0,0.0,0.0,0.0,0.0,0.0,0.0,0.0,0.0,0.0,0.0,0.0,0.0,0.0,0.0,0.0,0.0,0.0,0.0,0.0,0.0,0.0,,0.0,0.0,0.0,,0.0,0.0,0.0
subject_24_task_5_6,24,5_6,,5_6,39,190.0,220.0,0.122903418687779,18.0,0.2037037037037037,eye,高,7.333333333333333,6,96.0,2.6832815729997477,92.0,100.0,-5.746987951807147,21.265366443089732,6.34839745576409,2.2129055879952344,4.913141030799455,2.7930378314015214,2.868806283559243,2.2202217109725315,5.543565266710342,3.1297197422648253,1.71205959019304,3.2374463929036827,2.237880647117956,1.828043696721993,1.8909659520312905,8.820747150177052,3.839489941099507,2.777715319743322,3.050361897321233,1.4640361065990393,1.3822474584812023,1.0981549749320982,17.512158198132763,11.136179953827694,16.943562322087278,33.62047505409861,32.23364307120129,0.6572513939002544,1.9842624835906943,2994,3.1106521886664407,0.2749277683903639,0.8884435537742151,0.6700066800267201,0.1900467601870407,0.0434201736806947,12,4,396.7769897239575,3.4854402579085244,0.1161813419302841,0.0132258996574652,0.4935560771198841,1.140957297152409,3.2582521983134103,0.0,0.0,0.0,0.0,0.0,0.0,0.0,0.0,0.0,0.0,0.0,0.0,0.0,0.0,0.0,0.0,0.0,0.0,0.0,0.0,0.0,0.0,0.0,0.0,,0.0,0.0,0.0,,0.0,0.0,0.0
subject_24_task_5_6,24,5_6,,5_6,40,195.0,225.0,0.1256966782034104,18.0,0.2083333333333333,eye,高,7.333333333333333,6,95.5,3.146426544510455,92.0,100.0,-14.066225165563012,18.42131756130253,6.214849774694417,2.1086938698707383,4.85021825848662,2.887389666622077,2.947250837825684,2.300105448110368,5.43710975133271,2.957478923279084,1.6411549338108922,3.1787842550686225,2.0795278242655852,1.8020717376217383,1.9369190498591335,8.25095805312412,3.6489348477031474,2.4052829430346447,3.12430300609304,1.5040297924508623,1.5170501492433317,1.2989336722902287,15.054238021792267,10.126275029658371,17.937946795069667,35.91821222145811,34.67145332026516,0.5645169508720824,2.002359168069916,2994,3.148756362402443,0.2814217354192757,0.8931195724782899,0.6633266533066132,0.1943887775551102,0.0420841683366733,12,4,442.6844904643356,3.8439770994396585,0.1281325699813219,0.0147561496821445,0.4894217578791139,1.1712211474871728,3.287274098065053,0.0,0.0,0.0,0.0,0.0,0.0,0.0,0.0,0.0,0.0,0.0,0.0,0.0,0.0,0.0,0.0,0.0,0.0,0.0,0.0,0.0,0.0,0.0,0.0,,0.0,0.0,0.0,,0.0,0.0,0.0
subject_24_task_5_6,24,5_6,,5_6,41,200.0,230.0,0.1284899377190417,18.0,0.2129629629629629,eye,高,7.333333333333333,5,94.0,3.6742346141747673,91.0,100.0,-25.938009787928497,21.438996867922917,6.2488649795359805,2.3747065820561897,5.191850317316663,3.11104331082184,2.631426141972146,2.186312345511415,5.763389879949767,3.0621486146303876,1.8391946017528529,3.40883291743518,2.231724395973679,1.6649399752000102,1.8534378657844992,8.456769246841755,3.6237366839214302,2.7695890684202475,3.256854918519126,1.6031259563201217,1.3084022916036355,1.1759343491259555,17.967268414842426,9.775188099502472,19.04627947017711,36.49035132767908,35.85799422234712,0.5132334698127566,1.915878184230999,2994,3.2413102165087957,0.2652569488454847,0.8934535738142952,0.6593186372745491,0.2064128256513026,0.0317301269205076,6,4,532.1517227483379,4.617368527100545,0.1539122842366848,0.0177383907582779,0.4891540130151843,1.173027752537636,3.289153600867679,0.0,0.0,0.0,0.0,0.0,0.0,0.0,0.0,0.0,0.0,0.0,0.0,0.0,0.0,0.0,0.0,0.0,0.0,0.0,0.0,0.0,0.0,0.0,0.0,,0.0,0.0,0.0,,0.0,0.0,0.0
subject_24_task_5_6,24,5_6,,5_6,42,205.0,235.0,0.131283197234673,18.0,0.2175925925925926,eye,高,7.333333333333333,6,93.5,3.5071355833500366,91.0,100.0,-20.382775119617342,18.883364856503615,5.924083428219888,2.2980603013033427,5.277064483912103,3.3223594598357113,2.577862480310047,2.296312451383117,5.344988642782517,2.763675722062421,1.7529007822022786,3.378890809075596,2.2851320241314483,1.5766298641217118,1.9275995785856657,8.718519725262116,3.209596205479261,2.597517344231483,3.313779046736766,1.596660355747129,1.235639951589571,1.2757485735738947,16.655737813461545,10.786650715616991,19.70369751857957,37.943683436633485,38.336696306092534,0.5474429713228056,1.9257138616168132,2994,3.2504674536256326,0.2429461282351536,0.9098196392785572,0.7057448229792919,0.1806947227788911,0.0250501002004008,6,4,557.3241990731412,4.835784807576062,0.1611928269192021,0.018577473302438,0.4891540130151843,1.173027752537636,3.2891536008676785,0.0,0.0,0.0,0.0,0.0,0.0,0.0,0.0,0.0,0.0,0.0,0.0,0.0,0.0,0.0,0.0,0.0,0.0,0.0,0.0,0.0,0.0,0.0,0.0,,0.0,0.0,0.0,,0.0,0.0,0.0
subject_24_task_5_6,24,5_6,,5_6,43,210.0,240.0,0.1340764567503044,18.0,0.2222222222222222,eye,高,7.333333333333333,6,92.0,1.5491933384829668,91.0,95.0,-8.880767473732432,22.526767667632654,6.167575002965337,2.567442529143021,4.948846505511353,2.9479363686229614,2.4022251454345085,1.9275393506717415,5.504669464047116,2.9131916953894454,1.8280287525452137,3.3273683713795332,2.161257074108218,1.5936246578908184,1.8201947681330224,8.914322949493727,3.42278596939072,2.7849226923078545,3.399278700640017,1.6421857955313233,1.2290416458757318,1.220600740562406,19.64779001482183,10.621120466913638,20.324907383505465,37.43687312327626,38.62948719379221,0.5225667338358025,1.8419209700142536,2994,3.309729222520107,0.2073247659329616,0.924181696726787,0.7134268537074149,0.1840347361389445,0.0146960587842351,6,4,557.3241990731412,4.835784807576062,0.1611928269192021,0.018577473302438,0.4891540130151843,1.173027752537636,3.2891536008676785,0.0,0.0,0.0,0.0,0.0,0.0,0.0,0.0,0.0,0.0,0.0,0.0,0.0,0.0,0.0,0.0,0.0,0.0,0.0,0.0,0.0,0.0,0.0,0.0,,0.0,0.0,0.0,,0.0,0.0,0.0
subject_24_task_5_6,24,5_6,,5_6,44,215.0,245.0,0.1368697162659357,18.0,0.2268518518518518,eye,高,7.333333333333333,6,92.16666666666669,1.9407902170679516,91.0,96.0,6.475439225529008,21.10617287193108,6.365314025856823,2.493174489139147,4.8977834757633,3.108478038722496,2.5530960843637795,1.96447681343572,5.081719637170097,3.025472352304398,1.728367735486615,3.2413241302150353,2.2212082130089126,1.7504795363774757,1.875367182379422,8.697830370504558,3.6091002629134152,2.631901427749717,3.3741690074510564,1.6948481611163508,1.3712900585335392,1.2820271199654998,19.391725766449714,11.884743469856266,20.77078679770295,38.41291728608734,40.18233818043766,0.5721855212134095,1.8493722775266,2995,3.271384383378016,0.2542737563770994,0.9385642737896496,0.7215358931552588,0.1732888146911519,0.01669449081803,6,4,557.3241990731412,4.835784807576062,0.1611928269192021,0.018577473302438,0.4891540130151843,1.173027752537636,3.2891536008676785,0.0,0.0,0.0,0.0,0.0,0.0,0.0,0.0,0.0,0.0,0.0,0.0,0.0,0.0,0.0,0.0,0.0,0.0,0.0,0.0,0.0,0.0,0.0,0.0,,0.0,0.0,0.0,,0.0,0.0,0.0
subject_24_task_5_6,24,5_6,,5_6,45,220.0,250.0,0.1396629757815671,18.0,0.2314814814814814,eye,高,7.333333333333333,6,92.66666666666669,2.250925735484551,91.0,96.0,10.537870472008834,24.92248418374055,7.008996672695692,2.763057382407947,4.67633145418181,3.2326439026395857,2.5366815460732477,1.692448185823229,5.118362287697802,3.228908106714965,1.8350357234089172,3.3114359577693997,2.2750847107261314,1.759588691121867,1.804562121339958,8.415325882386876,3.636026839056984,2.880445528015418,3.4618609740016524,1.7842344692554275,1.262314042634283,1.201849137687676,19.773257753994567,13.009365936332664,22.231114212807174,37.40736409016708,41.14267527331773,0.585187310532464,1.6826580859639046,2995,3.2637912198391423,0.2458429729010517,0.9515859766277128,0.7495826377295493,0.1612687813021703,0.015025041736227,6,4,557.3241990731412,4.835784807576062,0.1611928269192021,0.018577473302438,0.4891540130151843,1.173027752537636,3.2891536008676785,0.0,0.0,0.0,0.0,0.0,0.0,0.0,0.0,0.0,0.0,0.0,0.0,0.0,0.0,0.0,0.0,0.0,0.0,0.0,0.0,0.0,0.0,0.0,0.0,,0.0,0.0,0.0,,0.0,0.0,0.0
subject_24_task_5_6,24,5_6,,5_6,46,225.0,255.0,0.1424562352971984,18.0,0.2361111111111111,eye,高,7.333333333333333,6,93.0,2.280350850198276,91.0,96.0,12.591656131479048,25.423768765546495,6.483790402785536,2.7637245653905222,4.90822645345595,3.159793115610449,2.346033495515628,1.7759463135076934,5.250242527914291,3.093196005917663,1.8258930250349668,3.2316424572400098,2.238801977015815,1.6940729623842157,1.7698969287525057,9.362632184101669,3.565732825521005,2.844130693662091,3.4898286021065186,1.7722921030712362,1.2537162351459248,1.227028212832593,21.81328732318923,13.588411815708572,19.59893335872103,36.5593733426369,39.702790917164464,0.69332404815092,1.865375664761312,2995,3.1835947403910994,0.2685631399898305,0.9368948247078464,0.737228714524207,0.1626043405676127,0.0273789649415692,6,4,482.7356437638527,4.188595607495468,0.1396198535831822,0.0160911881254617,0.4891540130151843,1.173027752537636,3.289153600867679,0.0,0.0,0.0,0.0,0.0,0.0,0.0,0.0,0.0,0.0,0.0,0.0,0.0,0.0,0.0,0.0,0.0,0.0,0.0,0.0,0.0,0.0,0.0,0.0,,0.0,0.0,0.0,,0.0,0.0,0.0
subject_24_task_5_6,24,5_6,,5_6,47,230.0,260.0,0.1452494948128297,18.0,0.2407407407407407,eye,高,7.333333333333333,6,93.66666666666669,2.1602468994692865,91.0,96.0,9.724137931034548,22.763434480980933,5.848377194174329,2.63850883575724,4.425685243046166,2.946523482383655,2.2165463745721627,1.6773433475260713,5.222807763779289,3.05624351994765,1.6279811825342123,3.1650139806460165,2.257963324953439,1.8773211587065888,1.9441342532713843,8.659481937926735,3.4562993466828957,2.6087003813089686,3.272087130503113,1.6881702510972696,1.3249123477141622,1.2542977928577894,19.49036008724189,12.248414960984787,18.433695979700364,33.26547852132915,36.04844826041634,0.6644579022282369,1.8046016684859023,2995,3.107852553263443,0.2956732882891534,0.940567612687813,0.7449081803005009,0.150584307178631,0.0333889816360601,12,5,435.7727917258295,3.8200078012248575,0.1273335933741619,0.0145257597241943,0.4978246304113445,1.2745130809285743,3.2766343739997503,0.0,0.0,0.0,0.0,0.0,0.0,0.0,0.0,0.0,0.0,0.0,0.0,0.0,0.0,0.0,0.0,0.0,0.0,0.0,0.0,0.0,0.0,0.0,0.0,,0.0,0.0,0.0,,0.0,0.0,0.0
subject_24_task_5_6,24,5_6,,5_6,48,235.0,265.0,0.1480427543284611,18.0,0.2453703703703703,eye,高,7.333333333333333,6,94.33333333333331,1.751190071541826,91.0,96.0,6.042253521126721,27.05098047466117,6.93385677926627,2.624054191166747,4.544825132257964,3.042993420111494,2.642421335126174,1.731986003778822,6.335351536405252,2.896127268835276,1.682649675779475,3.1492069452696807,2.205903225252156,1.7211706694048874,1.8715761162886344,9.3248677734838,3.49039420785818,2.747530425087076,3.364724541112103,1.6872590937896206,1.27037508883912,1.2246359532144095,20.39781339887593,12.126789538199873,18.78621379228032,35.4686935339599,34.64218728775453,0.6455153588842392,1.8880171345933896,2995,3.122007801899593,0.3098028746044572,0.9318864774624374,0.7198664440734558,0.1682804674457429,0.0363939899833055,12,5,496.78795361232017,4.4797820323305695,0.1493260677443523,0.016559598453744,0.5222479751208886,1.291551463819972,3.24137028848863,0.0,0.0,0.0,0.0,0.0,0.0,0.0,0.0,0.0,0.0,0.0,0.0,0.0,0.0,0.0,0.0,0.0,0.0,0.0,0.0,0.0,0.0,0.0,0.0,,0.0,0.0,0.0,,0.0,0.0,0.0
subject_24_task_5_6,24,5_6,,5_6,49,240.0,270.0,0.1508360138440924,18.0,0.25,eye,高,7.333333333333333,6,94.83333333333331,0.7527726527090811,94.0,96.0,-2.6105116602854355,24.912821719386056,7.14524386393695,2.513437877461243,4.629291183414139,2.991261666915473,2.8428169751122603,1.8418164319581527,6.50836951896606,2.884204409225358,1.6758590245651293,3.118271503381983,2.218138631186129,1.7210304488313293,1.8607003677956424,9.28182652245724,3.2902465925355164,2.9256321466596367,3.2654419343187597,1.6068765590858345,1.1246275770835308,1.116149184389809,19.71609126994073,12.506421474851969,19.551799312123844,34.54307475917053,33.96133511273356,0.6396557818132309,1.766746589801112,2995,3.0609095254353025,0.2990030309349368,0.9228714524207012,0.7168614357262103,0.1686143572621035,0.0393989983305509,12,5,557.8031154988107,5.1395562634362815,0.1713185421145427,0.0185934371832936,0.5413282362589837,1.1754058859088414,3.2138209102871533,0.0,0.0,0.0,0.0,0.0,0.0,0.0,0.0,0.0,0.0,0.0,0.0,0.0,0.0,0.0,0.0,0.0,0.0,0.0,0.0,0.0,0.0,0.0,0.0,,0.0,0.0,0.0,,0.0,0.0,0.0
subject_24_task_5_6,24,5_6,,5_6,50,245.0,275.0,0.1536292733597238,18.0,0.2546296296296296,eye,高,7.333333333333333,6,94.5,0.5477225575051661,94.0,95.0,-1.4896551724138172,29.04987887483672,7.560014508856614,2.575866211295053,4.500841969378775,2.9000827395876416,2.934940671882066,1.7473120108656237,6.455175780111883,3.0177721242844,1.7744196106253625,3.005098919066212,2.0555191141295595,1.7007094072978828,1.6935672380261388,9.525229579095605,3.4355272135877004,2.8852390307410483,3.2150628002808035,1.520376925704031,1.190725335746382,1.1143141923513502,19.234336088169695,13.949247801156623,19.45115755925119,34.085795590047816,32.86424877758955,0.7171422964759342,1.7523787716086967,2994,3.0776285518657995,0.3037706405292082,0.906813627254509,0.6947227788911156,0.1826987307949232,0.0394121576486306,12,5,531.1861777150932,4.964739069111438,0.1654913023037146,0.0177062059238364,0.5542071261859053,1.0333515053097984,3.1952254934401805,0.0,0.0,0.0,0.0,0.0,0.0,0.0,0.0,0.0,0.0,0.0,0.0,0.0,0.0,0.0,0.0,0.0,0.0,0.0,0.0,0.0,0.0,0.0,0.0,,0.0,0.0,0.0,,0.0,0.0,0.0
subject_24_task_5_6,24,5_6,,5_6,51,250.0,280.0,0.1564225328753551,18.0,0.2592592592592592,eye,高,7.333333333333333,7,93.85714285714286,1.0690449676496976,92.0,95.0,-4.307620817843727,24.460939221599347,7.109121016184472,2.5121993412614296,4.581047544825796,2.8836987541449024,2.8298395351918324,1.823520717319173,6.474038225765919,3.0198877637518233,1.816636536607184,3.047452979530249,2.1253293055488283,1.6623511103612805,1.677524875296069,9.251078157233264,3.480266245200421,3.0111045932880742,3.220723831348217,1.476035975425376,1.1558104799674296,1.0696153958010612,18.548093848059935,14.202262066415166,22.88888014243663,37.06267549225627,33.32243313175172,0.6204874147636332,1.6192437227866392,2994,3.0347257788428625,0.3019278441361043,0.8954575818303273,0.6830327321309285,0.1937207748830995,0.042752171008684,18,5,438.29881120290287,4.158774934515428,0.1386258311505142,0.01460996037343,0.5679936394307484,0.7888719685310389,3.175319588342082,0.0,0.0,0.0,0.0,0.0,0.0,0.0,0.0,0.0,0.0,0.0,0.0,0.0,0.0,0.0,0.0,0.0,0.0,0.0,0.0,0.0,0.0,0.0,0.0,,0.0,0.0,0.0,,0.0,0.0,0.0
subject_24_task_5_6,24,5_6,,5_6,52,255.0,285.0,0.1592157923909865,18.0,0.2638888888888889,eye,高,7.333333333333333,7,93.71428571428572,1.1126972805283737,92.0,95.0,-5.980498374864641,24.98066518129641,7.016619233175001,2.2656566021915165,4.353376181115959,3.0519887563462484,3.0969473601551045,1.9214633748578844,6.665332012166734,3.0821984447353117,1.694385946630793,3.0240813263130626,2.1243303409484717,1.819065160959414,1.7847653495511495,9.28342744231746,3.428763739880807,2.6570220670491587,3.2305301871238186,1.5492509883664036,1.2904536181322463,1.215846201349614,17.16187456964377,13.92279680962207,22.46313742577131,39.27821379662688,37.780400009972006,0.6198064208808537,1.748563125984535,2994,3.083525776715603,0.305059298580169,0.8917835671342685,0.6967267869071476,0.1900467601870407,0.0347361389445557,12,2,420.0000000000012,4.0000000000000115,0.1333333333333337,0.014,0.5714285714285714,0.6829081046984717,3.17036,0.0,0.0,0.0,0.0,0.0,0.0,0.0,0.0,0.0,0.0,0.0,0.0,0.0,0.0,0.0,0.0,0.0,0.0,0.0,0.0,0.0,0.0,0.0,0.0,,0.0,0.0,0.0,,0.0,0.0,0.0
subject_24_task_5_6,24,5_6,,5_6,53,260.0,290.0,0.1620090519066178,18.0,0.2685185185185185,eye,高,7.333333333333333,6,93.5,1.0488088481701516,92.0,95.0,-5.932120019675244,20.671117582960168,7.208190152527566,2.4354865537708292,4.500628656090275,3.1438098702696355,2.9596509746141804,1.8479382073048265,5.8474562151914915,3.275177321543744,1.739832365298521,3.275227368297618,2.268827147559095,1.8824671772224375,1.8824959424959615,8.545535954690429,3.515899353222017,2.976397951783812,3.433335753034489,1.7953226922183232,1.1812598349339918,1.1535203990369718,17.59780930517526,14.165906934270833,23.89304765546197,44.23283791974387,43.86707125449711,0.5928882383923297,1.851284882430317,2994,3.07775051405072,0.2691848373242109,0.8787575150300602,0.6730126920507682,0.2064128256513026,0.0394121576486306,17,3,435.6300514850039,3.7906035455974623,0.1263534515199154,0.0145210017161667,0.4906856622306165,0.9937296535277916,3.177254031444594,0.0,0.0,0.0,0.0,0.0,0.0,0.0,0.0,0.0,0.0,0.0,0.0,0.0,0.0,0.0,0.0,0.0,0.0,0.0,0.0,0.0,0.0,0.0,0.0,,0.0,0.0,0.0,,0.0,0.0,0.0
subject_24_task_5_6,24,5_6,,5_6,54,265.0,295.0,0.1648023114222492,18.0,0.2731481481481481,eye,高,7.333333333333333,6,92.83333333333331,1.1690451944500122,91.0,94.0,-6.679245283018873,16.26788929396868,6.290002640332265,2.5171751952480483,4.44655763057268,3.216479574253822,2.498833872273413,1.7664871475640398,5.9253140252408985,3.258865290671918,1.8597420492413532,3.344300845512515,2.2978661821718007,1.7523211307725772,1.7982605958050797,8.885276468008026,3.4709505057479166,2.8259247255933246,3.4846621662551662,1.880042617723399,1.2282529942545315,1.233105091121468,16.41876725475735,13.735470910049967,24.84511871833622,46.58117779674175,45.37542278210197,0.5528438429200543,1.8748623552506456,2995,3.080186133879782,0.2806746165365968,0.8631051752921536,0.6387312186978297,0.2280467445742904,0.0387312186978297,17,3,359.80282237497033,2.614032955038878,0.0871344318346292,0.011993427412499,0.3880732906044326,1.0857681488295048,3.18929409584859,0.0,0.0,0.0,0.0,0.0,0.0,0.0,0.0,0.0,0.0,0.0,0.0,0.0,0.0,0.0,0.0,0.0,0.0,0.0,0.0,0.0,0.0,0.0,0.0,,0.0,0.0,0.0,,0.0,0.0,0.0
subject_24_task_5_6,24,5_6,,5_6,55,270.0,300.0,0.1675955709378805,18.0,0.2777777777777778,eye,高,7.333333333333333,6,92.5,1.0488088481701516,91.0,94.0,-4.012738853503398,15.018348214869436,6.16136530685888,2.610554896434084,4.520273548261764,3.358326241408519,2.3601745802300744,1.7315374422642027,5.938385452989894,3.3636411764314644,1.9082936250868727,3.5348189429359924,2.3098014745034,1.7626434067652137,1.852345412920967,8.99258410287554,3.651105119733327,2.90792249520637,3.600137081089003,1.9287306680696017,1.2555716755697837,1.238044372579988,16.995934361513267,13.493144659273511,29.89395760055832,51.527006498177315,47.14262722943886,0.4513669564789074,1.7236595832067068,2995,3.16286494740414,0.3018842030423692,0.8550918196994992,0.6293823038397329,0.2350584307178631,0.0333889816360601,17,3,283.9755932649368,1.437462364480294,0.0479154121493431,0.0094658531088312,0.7666333646263565,0.70268036047413,3.20776404186012,0.0,0.0,0.0,0.0,0.0,0.0,0.0,0.0,0.0,0.0,0.0,0.0,0.0,0.0,0.0,0.0,0.0,0.0,0.0,0.0,0.0,0.0,0.0,0.0,,0.0,0.0,0.0,,0.0,0.0,0.0
subject_24_task_5_6,24,5_6,,5_6,56,275.0,305.0,0.1703888304535118,18.0,0.2824074074074074,eye,高,7.333333333333333,6,92.66666666666669,1.3662601021279464,91.0,95.0,2.9588119921546334,15.222222441282137,5.887836977570539,2.487179012957055,4.587257015649365,3.3391187396504,2.367275112445717,1.8443614198060825,5.715389625800846,3.0760684798926436,1.87133715163471,3.425968520203275,2.404685225882177,1.6437810135952993,1.8307596347405992,9.103811061103038,3.355954560856959,2.7371068807266052,3.598660800953705,2.056362742360183,1.2260955479992333,1.314768095573377,15.837686741498317,11.583922915659748,28.12559322569432,51.85831381575116,51.242222637190366,0.4118641275476166,1.8438122673400417,2995,3.1957583163611676,0.3365800867727755,0.866110183639399,0.6447412353923205,0.223372287145242,0.0373956594323873,11,1,269.99999999999994,0.9999999999999998,0.0333333333333333,0.0089999999999999,1.0,-1.000088900581841e-12,3.21915,0.0,0.0,0.0,0.0,0.0,0.0,0.0,0.0,0.0,0.0,0.0,0.0,0.0,0.0,0.0,0.0,0.0,0.0,0.0,0.0,0.0,0.0,0.0,0.0,,0.0,0.0,0.0,,0.0,0.0,0.0
subject_24_task_5_6,24,5_6,,5_6,57,280.0,310.0,0.1731820899691432,18.0,0.287037037037037,eye,高,7.333333333333333,5,93.2,1.7888543819998317,91.0,95.0,8.02547770700633,13.95119872371646,5.952634716014004,2.741339641264168,5.3996253562428205,4.0549283175678585,2.1714327646277893,1.9697031608067304,6.367721671587994,3.2064451007570103,1.9851525087098605,4.41416737549586,2.8073053728579827,1.6152134844495456,2.223591062212446,9.028909256084107,3.506409375503171,2.854610082548393,3.816339677670161,2.139092070282299,1.2283321623991803,1.336904013967191,16.06181030229501,12.25842037135783,31.401580906081563,54.13133389493688,51.881411426083865,0.3903758988447532,1.7238410402596396,2995,3.192386730835339,0.348479181591506,0.8597662771285476,0.6504173622704508,0.208347245409015,0.0507512520868113,10,2,322.18742804513084,1.695832373935079,0.0565277457978359,0.0107395809348376,0.9676043051327126,0.1429736724074197,3.209633764632735,0.0,0.0,0.0,0.0,0.0,0.0,0.0,0.0,0.0,0.0,0.0,0.0,0.0,0.0,0.0,0.0,0.0,0.0,0.0,0.0,0.0,0.0,0.0,0.0,,0.0,0.0,0.0,,0.0,0.0,0.0
subject_24_task_5_6,24,5_6,,5_6,58,285.0,315.0,0.1759753494847745,18.0,0.2916666666666667,eye,高,7.333333333333333,6,94.16666666666669,2.1369760566432805,91.0,96.0,14.156079854809455,16.333105140619196,5.9399796370011435,2.756464849157015,5.319396483630912,3.6003481991240136,2.1549266767605304,1.929789340596052,5.686251700388728,3.163255964107359,2.069115176285086,3.873349879852378,2.506413294941238,1.5287964635137936,1.871983698271759,9.048904752098096,3.476319359871045,2.8698411616192043,3.758240320023539,2.082259089164384,1.2113281412096193,1.3095638777106005,16.250565353908684,11.702460329126836,34.561836928491424,52.82175865483282,49.90829096647672,0.3385948597969277,1.5283261350987,2995,3.166778846153846,0.3713413011362337,0.8654424040066778,0.6527545909849749,0.2060100166944908,0.0527545909849749,10,2,494.8791158185594,3.9983882109141256,0.1332796070304708,0.0164959705272853,0.9091175567404594,0.3045747345701543,3.19245328229251,0.0,0.0,0.0,0.0,0.0,0.0,0.0,0.0,0.0,0.0,0.0,0.0,0.0,0.0,0.0,0.0,0.0,0.0,0.0,0.0,0.0,0.0,0.0,0.0,,0.0,0.0,0.0,,0.0,0.0,0.0
subject_24_task_5_6,24,5_6,,5_6,59,290.0,320.0,0.1787686090004059,18.0,0.2962962962962963,eye,高,7.333333333333333,7,94.42857142857144,2.070196678027062,91.0,96.0,11.55786350148365,19.706872079811276,5.627373005144214,2.752741183737774,5.582394720042217,3.933020014782352,2.0442797304696687,2.0279402775026725,6.011976117937539,3.114987809056769,2.0385033192765216,4.142831622140851,2.603245315627114,1.528075907260381,2.032290839541615,9.383781336792106,3.5151442419429157,2.683579784327113,3.746702175559992,1.9721627799202115,1.3098713377080795,1.39615829476799,16.76894613457625,12.532357790658644,32.002142961823495,51.699808666352226,50.21396681458745,0.3916099557960522,1.615510834009672,2995,3.160509446925455,0.3683908658821009,0.8781302170283807,0.669449081803005,0.1969949916527545,0.0484140233722871,10,2,508.4454340408315,4.772020126077165,0.1590673375359055,0.0169481811346943,0.8819932366721149,0.3629347041597494,3.1844855132724335,0.0,0.0,0.0,0.0,0.0,0.0,0.0,0.0,0.0,0.0,0.0,0.0,0.0,0.0,0.0,0.0,0.0,0.0,0.0,0.0,0.0,0.0,0.0,0.0,,0.0,0.0,0.0,,0.0,0.0,0.0
subject_24_task_5_6,24,5_6,,5_6,60,295.0,325.0,0.1815618685160372,18.0,0.3009259259259259,eye,高,7.333333333333333,6,95.0,1.5491933384829668,92.0,96.0,9.97173544375356,24.763110419983803,6.373517483269485,2.6603771154170617,5.363389341981317,3.678472642227551,2.395719556575092,2.0160259652288093,5.431624678291048,3.094773662381785,2.0266864499620847,3.6734792385794424,2.460890402710072,1.52701157223392,1.8125542994813857,9.348861637462102,3.5259175971659937,2.697619276870567,3.5173410147849107,1.872494317269615,1.307047894933607,1.3038685795815042,17.44112569391948,11.609147883159464,34.93333883394192,51.12493061639979,48.397910493731935,0.3323228832590084,1.4634996917822751,2994,3.0920062068965515,0.3637016192525665,0.8977955911823647,0.7368069472277889,0.1543086172344689,0.0494321977287909,10,2,430.37013475218424,4.482852350934027,0.1494284116978009,0.0143456711584061,0.8605851216080562,0.4038998962245759,3.1781968794723663,0.0,0.0,0.0,0.0,0.0,0.0,0.0,0.0,0.0,0.0,0.0,0.0,0.0,0.0,0.0,0.0,0.0,0.0,0.0,0.0,0.0,0.0,0.0,0.0,,0.0,0.0,0.0,,0.0,0.0,0.0
subject_24_task_5_6,24,5_6,,5_6,61,300.0,330.0,0.1843551280316686,18.0,0.3055555555555556,eye,高,7.333333333333333,6,95.5,0.5477225575051661,95.0,96.0,0.8490566037736176,21.91301451364034,5.7511538286305495,2.7821273097814925,5.8587843600102225,4.238877804636242,2.067178525012302,2.105864939901104,5.81931145489057,3.366345286582573,2.0201808851569356,4.214330063339954,2.7134275974680704,1.666358350045007,2.0861152059720474,8.931942552739637,3.7118795856645574,2.735193235933985,3.75153427628102,1.9989097954337416,1.3570812975475437,1.3715792460271954,16.10720424052391,12.040578664357568,32.3044968022578,51.85509128436417,52.58333254847614,0.3727214430257287,1.6051973074144883,2994,2.9863403593642013,0.3187867272083088,0.9158316633266532,0.7722110888443554,0.1315965263861055,0.052438209752839,10,2,352.29483546353697,4.193684575790889,0.1397894858596963,0.0117431611821178,0.8296881079137752,0.4563804130798208,3.169120881699671,0.0,0.0,0.0,0.0,0.0,0.0,0.0,0.0,0.0,0.0,0.0,0.0,0.0,0.0,0.0,0.0,0.0,0.0,0.0,0.0,0.0,0.0,0.0,0.0,,0.0,0.0,0.0,,0.0,0.0,0.0
subject_24_task_5_6,24,5_6,,5_6,62,305.0,335.0,0.1871483875472999,18.0,0.3101851851851852,eye,高,7.333333333333333,6,95.16666666666669,1.1690451944500122,93.0,96.0,-4.662420382165904,24.354546139790344,6.435553026015459,2.862612231730711,5.637704543867447,3.676908620020045,2.2481399872048256,1.9694265543115277,5.704718392483737,3.2476365374367107,2.1793310302679116,3.9395436395344383,2.4856240608204083,1.490198823552505,1.8076848284265188,9.213543743322177,3.6505332282563425,3.066194917672852,3.807928558841855,1.9281633299586105,1.1905744175673558,1.241906878422444,17.11837269196229,11.845706715642594,32.24825385641881,52.57830921602376,48.607679165136574,0.3673286240050104,1.630423447115056,2994,2.9880027463096464,0.2785508515792621,0.901135604542418,0.7404809619238477,0.1549766199064796,0.0450901803607214,10,2,300.0000000000012,4.000000000000016,0.1333333333333338,0.01,0.8,0.5004024235361879,3.1604,0.0,0.0,0.0,0.0,0.0,0.0,0.0,0.0,0.0,0.0,0.0,0.0,0.0,0.0,0.0,0.0,0.0,0.0,0.0,0.0,0.0,0.0,0.0,0.0,,0.0,0.0,0.0,,0.0,0.0,0.0
subject_24_task_5_6,24,5_6,,5_6,63,310.0,340.0,0.1899416470629312,18.0,0.3148148148148148,eye,高,7.333333333333333,6,94.83333333333331,1.4719601443879746,93.0,96.0,-8.220779220779233,25.267028747203813,6.344516014082288,2.813715293886323,5.312732658882762,3.581893548423933,2.2548535837537416,1.8881557314723123,5.987300749023181,3.203812240812779,1.8581809489527408,3.4972397145971947,2.2388901297146453,1.7241659067801918,1.882077047753728,9.508168074106123,3.5789092282380075,2.903875238736836,3.725094225265605,1.896935980195189,1.2324597078057686,1.2828010568684052,17.62539425791788,12.055223845392591,28.028289917976412,48.35879316078708,48.015961285841534,0.4301091461759417,1.7253565344980737,2994,3.0259870616275113,0.3121968019643894,0.894121576486306,0.727120908483634,0.1663326653306613,0.0377421509686038,10,2,247.8125719548703,3.3041676260649373,0.1101389208688312,0.0082604190651623,0.8,0.5004024235361879,3.1603999999999997,0.0,0.0,0.0,0.0,0.0,0.0,0.0,0.0,0.0,0.0,0.0,0.0,0.0,0.0,0.0,0.0,0.0,0.0,0.0,0.0,0.0,0.0,0.0,0.0,,0.0,0.0,0.0,,0.0,0.0,0.0
subject_24_task_5_6,24,5_6,,5_6,64,315.0,345.0,0.1927349065785626,18.0,0.3194444444444444,eye,高,7.333333333333333,5,93.4,2.302172886644267,90.0,96.0,-14.651162790697764,24.073039331184937,6.74493811081627,3.067150085604527,5.465583373625957,3.5389253042107685,2.199089683440405,1.781974543495059,5.96127126894282,3.271862620019666,2.227027459041931,3.663398983229611,2.3233844963951267,1.469161328359743,1.6449725253076173,9.448854955234882,3.76924492404909,3.2304868507216455,3.74940160895001,1.9130314110214068,1.1667730277890138,1.1606305124295573,17.70451762833058,11.76219038337868,29.133059777945604,48.17598475295313,48.66365667287082,0.4037403030450968,1.6536534480124692,2994,3.012308407994487,0.3133809235285243,0.8750835003340013,0.7147628590514362,0.1656646626586506,0.0511022044088176,16,3,89.84511743140884,1.211957978371134,0.0403985992790378,0.0029948372477136,0.668892301142948,0.8644498556802811,3.1274641072008724,0.0,0.0,0.0,0.0,0.0,0.0,0.0,0.0,0.0,0.0,0.0,0.0,0.0,0.0,0.0,0.0,0.0,0.0,0.0,0.0,0.0,0.0,0.0,0.0,,0.0,0.0,0.0,,0.0,0.0,0.0
subject_24_task_5_6,24,5_6,,5_6,65,320.0,350.0,0.1955281660941939,18.0,0.324074074074074,eye,高,7.333333333333333,5,92.0,2.449489742783178,89.0,95.0,-17.94478527607382,17.569199400961274,5.344347515536023,2.835758474520299,5.543765069472114,3.9674478968583937,1.884627186537838,1.9549496613634931,5.731963758735226,3.077291235437459,1.9555345571553784,3.850023041455785,2.55677018652985,1.5736317336748302,1.9687829229958624,8.592693514830613,3.325502594276339,3.0004157626346424,3.680280254132708,1.880684961951801,1.1083472616329149,1.2265900946011168,16.5983027944434,11.685480389207092,26.780881135517863,44.93116255046669,47.110839183656346,0.4363366660744163,1.6777327946419658,2995,3.1081296740994855,0.3585570376851813,0.8734557595993322,0.7165275459098498,0.1626043405676127,0.0474123539232053,11,1,30.081172392611062,0.429731034180158,0.0143243678060052,0.0010027057464203,1.0,-1.000088900581841e-12,2.95943,0.0,0.0,0.0,0.0,0.0,0.0,0.0,0.0,0.0,0.0,0.0,0.0,0.0,0.0,0.0,0.0,0.0,0.0,0.0,0.0,0.0,0.0,0.0,0.0,,0.0,0.0,0.0,,0.0,0.0,0.0
subject_24_task_5_6,24,5_6,,5_6,66,325.0,355.0,0.1983214256098253,18.0,0.3287037037037037,eye,高,7.333333333333333,6,91.0,3.286335345030997,86.0,95.0,-19.596774193548345,16.215710899680126,5.417446020753664,3.0021976800174333,5.732331839449942,3.767174264344353,1.8044934405259432,1.9093785454582908,5.993480399796263,3.0134914132588633,1.950803077567767,3.9187174742705864,2.525713443174492,1.5447440328093192,2.008771423077919,8.52822630009716,3.409963946946781,2.9105473556580854,3.510500379921276,1.7621862299798978,1.1715885468476686,1.2061306520565234,17.286535234987294,12.512265228387731,23.88009958193363,44.32235200295408,42.34489242995409,0.5239620205710459,1.856037151389684,2995,3.110873796423659,0.3648231971069407,0.8624373956594323,0.6914858096828047,0.1732888146911519,0.0497495826377295,11,1,45.43811153525509,0.6491158790750727,0.021637195969169,0.0015146037178418,1.0,-1.000088900581841e-12,2.95943,0.0,0.0,0.0,0.0,0.0,0.0,0.0,0.0,0.0,0.0,0.0,0.0,0.0,0.0,0.0,0.0,0.0,0.0,0.0,0.0,0.0,0.0,0.0,0.0,,0.0,0.0,0.0,,0.0,0.0,0.0
subject_24_task_5_6,24,5_6,,5_6,67,330.0,360.0,0.2011146851254566,18.0,0.3333333333333333,eye,高,7.333333333333333,6,89.66666666666667,2.943920288775949,86.0,93.0,-17.267987486965538,20.129203917536454,5.344970199292792,2.819160336397571,5.351467724470159,3.5397910495217646,1.895944026412771,1.8982487996083492,5.877996522173844,2.6974787959096234,1.8471958948620577,3.6923841042338608,2.4647215661185915,1.4603100859051348,1.998913117176235,8.307249983750843,3.0431675893114947,2.6699413219320416,3.3579322766548376,1.6897364406011404,1.1397881909664502,1.2576801778643387,18.02972443861331,12.63937256672667,20.982327256523632,41.334934849398145,40.87069139423874,0.6023818241037563,1.9699880925528253,2995,3.2199831846259435,0.3876549698098542,0.8283806343906511,0.6307178631051753,0.2093489148580968,0.0477462437395659,11,1,60.79505067789911,0.8685007239699873,0.0289500241323329,0.0020265016892633,1.0,-1.000088900581841e-12,2.95943,0.0,0.0,0.0,0.0,0.0,0.0,0.0,0.0,0.0,0.0,0.0,0.0,0.0,0.0,0.0,0.0,0.0,0.0,0.0,0.0,0.0,0.0,0.0,0.0,,0.0,0.0,0.0,,0.0,0.0,0.0
subject_24_task_5_6,24,5_6,,5_6,68,335.0,365.0,0.2039079446410879,18.0,0.3379629629629629,eye,高,7.333333333333333,7,89.42857142857143,2.370453040886408,86.0,93.0,-4.644700277888051,19.829398740040507,5.228717320304049,2.767618644210481,5.442068574296846,3.9719056417628713,1.88924775862523,1.9663361444977208,6.0947747353087065,2.9543785988470987,1.8879321388574917,3.816569741385415,2.799004906832367,1.5648754200640824,2.021560872254162,8.419295925884121,3.259265393637355,2.552793548059645,3.2779223573006373,1.71901539803324,1.276744606360625,1.284053056226249,16.53965042585585,12.793502930847652,23.071780286719783,44.09028417589736,42.07110726042026,0.5545087016198593,1.9110048564945776,2995,3.2241578217134927,0.4025027166563293,0.8363939899833055,0.6597662771285476,0.1863105175292153,0.0570951585976627,6,1,69.99999999999999,1.0,0.0333333333333333,0.0023333333333333,1.0,-1.000088900581841e-12,2.95943,0.0,0.0,0.0,0.0,0.0,0.0,0.0,0.0,0.0,0.0,0.0,0.0,0.0,0.0,0.0,0.0,0.0,0.0,0.0,0.0,0.0,0.0,0.0,0.0,,0.0,0.0,0.0,,0.0,0.0,0.0
subject_24_task_5_6,24,5_6,,5_6,69,340.0,370.0,0.2067012041567193,18.0,0.3425925925925926,eye,高,7.333333333333333,6,88.83333333333333,1.9407902170679516,86.0,91.0,2.003338898163585,17.0290350347183,4.854336035213307,2.3315837690731644,5.077944961441414,3.7057446103174994,2.0819908336996917,2.17789514097534,5.724033154904461,3.034755868333155,1.7258850734344644,3.5539428510265805,2.634381359977666,1.7583765657663828,2.0592001783492635,7.688824089081338,3.1761383522426314,2.293997705055803,3.1149251343288733,1.5965729044696348,1.384542951042477,1.357858871202794,15.29771351932942,14.47604393232604,20.796481135846815,45.35292215776244,41.29229620415586,0.6960814109735969,2.180797888907647,2995,3.1766878453038676,0.401562991147243,0.849415692821369,0.7008347245409015,0.1636060100166945,0.0520868113522537,12,3,78.89792777441846,1.0936623976254576,0.0364554132541819,0.0026299309258139,0.9287719713806024,0.2997998463771583,2.9918218363650286,0.0,0.0,0.0,0.0,0.0,0.0,0.0,0.0,0.0,0.0,0.0,0.0,0.0,0.0,0.0,0.0,0.0,0.0,0.0,0.0,0.0,0.0,0.0,0.0,,0.0,0.0,0.0,,0.0,0.0,0.0
subject_24_task_5_6,24,5_6,,5_6,70,345.0,375.0,0.2094944636723506,18.0,0.3472222222222222,eye,高,7.333333333333333,6,89.66666666666667,3.204163957519444,86.0,95.0,15.21531100478484,22.956751478519948,5.303471554869983,2.530942222690902,4.5934285629734175,3.31725554237281,2.0954534273134544,1.8149085039522064,5.998444809663748,3.250474663444178,1.8518398981368032,3.280843522796411,2.364956125577717,1.7552676485232803,1.771666938431003,7.979049645311067,3.5438886517953563,2.5318226080545267,3.224127365552474,1.7505594121879546,1.399738133517383,1.273441257414918,14.54096381465495,14.48132918867293,25.662781422072374,51.35296647130976,46.42402228572987,0.5642930495529859,2.0010678354272793,2995,3.203807718579235,0.3795642002974478,0.8517529215358931,0.6918196994991653,0.1803005008347245,0.0370617696160267,12,3,116.39158052456136,1.432978166236108,0.0477659388745369,0.0038797193508187,0.6683655195906916,0.835517040169441,3.110244925397138,0.0,0.0,0.0,0.0,0.0,0.0,0.0,0.0,0.0,0.0,0.0,0.0,0.0,0.0,0.0,0.0,0.0,0.0,0.0,0.0,0.0,0.0,0.0,0.0,,0.0,0.0,0.0,,0.0,0.0,0.0
subject_24_task_5_6,24,5_6,,5_6,71,350.0,380.0,0.212287723187982,18.0,0.3518518518518518,eye,高,7.333333333333333,6,90.33333333333331,3.444802848737017,86.0,95.0,23.78048780487813,25.878491509322117,5.160003138270317,2.4930775196592396,4.558011211713993,3.237853853969693,2.0697323278481927,1.8282669414695911,5.646689436079576,3.1922742969287454,1.793849226104146,3.1936095160196936,2.4587260142999434,1.7795666717551717,1.7803110035928298,8.103355472646792,3.4755414477818034,2.518218014211884,3.2343969179524468,1.8250189736309492,1.3801590760478808,1.2843990868537656,14.449145158592394,14.180335823381986,24.21011662705584,49.10730683413448,44.8693341178398,0.5857194346405938,2.028379606368974,2994,3.189735907072087,0.3683231862561622,0.8390113560454242,0.6596526386105545,0.2037408149632598,0.0370741482965931,12,3,153.25252738202727,1.7632552792370872,0.0587751759745695,0.0051084175794009,0.5329331265995865,0.9729153914501438,3.1718344990147553,0.0,0.0,0.0,0.0,0.0,0.0,0.0,0.0,0.0,0.0,0.0,0.0,0.0,0.0,0.0,0.0,0.0,0.0,0.0,0.0,0.0,0.0,0.0,0.0,,0.0,0.0,0.0,,0.0,0.0,0.0
subject_24_task_5_6,24,5_6,,5_6,72,355.0,385.0,0.2150809827036133,18.0,0.3564814814814814,eye,高,7.333333333333333,6,91.83333333333331,3.125166662222459,87.0,95.0,19.6532846715328,26.187174290689203,5.46459274106696,2.3510264163533328,4.218268933489148,3.1209609211286167,2.3243434029733563,1.7942243881853477,6.203668935927598,3.4611627001476815,1.709147800293416,3.1529686393989818,2.3250881523337585,2.025080978692124,1.8447606689472376,8.483711294373592,3.775056139020609,2.585538923070777,3.207913149149477,1.645008456052934,1.4600654839638123,1.2407135396513476,14.134934046227729,13.193881491661466,21.49432160852905,42.45689112925331,44.10786360484102,0.6138310262570033,1.9752608108555616,2994,3.265303206002728,0.3397211700362764,0.8193052772211089,0.6102204408817635,0.2341349365397461,0.0380761523046092,12,3,190.11347423949312,2.093532392238066,0.0697844130746022,0.0063371158079831,0.4500184866062067,1.0201318518613205,3.2095409679847453,0.0,0.0,0.0,0.0,0.0,0.0,0.0,0.0,0.0,0.0,0.0,0.0,0.0,0.0,0.0,0.0,0.0,0.0,0.0,0.0,0.0,0.0,0.0,0.0,,0.0,0.0,0.0,,0.0,0.0,0.0
subject_24_task_5_6,24,5_6,,5_6,73,360.0,390.0,0.2178742422192446,18.0,0.3611111111111111,eye,高,7.333333333333333,6,92.5,2.16794833886788,90.0,95.0,4.984177215189947,24.445189766595263,5.436988562027306,2.4118033143228224,4.170654814198681,3.051959406092578,2.254325022997941,1.7292682157913457,5.6721092246017415,3.466030587257919,1.5993589113556057,3.0796347804295396,2.3940291975856165,2.167137446541086,1.9255432652194764,8.412555972387867,3.9162357852641545,2.526317277170512,3.091683386905626,1.7150373535552732,1.5501757521329065,1.2237906199843305,14.088499244714692,13.698183703950503,20.8312398862207,41.32176294238288,44.15000328167472,0.6575788949082901,1.9836439486118207,2994,3.281421304199385,0.3465435613721451,0.8136272545090181,0.6042084168336673,0.2334669338677354,0.0424181696726786,12,3,226.97442109695905,2.423809505239046,0.0807936501746348,0.0075658140365653,0.4292253914363621,1.0363019070014985,3.2350002758678755,0.0,0.0,0.0,0.0,0.0,0.0,0.0,0.0,0.0,0.0,0.0,0.0,0.0,0.0,0.0,0.0,0.0,0.0,0.0,0.0,0.0,0.0,0.0,0.0,,0.0,0.0,0.0,,0.0,0.0,0.0
subject_24_task_5_6,24,5_6,,5_6,74,365.0,395.0,0.220667501734876,18.0,0.3657407407407407,eye,高,7.333333333333333,6,93.33333333333331,1.505545305418162,91.0,95.0,-5.1684434968016895,20.91382368885797,5.186156011627131,2.328291039857786,4.023440363034142,2.7861065469815696,2.2274517759360126,1.72806590505966,5.708392443149763,3.517730133105726,1.5699795347556045,3.0455105979039243,2.1324718160792258,2.2406216483919477,1.9398409536453052,8.09315636023194,4.100249034570298,2.4804252049744235,2.9800456768570465,1.6510810406689589,1.6530428034465072,1.2014253325924311,13.945759565114118,12.626734150514572,17.155259902588156,37.60325813054212,43.42941406209378,0.7360269807751277,2.1919375365959364,2994,3.322078956286006,0.337867544301913,0.8169672678690715,0.6232464929859719,0.2284569138276553,0.0334001336005344,6,3,269.98735777496813,2.8419721871049277,0.0947324062368309,0.0089995785924989,0.4473684210526316,1.0393545674350573,3.246648421052632,0.0,0.0,0.0,0.0,0.0,0.0,0.0,0.0,0.0,0.0,0.0,0.0,0.0,0.0,0.0,0.0,0.0,0.0,0.0,0.0,0.0,0.0,0.0,0.0,,0.0,0.0,0.0,,0.0,0.0,0.0
subject_24_task_5_6,24,5_6,,5_6,75,370.0,400.0,0.2234607612505073,18.0,0.3703703703703703,eye,高,7.333333333333333,7,93.42857142857144,1.3972762620115435,91.0,95.0,-2.3838289962823835,16.664857212135313,5.2266008063474025,2.362815847775547,3.9106219254168257,2.5771113719693246,2.2120220715752947,1.6550684341729158,5.9304877205454885,3.5384412839316037,1.518733248280287,2.918272155405216,2.1842362806606093,2.329863580677054,1.9215172636206348,7.640924403322135,4.05002146975783,2.4085740648879503,2.8070212508567796,1.578897970198471,1.6815017353208284,1.1654286624511028,15.265366273595651,12.37463065875034,14.632255606998584,33.09996488220196,37.07080491692656,0.8457090274469765,2.2621232003608727,2995,3.356304539295393,0.3120356579837132,0.8213689482470785,0.596661101836394,0.2467445742904841,0.0340567612687813,6,3,313.3073160006596,3.297971747375364,0.1099323915791787,0.0104435772000219,0.4473684210526315,1.0393545674350573,3.246648421052631,0.0,0.0,0.0,0.0,0.0,0.0,0.0,0.0,0.0,0.0,0.0,0.0,0.0,0.0,0.0,0.0,0.0,0.0,0.0,0.0,0.0,0.0,0.0,0.0,,0.0,0.0,0.0,,0.0,0.0,0.0
subject_24_task_5_6,24,5_6,,5_6,76,375.0,405.0,0.2262540207661387,18.0,0.375,eye,高,7.333333333333333,7,93.42857142857144,1.3972762620115435,91.0,95.0,2.676579925650547,13.56814070541487,5.125040685933573,2.1391465648142183,3.855425629986386,2.549053364015029,2.3958342874830905,1.8023195293872836,6.139356759390268,3.899710752880589,1.5654277249892268,2.8651512704964355,1.9693616573079815,2.491147109910441,1.8302673606449336,7.861863089971511,4.1660652419530955,2.427688255450432,2.7754368223765313,1.3990362136740089,1.716062691574922,1.1432426779448988,15.254354311163134,13.48238361787826,11.795665366507391,30.60474649424206,33.873113207655756,1.142994752645335,2.5945756804140245,2995,3.422409952606635,0.2920549763777723,0.8313856427378965,0.591652754590985,0.2510851419031719,0.0320534223706176,6,3,313.3073160006596,3.297971747375364,0.1099323915791787,0.0104435772000219,0.4473684210526315,1.0393545674350573,3.246648421052631,0.0,0.0,0.0,0.0,0.0,0.0,0.0,0.0,0.0,0.0,0.0,0.0,0.0,0.0,0.0,0.0,0.0,0.0,0.0,0.0,0.0,0.0,0.0,0.0,,0.0,0.0,0.0,,0.0,0.0,0.0
subject_24_task_5_6,24,5_6,,5_6,77,380.0,410.0,0.22904728028177,18.0,0.3796296296296296,eye,高,7.333333333333333,7,94.14285714285714,2.193062655175134,91.0,98.0,8.493282149712128,9.941771830890652,5.447171478893065,2.191873033371431,4.004734724011356,2.5738847113606003,2.485167432583672,1.8270833497374024,6.391655568232662,4.150121740390809,1.6784430754052313,2.900559128931975,1.9333992957313004,2.472602021006183,1.7281248148565806,7.693541954209645,4.466389667935783,2.642116688474296,2.913972396298729,1.4549197276320192,1.690458898889482,1.1028931496516976,15.589560627062603,14.325215178154366,11.534356569140286,30.830151840918393,33.667910504752314,1.2419604936161686,2.672897413575998,2995,3.349077105978261,0.3477722028797028,0.8407345575959934,0.6340567612687813,0.2227045075125208,0.0363939899833055,6,3,266.6663002253613,2.80701368658275,0.0935671228860916,0.0088888766741787,0.4473684210526316,1.0393545674350573,3.246648421052632,0.0,0.0,0.0,0.0,0.0,0.0,0.0,0.0,0.0,0.0,0.0,0.0,0.0,0.0,0.0,0.0,0.0,0.0,0.0,0.0,0.0,0.0,0.0,0.0,,0.0,0.0,0.0,,0.0,0.0,0.0
subject_24_task_5_6,24,5_6,,5_6,78,385.0,415.0,0.2318405397974014,18.0,0.3842592592592592,eye,高,7.333333333333333,6,94.0,2.3664319132398464,91.0,98.0,15.63829787234052,8.419718413122096,4.8551287583087195,2.1521916343730116,4.054726504258821,2.580110840263627,2.2558998375268486,1.8839988221774064,5.904655170177397,4.184315225874294,1.7315826047952545,2.8637427789535597,1.91469700606005,2.4164687346053904,1.6538297226034873,6.779985527358461,4.160184314789406,2.638877201266717,3.017049101184617,1.4691721141984262,1.5764978805351115,1.143307880994375,13.70293843552807,14.24398570733746,10.80075313860003,29.35648831741289,30.527456723074614,1.3187955992098284,2.7180038225758403,2995,3.2913691001697787,0.3816071766780058,0.8504173622704507,0.6828046744574291,0.1976627712854758,0.0340567612687813,12,3,242.25140988040732,2.5159842464092375,0.0838661415469745,0.0080750469960135,0.4173767198034233,1.045148798463829,3.2770360914250865,0.0,0.0,0.0,0.0,0.0,0.0,0.0,0.0,0.0,0.0,0.0,0.0,0.0,0.0,0.0,0.0,0.0,0.0,0.0,0.0,0.0,0.0,0.0,0.0,,0.0,0.0,0.0,,0.0,0.0,0.0
subject_24_task_5_6,24,5_6,,5_6,79,390.0,420.0,0.2346337993130327,18.0,0.3888888888888889,eye,高,7.333333333333333,6,94.66666666666669,1.8618986725025255,93.0,98.0,6.995515695067235,7.968198994671728,5.389207421978602,2.402581901956282,4.287642409031632,2.4854839003914444,2.2430899931404977,1.784597813519054,6.497203692712382,4.611579040507662,2.071392189610169,2.997704599592286,1.7994840344253251,2.2263186390480456,1.447193155708696,6.979997660724895,4.729765192214135,3.255847333247943,3.1608567878093035,1.4877282473415978,1.4526987011690908,0.970824631588644,14.790398090050388,14.50031987147105,11.502270213806083,28.75588023860096,28.34159052923319,1.2606485156353249,2.50001779684201,2995,3.2874114654002717,0.3819798111715816,0.8681135225375626,0.6824707846410685,0.201669449081803,0.0333889816360601,12,3,312.9468556891243,3.109702119293128,0.1036567373097709,0.0104315618563041,0.4821903204556423,1.0361391093034056,3.374163586554234,0.0,0.0,0.0,0.0,0.0,0.0,0.0,0.0,0.0,0.0,0.0,0.0,0.0,0.0,0.0,0.0,0.0,0.0,0.0,0.0,0.0,0.0,0.0,0.0,,0.0,0.0,0.0,,0.0,0.0,0.0
subject_24_task_5_6,24,5_6,,5_6,80,395.0,425.0,0.237427058828664,18.0,0.3935185185185185,eye,高,7.333333333333333,5,95.8,1.6431676725154982,94.0,98.0,4.56521739130438,10.160214505112036,5.330767638619483,2.4524231565611467,4.29612548381775,2.5464756926911387,2.1736736681668054,1.751788011104043,6.398849939320354,4.470729428217068,2.0540880188750794,3.137010233608218,1.946708455125748,2.176503337313394,1.527203413282261,7.263357028910518,4.380589682170388,3.2031863208663456,3.2732005210612583,1.498775025301763,1.3675725491315154,1.0218576733232227,15.261902397780522,13.72947792206425,11.688112607364738,27.287589782060632,25.84960669064102,1.1746531183668814,2.3346446683672935,2995,3.286631721339195,0.3906418445654364,0.8540901502504173,0.6293823038397329,0.2293823038397328,0.0347245409015025,12,3,383.6423014978412,3.703419992177019,0.1234473330725673,0.0127880767165947,0.5369102007272085,1.0076565825929884,3.4354948645215586,0.0,0.0,0.0,0.0,0.0,0.0,0.0,0.0,0.0,0.0,0.0,0.0,0.0,0.0,0.0,0.0,0.0,0.0,0.0,0.0,0.0,0.0,0.0,0.0,,0.0,0.0,0.0,,0.0,0.0,0.0
subject_24_task_5_6,24,5_6,,5_6,81,400.0,430.0,0.2402203183442954,18.0,0.3981481481481481,eye,高,7.333333333333333,5,96.4,1.3416407864998738,95.0,98.0,1.9532044760935363,11.779044161995326,5.394820567893491,2.799035689631582,4.547921720041393,3.0204204725019004,1.927385416297987,1.6248173386599458,6.475788391323305,4.078390318446481,2.320755525259121,3.2805551046818504,2.092608238437004,1.7573545658115426,1.4135720324593708,7.639990994758147,4.305470354489666,3.72304043462447,3.330973301324148,1.5104946587299346,1.156439321595481,0.8946916800435265,15.749753926597696,13.555142361575506,12.32214584046851,26.26152303094587,25.29763491149699,1.100063457864423,2.131245918604333,2994,3.345250338294994,0.3736932339224403,0.8229792919171677,0.5968603874415498,0.2494989979959919,0.0337341349365397,12,3,454.3377473065582,4.297137865060911,0.1432379288353637,0.0151445915768852,0.5746011356675483,0.9766347322917288,3.4777397158663,0.0,0.0,0.0,0.0,0.0,0.0,0.0,0.0,0.0,0.0,0.0,0.0,0.0,0.0,0.0,0.0,0.0,0.0,0.0,0.0,0.0,0.0,0.0,0.0,,0.0,0.0,0.0,,0.0,0.0,0.0
subject_24_task_5_6,24,5_6,,5_6,82,405.0,435.0,0.2430135778599267,18.0,0.4027777777777778,eye,高,7.333333333333333,5,96.4,1.3416407864998738,95.0,98.0,-5.031766200762261,12.32465740504568,4.920033413751269,2.9711750789055102,4.585165361045997,2.972100928194523,1.6559217424385702,1.5432161482503517,6.330152747948326,4.092132903463458,2.481062212460974,3.475631014305952,2.212104219508232,1.6493471557911716,1.4008641124957777,7.692016083200891,4.160535523311998,3.9342911529065328,3.4581457809944167,1.5488402026287276,1.0575057517637765,0.8789755629650453,16.247189344058587,12.048158701531738,11.77765187731776,24.18740157599017,23.79259387688444,1.0229678060645466,2.053669256651403,2994,3.2961565452091772,0.3580001533640001,0.7965931863727455,0.6082164328657315,0.2401469605878423,0.0293921175684702,12,3,435.5768702248107,4.058703897103271,0.1352901299034423,0.0145192290074936,0.6016266113105643,0.9479962081265714,3.5080304794906905,0.0,0.0,0.0,0.0,0.0,0.0,0.0,0.0,0.0,0.0,0.0,0.0,0.0,0.0,0.0,0.0,0.0,0.0,0.0,0.0,0.0,0.0,0.0,0.0,,0.0,0.0,0.0,,0.0,0.0,0.0
subject_24_task_5_6,24,5_6,,5_6,83,410.0,440.0,0.2458068373755581,18.0,0.4074074074074074,eye,高,7.333333333333333,5,96.6,1.6733200530681511,95.0,99.0,8.0065897858319,11.959290606803194,4.964430725430933,3.066279741099207,4.470949588186519,2.844196065952536,1.6190403826792634,1.45810231475611,6.4696438752800205,3.840684510947399,2.7569682881532547,3.244365647324658,2.052690863956642,1.393082585480179,1.1767874375870622,7.999518891256797,4.015190489114976,4.5501479062748835,3.3275026476171856,1.5134597276814623,0.8824307630918602,0.7312954910824748,18.03927058320247,11.469436308900113,11.502711082588368,23.355873417724386,20.6686200062736,0.9971072233798324,2.03046683951561,2994,3.3490177673483075,0.3117977900134215,0.7481629926519706,0.572812291249165,0.2675350701402805,0.021376085504342,6,3,429.9999999999991,3.999999999999991,0.133333333333333,0.0143333333333333,0.6046511627906976,0.9444311966667672,3.511420465116279,0.0,0.0,0.0,0.0,0.0,0.0,0.0,0.0,0.0,0.0,0.0,0.0,0.0,0.0,0.0,0.0,0.0,0.0,0.0,0.0,0.0,0.0,0.0,0.0,,0.0,0.0,0.0,,0.0,0.0,0.0
subject_24_task_5_6,24,5_6,,5_6,84,415.0,445.0,0.2486000968911894,18.0,0.412037037037037,eye,高,7.333333333333333,6,97.16666666666669,2.0412414523193148,95.0,100.0,10.684931506849155,16.26821652391284,4.891267255093591,2.8916237543548857,4.160743319186918,2.6328949351123514,1.6915296285442296,1.4388951235169147,6.598715337289513,3.515904553792962,2.522880326180394,3.177538464747215,1.8974399706568963,1.39360734526635,1.259488383881436,8.168196161785161,3.8349356485947728,4.068645621545235,3.291868141723873,1.4646664825294722,0.9425582872804484,0.809082050373719,20.102750958503577,11.267526266474375,11.006115216288102,22.269731223258812,20.4164164173238,1.023751436819361,2.0233961561933795,2994,3.3924866399465596,0.2558884158738249,0.7264529058116233,0.5691382765531062,0.2702070808283233,0.0177020708082832,6,3,402.1970043448431,3.74136748227761,0.1247122494092536,0.0134065668114947,0.6046511627906976,0.9444311966667672,3.511420465116279,0.0,0.0,0.0,0.0,0.0,0.0,0.0,0.0,0.0,0.0,0.0,0.0,0.0,0.0,0.0,0.0,0.0,0.0,0.0,0.0,0.0,0.0,0.0,0.0,,0.0,0.0,0.0,,0.0,0.0,0.0
subject_24_task_5_6,24,5_6,,5_6,85,420.0,450.0,0.2513933564068208,18.0,0.4166666666666667,eye,高,7.333333333333333,6,97.5,1.760681686165901,95.0,100.0,4.686064318529949,18.497855845125613,4.774663041900794,3.0029757638287795,4.091401112341955,2.6766582166340647,1.5899772150718663,1.3624489287004562,6.199105863106315,2.976301267464971,2.4758934635626413,3.0177414912018787,1.836404959763,1.2021120097721318,1.218849492360449,8.28890618803231,3.35287232541089,4.0067345020429,3.2024533073017474,1.4392371691852857,0.8368092080224862,0.7992676594041664,19.457218525129807,10.39189340934908,9.70770820020234,20.475436224870236,19.096033644328408,1.070478551171581,2.109193622490987,2994,3.35086202277294,0.2221040629789399,0.7224448897795591,0.5861723446893787,0.2621910487641951,0.0167000668002672,12,4,735.631221266078,5.490840575301704,0.1830280191767234,0.0245210407088692,0.5484288480548365,1.1425181674197349,3.4003310905709205,0.0,0.0,0.0,0.0,0.0,0.0,0.0,0.0,0.0,0.0,0.0,0.0,0.0,0.0,0.0,0.0,0.0,0.0,0.0,0.0,0.0,0.0,0.0,0.0,,0.0,0.0,0.0,,0.0,0.0,0.0
subject_24_task_5_6,24,5_6,,5_6,86,425.0,455.0,0.2541866159224521,18.0,0.4212962962962963,eye,高,7.333333333333333,6,97.33333333333331,1.8618986725025255,95.0,100.0,1.3567839195980538,14.122720484811676,4.807350505958421,2.6986675597564993,4.051270189559316,2.1214816018091556,1.7813792916353834,1.5012112829209918,6.273622799541299,3.332764447250767,2.4718506551288284,3.0053010237923186,1.7033752053403015,1.3482871387620583,1.2158101127819505,7.892596984423116,3.665594746945216,4.007742393781363,3.3895262002135236,1.4191362041930342,0.9146283335558087,0.8457445282593266,18.375003987311526,10.90807007005932,9.6137298057169,19.343116984496376,17.706641774241366,1.134634558126725,2.0120304372392286,2995,3.338312018747908,0.1914926275064547,0.7459098497495826,0.6337228714524207,0.2367278797996661,0.0113522537562604,12,4,1358.1402166870207,9.072800378308097,0.3024266792769365,0.045271340556234,0.7029484440792176,0.927090425282664,3.352962652454978,0.0,0.0,0.0,0.0,0.0,0.0,0.0,0.0,0.0,0.0,0.0,0.0,0.0,0.0,0.0,0.0,0.0,0.0,0.0,0.0,0.0,0.0,0.0,0.0,,0.0,0.0,0.0,,0.0,0.0,0.0
subject_24_task_5_6,24,5_6,,5_6,87,430.0,460.0,0.2569798754380835,18.0,0.4259259259259259,eye,高,7.333333333333333,6,97.16666666666669,1.9407902170679512,95.0,100.0,-2.000732869182845,16.202762345537604,4.80186942152585,2.544122303897794,3.906968021354622,1.9697985081477103,1.8874365490090677,1.5356840413563622,6.323883753164068,3.3154618697779195,2.318598745036764,2.747000992658116,1.5986607853930002,1.4299420617194154,1.184767738936458,8.026427778157679,3.4706745410449473,3.758267423920656,3.307332020522132,1.4474846429506385,0.923477270125794,0.8800150834056124,19.05805234351943,10.527672661622354,9.16265501385943,19.210226156413057,16.99812532423579,1.148976213302607,2.0965785710970968,2995,3.3032233009708736,0.1762917819521816,0.7579298831385642,0.6514190317195325,0.2257095158597662,0.0086811352253756,12,4,1295.4570089183587,8.311227989938232,0.277040932997941,0.0431819002972786,0.7551192768762974,0.7736331038017544,3.3369695297159323,0.0,0.0,0.0,0.0,0.0,0.0,0.0,0.0,0.0,0.0,0.0,0.0,0.0,0.0,0.0,0.0,0.0,0.0,0.0,0.0,0.0,0.0,0.0,0.0,,0.0,0.0,0.0,,0.0,0.0,0.0
subject_24_task_5_6,24,5_6,,5_6,88,435.0,465.0,0.2597731349537148,18.0,0.4305555555555556,eye,高,7.333333333333333,6,97.16666666666669,1.9407902170679512,95.0,100.0,-11.938775510204191,15.602703142827998,4.779817755025485,2.373186587132251,3.87261251823995,1.8951850276800093,2.014092689105157,1.631819655158088,6.453540863980668,3.340069704426335,2.1474089168794515,2.738639386807107,1.712022047363212,1.5553952850675603,1.2753227227848216,7.483646576659732,3.371766560484754,3.5668260408240284,3.225460104985574,1.5319240862392878,0.9453128697315976,0.9042942010820382,18.846296959586383,10.728860385858688,8.866012229313698,19.84914769673919,18.3989966459578,1.2101111647901697,2.238790922384694,2995,3.29660093739538,0.175059349152925,0.7779632721202003,0.6527545909849749,0.2257095158597662,0.0090150250417362,12,3,1502.2733705772762,9.411297330850374,0.3137099110283458,0.0500757790192425,0.7305122168661079,0.7689336872027173,3.3540205867482284,0.0,0.0,0.0,0.0,0.0,0.0,0.0,0.0,0.0,0.0,0.0,0.0,0.0,0.0,0.0,0.0,0.0,0.0,0.0,0.0,0.0,0.0,0.0,0.0,,0.0,0.0,0.0,,0.0,0.0,0.0
subject_24_task_5_6,24,5_6,,5_6,89,440.0,470.0,0.2625663944693461,18.0,0.4351851851851852,eye,高,7.333333333333333,6,97.0,1.7888543819998317,95.0,100.0,-4.605809128630608,17.198557101927562,4.79836978941541,2.445545997872471,4.1079856112276865,2.359383768392761,1.962085274040972,1.6797825985695924,6.016673244324995,3.0762995389082715,2.0493277519432564,3.1615441157952806,2.1153960493003585,1.501126179544096,1.5427225405001104,7.394412464703786,3.3577871390612746,3.1270545982349063,3.3953374475934455,1.708009668104709,1.07378590094225,1.0857941046216375,16.89340349904148,10.251811789194496,11.496574760030937,23.8580386380966,22.7110386935304,0.8917274930300116,2.075230156467264,2995,3.313748824714574,0.1948544154964341,0.8053422370617697,0.6664440734557596,0.2103505843071786,0.0120200333889816,12,3,2347.7109869646138,14.37715704531344,0.4792385681771146,0.0782570328988204,0.6554340977002995,0.8762210711882494,3.3950191517090857,0.0,0.0,0.0,0.0,0.0,0.0,0.0,0.0,0.0,0.0,0.0,0.0,0.0,0.0,0.0,0.0,0.0,0.0,0.0,0.0,0.0,0.0,0.0,0.0,,0.0,0.0,0.0,,0.0,0.0,0.0
subject_24_task_5_6,24,5_6,,5_6,90,445.0,475.0,0.2653596539849775,18.0,0.4398148148148148,eye,高,7.333333333333333,6,96.66666666666669,1.2110601416389966,95.0,98.0,3.8168472562041424,14.430193433486616,5.5753052767636575,2.5321196247124713,4.222967137980756,2.427341561901702,2.201833287160257,1.667759728555591,6.214205826258976,3.6753752477214543,2.113201990397728,3.3507757825360307,2.211054951611795,1.7392446460026796,1.585639138029289,7.65676135363079,3.693582494936723,3.37022733598835,3.482552113863624,1.7487388967869897,1.095944613437641,1.0333285463196606,17.7963429246679,11.303177841545963,12.390308779391466,27.69555589081835,26.07592561556707,0.9122595766415682,2.2352595390426244,2995,3.326925789120215,0.2004869153449168,0.8230383973288815,0.6631051752921536,0.2113522537562604,0.0126878130217028,12,3,2623.9999999999973,15.999999999999984,0.5333333333333328,0.0874666666666665,0.641387195121951,0.892942910494338,3.4026898666158543,0.0,0.0,0.0,0.0,0.0,0.0,0.0,0.0,0.0,0.0,0.0,0.0,0.0,0.0,0.0,0.0,0.0,0.0,0.0,0.0,0.0,0.0,0.0,0.0,,0.0,0.0,0.0,,0.0,0.0,0.0
subject_24_task_5_6,24,5_6,,5_6,91,450.0,480.0,0.2681529135006088,18.0,0.4444444444444444,eye,高,7.333333333333333,6,96.66666666666669,1.2110601416389968,95.0,98.0,5.522620904836127,17.573293014595876,6.250863069786394,2.720550099993575,4.203473246317821,2.6281546482712153,2.297646740562196,1.5450820943631025,5.3918681503397,3.760808230365582,2.2012400442671978,3.525827813018028,2.431777766837483,1.7084952820843178,1.601746171300364,7.430908478894548,3.9167547723585745,3.328953761529602,3.5894970194868594,1.9109205370568083,1.1765722965640977,1.078265808605747,16.69208167397271,11.707167457946198,15.076484933403506,30.062017480127807,29.995448064068285,0.7765183668248666,1.9939672684262304,2995,3.3131327284946237,0.2071738867522038,0.8056761268781302,0.6767946577629382,0.2036727879799666,0.0130217028380634,12,3,2167.6524512699357,13.107147076196105,0.4369049025398702,0.0722550817089978,0.6142674620083799,0.9225021083228988,3.417499376392229,0.0,0.0,0.0,0.0,0.0,0.0,0.0,0.0,0.0,0.0,0.0,0.0,0.0,0.0,0.0,0.0,0.0,0.0,0.0,0.0,0.0,0.0,0.0,0.0,,0.0,0.0,0.0,,0.0,0.0,0.0
subject_24_task_5_6,24,5_6,,5_6,92,455.0,485.0,0.2709461730162402,18.0,0.449074074074074,eye,高,7.333333333333333,6,96.83333333333331,1.1690451944500122,95.0,98.0,4.320369657297023,27.87647242564182,7.258347199870231,3.2141052553719898,4.057999960025758,2.627256266095252,2.2582792482414127,1.2625597600586664,5.860895169006223,3.764259169671977,2.176266032119271,3.627855419403601,2.306289552056407,1.72968704841949,1.6670091642567966,8.317802133206945,3.962062610657134,3.2187887361962204,3.6951018248544303,1.8973592969824495,1.2309172596829925,1.1479789845484203,18.971778630391317,10.9378443327571,14.3512290078389,32.162838018345106,32.71355504823375,0.762153842488518,2.2411208127733997,2994,3.26048537815126,0.192574543086322,0.7972611890447562,0.6790247160988644,0.2027388109552438,0.0120240480961923,12,3,1422.2301240401662,8.381807442409926,0.2793935814136642,0.0474076708013388,0.5325366067351109,0.9912052537841444,3.4621308591259305,0.0,0.0,0.0,0.0,0.0,0.0,0.0,0.0,0.0,0.0,0.0,0.0,0.0,0.0,0.0,0.0,0.0,0.0,0.0,0.0,0.0,0.0,0.0,0.0,,0.0,0.0,0.0,,0.0,0.0,0.0
subject_24_task_5_6,24,5_6,,5_6,93,460.0,490.0,0.2737394325318715,18.0,0.4537037037037037,eye,高,7.333333333333333,6,97.0,1.095445115010332,95.0,98.0,2.469135802469024,31.203341044460572,7.578403110665042,3.308354888421375,4.205981527915682,3.075667676773273,2.290686267421926,1.2713211459374667,5.593138083889393,3.7790767409680215,2.327511407806893,3.969866347570103,2.6816997686456827,1.6236555182038277,1.7056270204538873,8.168992344486718,4.106018633795828,3.1067047011400564,3.830916678811484,2.0490199875024944,1.3216636368075334,1.233112589492547,18.350709460788902,12.485972036047466,19.5484548753238,35.248755783189274,36.966782272948706,0.6387191271985709,1.8031479218178064,2994,3.276994942683749,0.2052818889656743,0.7892451569806279,0.6362725450901804,0.2267869071476285,0.0170340681362725,6,3,1362.0000000000014,8.000000000000007,0.2666666666666669,0.0454,0.5220264317180616,0.997917456880952,3.467870242290749,0.0,0.0,0.0,0.0,0.0,0.0,0.0,0.0,0.0,0.0,0.0,0.0,0.0,0.0,0.0,0.0,0.0,0.0,0.0,0.0,0.0,0.0,0.0,0.0,,0.0,0.0,0.0,,0.0,0.0,0.0
subject_24_task_5_6,24,5_6,,5_6,94,465.0,495.0,0.2765326920475028,18.0,0.4583333333333333,eye,高,7.333333333333333,6,97.16666666666669,0.7527726527090811,96.0,98.0,-4.45531347265441,31.566355875634745,8.146232991524796,3.3902953745909308,4.560648129981567,3.3616722184028824,2.402809222045354,1.3452067227422182,7.682843999692627,4.210191822051616,2.188990267205821,4.364445304613131,2.768215928417858,1.9233488084100971,1.993816678858153,8.815878050222201,4.385555218427971,3.123005255307973,4.092824741681642,2.072046531151094,1.404274043719306,1.3105404592980845,18.97303621315636,12.790073501401444,19.420856214976254,36.672777106035944,40.28141931252602,0.6585741308119294,1.8883192738822707,2994,3.2922535401213757,0.2044491726441641,0.8026052104208417,0.635938543754175,0.2317969271877087,0.0170340681362725,6,3,1121.726629422721,6.588702669149611,0.219623422304987,0.037390887647424,0.5220264317180617,0.9979174568809516,3.467870242290749,1.0,1.0,0.03333333333333333,1.0,0.0,0.0,0.0,0.0,0.0,0.0,0.0,1.0,1.0,1.0,0.00202020202020202,1.0,0.0,0.0,0.0,0.0,0.0,0.0,0.0,1.0,1.0,0.0,0.0,0.0,,1.0,1.0,0.016666666666666666
subject_24_task_5_6,24,5_6,,5_6,95,470.0,500.0,0.2793259515631342,18.0,0.4629629629629629,eye,高,7.333333333333333,6,97.0,0.6324555320336759,96.0,98.0,-2.567114093959662,40.07014134304142,9.671348884278892,4.083871163285638,4.469565321282389,3.1008428440012716,2.3681816829152624,1.0944432727124636,9.557283099888748,4.07865991183876,2.307508030305198,4.2256950741312,2.6877505737468517,1.7675604410786407,1.8312807663652195,9.774557736203594,4.420251570008856,3.3067417861892467,4.226905069671747,2.1532150006768553,1.3367392605223158,1.278268864936961,21.17753877658194,12.006237048045492,19.16235904590043,37.30080225832625,39.76685549417907,0.6265531826893771,1.94656629535946,2994,3.273820168067227,0.1898563315441693,0.821309285237141,0.6429525718102872,0.2317969271877087,0.0133600534402137,6,3,276.2890130353842,1.6228429546865446,0.0540947651562181,0.0092096337678461,0.5220264317180617,0.997917456880952,3.4678702422907492,3.0,1.0,0.1,3.0,0.0,0.0,0.0,0.0,0.0,0.0,0.0,1.0,3.0,1.0,0.006,3.0,0.0,0.0,0.0,0.0,0.0,0.0,0.0,1.0,5.0,0.0,0.0,0.0,0.5,1.0,3.0,0.05
subject_24_task_5_6,24,5_6,,5_6,96,475.0,505.0,0.2821192110787655,18.0,0.4675925925925926,eye,高,7.333333333333333,6,97.0,0.6324555320336759,96.0,98.0,1.5273652948663023,40.0216243391059,9.055994669844909,3.7830139673243415,4.860000598780182,3.400345978574345,2.3938570536788295,1.2846901017966832,8.313235483107203,3.973836278835482,2.414799731140463,4.4210922559682535,3.1326089390322545,1.645617327014823,1.830831848685132,9.874409144165911,4.294776449911232,3.4839390700564463,4.39967440695935,2.419047012781859,1.232735809539186,1.2628448197539996,20.99268696662493,12.081857399676556,19.86194820042681,35.283104161511694,38.323036354482696,0.6082916578856516,1.7764170868572455,2995,3.253978494623656,0.1776990342243144,0.8400667779632721,0.6327212020033389,0.2410684474123539,0.0120200333889816,6,3,171.71243563738636,1.3917927913871233,0.0463930930462374,0.0057237478545795,0.5937183383991894,0.9559515456932696,3.4972941438703136,3.0,1.0,0.1,3.0,0.0,0.0,0.0,0.0,0.0,0.0,0.0,1.0,3.0,1.0,0.005940594059405941,3.0,0.0,0.0,0.0,0.0,0.0,0.0,0.0,1.0,10.0,0.0,0.0,0.0,0.5,1.0,3.0,0.05
subject_24_task_5_6,24,5_6,,5_6,97,480.0,510.0,0.2849124705943969,18.0,0.4722222222222222,eye,高,7.333333333333333,6,96.66666666666669,1.0327955589886446,95.0,98.0,-2.6850258175559634,38.96290990417957,9.12730936322536,3.7550857709205494,4.929582609763347,3.487924243309854,2.4306526987765245,1.3127749698657012,9.34692432649271,3.594491788618561,2.3178005341874184,4.447792848294269,3.114209270837364,1.5508201571274245,1.918971362155454,9.69465233055844,4.1043666049936105,3.212353668760114,4.269017166343599,2.363999415185821,1.2776820450712671,1.3289374728129888,21.100957163945026,11.564022001889557,19.123884881775243,35.614977744180614,37.76944401614612,0.6046900027572265,1.8623296450671023,2995,3.291638319327731,0.2062246742875406,0.8704507512520868,0.6390651085141903,0.2347245409015025,0.011686143572621,6,3,556.7178967077562,4.51240443126854,0.1504134810422846,0.0185572632235918,0.5937183383991894,0.9559515456932696,3.497294143870314,3.0,1.0,0.1,3.0,0.0,0.0,0.0,0.0,0.0,0.0,0.0,1.0,3.0,1.0,0.0058823529411764705,3.0,0.0,0.0,0.0,0.0,0.0,0.0,0.0,1.0,15.0,0.0,0.0,0.0,0.5,1.0,3.0,0.05
subject_24_task_5_6,24,5_6,,5_6,98,485.0,515.0,0.2877057301100282,18.0,0.4768518518518518,eye,高,7.333333333333333,6,96.5,1.0488088481701516,95.0,98.0,-2.903225806451594,31.987318372604648,7.979569036267344,3.2276636966037935,4.960804535678547,3.447569993635193,2.472243017345206,1.5369645049756566,7.9758389922104,3.6018969322737675,2.129933983386477,4.31687773656197,3.2112327265116236,1.6910838365736345,2.0267659797128426,9.288542851489936,3.983403038856416,3.0555066671765516,4.2639557692161,2.428999341553702,1.3036800350160225,1.395498761308945,19.96701015100007,12.17628387647312,18.190965061570157,34.76213844810541,35.34645654390865,0.6693588732241852,1.9109562538572051,2995,3.266777478991597,0.2812982157377354,0.867779632721202,0.6377295492487479,0.2323873121869783,0.0160267111853088,6,3,941.723357778126,7.633016071149957,0.2544338690383319,0.0313907785926042,0.5937183383991894,0.9559515456932696,3.497294143870313,3.0,1.0,0.1,3.0,0.0,0.0,0.0,0.0,0.0,0.0,0.0,1.0,3.0,1.0,0.005825242718446602,3.0,0.0,0.0,0.0,0.0,0.0,0.0,0.0,1.0,20.0,0.0,0.0,0.0,0.5,1.0,3.0,0.05
subject_24_task_5_6,24,5_6,,5_6,99,490.0,520.0,0.2904989896256595,18.0,0.4814814814814814,eye,高,7.333333333333333,6,96.16666666666669,1.1690451944500122,95.0,98.0,-3.7805245703949137,30.970428137539525,8.088605909602192,3.4252892710995217,4.804479474169066,3.12883388678474,2.361437317965773,1.402649263729724,8.225506635883137,3.3166796132584757,2.220411545133381,4.077484324452506,2.7946835597740107,1.4937229184057594,1.8363642241860032,9.387066027626464,4.037706364904615,3.264369987434457,4.22822718005154,2.34674108629424,1.2369021834065876,1.295265915422351,21.83736969717639,10.72300483907778,16.863600939721337,34.62468715929712,33.60722484035273,0.6358668517718715,2.053220263161023,2995,3.282185656836461,0.2909899717218437,0.8727879799666111,0.6373956594323873,0.2390651085141903,0.0170283806343906,6,3,1326.7288188484956,10.753627711031374,0.3584542570343791,0.0442242939616165,0.5937183383991895,0.9559515456932696,3.4972941438703145,3.0,1.0,0.1,3.0,0.0,0.0,0.0,0.0,0.0,0.0,0.0,1.0,3.0,1.0,0.0057692307692307696,3.0,0.0,0.0,0.0,0.0,0.0,0.0,0.0,1.0,25.0,0.0,0.0,0.0,0.5,1.0,3.0,0.05
subject_24_task_5_6,24,5_6,,5_6,100,495.0,525.0,0.2932922491412909,18.0,0.4861111111111111,eye,高,7.333333333333333,6,96.0,1.2649110640673518,95.0,98.0,-6.290322580645285,27.98872393579711,8.256336409744085,3.147067008305304,4.480621965368519,2.950908735503339,2.6235019425881636,1.4237453328905552,5.528706242600722,3.228581370274075,2.253875270139885,3.8012433854259102,2.730560483066536,1.4324578706938365,1.6865367111419567,9.327259499021036,3.892633222421807,3.224751598972132,3.963139001987424,2.301214842970024,1.207111029470474,1.2289749707390327,21.294595849631744,11.76285802007492,17.745419849926417,33.021386676101905,32.689179593781354,0.6628672705156479,1.8608399776035072,2995,3.3275643431635387,0.3158320554394086,0.8517529215358931,0.6183639398998331,0.2514190317195325,0.0193656093489148,6,3,1711.7342799188657,13.874239350912791,0.4624746450304264,0.0570578093306288,0.5937183383991894,0.9559515456932696,3.497294143870314,2.0,1.0,0.06666666666666667,2.0,0.0,0.0,0.0,0.0,0.0,0.0,0.0,1.0,3.0,1.0,0.005714285714285714,3.0,0.0,0.0,0.0,0.0,0.0,0.0,0.0,1.0,30.0,0.0,0.0,0.0,0.5,1.0,3.0,0.05
subject_24_task_5_6,24,5_6,,5_6,101,500.0,530.0,0.2960855086569223,18.0,0.4907407407407407,eye,高,7.333333333333333,6,95.83333333333331,1.1690451944500122,95.0,98.0,-4.377682403433459,31.10335538621771,8.34337902289979,3.078740156688826,4.39568866609961,2.7419181720691976,2.7099977907434263,1.4277556540618086,5.353810296541699,3.108118641459582,2.22677994848086,3.531882936696569,2.3759435404718268,1.3957906543841403,1.5860942789187895,8.51949104749508,3.7623446902175743,3.3393819523999975,3.5891882711625436,1.9607931614591707,1.1266589877547837,1.0748061534509437,19.619403522158333,12.37127601711668,16.39761862713927,33.86385076134629,33.138905606378806,0.7544556498369406,2.065168823069169,2995,3.32597243697479,0.343142378481337,0.846076794657763,0.5893155258764607,0.264440734557596,0.026711185308848,6,3,1973.9999999999975,15.99999999999998,0.5333333333333327,0.0657999999999999,0.5937183383991894,0.9559515456932696,3.497294143870314,1.0,0.0,0.03333333333333333,0.0,1.0,0.0,0.0,1.0,1.0,0.0,0.0,1.0,4.0,1.0,0.007547169811320755,3.0,1.0,0.0,0.0,1.0,0.25,0.0,0.0,2.0,5.0,1.0,30.0,0.05660377358490566,10.333333333333334,2.0,4.0,0.06666666666666667
subject_24_task_5_6,24,5_6,,5_6,102,505.0,535.0,0.2988787681725536,18.0,0.4953703703703703,eye,高,7.333333333333333,6,95.33333333333331,0.5163977794943223,95.0,96.0,-0.3191489361701868,31.039525456612523,8.181507467224558,2.8507703253271424,4.02351414296859,2.5269055011058907,2.8699286626275944,1.4113778676670028,5.428471654128248,2.9227453236767293,1.9797132611873345,3.265083081569406,2.215901846789572,1.4763478029761798,1.6492707027739817,8.304346021765259,3.5559298994715096,3.1137430973561164,3.4122649439450425,1.87730319268008,1.1420113311502336,1.0958723431109012,20.707124846739735,11.964992050516628,16.125514687959956,33.44390701702458,33.47634922586092,0.741991327535749,2.073974546809059,2994,3.2554849915682964,0.3996233975201166,0.8473613894455578,0.6299265197060788,0.2331329325317301,0.0337341349365397,6,3,1802.2875643626112,14.608207208612855,0.4869402402870952,0.0600762521454203,0.5937183383991895,0.9559515456932696,3.497294143870314,1.0,0.0,0.03333333333333333,0.0,1.0,0.0,0.0,1.0,1.0,0.0,0.0,1.0,4.0,1.0,0.007476635514018692,3.0,1.0,0.0,0.0,1.0,0.25,0.0,0.0,2.0,10.0,1.0,30.0,0.056074766355140186,10.333333333333334,2.0,4.0,0.06666666666666667
subject_24_task_5_6,24,5_6,,5_6,103,510.0,540.0,0.3016720276881849,18.0,0.5,eye,高,7.333333333333333,6,95.5,0.5477225575051661,95.0,96.0,0.0770218228497885,31.606869474680018,7.863652125873358,3.0921691294854665,4.348350491199429,2.607040432533929,2.543086033325047,1.406246006965017,5.5260599561174715,3.045437749492304,2.218370560782421,3.3920404627817984,2.268217098614867,1.3728264354617905,1.5290684625680495,8.204106655176814,3.5491789428566323,3.591612445691661,3.7017417353112383,2.01190133748178,0.9881853892989122,1.030662910123191,21.07435166744422,11.986605456364977,17.304995617011127,37.007704777334354,33.837095197763,0.6926673500328381,2.1385561485467877,2994,3.199180926614813,0.4177282543963989,0.8336673346693386,0.6082164328657315,0.2438209752839011,0.0400801603206412,12,4,1563.1306740880354,12.49443974582272,0.4164813248607573,0.0521043558029345,0.5663864379545835,1.093198389911691,3.4789647708651215,2.0,0.0,0.06666666666666667,1.0,1.0,0.0,0.0,1.0,0.5,0.0,0.0,2.0,5.0,1.0,0.009259259259259259,4.0,1.0,0.0,0.0,1.0,0.2,0.0,0.0,2.0,2.0,2.0,43.0,0.07962962962962963,11.0,2.0,5.0,0.08333333333333333
subject_24_task_5_6,24,5_6,,5_6,104,515.0,545.0,0.3044652872038162,18.0,0.5046296296296297,eye,高,7.333333333333333,6,95.0,1.095445115010332,93.0,96.0,-3.642762868455673,27.61018043648626,8.354035168301035,2.835608574944063,4.371206601737474,2.8781625332719507,2.9461171905455363,1.5415409024934632,5.578736455662054,3.0154360686294104,1.9516430363260997,3.5161217696119995,2.631278627574575,1.545075617058468,1.8016213539905213,7.590599548102053,3.493009034021294,3.2288397669416096,3.547494585551445,2.124810543883558,1.0818155393724938,1.0986901926420674,20.170389832150367,12.097372007723726,17.26976782969096,36.11077345100277,36.91051820371052,0.7004941888636963,2.0909819869679724,2994,3.248905994550409,0.3894330313145949,0.7949231796927188,0.5617902471609887,0.2692050768203072,0.0464261857047428,12,4,1504.1166542241842,11.6242621182151,0.3874754039405033,0.0501372218074728,0.5018266599426637,1.237512834004524,3.435669565150788,2.0,0.0,0.06666666666666667,1.0,1.0,0.0,0.0,1.0,0.5,0.0,0.0,2.0,5.0,1.0,0.009174311926605505,4.0,1.0,0.0,0.0,1.0,0.2,0.0,0.0,2.0,7.0,2.0,43.0,0.07889908256880734,11.0,2.0,5.0,0.08333333333333333
subject_24_task_5_6,24,5_6,,5_6,105,520.0,550.0,0.3072585467194476,18.0,0.5092592592592593,eye,高,7.333333333333333,6,94.83333333333331,1.1690451944500122,93.0,96.0,-4.548286604361193,28.320713353160833,8.601069329827764,3.20912785912291,4.477650128879167,2.8577938308909885,2.6801890443151524,1.395285674314939,5.295230726511838,3.089717814086351,2.117649252422048,3.588747642437768,2.689503263615975,1.4590319008459527,1.6946846312405894,7.780168514850471,3.5853830444526373,3.7506332489448417,3.734688582759776,2.2499315455273043,0.9559407189336112,0.9957488069009276,19.97095753437924,12.533750493319628,17.58136902028677,38.40731381885771,39.230652154733995,0.7128995744789385,2.1845462531694957,2994,3.214907445355191,0.3810030770130831,0.7798931195724783,0.5798263193052772,0.2461589846359385,0.0434201736806947,12,4,1445.1026343603326,10.754084490607475,0.3584694830202492,0.048170087812011,0.431993994135217,1.2940700021657738,3.3888382450189956,2.0,0.0,0.06666666666666667,1.0,1.0,0.0,0.0,1.0,0.5,0.0,0.0,2.0,5.0,1.0,0.00909090909090909,4.0,1.0,0.0,0.0,1.0,0.2,0.0,0.0,2.0,12.0,2.0,43.0,0.07818181818181819,11.0,2.0,5.0,0.08333333333333333
subject_24_task_5_6,24,5_6,,5_6,106,525.0,555.0,0.310051806235079,18.0,0.5138888888888888,eye,高,7.333333333333333,6,94.5,1.378404875209022,93.0,96.0,-6.489361702127724,32.516348880126806,8.328281694995383,2.6901139601308985,4.561452857740685,2.90968392965509,3.095884344836505,1.6956355475433942,5.213118953402767,3.1575283804318315,1.896881540826813,3.631817368690886,2.7435767923864884,1.6645891229747154,1.9146252892038,7.555330800426195,3.7215327391000232,3.393472978043791,3.806852680212641,2.376272988692694,1.0966737508089268,1.1218161172472774,21.55317621733934,11.886453315113547,14.846318598069317,34.94614718547883,36.64389579617705,0.8006330482938253,2.353859440280595,2994,3.1880198087431695,0.3653523568703017,0.7859051436205745,0.572812291249165,0.2461589846359385,0.0430861723446893,12,4,1386.0886144964811,9.883906862999858,0.3294635620999953,0.0462029538165493,0.3666577621986298,1.2828022969325494,3.3380191503284857,2.0,0.0,0.06666666666666667,1.0,1.0,0.0,0.0,1.0,0.5,0.0,0.0,2.0,5.0,1.0,0.009009009009009009,4.0,1.0,0.0,0.0,1.0,0.2,0.0,0.0,2.0,17.0,2.0,43.0,0.07747747747747748,11.0,2.0,4.0,0.06666666666666667
subject_24_task_5_6,24,5_6,,5_6,107,530.0,560.0,0.3128450657507103,18.0,0.5185185185185185,eye,高,7.333333333333333,6,93.83333333333331,1.4719601443879746,92.0,96.0,-6.936218678815546,34.92337657914976,8.681420768036219,2.922103117989559,4.611619241421785,3.0139409835721143,2.9709494899718454,1.578184976782966,5.426149060366098,3.323024527375431,2.027378761757008,3.725147146349821,2.813583376870531,1.6390743506139744,1.8374204251412096,8.149701060868113,3.630729116380981,3.6309066271702335,4.035011406074121,2.5737722830515075,0.999951111166582,1.1112958333546652,22.34331795905597,11.834529474763414,15.932418733087877,33.83516432346333,35.836716353504414,0.7427955336238989,2.123667780159184,2995,3.2012140912185165,0.3503351109069122,0.7449081803005009,0.5639398998330551,0.2484140233722871,0.0410684474123539,6,4,1449.8143356218677,10.008580226186462,0.3336193408728821,0.0483271445207289,0.4522244137628753,1.2352935658608797,3.300849262546571,1.0,0.0,0.03333333333333333,1.0,0.0,0.0,0.0,0.0,0.0,0.0,0.0,1.0,5.0,1.0,0.008928571428571428,4.0,1.0,0.0,0.0,1.0,0.2,0.0,0.0,2.0,22.0,2.0,43.0,0.07678571428571429,11.0,2.0,2.0,0.03333333333333333
subject_24_task_5_6,24,5_6,,5_6,108,535.0,565.0,0.3156383252663416,18.0,0.5231481481481481,eye,高,7.333333333333333,6,93.5,1.378404875209022,92.0,96.0,-5.8536585365853915,37.478621072147945,9.129771694190108,2.909466810556582,4.497123046701992,3.017233437005238,3.1379535456682457,1.5456863197012,5.979505585428163,3.5585256386820183,1.9657766319276309,3.812936534610106,2.886800118347684,1.8102390581337544,1.939659100978914,8.486459251070785,3.8783576045542674,3.4929909262687016,4.061808016767845,2.5780610855598756,1.1103257026485391,1.162845281452468,21.425030874268163,12.199805314448788,14.72463678735636,32.75764899815636,35.45080613267202,0.8285301356244267,2.2246829902306624,2995,3.305773328808958,0.3070102630593578,0.7038397328881469,0.4764607679465776,0.3018363939899833,0.0383973288814691,6,4,1775.805776828386,12.259014238460258,0.4086338079486752,0.0591935258942795,0.4522244137628752,1.2352935658608797,3.3008492625465697,1.0,0.0,0.03333333333333333,1.0,0.0,0.0,0.0,0.0,0.0,0.0,0.0,1.0,5.0,1.0,0.008849557522123894,4.0,1.0,0.0,0.0,1.0,0.2,0.0,0.0,2.0,27.0,2.0,43.0,0.07610619469026549,11.0,2.0,2.0,0.03333333333333333
subject_24_task_5_6,24,5_6,,5_6,109,540.0,570.0,0.318431584781973,18.0,0.5277777777777778,eye,高,7.333333333333333,6,93.0,0.6324555320336759,92.0,94.0,-1.4837017609590852,38.200288692866415,8.970751238361705,3.0832399474260614,4.555634420314394,2.8795570536582025,2.909520955659203,1.47754780620221,6.350279119788563,3.6517381987623385,2.188251623915954,3.7149193884238105,2.6559819470557016,1.66879263739671,1.6976655462390702,9.467638327747604,4.0602446496948525,3.757463312375043,4.293595269538235,2.663976414515548,1.0805813156771518,1.1426845487479451,22.855583751963437,13.140391309178147,14.008014112112336,32.28550223188271,35.99744617061598,0.9380623979965884,2.304787957342672,2995,3.317630915900579,0.2652221421967941,0.6654424040066778,0.4607679465776294,0.3128547579298831,0.0454090150250417,6,4,1955.9486472391104,13.502604073642772,0.450086802454759,0.0651982882413036,0.4522244137628752,1.2352935658608797,3.3008492625465697,0.0,0.0,0.0,0.0,0.0,0.0,0.0,0.0,0.0,0.0,0.0,0.0,5.0,1.0,0.008771929824561403,4.0,1.0,0.0,0.0,1.0,0.2,0.0,0.0,2.0,32.0,2.0,43.0,0.07543859649122807,11.0,2.0,2.0,0.03333333333333333
subject_24_task_5_6,24,5_6,,5_6,110,545.0,575.0,0.3212248442976043,18.0,0.5324074074074074,eye,高,7.333333333333333,6,93.33333333333331,1.0327955589886446,92.0,95.0,2.107574094401745,39.82997153762149,8.77163822721919,2.999361190225857,4.263842706768554,2.6726471268086933,2.9245021425907933,1.4215836094243388,6.1875846316192,3.602590935713723,2.1017545420342865,3.4758505768642096,2.2311892226098196,1.7140873796931484,1.6537852100940087,9.453530570265563,4.028884231607059,3.5135340903011514,4.2128260102666175,2.54442103475088,1.1466757196773738,1.199028073157397,19.860256092069097,13.22108145275669,14.52278323740461,31.881293605385434,32.99394079395504,0.9103682976348996,2.1952605836099357,2995,3.2930294915254237,0.2650051717917548,0.7188647746243739,0.4994991652754591,0.2921535893155259,0.0440734557595993,6,4,1955.9486472391104,13.502604073642772,0.450086802454759,0.0651982882413036,0.4522244137628752,1.2352935658608797,3.3008492625465697,0.0,0.0,0.0,0.0,0.0,0.0,0.0,0.0,0.0,0.0,0.0,0.0,5.0,1.0,0.008695652173913044,4.0,1.0,0.0,0.0,1.0,0.2,0.0,0.0,2.0,37.0,2.0,43.0,0.07478260869565218,11.0,2.0,2.0,0.03333333333333333
subject_24_task_5_6,24,5_6,,5_6,111,550.0,580.0,0.3240181038132357,18.0,0.5370370370370371,eye,高,7.333333333333333,6,93.5,1.224744871391589,92.0,95.0,6.811539902585202,37.55033723256838,7.750047436147202,2.9678137135099476,4.338319327728369,2.616890048915926,2.6113658687092745,1.4617896359126814,6.317985074411802,3.7374394995316873,2.1397976466273856,3.464356301903121,2.301816176303544,1.7466322132947498,1.6190111748947016,9.547825732298996,3.851885518999003,3.432606712713241,4.134390135904331,2.4042070548880616,1.1221458912647615,1.2044462071905633,20.953379176471255,13.237276489813818,13.085302082737217,30.005796923484898,32.44549633479738,1.0116141305806836,2.2930916484587733,2995,3.280145479265806,0.2548884840831699,0.7482470784641069,0.520534223706177,0.2831385642737896,0.0494156928213689,6,4,1955.9486472391104,13.502604073642772,0.450086802454759,0.0651982882413036,0.4522244137628752,1.2352935658608797,3.3008492625465697,0.0,0.0,0.0,0.0,0.0,0.0,0.0,0.0,0.0,0.0,0.0,0.0,5.0,1.0,0.008620689655172414,4.0,1.0,0.0,0.0,1.0,0.2,0.0,0.0,2.0,42.0,2.0,43.0,0.07413793103448275,11.0,2.0,2.0,0.03333333333333333
subject_24_task_5_6,24,5_6,,5_6,112,555.0,585.0,0.326811363328867,18.0,0.5416666666666666,eye,高,7.333333333333333,6,93.83333333333331,1.3291601358251257,92.0,95.0,7.652114128566398,27.146568462856532,5.6413078463178685,2.621433923105923,4.098052547704295,2.5833676556040377,2.151993150235098,1.56328660874612,6.388944259830869,3.610512240864951,2.100800366022505,3.329244948606591,2.1617499384548218,1.718636525040606,1.5847507466451602,9.259398108451624,3.685839968728497,3.1136875354870965,3.956559711206558,2.2235651511835695,1.1837539659071457,1.270699023621715,20.019374137021288,12.733463094937957,13.680468931486317,30.407728634267045,31.517589090329484,0.930776800028486,2.222710989407831,2995,3.2682501708817497,0.2617650155693827,0.7595993322203672,0.5275459098497496,0.2771285475792988,0.0557595993322203,6,4,1955.9486472391104,13.502604073642772,0.450086802454759,0.0651982882413036,0.4522244137628752,1.2352935658608797,3.3008492625465697,0.0,0.0,0.0,0.0,0.0,0.0,0.0,0.0,0.0,0.0,0.0,0.0,5.0,1.0,0.008547008547008548,4.0,1.0,0.0,0.0,1.0,0.2,0.0,0.0,2.0,47.0,2.0,43.0,0.0735042735042735,11.0,2.0,2.0,0.03333333333333333
subject_24_task_5_6,24,5_6,,5_6,113,560.0,590.0,0.3296046228444984,18.0,0.5462962962962963,eye,高,7.333333333333333,6,94.33333333333331,1.0327955589886446,93.0,95.0,6.210350584307226,21.33322336770401,4.954446734150807,2.658736227167792,4.120448385240956,2.4837117992028355,1.863459294504183,1.549777049387952,6.2818020777581784,3.648310407432154,2.111351623401165,3.2390179855049084,2.1092086289941787,1.7279501751371524,1.5340969024795557,8.963715903860578,3.9806744300891266,3.2615599820709273,3.8859160489597064,2.224684017104476,1.220481748602274,1.1914286630694877,19.85645393229098,12.529873600381542,12.142367404634324,29.396481921903472,32.431674726806925,1.0319135620619848,2.4209843881584288,2994,3.2244003418803415,0.270338713291537,0.8092852371409486,0.552438209752839,0.2668670674682699,0.0527722110888443,6,4,1955.9486472391104,13.502604073642772,0.450086802454759,0.0651982882413036,0.4522244137628752,1.2352935658608797,3.3008492625465697,0.0,0.0,0.0,0.0,0.0,0.0,0.0,0.0,0.0,0.0,0.0,0.0,5.0,1.0,0.00847457627118644,4.0,1.0,0.0,0.0,1.0,0.2,0.0,0.0,2.0,52.0,2.0,43.0,0.07288135593220339,11.0,2.0,1.0,0.016666666666666666
subject_24_task_5_6,24,5_6,,5_6,114,565.0,595.0,0.3323978823601297,18.0,0.5509259259259259,eye,高,7.333333333333333,6,94.83333333333331,0.9831920802501752,93.0,96.0,6.053571428571341,17.434898282371467,4.261730514172893,2.2843785561844743,4.0415077644972515,2.6252115991212133,1.8655973208272132,1.7691935312366331,5.86021171452074,3.2065098623501336,2.000809996285242,3.32373174123085,2.1667952362545413,1.602605878770811,1.6611930904992378,9.077796176882629,3.3936538111515384,2.9931939113085795,3.642835902584019,2.099150293290315,1.1337901625183662,1.2170397276370997,16.835552038678784,10.707274798630268,12.773185962518308,30.148415560606026,30.561057281402288,0.8382618737447135,2.3602894101028253,2994,3.1930770818995184,0.2662419387698901,0.8416833667334669,0.5888443553774215,0.2421509686038744,0.0594522378089512,6,4,1955.9486472391104,13.502604073642772,0.450086802454759,0.0651982882413036,0.4522244137628752,1.2352935658608797,3.3008492625465697,0.0,0.0,0.0,0.0,0.0,0.0,0.0,0.0,0.0,0.0,0.0,0.0,5.0,1.0,0.008403361344537815,4.0,1.0,0.0,0.0,1.0,0.2,0.0,0.0,2.0,57.0,2.0,43.0,0.07226890756302522,11.0,2.0,1.0,0.016666666666666666
subject_24_task_5_6,24,5_6,,5_6,115,570.0,600.0,0.335191141875761,18.0,0.5555555555555556,eye,高,7.333333333333333,6,95.5,0.8366600265340756,95.0,97.0,5.147382314122328,15.024670440459422,4.692784364034485,2.543094791793908,3.964918898970536,2.4443163239110195,1.8453045396409224,1.559092060494398,5.644663283839658,3.6082662686361577,2.2416827695534995,3.1092851978375986,2.084231403309712,1.6096239475288716,1.3870317602775295,8.465269874591051,3.825593532386924,3.439884688184562,3.5587585177380214,2.0176427019726058,1.1121284226553316,1.0345575041982575,17.682575622624725,11.398369057168429,14.462942587070136,29.92574930149588,31.052128174201258,0.7881085739328431,2.069132828353304,2994,3.184623218630518,0.2641628019648711,0.8830995323981295,0.5975283901135604,0.2327989311957247,0.0634602538410153,6,4,1955.9486472391104,13.502604073642772,0.450086802454759,0.0651982882413036,0.4522244137628752,1.2352935658608797,3.3008492625465697,3.0,1.0,0.1,0.0,3.0,0.0,0.0,3.0,1.0,0.0,0.0,1.0,8.0,1.0,0.013333333333333334,4.0,4.0,0.0,0.0,4.0,0.5,0.0,0.0,2.0,3.0,3.0,100.0,0.16666666666666666,14.714285714285714,2.0,3.0,0.05
subject_24_task_5_6,24,5_6,,5_6,116,575.0,605.0,0.3379844013913924,18.0,0.5601851851851852,eye,高,7.333333333333333,6,95.83333333333331,0.9831920802501752,95.0,97.0,6.521739130434829,17.206100342841108,4.98208932848324,2.413509355014569,3.951738976925294,2.5831849600896337,2.064251094834959,1.637341479002239,5.585897079406596,3.351180790821262,2.225067722201341,3.2182577411748077,2.1647525019172416,1.5061028288639304,1.4463639506625297,8.530286718869966,3.7005801384396984,3.51861087201605,3.553870744136,1.9942659966667913,1.0517162235446018,1.010020963784423,16.29075951658784,10.20049246453234,14.358469724926,29.156810982089286,31.764722034198744,0.710416406479898,2.030634986921599,2994,3.1867938071780437,0.2674957003875072,0.8707414829659319,0.5865063460253841,0.2364729458917835,0.0724782899131596,6,4,1955.9486472391104,13.502604073642772,0.450086802454759,0.0651982882413036,0.4522244137628752,1.2352935658608797,3.3008492625465697,3.0,1.0,0.1,0.0,3.0,0.0,0.0,3.0,1.0,0.0,0.0,1.0,8.0,1.0,0.013223140495867768,4.0,4.0,0.0,0.0,4.0,0.5,0.0,0.0,2.0,8.0,3.0,100.0,0.1652892561983471,14.714285714285714,2.0,3.0,0.05
subject_24_task_5_6,24,5_6,,5_6,117,580.0,610.0,0.3407776609070237,18.0,0.5648148148148148,eye,高,7.333333333333333,6,96.16666666666669,0.9831920802501752,95.0,97.0,6.195259140217017,15.198322047981351,4.9170421042068355,2.792363417502192,3.91508988143746,2.3584615477036364,1.7608890280496508,1.4020703239765129,5.294003352557298,3.1541209306925526,2.529825116643536,3.0096977419184276,1.9716746813268744,1.2467742967455813,1.1896860862507233,7.716592035544593,3.615580842098353,4.032729622540524,3.5975348027170515,1.9527050178093843,0.8965591994785465,0.8920843050347348,13.976517736705151,10.982406434972845,15.400492927148427,29.493035391768768,31.4445953437252,0.7131204492560589,1.9150708702172516,2995,3.193972544878564,0.2739451162381611,0.849415692821369,0.6003338898163606,0.2330550918196995,0.0714524207011686,6,4,1955.9486472391104,13.502604073642772,0.450086802454759,0.0651982882413036,0.4522244137628752,1.2352935658608797,3.3008492625465697,3.0,1.0,0.1,0.0,3.0,0.0,0.0,3.0,1.0,0.0,0.0,1.0,8.0,1.0,0.013114754098360656,4.0,4.0,0.0,0.0,4.0,0.5,0.0,0.0,2.0,13.0,3.0,100.0,0.16393442622950818,14.714285714285714,2.0,3.0,0.05
subject_24_task_5_6,24,5_6,,5_6,118,585.0,615.0,0.3435709204226551,18.0,0.5694444444444444,eye,高,7.333333333333333,6,96.33333333333331,0.816496580927726,95.0,97.0,3.0,19.79365009658782,5.3667171760180645,2.7909897555552923,3.960312009393269,2.436283241791458,1.9228724022852277,1.4189632912519698,5.5847777410003046,3.1915775408334652,2.724443624404467,3.0771563271455995,1.9574371678128728,1.1714602982585511,1.1294622871186153,8.46136130538288,3.7264043136138527,4.306915906195698,3.5197457781999733,1.9598055679847255,0.8652140870113687,0.8172311358892929,15.654847368706184,11.366106587450552,16.728919974975266,30.06663039713487,32.379148316756925,0.6794285945807065,1.797284609054944,2995,3.224967798389919,0.2861215529811417,0.786644407345576,0.5879799666110184,0.2407345575959933,0.0691151919866444,6,4,1955.9486472391104,13.502604073642772,0.450086802454759,0.0651982882413036,0.4522244137628752,1.2352935658608797,3.3008492625465697,3.0,1.0,0.1,0.0,3.0,0.0,0.0,3.0,1.0,0.0,0.0,1.0,8.0,1.0,0.013008130081300813,4.0,4.0,0.0,0.0,4.0,0.5,0.0,0.0,2.0,18.0,3.0,100.0,0.16260162601626016,14.714285714285714,2.0,3.0,0.05
subject_24_task_5_6,24,5_6,,5_6,119,590.0,620.0,0.3463641799382864,18.0,0.5740740740740741,eye,高,7.333333333333333,6,96.0,1.5491933384829668,93.0,97.0,-6.0315374507226185,17.831916286020306,5.5271251654295295,2.9995556857821346,3.838632224473755,2.258910839245013,1.8426479600388983,1.2797336094371696,5.2551349167278945,3.2089041963979987,2.88247222374232,2.9697857672430295,1.9272446074205491,1.113247222286108,1.030291200304213,7.732746417782222,3.752465629572774,4.516160059143061,3.527605372894854,1.884818415418814,0.8308973952275734,0.7811072518904955,13.696290077316863,12.338067011273791,16.802237741611645,30.678946263267168,30.895336854377607,0.7343109412574199,1.8258845479426296,2995,3.279643661971831,0.273477830492741,0.7021702838063439,0.5712854757929883,0.2487479131886477,0.072787979966611,6,4,1955.9486472391104,13.502604073642772,0.450086802454759,0.0651982882413036,0.4522244137628752,1.2352935658608797,3.3008492625465697,3.0,1.0,0.1,0.0,3.0,0.0,0.0,3.0,1.0,0.0,0.0,1.0,8.0,1.0,0.012903225806451613,4.0,4.0,0.0,0.0,4.0,0.5,0.0,0.0,2.0,23.0,3.0,100.0,0.16129032258064516,14.714285714285714,2.0,3.0,0.05
subject_24_task_5_6,24,5_6,,5_6,120,595.0,625.0,0.3491574394539177,18.0,0.5787037037037037,eye,高,7.333333333333333,6,95.5,1.97484176581315,93.0,97.0,-12.228843861740089,24.541295704070965,5.695458266297508,3.425351458686013,3.629298619420502,1.9155914270228984,1.662736900137635,1.0595405064835957,5.901207503531456,3.313792571907364,3.2698020961114604,2.82013842615809,1.6641692445503995,1.013453559115464,0.862479851460086,8.922283273780518,3.8428160508750886,5.224071536504893,3.426957559710557,1.7917168711077782,0.7355978998415634,0.655993612599594,16.943815398748374,10.78680659049103,16.550478557924052,28.529081621671764,30.29835516645114,0.6517519449808606,1.7237617342498286,2995,3.2959576775096187,0.2643381517301362,0.6764607679465776,0.5626043405676127,0.2634390651085141,0.0634390651085141,6,4,1955.9486472391104,13.502604073642772,0.450086802454759,0.0651982882413036,0.4522244137628752,1.2352935658608797,3.3008492625465697,3.0,1.0,0.1,0.0,3.0,0.0,0.0,3.0,1.0,0.0,0.0,1.0,8.0,1.0,0.0128,4.0,4.0,0.0,0.0,4.0,0.5,0.0,0.0,2.0,28.0,3.0,100.0,0.16,14.714285714285714,2.0,3.0,0.05
subject_24_task_5_6,24,5_6,,5_6,121,600.0,630.0,0.3519506989695491,18.0,0.5833333333333334,eye,高,7.333333333333333,6,94.83333333333331,2.0412414523193148,93.0,97.0,-11.735991749741975,30.499204557556627,6.289389602964146,3.3629945203233795,3.628824215729452,1.963457382296893,1.870175394267181,1.0790455333184756,5.15974583238932,3.102520295662553,3.117589101973105,2.8314570337399836,1.7283398325139128,0.995166519442535,0.908220083252142,8.470545724648543,3.654596795258008,4.697243481634429,3.415741780177785,1.789836167012047,0.7780300956394904,0.7271800564592537,17.30783805860806,12.219756240062464,14.24543246796904,28.94737110606656,30.72178420011572,0.8578017036364939,2.032045792302546,2995,3.33296160438807,0.2475817372753235,0.6734557595993322,0.5662771285475793,0.2664440734557596,0.0447412353923205,6,4,1955.9486472391104,13.502604073642772,0.450086802454759,0.0651982882413036,0.4522244137628752,1.2352935658608797,3.3008492625465697,0.0,0.0,0.0,0.0,0.0,0.0,0.0,0.0,0.0,0.0,0.0,0.0,8.0,1.0,0.012698412698412698,4.0,4.0,0.0,0.0,4.0,0.5,0.0,0.0,2.0,33.0,3.0,100.0,0.15873015873015872,14.714285714285714,2.0,3.0,0.05
subject_24_task_5_6,24,5_6,,5_6,122,605.0,635.0,0.3547439584851804,18.0,0.5879629629629629,eye,高,7.333333333333333,6,94.66666666666669,1.8618986725025255,93.0,97.0,-5.6200824278757,34.62941189741817,6.856532137274088,3.503886187393329,3.789064259631868,2.211370943066155,1.9568364297742549,1.0813890797208496,5.798816316201234,3.18829285677813,2.9027255183260436,3.0002573308367757,1.93667018785064,1.098379036064274,1.0336000809911152,9.376128580559882,3.8206074064096054,4.488629704103359,3.663813962125177,2.0131587294176203,0.8511745584441797,0.8162433089046837,22.374201360094087,10.686944283043898,17.1311468220535,32.242815958495896,32.18920646483485,0.623831223563284,1.8821166086200745,2995,3.3589868243243246,0.2443521788773705,0.6380634390651085,0.5535893155258764,0.2757929883138564,0.0303839732888146,6,4,1955.9486472391104,13.502604073642772,0.450086802454759,0.0651982882413036,0.4522244137628752,1.2352935658608797,3.3008492625465697,0.0,0.0,0.0,0.0,0.0,0.0,0.0,0.0,0.0,0.0,0.0,0.0,8.0,1.0,0.012598425196850394,4.0,4.0,0.0,0.0,4.0,0.5,0.0,0.0,2.0,38.0,3.0,100.0,0.15748031496062992,14.714285714285714,2.0,3.0,0.05
subject_24_task_5_6,24,5_6,,5_6,123,610.0,640.0,0.3575372180008118,18.0,0.5925925925925926,eye,高,7.333333333333333,6,93.5,2.258317958127243,90.0,96.0,-8.077398106216483,34.20982870660343,6.943219101201345,3.2758895046825667,3.970795553224965,2.3692525613184876,2.119491237807834,1.2121274382268077,5.269835451632772,3.2107909942150137,2.6824819956058525,3.2222730521219147,2.1155993389648944,1.1969478264810645,1.2012282123049804,8.60709168352799,3.7443108771993145,4.224531863760376,3.916752671847802,2.006465067767163,0.8863256327451149,0.927144781519387,19.901243928502986,11.213729032697758,15.581644884242374,32.456310109276906,33.73982046142336,0.7196755615986433,2.082983558565102,2994,3.3616279069767443,0.238690573522508,0.6566466265865063,0.5354041416165665,0.2818971275885104,0.0277221108884435,6,4,1955.9486472391104,13.502604073642772,0.450086802454759,0.0651982882413036,0.4522244137628752,1.2352935658608797,3.3008492625465697,0.0,0.0,0.0,0.0,0.0,0.0,0.0,0.0,0.0,0.0,0.0,0.0,8.0,1.0,0.0125,4.0,4.0,0.0,0.0,4.0,0.5,0.0,0.0,2.0,43.0,3.0,100.0,0.15625,14.714285714285714,2.0,3.0,0.05
subject_24_task_5_6,24,5_6,,5_6,124,615.0,645.0,0.3603304775164431,18.0,0.5972222222222222,eye,高,7.333333333333333,6,93.5,2.258317958127243,90.0,96.0,3.789473684210438,30.121323205716845,6.969520457070873,3.0764153422126905,4.147032453850661,2.6472540381978003,2.2654679819851937,1.3480079873961155,5.198791548355648,3.275947170087685,2.3359430568345005,3.312231543352206,2.3787135301142013,1.402408830344953,1.4179419030191174,7.992988738258802,3.6904679226471937,3.8192484972545193,4.179244178120941,2.2080416831020453,0.9662811742415032,1.094258250314219,18.910586561935887,10.856717277777063,15.932393108259612,35.266941254205875,35.72524367656707,0.6814241403665068,2.213536975554722,2994,3.338197168857432,0.2380121483383739,0.6813627254509018,0.5327321309285237,0.2839011356045424,0.0243820975283901,6,4,1955.9486472391104,13.502604073642772,0.450086802454759,0.0651982882413036,0.4522244137628752,1.2352935658608797,3.3008492625465697,0.0,0.0,0.0,0.0,0.0,0.0,0.0,0.0,0.0,0.0,0.0,0.0,8.0,1.0,0.012403100775193798,4.0,4.0,0.0,0.0,4.0,0.5,0.0,0.0,2.0,48.0,3.0,100.0,0.15503875968992248,14.714285714285714,2.0,3.0,0.05
subject_24_task_5_6,24,5_6,,5_6,125,620.0,650.0,0.3631237370320744,18.0,0.6018518518518519,eye,高,7.333333333333333,6,94.0,2.449489742783178,90.0,96.0,6.072289156626451,35.584186888845565,6.987596883781078,2.933336345334267,4.298413195175948,2.9044935808622085,2.382132855270918,1.465366630053508,4.645992971698496,3.116591905044176,2.1927792134623845,3.572997486888422,2.6005899423006698,1.421297632661839,1.6294378681411712,7.84790431681828,3.57311559074268,3.6487118925092688,4.231466615166498,2.329623948443704,0.9792813727162766,1.1597151926008773,19.384148142961553,10.850994752411358,16.72068082026636,36.583634668854494,38.39008289633352,0.6489565149320577,2.1879273375347954,2994,3.3176642091152813,0.2481581467911497,0.7090848363393454,0.5357381429525718,0.2885771543086172,0.0187040748162992,6,4,1955.9486472391104,13.502604073642772,0.450086802454759,0.0651982882413036,0.4522244137628752,1.2352935658608797,3.3008492625465697,0.0,0.0,0.0,0.0,0.0,0.0,0.0,0.0,0.0,0.0,0.0,0.0,8.0,1.0,0.012307692307692308,4.0,4.0,0.0,0.0,4.0,0.5,0.0,0.0,2.0,53.0,3.0,100.0,0.15384615384615385,14.714285714285714,2.0,3.0,0.05
subject_24_task_5_6,24,5_6,,5_6,126,625.0,655.0,0.3659169965477058,18.0,0.6064814814814815,eye,高,7.333333333333333,6,94.5,2.5099800796022267,90.0,96.0,7.280499835580515,27.62783262177875,6.705542896680924,2.662103047313694,4.3944088859394865,3.0056465482865704,2.518889305749239,1.65072831811445,4.451251097666253,3.116569080050519,1.929747332837246,3.523889758119392,2.7531916949104516,1.6150140627313767,1.826088679152793,7.173502459549117,3.699723324610265,3.3370592398112713,4.369946132621296,2.5457791940435737,1.108677748501553,1.3095200949649428,17.10809902312076,10.87827023690081,17.05241599473507,38.44146113450137,39.38819135191375,0.6379313195420211,2.254311714326589,2994,3.311612155809268,0.2514202860587042,0.6890447561790247,0.5217100868403474,0.2925851703406814,0.0210420841683366,6,4,1955.9486472391104,13.502604073642772,0.450086802454759,0.0651982882413036,0.4522244137628752,1.2352935658608797,3.3008492625465697,0.0,0.0,0.0,0.0,0.0,0.0,0.0,0.0,0.0,0.0,0.0,0.0,8.0,1.0,0.012213740458015267,4.0,4.0,0.0,0.0,4.0,0.5,0.0,0.0,2.0,58.0,3.0,100.0,0.15267175572519084,14.714285714285714,2.0,3.0,0.05
subject_24_task_5_6,24,5_6,,5_6,127,630.0,660.0,0.3687102560633372,18.0,0.6111111111111112,eye,高,7.333333333333333,6,95.0,2.449489742783178,90.0,96.0,6.733812949640331,24.60516892411969,5.9592631317429205,2.6099682110896136,4.386187502633326,3.0747392344644138,2.2832703886669323,1.6805520787558454,4.772388001520043,3.1114996937880584,2.061186295351492,3.597141017559938,2.735722264609684,1.5095674276533348,1.7451799605268197,7.0262187843320465,3.4552899889834987,3.4266489919112093,4.377236909584624,2.5614493168841204,1.0083583107402885,1.2774103562744037,16.05975043955568,10.658962233234329,18.076805951568858,38.05536524286519,39.95792785460093,0.5896485397802953,2.1052040578862568,2994,3.2990886501007393,0.2551696324979414,0.6897127588510354,0.5307281229124916,0.2879091516366065,0.021376085504342,6,4,1955.9486472391104,13.502604073642772,0.450086802454759,0.0651982882413036,0.4522244137628752,1.2352935658608797,3.3008492625465697,0.0,0.0,0.0,0.0,0.0,0.0,0.0,0.0,0.0,0.0,0.0,0.0,8.0,1.0,0.012121212121212121,4.0,4.0,0.0,0.0,4.0,0.5,0.0,0.0,2.0,63.0,3.0,100.0,0.15151515151515152,14.714285714285714,2.0,0.0,0.0
subject_24_task_5_6,24,5_6,,5_6,128,635.0,665.0,0.3715035155789685,18.0,0.6157407407407407,eye,高,7.333333333333333,6,95.0,2.449489742783178,90.0,96.0,13.082099596231547,19.789029876631854,6.263317779007445,2.7874388486382973,4.326634689115413,2.876849553219143,2.2469794385147366,1.5521899937747636,5.032980324302522,3.4413239441055423,2.2037469748281673,3.5747415618531124,2.675761034675316,1.56157852213223,1.622119781755728,7.052076805277441,3.739784107060371,3.5572715420326935,4.210149487910012,2.48347917206611,1.051306897117949,1.1835333451953045,14.661444183580214,11.962050624316271,16.45383598283235,36.892855790021784,36.8527622953685,0.727006798706227,2.2422039352109233,2995,3.2994508224236316,0.2666062069018487,0.6961602671118531,0.5512520868113523,0.2771285475792988,0.0196994991652754,6,4,1955.9486472391104,13.502604073642772,0.450086802454759,0.0651982882413036,0.4522244137628752,1.2352935658608797,3.3008492625465697,0.0,0.0,0.0,0.0,0.0,0.0,0.0,0.0,0.0,0.0,0.0,0.0,8.0,1.0,0.012030075187969926,4.0,4.0,0.0,0.0,4.0,0.5,0.0,0.0,2.0,68.0,3.0,100.0,0.15037593984962405,14.714285714285714,2.0,0.0,0.0
subject_24_task_5_6,24,5_6,,5_6,129,640.0,670.0,0.3742967750945998,18.0,0.6203703703703703,eye,高,7.333333333333333,6,95.5,1.224744871391589,93.0,96.0,-6.645264847511987,24.771455894342537,6.487776741921255,2.8900507731365725,4.294275937760328,2.9155841100286053,2.2448660079698426,1.4858825241674731,4.9565652628749115,3.449080420778801,2.359401055226355,3.52395827303967,2.624316155014973,1.46184575663331,1.4935817144074262,7.363098135970299,3.760068064439734,3.6419689416371734,4.104075736921301,2.3659768103394043,1.032427273459798,1.1268837825608684,16.352810567801722,12.85088314280254,17.891985497026766,37.5950006499606,36.82946966728508,0.7182480192004436,2.1012201611837895,2995,3.315214787554366,0.2744601053581306,0.6534223706176961,0.5462437395659432,0.2808013355592654,0.0247078464106844,6,4,1955.9486472391104,13.502604073642772,0.450086802454759,0.0651982882413036,0.4522244137628752,1.2352935658608797,3.3008492625465697,0.0,0.0,0.0,0.0,0.0,0.0,0.0,0.0,0.0,0.0,0.0,0.0,8.0,1.0,0.011940298507462687,4.0,4.0,0.0,0.0,4.0,0.5,0.0,0.0,2.0,73.0,3.0,100.0,0.14925373134328357,14.714285714285714,2.0,0.0,0.0
subject_24_task_5_6,24,5_6,,5_6,130,645.0,675.0,0.3770900346102311,18.0,0.625,eye,高,7.333333333333333,6,95.33333333333331,1.2110601416389966,93.0,96.0,-5.6249999999998685,22.086457723817723,6.239271074687178,2.8824313005445164,4.247838288075064,2.831926220739653,2.164586220496747,1.4736997503713654,5.138768351826896,3.2532337065459256,2.210740222953616,3.481236474915061,2.5606609604412527,1.4715585634025814,1.5746926928682845,7.388216918731608,3.739254492772387,3.7524191733125423,4.00878493710545,2.3327409624874313,0.9964916817839052,1.068320129482388,15.326569766258643,12.890250177205244,15.874465743430092,34.97421323348714,35.73837074843558,0.8120115905343198,2.203174191733778,2995,3.3221903476206545,0.3219701582394545,0.6918196994991653,0.5425709515859767,0.2804674457429048,0.0353923205342237,6,4,1955.9486472391104,13.502604073642772,0.450086802454759,0.0651982882413036,0.4522244137628752,1.2352935658608797,3.3008492625465697,0.0,0.0,0.0,0.0,0.0,0.0,0.0,0.0,0.0,0.0,0.0,0.0,8.0,1.0,0.011851851851851851,4.0,4.0,0.0,0.0,4.0,0.5,0.0,0.0,2.0,78.0,3.0,100.0,0.14814814814814814,14.714285714285714,2.0,0.0,0.0
subject_24_task_5_6,24,5_6,,5_6,131,650.0,680.0,0.3798832941258625,18.0,0.6296296296296297,eye,高,7.333333333333333,6,95.33333333333331,1.2110601416389968,93.0,96.0,-2.1454112038141107,24.549082918201464,6.329733969957081,3.073154904104032,4.437055202425908,2.8322453211345806,2.0596859473318654,1.443811112970733,5.462487527685089,3.3024473835638113,2.625927558880337,3.4308493262043984,2.501637589807951,1.2576308026455745,1.306528550112506,7.719300874428262,3.7783307201203873,4.241357491263024,3.9664574304277864,2.091413370902508,0.890830524874065,0.9351858310926356,15.882478566901368,13.261493968625464,16.107149759288998,34.157537363579685,33.770964106609256,0.8233296496779362,2.120644426484023,2995,3.321937394247039,0.3249930051942109,0.7358931552587646,0.5318864774624374,0.2801335559265442,0.0437395659432387,6,4,1808.339722660798,12.483607552885193,0.4161202517628398,0.0602779907553599,0.4522244137628753,1.2352935658608797,3.30084926254657,0.0,0.0,0.0,0.0,0.0,0.0,0.0,0.0,0.0,0.0,0.0,0.0,8.0,1.0,0.011764705882352941,4.0,4.0,0.0,0.0,4.0,0.5,0.0,0.0,2.0,83.0,3.0,100.0,0.14705882352941177,14.714285714285714,2.0,0.0,0.0
subject_24_task_5_6,24,5_6,,5_6,132,655.0,685.0,0.3826765536414939,18.0,0.6342592592592593,eye,高,7.333333333333333,6,95.5,1.378404875209022,93.0,97.0,2.168674698795208,30.429725118665655,7.125183799193223,3.333683963648822,5.96715905470325,5.286878070815008,2.1373303159170756,1.789959432198848,6.7057922995992065,3.431363759993475,2.5390113463496107,4.066047935445993,3.247590155429125,1.351456646669507,1.6014296042007985,8.340283543489871,3.784628333079186,4.193010329786854,4.221772073888733,2.360473669133675,0.9026041043098438,1.0068594498557653,18.390288148106748,12.35987130531835,15.912519953303777,34.30540263836257,34.35483609510426,0.7767387781186837,2.155874917299949,2995,3.3026372847011145,0.3407857952703282,0.7936560934891486,0.5749582637729549,0.2564273789649415,0.0430717863105175,12,5,1492.2979828204427,10.3226492723215,0.3440883090773833,0.0497432660940147,0.4522731386313629,1.237349150812044,3.3003620074401834,0.0,0.0,0.0,0.0,0.0,0.0,0.0,0.0,0.0,0.0,0.0,0.0,8.0,1.0,0.01167883211678832,4.0,4.0,0.0,0.0,4.0,0.5,0.0,0.0,2.0,88.0,3.0,100.0,0.145985401459854,14.714285714285714,2.0,0.0,0.0
subject_24_task_5_6,24,5_6,,5_6,133,660.0,690.0,0.3854698131571252,18.0,0.6388888888888888,eye,高,7.333333333333333,6,95.83333333333331,1.7224014243685082,93.0,98.0,7.64150943396227,30.855812724619415,6.940305742419285,3.464625260495806,5.566945645541778,4.4884395770505146,2.003190885188573,1.6067958947875127,6.44386743094071,3.186389897546967,2.655616443793245,3.728054452805477,3.04217774822474,1.1998682659893358,1.4038376895574485,8.183723032980026,3.756681185637901,4.370204763266066,4.022529777776248,2.1151255053129967,0.8596121667375493,0.9204442344642032,20.245941847380127,12.225382580204675,17.69144771346252,35.87148892111879,33.55156618846312,0.6910334743776578,2.027617496437103,2995,3.29404945799458,0.3399089572422768,0.798330550918197,0.5549248747913189,0.267779632721202,0.0450751252086811,12,5,1293.5405744293205,9.2164062026322,0.30721354008774,0.043118019147644,0.452999444178012,1.2517722445581252,3.2930988562530037,0.0,0.0,0.0,0.0,0.0,0.0,0.0,0.0,0.0,0.0,0.0,0.0,8.0,1.0,0.011594202898550725,4.0,4.0,0.0,0.0,4.0,0.5,0.0,0.0,2.0,93.0,3.0,100.0,0.14492753623188406,14.714285714285714,2.0,0.0,0.0
subject_24_task_5_6,24,5_6,,5_6,134,665.0,695.0,0.3882630726727565,18.0,0.6435185185185185,eye,高,7.333333333333333,6,96.16666666666669,1.9407902170679512,93.0,98.0,11.67664670658664,31.035728998169688,7.700516654000869,3.674860161814131,6.070096111877886,5.46669563313959,2.095458416082814,1.6517896857553689,6.449519750289731,3.2254974498129063,2.722337931712149,3.9120535560120793,3.3645645170681284,1.184826252552822,1.4370198168423884,8.231606642621884,3.7718599639912984,4.805882494309483,4.1391168485287455,2.2572657513003067,0.7848423194818969,0.8612605184229459,18.622574117625252,12.35082962547741,20.25703229382128,36.97958856143641,38.01368635547922,0.6097057775459346,1.825518566839417,2994,3.280308868501529,0.3305862015493653,0.8036072144288577,0.5450901803607214,0.2755511022044088,0.0487641950567802,12,5,1094.7831660381985,8.110163132942905,0.2703387710980968,0.0364927722012732,0.4539894706378616,1.2608582122681546,3.2831984611777183,0.0,0.0,0.0,0.0,0.0,0.0,0.0,0.0,0.0,0.0,0.0,0.0,8.0,1.0,0.011510791366906475,4.0,4.0,0.0,0.0,4.0,0.5,0.0,0.0,2.0,98.0,3.0,100.0,0.14388489208633093,14.714285714285714,2.0,0.0,0.0
subject_24_task_5_6,24,5_6,,5_6,135,670.0,700.0,0.3910563321883879,18.0,0.6481481481481481,eye,高,7.333333333333333,6,96.66666666666669,1.2110601416389968,95.0,98.0,3.0807299721620587,30.245539675383732,7.0904644806521775,3.5823841562150553,5.626933365453505,4.737086929090765,1.9792585528134876,1.5707230492551656,6.11856861935055,3.2331386007434655,2.699054113810316,3.650711375251947,3.1869211668677195,1.1978783916188958,1.3525891743230576,8.135958760778053,3.7131869662751686,4.49827047816437,4.0874431507681965,2.2876367515253992,0.8254699187831911,0.9086699367255876,19.50914648957841,12.0997584838071,22.034619898326383,37.82374877130474,40.13243546030362,0.5491249016156673,1.7165600743663203,2994,3.2343866802582397,0.3368690698327997,0.8600534402137608,0.5861723446893787,0.2561790247160989,0.0414161656646626,12,5,896.0257576470763,7.003920063253608,0.2334640021084535,0.0298675252549025,0.4554187145905545,1.2641672782848483,3.268905833288995,0.0,0.0,0.0,0.0,0.0,0.0,0.0,0.0,0.0,0.0,0.0,0.0,8.0,1.0,0.011428571428571429,4.0,4.0,0.0,0.0,4.0,0.5,0.0,0.0,2.0,103.0,3.0,100.0,0.14285714285714285,14.714285714285714,2.0,0.0,0.0
subject_24_task_5_6,24,5_6,,5_6,136,675.0,705.0,0.3938495917040192,18.0,0.6527777777777778,eye,高,7.333333333333333,6,96.83333333333331,0.9831920802501752,96.0,98.0,-1.2437956204380034,32.861095860577954,7.855020727966391,3.839134435398309,6.086789653315509,5.509652070785567,2.046039507119118,1.5854588464506338,6.381956373243948,3.2022239757289026,2.815302970531826,3.8533351242540497,3.2374431794071987,1.137434943679964,1.368710637749277,8.880648137073313,3.7333075682754457,4.895512392361261,4.139668080857236,2.1132933839246317,0.7625979201075523,0.8456046577099037,20.52884129077125,11.784547336641664,22.40979079195044,35.524154874343445,36.029726395784685,0.5258660130318867,1.5852068947963434,2994,3.238461486486487,0.2987937875503694,0.8476953907815631,0.6018704074816299,0.2481629926519706,0.0344021376085504,12,5,697.2683492559541,5.89767699356431,0.1965892331188103,0.0232422783085318,0.4576627748884866,1.2531508644342506,3.2464649345622423,0.0,0.0,0.0,0.0,0.0,0.0,0.0,0.0,0.0,0.0,0.0,0.0,8.0,1.0,0.011347517730496455,4.0,4.0,0.0,0.0,4.0,0.5,0.0,0.0,2.0,108.0,3.0,100.0,0.14184397163120568,14.714285714285714,2.0,0.0,0.0
subject_24_task_5_6,24,5_6,,5_6,137,680.0,710.0,0.3966428512196506,18.0,0.6574074074074074,eye,高,7.333333333333333,6,96.66666666666669,1.2110601416389968,95.0,98.0,-5.500784929356224,28.191812971616528,7.784518687567252,3.381387623280533,4.662023549490948,3.4901378086782895,2.302166907446984,1.3787308847389628,5.40841368415721,3.372358616327746,2.3916731841006738,3.208634684037948,2.5661204208484167,1.4100415720452346,1.3415857590277207,8.082765298296776,3.997570435390528,3.928376147424638,3.842542496127801,1.9374688387112864,1.0176139670360365,0.9781503481144218,18.49595700981521,12.16435995229728,23.348229506649535,37.457333712785704,37.68931636191707,0.5209971038203515,1.6042901112531005,2994,3.259341446923597,0.3027752487364437,0.8527054108216433,0.6222444889779559,0.2391449565798263,0.0310621242484969,6,5,646.1198654431441,5.810430444632592,0.1936810148210864,0.0215373288481048,0.4595323741007194,1.230809898758528,3.2277686960431655,0.0,0.0,0.0,0.0,0.0,0.0,0.0,0.0,0.0,0.0,0.0,0.0,8.0,1.0,0.011267605633802818,4.0,4.0,0.0,0.0,4.0,0.5,0.0,0.0,2.0,113.0,3.0,100.0,0.14084507042253522,14.714285714285714,2.0,0.0,0.0
subject_24_task_5_6,24,5_6,,5_6,138,685.0,715.0,0.3994361107352819,18.0,0.6620370370370371,eye,高,7.333333333333333,6,96.16666666666669,1.602081978759722,94.0,98.0,-9.023547880690838,24.62085893177387,8.39086371318274,3.4920716175504425,4.735008551948404,3.2309968964454066,2.402832654121973,1.3559311121087017,5.701570500765235,3.2813671640927846,2.3869107764950983,3.3148473600889674,2.3759837426900003,1.37473390141172,1.388760481846094,8.721130826035864,4.141004715370623,3.920165479851766,4.004265071707405,1.9352995155162225,1.056334161568916,1.0214530718888983,19.18062835956853,12.182166154490751,25.01143155660476,39.43150944038346,38.19308996577253,0.4870639302240903,1.5765394856005668,2995,3.25375532274417,0.2892188862835885,0.8450751252086811,0.6207011686143573,0.2367278797996661,0.0313856427378964,6,5,763.4041968923774,6.865145655506991,0.2288381885168997,0.0254468065630792,0.4595323741007194,1.230809898758528,3.227768696043166,0.0,0.0,0.0,0.0,0.0,0.0,0.0,0.0,0.0,0.0,0.0,0.0,8.0,1.0,0.011188811188811189,4.0,4.0,0.0,0.0,4.0,0.5,0.0,0.0,2.0,118.0,3.0,100.0,0.13986013986013987,14.714285714285714,2.0,0.0,0.0
subject_24_task_5_6,24,5_6,,5_6,139,690.0,720.0,0.4022293702509132,18.0,0.6666666666666666,eye,高,7.333333333333333,6,95.5,1.51657508881031,94.0,98.0,-9.757281553398093,24.39749851609781,7.180971557313098,3.2653370278728087,5.157121858620711,3.4303836749695056,2.1991517249265735,1.5793536209584766,5.364569948506108,3.445747530526912,2.3489277503658523,3.617054672601998,2.4837974636361735,1.466944877291448,1.5398748097035473,8.82509333432264,4.200178098907507,3.862447752483789,4.215516538511238,2.181753535764374,1.0874394601730308,1.0914106309400315,18.3107336265803,12.57593985178196,24.888148736893474,40.08986038382879,41.10883712977051,0.5052983243040391,1.610801221402247,2995,3.2560832210242587,0.3030350198752298,0.8140233722871453,0.605008347245409,0.2440734557595993,0.0297161936560934,6,5,763.4041968923774,6.865145655506991,0.2288381885168997,0.0254468065630792,0.4595323741007194,1.230809898758528,3.227768696043166,0.0,0.0,0.0,0.0,0.0,0.0,0.0,0.0,0.0,0.0,0.0,0.0,8.0,1.0,0.011111111111111112,4.0,4.0,0.0,0.0,4.0,0.5,0.0,0.0,2.0,123.0,3.0,100.0,0.1388888888888889,14.714285714285714,2.0,0.0,0.0
subject_24_task_5_6,24,5_6,,5_6,140,695.0,725.0,0.4050226297665446,18.0,0.6712962962962963,eye,高,7.333333333333333,6,94.83333333333331,0.9831920802501752,94.0,96.0,-6.022122081114333,27.798886990685062,7.286627105245068,3.3156425489948194,4.930074899836013,3.0904013653960987,2.1976515856493952,1.48691387174128,5.92742585156909,3.354977296518841,2.387202005361022,3.5404870788409695,2.3504742137089485,1.4054015072810984,1.4831116390192265,9.102320541208654,4.136722512351442,3.589796602585688,4.153148106552299,2.149472697996325,1.152355682038311,1.1569313157076466,18.984415366256883,11.404961558182912,21.431032660222343,38.19573948854756,34.80190053755175,0.5321704156305731,1.7822631365515955,2995,3.2835063844086023,0.3023697918967147,0.8310517529215359,0.5779632721202004,0.257762938230384,0.0290484140233722,6,5,763.4041968923774,6.865145655506991,0.2288381885168997,0.0254468065630792,0.4595323741007194,1.230809898758528,3.227768696043166,4.0,1.0,0.13333333333333333,4.0,0.0,0.0,0.0,0.0,0.0,0.0,0.0,1.0,12.0,2.0,0.016551724137931035,8.0,4.0,0.0,0.0,4.0,0.3333333333333333,0.0,0.0,3.0,3.0,4.0,224.0,0.30896551724137933,20.727272727272727,2.0,4.0,0.06666666666666667
subject_24_task_5_6,24,5_6,,5_6,141,700.0,730.0,0.4078158892821759,18.0,0.6759259259259259,eye,高,7.333333333333333,6,94.16666666666669,1.3291601358251257,92.0,96.0,-7.538514207463109,30.74654569118495,7.791417061481225,3.220248598148766,5.100252358334473,3.193430892081352,2.419507942945865,1.5838070269688096,5.701429850547371,3.4238878655359866,2.152371321346475,3.677760831783081,2.340988566353308,1.5907514802762193,1.70870183750746,8.920817364043582,4.276505623803697,3.4961373769756268,4.209798310712037,2.1283836705871813,1.2232086908161306,1.2041284013712783,18.10255004436488,11.32436444316024,19.865481922103776,37.446614361325054,35.5100646590072,0.5700523394078817,1.8850091081686389,2995,3.30433938172043,0.3007119178789579,0.8043405676126878,0.5235392320534223,0.2838063439065108,0.0340567612687813,6,5,720.3482001876472,6.477951440536396,0.2159317146845465,0.0240116066729215,0.4595323741007194,1.230809898758528,3.227768696043166,4.0,1.0,0.13333333333333333,4.0,0.0,0.0,0.0,0.0,0.0,0.0,0.0,1.0,12.0,2.0,0.01643835616438356,8.0,4.0,0.0,0.0,4.0,0.3333333333333333,0.0,0.0,3.0,8.0,4.0,224.0,0.30684931506849317,20.727272727272727,2.0,4.0,0.06666666666666667
subject_24_task_5_6,24,5_6,,5_6,142,705.0,735.0,0.4106091487978073,18.0,0.6805555555555556,eye,高,7.333333333333333,6,93.5,1.224744871391589,92.0,95.0,-7.271341463414603,31.45264547290536,7.378861018748591,3.3434411308465646,5.4813425550430175,3.758314631066686,2.2069660358817957,1.639431454160263,5.943938952638713,3.307650834367361,2.304508265594128,4.348450367965025,2.9811027633474425,1.4352957130811643,1.8869319901718584,9.06471400330379,3.988215197070393,3.2897607842385668,4.43076360967086,2.3137016529599306,1.2123116112813317,1.3468345877605763,18.656652296636175,10.560674590642966,20.626713776216896,39.67245935685155,35.084122027233754,0.5119901650460521,1.9233533653138128,2995,3.2648482477033003,0.2954295693886928,0.8106844741235393,0.5038397328881469,0.2874791318864774,0.0487479131886477,12,5,595.6825123018516,5.365864809571905,0.1788621603190635,0.019856083743395,0.4575510541548841,1.2298843102161436,3.2293468336260713,5.0,1.0,0.16666666666666666,5.0,0.0,0.0,0.0,0.0,0.0,0.0,0.0,1.0,13.0,2.0,0.017687074829931974,9.0,4.0,0.0,0.0,4.0,0.3076923076923077,0.0,0.0,3.0,2.0,5.0,235.0,0.3197278911564626,19.916666666666668,2.0,5.0,0.08333333333333333
subject_24_task_5_6,24,5_6,,5_6,143,710.0,740.0,0.4134024083134386,18.0,0.6851851851851852,eye,高,7.333333333333333,6,92.83333333333331,1.3291601358251257,91.0,94.0,-8.469083155650313,28.46164201741722,6.776228884231002,3.2607518805717453,5.762868801139801,3.980629765584198,2.078118523707743,1.7673435490373253,5.649354210399153,3.3664018116831556,2.333520594115019,4.342104941069783,3.284728900602038,1.442627856027066,1.8607527835924296,9.04178601497071,3.8322341186260145,3.629197529459189,4.387060955106108,2.4126791687665,1.0559453122952729,1.208823967142911,18.03185506969576,10.92436505238087,21.072014040868165,41.10079391921034,38.69646185396198,0.5184300385902166,1.9504919576978883,2995,3.2478952187182095,0.3060490692285129,0.7956594323873122,0.484474123539232,0.3011686143572621,0.0494156928213689,12,5,479.4055824284374,4.358637653762184,0.1452879217920727,0.0159801860809479,0.4465676081509367,1.2241602905010742,3.2380952384281736,9.0,1.0,0.3,5.0,4.0,0.0,0.0,4.0,0.4444444444444444,0.0,0.0,1.0,17.0,2.0,0.022972972972972974,9.0,8.0,0.0,0.0,8.0,0.47058823529411764,0.0,0.0,3.0,1.0,5.0,235.0,0.31756756756756754,15.3125,2.0,9.0,0.15
subject_24_task_5_6,24,5_6,,5_6,144,715.0,745.0,0.4161956678290699,18.0,0.6898148148148148,eye,高,7.333333333333333,6,92.83333333333331,1.3291601358251257,91.0,94.0,-2.4651952461799884,26.83924227950328,6.852478532037121,3.0434761612607404,5.579857796096936,3.7498262108604257,2.251530213792943,1.8333831120876976,6.107172323455135,3.252784357029095,2.254887340596542,4.481344591946638,2.994068157530769,1.4425485027418503,1.9873917917163328,8.885681803760356,3.6933888992678807,3.2069567095577556,4.4731248211190024,2.426719921371591,1.1516803105761926,1.3948192090612452,18.610253592535656,11.804199271398083,20.52083085285628,40.66025482709245,36.21379633158331,0.5752300847874814,1.9814136727038505,2994,3.289740502035278,0.3226993148519588,0.7321309285237141,0.4335337341349365,0.3353373413493654,0.054442217768871,12,5,363.1286525550234,3.3514104979524615,0.111713683265082,0.0121042884185007,0.4285501736595294,1.2126270542641906,3.252446272736491,11.0,1.0,0.36666666666666664,5.0,6.0,0.0,0.0,6.0,0.5454545454545454,0.0,0.0,1.0,19.0,2.0,0.025503355704697986,9.0,10.0,0.0,0.0,10.0,0.5263157894736842,0.0,0.0,3.0,5.0,5.0,235.0,0.31543624161073824,13.666666666666666,2.0,11.0,0.18333333333333332
subject_24_task_5_6,24,5_6,,5_6,145,720.0,750.0,0.4189889273447013,18.0,0.6944444444444444,eye,高,7.333333333333333,6,93.16666666666669,1.834847859269718,91.0,96.0,5.6456043956042565,23.625080776217047,7.290617639082267,3.469227160264735,5.854507040972121,4.027925080210749,2.101510596534683,1.6875536742094934,5.586153659462469,3.282288983630068,2.3564353611395092,4.364600228467744,3.247399196364871,1.3929043154584306,1.8522045206269264,8.227888515338579,3.6805660763107646,3.765700510951405,4.506507702858579,2.454388015678946,0.977392138755312,1.1967249359721412,17.629767061244674,11.386715846854472,24.156552978373664,44.69743268593924,39.292455717638,0.4713717166951972,1.8503232943025831,2994,3.3608514246947085,0.3468778291301539,0.7535070140280561,0.4519038076152304,0.3273213092852371,0.0531062124248497,12,5,246.85172268160932,2.34418334214274,0.0781394447380913,0.0082283907560536,0.4524063195400298,1.1828069243388948,3.2803171171701067,11.0,1.0,0.36666666666666664,5.0,6.0,0.0,0.0,6.0,0.5454545454545454,0.0,0.0,1.0,19.0,2.0,0.025333333333333333,9.0,10.0,0.0,0.0,10.0,0.5263157894736842,0.0,0.0,3.0,10.0,5.0,235.0,0.31333333333333335,13.666666666666666,2.0,11.0,0.18333333333333332
subject_24_task_5_6,24,5_6,,5_6,146,725.0,755.0,0.4217821868603326,18.0,0.6990740740740741,eye,高,7.333333333333333,6,93.33333333333331,1.96638416050035,91.0,96.0,9.779482262703716,24.88255857326611,7.0161627976421865,3.1293963764189914,5.837168882170055,3.924576607414296,2.242017933717579,1.8652699051341024,5.91960381482615,3.0120729187292667,2.228122544761044,4.561359976015819,2.9629712500847583,1.351843472797991,2.04717643863031,8.260567345576513,3.581465802061187,3.33088162216837,4.5254192444954615,2.372888056669641,1.0752305870689245,1.3586250602173786,16.917880679396234,11.587598438410692,24.33733750342205,44.77921634291247,40.15697141750368,0.4761243269433796,1.839938996474701,2994,3.3606784260515608,0.3666370298009666,0.7498329993319973,0.4752839011356045,0.3156312625250501,0.053440213760855,12,5,130.57479280819518,1.3369561863330175,0.0445652062111005,0.0043524930936065,0.5878035402100179,1.049650525611752,3.357825968358682,11.0,2.0,0.36666666666666664,5.0,6.0,0.0,0.0,6.0,0.5454545454545454,0.0,0.0,2.0,23.0,3.0,0.030463576158940398,13.0,10.0,0.0,0.0,10.0,0.43478260869565216,0.0,0.0,4.0,1.0,6.0,248.0,0.32847682119205296,11.818181818181818,2.0,15.0,0.25
subject_24_task_5_6,24,5_6,,5_6,147,730.0,760.0,0.424575446375964,18.0,0.7037037037037037,eye,高,7.333333333333333,6,94.0,2.0976176963403033,91.0,96.0,10.73783359497656,20.27557936291545,6.200864811156088,3.0795562861686943,5.702651706823714,3.7557292224642937,2.0135578748815934,1.8517770668573936,5.609095949092108,3.3149748880314935,2.3766362695629435,4.280227565073535,2.813316218749744,1.3948179325905463,1.8009602983382291,7.940792560000343,3.666932793570097,3.5406641374755186,4.477786361789881,2.3895691560696273,1.0356624212836545,1.264674136808279,17.51872716349133,13.468757250758308,28.02527629016349,47.677874066841696,44.98742102904589,0.4805932013410932,1.7012454604622762,2994,3.3937438775510205,0.3455367538008348,0.6803607214428857,0.4649298597194389,0.324315297261189,0.0557782231128924,6,1,57.35385963951137,0.7169232454938921,0.023897441516463,0.001911795321317,1.0,-1.000088900581841e-12,3.59379,14.0,3.0,0.4666666666666667,8.0,6.0,0.0,0.0,6.0,0.42857142857142855,0.0,0.0,3.0,26.0,4.0,0.034210526315789476,16.0,10.0,0.0,0.0,10.0,0.38461538461538464,0.0,0.0,5.0,1.0,6.0,248.0,0.3263157894736842,10.6,2.0,18.0,0.3
subject_24_task_5_6,24,5_6,,5_6,148,735.0,765.0,0.4273687058915953,18.0,0.7083333333333334,eye,高,7.333333333333333,6,94.66666666666669,1.9663841605003496,91.0,96.0,11.172914147521174,25.861019525980875,7.129367096934601,3.0664539966111377,7.766513592886647,6.4890067410318935,2.32495485169957,2.532734422714228,7.386376305958289,3.4588241302028675,2.3663012104734675,4.555101207033023,3.825652735279271,1.4617006976515892,1.9249879038525295,8.385614661749653,3.843030491706759,3.59446314795474,4.699297353567262,2.76731569990102,1.0691528424469885,1.3073711316921348,18.073793990344928,15.050978232452367,29.476335833284978,48.57495440912715,47.72776380219929,0.5106122524040675,1.6479305529649932,2994,3.4083408403361344,0.3338499266131862,0.627254509018036,0.4639278557114228,0.331997327989312,0.0447561790247161,6,1,65.74261765189284,0.8217827206486605,0.0273927573549553,0.0021914205883964,1.0,-1.000088900581841e-12,3.59379,14.0,3.0,0.4666666666666667,8.0,6.0,0.0,0.0,6.0,0.42857142857142855,0.0,0.0,3.0,27.0,4.0,0.03529411764705882,17.0,10.0,0.0,0.0,10.0,0.37037037037037035,0.0,0.0,5.0,5.0,6.0,248.0,0.3241830065359477,10.23076923076923,2.0,19.0,0.31666666666666665
subject_24_task_5_6,24,5_6,,5_6,149,740.0,770.0,0.4301619654072267,18.0,0.7129629629629629,eye,高,7.333333333333333,6,95.66666666666669,1.0327955589886446,94.0,97.0,5.9363957597174,25.315719514163153,7.390516467734964,3.419882985509797,7.623718977751385,6.247926300156808,2.161043667005253,2.2292338685427064,6.80672524672934,3.644624143711655,2.6267695896990673,4.426481573825197,3.6667082464359217,1.387492895457647,1.6851426905442102,8.137608391741978,4.052942323758496,4.1746236145560545,4.694398448316955,2.6419804833513014,0.970852152904688,1.1245081908578662,18.96598082411475,14.08444225408843,31.13846803624853,47.53569615451786,47.90429724239008,0.4523164799788038,1.526590714070493,2995,3.44582027027027,0.3336407268823769,0.6056761268781302,0.4454090150250417,0.3385642737896494,0.0487479131886477,6,1,65.74261765189284,0.8217827206486605,0.0273927573549553,0.0021914205883964,1.0,-1.000088900581841e-12,3.59379,11.0,3.0,0.36666666666666664,9.0,2.0,0.0,0.0,2.0,0.18181818181818182,0.0,0.0,3.0,28.0,4.0,0.03636363636363636,18.0,10.0,0.0,0.0,10.0,0.35714285714285715,0.0,0.0,5.0,2.0,7.0,256.0,0.33246753246753247,10.148148148148149,2.0,20.0,0.3333333333333333
subject_24_task_5_6,24,5_6,,5_6,150,745.0,775.0,0.432955224922858,18.0,0.7175925925925926,eye,高,7.333333333333333,6,96.16666666666669,0.7527726527090811,95.0,97.0,4.311377245508973,27.65459142878266,6.919148954078109,3.390592577531468,8.270690323676668,6.750779980237362,2.0406901731365252,2.4393052643612436,6.906595058178436,3.6628435483578343,2.5807408841635584,4.526030213567698,3.96571271218695,1.4192992294710731,1.7537716557835,8.28384122604966,3.974357346248497,3.962831273791496,4.7105396515186015,2.7673579779538886,1.0029085448409651,1.1886803464664608,18.237829725998584,14.030769920952016,31.405579210634148,48.225614252243865,49.14260580618262,0.446760425173152,1.5355747438631648,2995,3.382705284552846,0.3650734957072287,0.6580968280467445,0.481135225375626,0.3168614357262103,0.0544240400667779,6,1,55.517449186434995,0.6939681148304374,0.0231322704943479,0.0018505816395478,1.0,-1.000088900581841e-12,3.59379,16.0,2.0,0.5333333333333333,9.0,7.0,0.0,0.0,7.0,0.4375,0.0,0.0,2.0,35.0,4.0,0.04516129032258064,18.0,17.0,0.0,0.0,17.0,0.4857142857142857,0.0,0.0,5.0,2.0,7.0,256.0,0.3303225806451613,8.205882352941176,2.0,27.0,0.45
subject_24_task_5_6,24,5_6,,5_6,151,750.0,780.0,0.4357484844384893,18.0,0.7222222222222222,eye,高,7.333333333333333,6,97.0,2.0976176963403033,95.0,101.0,12.8517429651408,21.47262774129874,6.125906031759299,2.901599223371342,8.028529590425034,6.5729950793326894,2.111217146192114,2.766932636925908,6.4910870267418135,3.822452779908704,2.396033211076082,4.4046201038210935,4.000410703815452,1.5953254580273546,1.8382967662801863,7.8818457701047855,4.128319810824072,3.659294157380269,4.398689864928526,2.608898709083173,1.1281738043654803,1.2020596529680465,18.450052622075887,13.529482589282408,27.160581033559513,44.45748347767241,47.49766316551273,0.4981293504938436,1.636838454329858,2995,3.2580859083191855,0.356120887771172,0.6864774624373957,0.5225375626043406,0.2924874791318865,0.0554257095158597,6,1,44.560346244452845,0.5570043280556606,0.0185668109351886,0.001485344874815,1.0,-1.000088900581841e-12,3.59379,16.0,2.0,0.5333333333333333,9.0,7.0,0.0,0.0,7.0,0.4375,0.0,0.0,2.0,35.0,4.0,0.04487179487179487,18.0,17.0,0.0,0.0,17.0,0.4857142857142857,0.0,0.0,5.0,7.0,7.0,256.0,0.3282051282051282,8.205882352941176,2.0,27.0,0.45
subject_24_task_5_6,24,5_6,,5_6,152,755.0,785.0,0.4385417439541207,18.0,0.7268518518518519,eye,高,7.333333333333333,6,97.83333333333331,2.136976056643281,96.0,101.0,13.17933641327179,19.725817038060477,6.439260615462647,3.180803451828697,8.325644292377682,6.634427788420285,2.024413238032865,2.6174658127936605,6.927365468056506,3.782407569703277,2.6865324592751345,4.427479389498148,4.061414443422815,1.4079143382930968,1.648027506316729,8.389562678225975,4.083759694042508,4.380044634330269,4.375341849330092,2.5640143843277436,0.9323557257920352,0.998926315735845,19.587693621992823,13.922303340501315,24.33078269975758,41.98274840241421,44.5154079916412,0.5722094316612358,1.7254992952952763,2995,3.165272199453552,0.3439048700394364,0.7095158597662772,0.5639398998330551,0.2681135225375626,0.0554257095158597,6,1,33.60324330247071,0.4200405412808838,0.0140013513760294,0.0011201081100823,1.0,-1.000088900581841e-12,3.59379,12.0,1.0,0.4,5.0,7.0,0.0,0.0,7.0,0.5833333333333334,0.0,0.0,1.0,35.0,4.0,0.044585987261146494,18.0,17.0,0.0,0.0,17.0,0.4857142857142857,0.0,0.0,5.0,12.0,7.0,256.0,0.32611464968152865,8.205882352941176,2.0,23.0,0.38333333333333336
subject_24_task_5_6,24,5_6,,5_6,153,760.0,790.0,0.4413350034697521,18.0,0.7314814814814815,eye,高,7.333333333333333,6,98.0,2.0,96.0,101.0,7.040816326530579,21.634490166574327,6.450719625388908,3.45953321988659,7.911842776931983,5.828743646318686,1.8646213854250473,2.2869682914018523,6.767569375044176,3.813270269318639,2.93441930676484,4.166632005276588,3.5325987712915636,1.299497403294665,1.4199170499154898,8.614808940684103,4.138702178127579,4.951229963335855,4.218187311914268,2.29164752066324,0.8358937493864975,0.851947363210796,20.55028138413621,12.510675427010309,23.652781553363127,40.8557734060933,39.67622763470751,0.5289304092537669,1.7273136909465991,2995,3.1731515984874523,0.3641977513839964,0.773288814691152,0.5759599332220368,0.2631051752921536,0.0554257095158597,12,1,22.64614036048857,0.2830767545061071,0.0094358918168702,0.0007548713453496,1.0,-1.000088900581841e-12,3.59379,9.0,1.0,0.3,2.0,7.0,0.0,0.0,7.0,0.7777777777777778,0.0,0.0,1.0,35.0,4.0,0.04430379746835443,18.0,17.0,0.0,0.0,17.0,0.4857142857142857,0.0,0.0,5.0,17.0,7.0,256.0,0.3240506329113924,8.205882352941176,2.0,23.0,0.38333333333333336
subject_24_task_5_6,24,5_6,,5_6,154,765.0,795.0,0.4441282629853834,18.0,0.7361111111111112,eye,高,7.333333333333333,6,98.0,2.0,96.0,101.0,-2.2625698324023356,32.830173604966056,6.405784665960835,3.998736833886684,12.26822983351699,9.43307658777235,1.601952049376191,3.0680263150982463,15.418022773891009,3.996171377103785,3.3679371603510724,8.411297396512385,5.884024497833508,1.186533829712911,2.497462688892804,10.914708113869963,4.291963082406191,5.0588172284749735,4.671312400398746,3.1987907233141364,0.8484123637137296,0.9234001129957714,23.354150193052988,12.544661376220596,26.340504799728652,38.94359935254143,38.805950992308446,0.4762498468271506,1.478468224076807,2995,3.183456043956044,0.3693537088915489,0.7896494156928213,0.5876460767946577,0.256093489148581,0.0550918196994991,17,1,11.68903741850643,0.1461129677313303,0.004870432257711,0.0003896345806168,1.0,-1.000088900581841e-12,3.5937900000000003,8.0,1.0,0.26666666666666666,1.0,7.0,0.0,0.0,7.0,0.875,0.0,0.0,1.0,35.0,4.0,0.0440251572327044,18.0,17.0,0.0,0.0,17.0,0.4857142857142857,0.0,0.0,5.0,22.0,7.0,256.0,0.3220125786163522,8.205882352941176,2.0,22.0,0.36666666666666664
subject_24_task_5_6,24,5_6,,5_6,155,770.0,800.0,0.4469215225010147,18.0,0.7407407407407407,eye,高,7.333333333333333,6,97.83333333333331,2.1369760566432805,96.0,101.0,-7.12724709199856,24.40680101982026,6.576589074177386,3.6980779497365353,8.996778077775316,6.5473244357508085,1.7783803271766965,2.432825429873992,10.622643204670135,3.8314326572245574,3.098608583524051,5.8510037578419345,4.243407679699934,1.236501014551204,1.8882681049013237,9.162057259582593,4.0159523566114395,4.7734248101113845,4.062727512355144,2.5690598791363395,0.8413146779026629,0.851113754583335,19.7626480695929,12.53457922075071,24.28258461763932,37.96781483574199,37.54727546383402,0.5161962541518483,1.5635821076542844,2994,3.1619831383344805,0.34796908490976,0.7955911823647295,0.5828323313293253,0.2545090180360721,0.0601202404809619,17,1,0.7319344765242894,0.0091491809565536,0.0003049726985517,2.4397815884142985e-05,1.0,-1.000088900581841e-12,3.5937900000000003,7.0,1.0,0.23333333333333334,0.0,7.0,0.0,0.0,7.0,1.0,0.0,0.0,1.0,35.0,4.0,0.04375,18.0,17.0,0.0,0.0,17.0,0.4857142857142857,0.0,0.0,5.0,27.0,7.0,256.0,0.32,8.205882352941176,2.0,18.0,0.3
subject_24_task_5_6,24,5_6,,5_6,156,775.0,805.0,0.4497147820166461,18.0,0.7453703703703703,eye,高,7.333333333333333,6,97.83333333333331,2.1369760566432805,96.0,101.0,-11.27410207939493,31.54298087695143,6.545961136895045,3.6658769245491527,11.624530066555794,9.363242514435724,1.785646728360936,3.171009367147654,15.235103136988236,3.717853539258582,3.215016719795017,8.18482240693517,5.770998377753647,1.1564025519268917,2.545810215088716,10.067784313834675,3.911623688805201,4.69429061740145,4.3074723114315425,3.2631432289129023,0.8332725874075734,0.9175981340959176,20.048183797290253,12.892309320608996,24.09661318873347,38.025388224557126,37.60261687775409,0.5350257822388451,1.5780387030628913,2994,3.1500450294423277,0.3465902286655458,0.8042752171008684,0.6042084168336673,0.2341349365397461,0.0571142284569138,11,0,0.0,0.0,0.0,0.0,,,,0.0,0.0,0.0,0.0,0.0,0.0,0.0,0.0,0.0,0.0,0.0,0.0,35.0,4.0,0.043478260869565216,18.0,17.0,0.0,0.0,17.0,0.4857142857142857,0.0,0.0,5.0,32.0,7.0,256.0,0.31801242236024846,8.205882352941176,2.0,16.0,0.26666666666666666
subject_24_task_5_6,24,5_6,,5_6,157,780.0,810.0,0.4525080415322774,18.0,0.75,eye,高,7.333333333333333,6,97.16666666666669,1.4719601443879742,96.0,100.0,-5.748502994012073,25.357577507447623,6.373666744339492,3.721174656587012,8.402797932081606,6.310604032916973,1.7128104248095932,2.2581036117741613,10.635517532661902,3.3421565060087146,3.5457820623381733,5.719062288178626,4.034821716337992,0.942572455737682,1.6129198545291696,8.816413091410222,3.6209805304606784,4.928500919293576,4.042535158410034,2.6227091516964784,0.7347022126516494,0.8202362593836077,18.318941635785514,11.8711173772857,25.202253241090336,38.44046407182139,36.87314011226879,0.4710339692139413,1.5252788591595916,2994,3.2548038260869556,0.3891936015459556,0.7695390781563126,0.5521042084168337,0.2665330661322645,0.0604542418169672,16,2,125.24977821936788,0.7437635286185741,0.0247921176206191,0.0041749926073122,0.5593824228028504,0.6860779625668217,3.507107482185273,0.0,0.0,0.0,0.0,0.0,0.0,0.0,0.0,0.0,0.0,0.0,0.0,35.0,4.0,0.043209876543209874,18.0,17.0,0.0,0.0,17.0,0.4857142857142857,0.0,0.0,5.0,37.0,7.0,256.0,0.3160493827160494,8.205882352941176,2.0,16.0,0.26666666666666666
subject_24_task_5_6,24,5_6,,5_6,158,785.0,815.0,0.4553013010479088,18.0,0.7546296296296297,eye,高,7.333333333333333,6,97.16666666666669,1.4719601443879744,96.0,100.0,6.79481821980775,30.374586369594667,6.292012083712226,4.056644618367183,11.441667455218967,9.095108447149505,1.5510385246033185,2.8204756717940676,14.78459366984536,3.762863062914903,3.836252401150233,7.980412009353564,5.440269973181123,0.9808695230237392,2.0802624996626338,9.293297314943166,3.871731208865859,4.985900397263748,4.286248365763205,3.187309461537354,0.7765360116280415,0.8596738852054665,17.933352663993478,12.372136182571026,24.44877877001515,37.58847865227634,37.477575476808376,0.5060431156481588,1.5374378821070682,2994,3.3300745644599306,0.372757379737684,0.7157648630594522,0.490313961255845,0.3002672010688043,0.0664662658650634,16,2,274.6412121642243,1.63088605798233,0.0543628685994109,0.0091547070721408,0.5593824228028503,0.6860779625668219,3.507107482185273,0.0,0.0,0.0,0.0,0.0,0.0,0.0,0.0,0.0,0.0,0.0,0.0,35.0,4.0,0.04294478527607362,18.0,17.0,0.0,0.0,17.0,0.4857142857142857,0.0,0.0,5.0,42.0,7.0,256.0,0.3141104294478528,8.205882352941176,2.0,12.0,0.2
subject_24_task_5_6,24,5_6,,5_6,159,790.0,820.0,0.4580945605635401,18.0,0.7592592592592593,eye,高,7.333333333333333,6,96.66666666666669,1.96638416050035,94.0,100.0,-0.2321083172148253,17.205062951944402,5.702028512875511,3.38687657148367,6.694165796680206,4.93761818155922,1.6835654894791916,1.9765012557713997,7.741404684917249,3.619528990843772,3.509510928720504,4.363309527876132,3.125864269243772,1.0313485452411395,1.2432813621318186,7.120733913609986,3.755849877002716,4.5402941190308255,3.600762638159624,2.2577250808367646,0.8272261176340802,0.7930681457544528,14.026823025010565,12.211168477247734,20.587829788550053,35.962619150112374,35.59704776583798,0.5931255796586675,1.7467901920440896,2995,3.349491373360939,0.3805405282531603,0.6808013355592655,0.5061769616026711,0.2898163606010017,0.064440734557596,10,2,424.0326461090808,2.5180085873460856,0.0839336195782028,0.0141344215369693,0.5593824228028503,0.6860779625668219,3.507107482185273,0.0,0.0,0.0,0.0,0.0,0.0,0.0,0.0,0.0,0.0,0.0,0.0,35.0,4.0,0.042682926829268296,18.0,17.0,0.0,0.0,17.0,0.4857142857142857,0.0,0.0,5.0,47.0,7.0,256.0,0.3121951219512195,8.205882352941176,2.0,9.0,0.15
subject_24_task_5_6,24,5_6,,5_6,160,795.0,825.0,0.4608878200791714,18.0,0.7638888888888888,eye,高,7.333333333333333,6,96.33333333333331,2.250925735484551,94.0,100.0,-5.438653285852963,14.789500112028016,5.814712016009352,3.542467549359438,4.946525279608605,3.122655201094777,1.6414298606802449,1.396350202418383,5.162017806279281,3.719736813549623,3.6270265903285064,3.16109351266309,2.189475575216775,1.0255609439060438,0.8715385547743624,6.776769525518793,3.855329394423262,5.022424724950078,3.33849038779898,1.9173080920714556,0.7676231313674061,0.664716859013186,14.773582138293142,12.002774237339665,17.42491969495917,33.899822584386364,31.86367204256778,0.68882809490433,1.9454794155632864,2995,3.410120096352374,0.3935200774047118,0.7218697829716194,0.5225375626043406,0.2828046744574291,0.0550918196994991,10,2,573.4240800539374,3.4051311167098413,0.1135043705569947,0.0191141360017979,0.5593824228028503,0.6860779625668219,3.507107482185273,0.0,0.0,0.0,0.0,0.0,0.0,0.0,0.0,0.0,0.0,0.0,0.0,35.0,4.0,0.04242424242424243,18.0,17.0,0.0,0.0,17.0,0.4857142857142857,0.0,0.0,5.0,52.0,7.0,256.0,0.3103030303030303,8.205882352941176,2.0,8.0,0.13333333333333333
subject_24_task_5_6,24,5_6,,5_6,161,800.0,830.0,0.4636810795948028,18.0,0.7685185185185185,eye,高,7.333333333333333,6,96.5,2.258317958127243,94.0,100.0,-6.278267535454325,25.54043292561527,6.309387151022901,4.071818702446013,10.270514161327622,13.61818350918077,1.5495255589922856,2.522340730729967,8.94043471122975,4.007107147681851,3.6493225205381616,5.358849970185375,5.461236482774841,1.0980413830594855,1.4684506343372223,8.225020475391322,4.1937496867084825,5.0037936281337885,4.018624216177144,2.713605704060586,0.8381140387423572,0.803115498925148,16.245435425336506,12.48505050654248,19.16060164266171,34.55554401728222,33.901534900923075,0.6516001292331083,1.803468631190743,2995,3.441982179575051,0.3895610493009325,0.7626043405676127,0.5689482470784641,0.2614357262103506,0.0440734557595993,5,2,722.8155139987937,4.292253646073597,0.1430751215357865,0.0240938504666264,0.5593824228028503,0.6860779625668219,3.507107482185273,0.0,0.0,0.0,0.0,0.0,0.0,0.0,0.0,0.0,0.0,0.0,0.0,35.0,4.0,0.04216867469879518,18.0,17.0,0.0,0.0,17.0,0.4857142857142857,0.0,0.0,5.0,57.0,7.0,256.0,0.30843373493975906,8.205882352941176,2.0,7.0,0.11666666666666667
subject_24_task_5_6,24,5_6,,5_6,162,805.0,835.0,0.4664743391104341,18.0,0.7731481481481481,eye,高,7.333333333333333,6,95.5,3.146426544510455,91.0,100.0,-14.020771513352912,21.89406700665859,6.067263329677531,4.222942914864497,10.781087300780031,14.62674868967885,1.4367381828253327,2.552979644321327,8.328866827185257,4.093879641867639,3.542998710376095,5.560743580543444,5.857222772342915,1.1554843725678543,1.569502005252822,8.173196955222862,4.164998106770458,4.876277984901045,4.183563362636768,2.812449851926746,0.8541346739597289,0.8579419334973918,17.270661187809317,11.678346316105376,17.98514619053019,33.78197169902227,36.44171423346564,0.6493328545894408,1.878326222158242,2995,3.54580088646437,0.340873361540136,0.7479131886477463,0.5298831385642738,0.2898163606010017,0.0393989983305509,5,2,842.0000000000011,5.000000000000007,0.1666666666666669,0.0280666666666667,0.5593824228028503,0.6860779625668219,3.5071074821852735,0.0,0.0,0.0,0.0,0.0,0.0,0.0,0.0,0.0,0.0,0.0,0.0,35.0,4.0,0.041916167664670656,18.0,17.0,0.0,0.0,17.0,0.4857142857142857,0.0,0.0,5.0,62.0,7.0,256.0,0.3065868263473054,8.205882352941176,2.0,0.0,0.0
subject_24_task_5_6,24,5_6,,5_6,163,810.0,840.0,0.4692675986260655,18.0,0.7777777777777778,eye,高,7.333333333333333,6,95.16666666666669,3.0605010483034745,91.0,100.0,-10.97105166727732,28.131676730200475,6.75552825863467,4.02575124582785,11.634854255830623,15.014880435348736,1.6780789090324115,2.8901075961632223,9.598200453322022,4.107233022051821,3.105640688222882,6.024421448505535,6.565131443646596,1.3225074741025733,1.939832084037013,9.30547103222285,4.242659254518289,4.704604890141759,4.428243750921169,2.9918358700801595,0.9018098976618734,0.9412573115757946,17.99942679688462,12.777483084431154,19.410118109734896,35.605551717117145,37.89225884257875,0.6582898162800345,1.8343809922135217,2995,3.43519193989071,0.3919256212118261,0.7756260434056761,0.5869782971619366,0.2504173622704507,0.0424040066777963,5,2,716.7502217806332,4.256236471381433,0.1418745490460477,0.0238916740593544,0.5593824228028504,0.6860779625668217,3.5071074821852735,0.0,0.0,0.0,0.0,0.0,0.0,0.0,0.0,0.0,0.0,0.0,0.0,35.0,4.0,0.041666666666666664,18.0,17.0,0.0,0.0,17.0,0.4857142857142857,0.0,0.0,5.0,67.0,7.0,256.0,0.3047619047619048,8.205882352941176,2.0,0.0,0.0
subject_24_task_5_6,24,5_6,,5_6,164,815.0,845.0,0.4720608581416968,18.0,0.7824074074074074,eye,高,7.333333333333333,6,94.16666666666669,1.9407902170679512,91.0,97.0,-1.2244897959184469,27.986726017040223,7.087432880605962,3.9850636882854023,12.51941008025106,16.527354110684044,1.7784992750405384,3.141583437437511,8.733595879053999,3.809200022052174,2.645664769058534,6.333145019091333,7.349784157594619,1.4397893741495018,2.393782119775135,9.268641874573824,4.196688932155538,4.025953501193656,4.747732639134818,3.3192942481336845,1.0424086942164783,1.1792815385789135,17.881449131252133,12.768461427352966,19.723936412437407,39.78926939302438,41.83372289384035,0.6473586793405753,2.0173087441071997,2995,3.440469846678024,0.4072576294964124,0.805008347245409,0.6113522537562605,0.2363939899833055,0.0410684474123539,10,2,718.8487502447995,4.088781221870517,0.1362927073956839,0.0239616250081599,0.6522380342004077,0.6460501888815696,3.434834836281913,0.0,0.0,0.0,0.0,0.0,0.0,0.0,0.0,0.0,0.0,0.0,0.0,35.0,4.0,0.04142011834319527,18.0,17.0,0.0,0.0,17.0,0.4857142857142857,0.0,0.0,5.0,72.0,7.0,256.0,0.3029585798816568,8.205882352941176,2.0,0.0,0.0
subject_24_task_5_6,24,5_6,,5_6,165,820.0,850.0,0.4748541176573281,18.0,0.7870370370370371,eye,高,7.333333333333333,6,94.33333333333331,1.9663841605003496,91.0,97.0,-0.2948402948401388,30.090780761468334,6.794925972558577,3.72542984588838,12.204281828462245,15.802454002114562,1.8239307284387296,3.2759392428048706,9.496579478281037,3.44234275430722,2.558093692497429,6.453058208660489,6.888950630432242,1.3456671913164022,2.5226043235189186,9.788436475307808,3.920731237375615,4.056201359269964,4.955472456553795,3.2592471720330707,0.9666017266167648,1.221702774993814,18.1839462590812,11.765185735728672,22.94122761337508,44.50586967505976,43.934493217237225,0.5128402862307767,1.9399951225414012,2994,3.403278159340659,0.4036202629000116,0.7762191048764195,0.6012024048096193,0.2404809619238476,0.0407481629926519,10,2,737.8169099974557,4.001466738575704,0.1333822246191901,0.0245938969999151,0.7503936812459936,0.5619022281242521,3.358436994346777,0.0,0.0,0.0,0.0,0.0,0.0,0.0,0.0,0.0,0.0,0.0,0.0,35.0,4.0,0.041176470588235294,18.0,17.0,0.0,0.0,17.0,0.4857142857142857,0.0,0.0,5.0,77.0,7.0,256.0,0.30117647058823527,8.205882352941176,2.0,0.0,0.0
subject_24_task_5_6,24,5_6,,5_6,166,825.0,855.0,0.4776473771729595,18.0,0.7916666666666666,eye,高,7.333333333333333,6,94.66666666666669,2.065591117977289,91.0,97.0,1.4323013800821691,25.406707107720365,7.255209070040822,3.916349842317585,12.746853147262591,16.807779689853916,1.8525436598246787,3.2547789805517895,8.842637470331923,3.5719681389561493,2.5413933218040827,6.479491475557071,7.288162249368207,1.4055156706009138,2.5495823176860375,9.291176438977653,4.046044701458208,3.8275444464370474,5.483184385599008,3.860231145186919,1.0570862750462784,1.4325592980907509,17.754210887973027,12.388889204593124,24.462998673344856,47.38978808412153,46.308321235879674,0.5064337929303896,1.937202741042452,2994,3.3322977335164836,0.3791898770444507,0.7194388777555111,0.612558450233801,0.2324649298597194,0.0407481629926519,10,2,689.5759199460654,3.5948688832901725,0.119828962776339,0.0229858639982021,0.8283883359073992,0.4584325302378482,3.297731130976122,0.0,0.0,0.0,0.0,0.0,0.0,0.0,0.0,0.0,0.0,0.0,0.0,35.0,4.0,0.04093567251461988,18.0,17.0,0.0,0.0,17.0,0.4857142857142857,0.0,0.0,5.0,82.0,7.0,256.0,0.2994152046783626,8.205882352941176,2.0,0.0,0.0
subject_24_task_5_6,24,5_6,,5_6,167,830.0,860.0,0.4804406366885908,18.0,0.7962962962962963,eye,高,7.333333333333333,6,94.33333333333331,1.751190071541826,91.0,96.0,7.795527156549628,20.222177744589956,6.524191016556957,3.191350980767057,6.78320358652953,5.333842867830882,2.044335159584621,2.1254959505892876,6.206835464794316,3.131915538312624,2.559647083474881,4.456083447493494,3.60413990105392,1.223573186527282,1.7408975933682556,9.372996997316092,3.725296927902676,4.086220771703782,4.814074275095328,2.861411091276723,0.9116729457447752,1.1781238812233978,18.45722576356602,11.550360556306492,26.406353105612897,44.30333916981936,43.12894655550648,0.4374083960064657,1.6777530389231337,2994,3.276525847312564,0.3489605201491761,0.6389445557782231,0.6152304609218436,0.2307949231796927,0.0367401469605878,10,2,540.1844860012088,2.707746353926417,0.0902582117975472,0.0180061495333736,0.9027836214807138,0.318923324225061,3.239826777645237,0.0,0.0,0.0,0.0,0.0,0.0,0.0,0.0,0.0,0.0,0.0,0.0,35.0,4.0,0.040697674418604654,18.0,17.0,0.0,0.0,17.0,0.4857142857142857,0.0,0.0,5.0,87.0,7.0,256.0,0.29767441860465116,8.205882352941176,2.0,0.0,0.0
subject_24_task_5_6,24,5_6,,5_6,168,835.0,865.0,0.4832338962042222,18.0,0.8009259259259259,eye,高,7.333333333333333,6,95.0,0.6324555320336759,94.0,96.0,1.0843373493976107,16.88433764515223,6.599965735565336,3.3351889162421746,7.080157326848636,5.576219142240488,1.978888123375527,2.1228654521993295,5.366026165972072,2.823489570372903,2.3751147443603258,4.529750449368609,3.6836851869089977,1.18878027980637,1.907171205148902,7.940628266197994,3.4809965816958854,3.6721134051835183,5.010420335020272,2.970788189201439,0.9479545421397242,1.364451415892443,15.817125435428652,12.413978595840184,27.33550430962431,48.411017267106935,43.82725296739007,0.4541338786081754,1.7709941151538346,2994,3.235761336515513,0.303239326268473,0.6002004008016032,0.6299265197060788,0.2231128924515698,0.0310621242484969,10,3,500.27698279358265,2.540524882683515,0.0846841627561171,0.0166758994264527,0.8631428438750284,0.4845686618448369,3.1998174117275395,0.0,0.0,0.0,0.0,0.0,0.0,0.0,0.0,0.0,0.0,0.0,0.0,35.0,4.0,0.04046242774566474,18.0,17.0,0.0,0.0,17.0,0.4857142857142857,0.0,0.0,5.0,92.0,7.0,256.0,0.29595375722543354,8.205882352941176,2.0,0.0,0.0
subject_24_task_5_6,24,5_6,,5_6,169,840.0,870.0,0.4860271557198535,18.0,0.8055555555555556,eye,高,7.333333333333333,6,95.33333333333331,1.0327955589886446,94.0,97.0,4.504373177842633,15.19244029771651,6.187335853922168,3.141235314674575,5.6712798802964395,4.2591716294316155,1.9697142156200296,1.8054298109417417,5.668430088997997,2.9695291700882813,2.349883108960357,4.043778573865332,2.6918391014438914,1.263692291231486,1.7208424361390442,8.3521666257638,3.4465648332918546,3.5443297866021237,4.547241144896231,2.7464154638815037,0.972416519004572,1.282962201227775,16.548468417976682,11.662797210138637,28.92603059230932,48.90975834511088,46.16835054247665,0.40319383514859,1.690856206109203,2994,3.279928133514986,0.3321683486866618,0.575818303273213,0.5981963927855711,0.2358049432197728,0.0400801603206412,10,3,627.7319390533592,3.4095359480910816,0.1136511982697027,0.0209243979684453,0.7155772886739165,0.77446364347819,3.238264840474372,0.0,0.0,0.0,0.0,0.0,0.0,0.0,0.0,0.0,0.0,0.0,0.0,35.0,4.0,0.040229885057471264,18.0,17.0,0.0,0.0,17.0,0.4857142857142857,0.0,0.0,5.0,97.0,7.0,256.0,0.2942528735632184,8.205882352941176,2.0,0.0,0.0
subject_24_task_5_6,24,5_6,,5_6,170,845.0,875.0,0.4888204152354848,18.0,0.8101851851851852,eye,高,7.333333333333333,6,95.83333333333331,0.9831920802501752,95.0,97.0,4.217887375782163,14.028526700816922,5.926772635580264,3.170465992263068,7.301582037251077,5.688883704237553,1.869369565875631,2.3029996395070085,5.8384486202971075,2.892282304373565,2.5664299578525385,4.613214092514872,3.5119975830604577,1.1269671691308043,1.7975219149853523,7.426883420281939,3.311128595346197,3.5237095133185035,4.986729254677111,3.1772022857126165,0.939671270526467,1.4151930616950283,15.843748771386707,10.883929372658644,30.17333281558254,48.659420301772435,45.76955521518658,0.3607135293664945,1.6126630955610926,2995,3.279355013550135,0.3047773239533032,0.5639398998330551,0.5979966611018364,0.2404006677796327,0.0343906510851419,10,3,603.6969329041128,3.5588797336458087,0.1186293244548602,0.0201232310968037,0.5219191297614179,0.9903434292571208,3.2887214545255556,0.0,0.0,0.0,0.0,0.0,0.0,0.0,0.0,0.0,0.0,0.0,0.0,35.0,4.0,0.04,18.0,17.0,0.0,0.0,17.0,0.4857142857142857,0.0,0.0,5.0,102.0,7.0,256.0,0.2925714285714286,8.205882352941176,2.0,0.0,0.0
subject_24_task_5_6,24,5_6,,5_6,171,850.0,880.0,0.4916136747511162,18.0,0.8148148148148148,eye,高,7.333333333333333,6,96.66666666666669,1.8618986725025255,95.0,100.0,9.429967426710103,14.860077051757694,7.135995683069615,3.2870898568400473,6.92712144037796,5.409255530327958,2.1709159146411676,2.1073720957044833,5.885241882159854,3.143017082798375,2.3910331819332344,4.301547577548341,3.3529571150768533,1.31450165834049,1.799032991282199,7.629347148580912,3.5045283162754792,3.6613852119360337,4.5409520196378,3.0116116579749956,0.9571591388010188,1.2402278801024265,16.103922180634143,12.116589984038034,29.211974914633277,46.41254367645232,47.23373083941806,0.4147816099201297,1.5888190994304423,2995,3.284130920162382,0.2997297193831834,0.654424040066778,0.6360601001669449,0.2163606010016694,0.0340567612687813,10,3,541.1504438934653,3.480524674078219,0.1160174891359406,0.0180383481297821,0.4804578891765353,1.0469173428159064,3.347116516283467,0.0,0.0,0.0,0.0,0.0,0.0,0.0,0.0,0.0,0.0,0.0,0.0,35.0,4.0,0.03977272727272727,18.0,17.0,0.0,0.0,17.0,0.4857142857142857,0.0,0.0,5.0,107.0,7.0,256.0,0.2909090909090909,8.205882352941176,2.0,0.0,0.0
subject_24_task_5_6,24,5_6,,5_6,172,855.0,885.0,0.4944069342667475,18.0,0.8194444444444444,eye,高,7.333333333333333,6,96.0,2.6832815729997477,92.0,100.0,-2.300751879699418,14.980429528343093,6.298153004658255,3.1888879751423804,7.030547782981045,5.455728422155151,1.9750311248789003,2.204702027096809,5.22657389448165,3.043982016747231,2.3995433999353732,4.293830354505594,3.450336433939609,1.2685671852525002,1.7894364213713487,6.7641191085621735,3.223216315290821,3.5380868028354673,4.315144970351637,2.7350662904610967,0.9110054373758424,1.2196266544092207,14.94525408370564,11.822460754243986,26.275942237618107,46.78781102072268,47.02944911856989,0.4499347976689601,1.7806330443876008,2995,3.208962219196733,0.3411275565064774,0.7191986644407345,0.6530884808013355,0.2023372287145242,0.0440734557595993,5,3,439.99999999999915,2.9999999999999942,0.0999999999999998,0.0146666666666666,0.5909090909090909,0.9369181202474688,3.3891759090909095,0.0,0.0,0.0,0.0,0.0,0.0,0.0,0.0,0.0,0.0,0.0,0.0,35.0,4.0,0.03954802259887006,18.0,17.0,0.0,0.0,17.0,0.4857142857142857,0.0,0.0,5.0,112.0,7.0,256.0,0.28926553672316385,8.205882352941176,2.0,0.0,0.0
subject_24_task_5_6,24,5_6,,5_6,173,860.0,890.0,0.4972001937823789,18.0,0.8240740740740741,eye,高,7.333333333333333,6,95.83333333333331,2.786873995477131,92.0,100.0,-6.453488372092961,18.308737198990308,6.629974567665063,3.3649981774796514,6.7997569276773255,5.185525877632399,1.9702758272014416,2.0207312364044943,5.2738151614332045,3.309922727656794,2.634820242457253,4.019071561240497,3.337369438433081,1.2562233560836529,1.5253684090009425,6.892646805801031,3.5241369776149085,3.887283257021582,4.078376217361488,2.5237716248941853,0.9065809576004724,1.0491584861984873,14.372155684262518,12.844440443995271,26.42380312548812,45.647983653254045,45.61270427817582,0.4860935567448904,1.7275326884805042,2995,3.2213678239944996,0.3654773406514905,0.7572621035058431,0.6230383973288814,0.2180300500834724,0.0560934891485809,10,3,439.99999999999915,2.9999999999999942,0.0999999999999998,0.0146666666666666,0.5909090909090909,0.9369181202474688,3.3891759090909095,0.0,0.0,0.0,0.0,0.0,0.0,0.0,0.0,0.0,0.0,0.0,0.0,35.0,4.0,0.03932584269662921,18.0,17.0,0.0,0.0,17.0,0.4857142857142857,0.0,0.0,5.0,117.0,7.0,256.0,0.2876404494382023,8.205882352941176,2.0,0.0,0.0
subject_24_task_5_6,24,5_6,,5_6,174,865.0,895.0,0.4999934532980102,18.0,0.8287037037037037,eye,高,7.333333333333333,6,95.83333333333331,2.7868739954771304,92.0,100.0,-10.405759162303628,21.56330147247715,7.086576994138984,3.2754796225815443,7.3628410436391265,5.4377951405030736,2.1635234563156134,2.247866539263083,5.286056317559042,3.525382865365401,2.5718393260168333,4.20476927674056,3.451831004254565,1.3707632625811736,1.6349268922848097,7.177802590333271,3.659652375811421,3.8443271441113303,4.306166820679122,2.6431743333490076,0.9519617448315264,1.120135373305893,14.976006940411471,12.122630059522658,27.27122930407236,46.174200313689106,46.12465172319611,0.4445208510535463,1.6931470084773186,2995,3.164765423492506,0.3782569733811132,0.7889816360601002,0.6333889816360601,0.2046744574290484,0.072787979966611,10,3,360.7230172064179,2.4594751173164857,0.0819825039105495,0.0120241005735472,0.5909090909090909,0.9369181202474688,3.389175909090909,0.0,0.0,0.0,0.0,0.0,0.0,0.0,0.0,0.0,0.0,0.0,0.0,35.0,4.0,0.03910614525139665,18.0,17.0,0.0,0.0,17.0,0.4857142857142857,0.0,0.0,5.0,122.0,7.0,256.0,0.2860335195530726,8.205882352941176,2.0,0.0,0.0
subject_24_task_5_6,24,5_6,,5_6,175,870.0,900.0,0.5027867128136416,18.0,0.8333333333333334,eye,高,7.333333333333333,6,95.66666666666669,2.7325202042558927,92.0,100.0,-6.782164157909696,27.365023778194047,7.350138174321921,3.5864636613388674,6.764815135182775,5.070282150612683,2.049411026676353,1.8862076334707356,5.088914854278991,3.8583224153231623,2.9498330775908284,3.8672649688711114,3.191434751630443,1.3079799140615476,1.311011459682174,7.62833392910683,3.8419084927393112,4.47354539961251,4.04194585927007,2.403289969034443,0.8588061927508527,0.903521815073158,16.850799441166064,12.74347029853518,24.70418369637187,43.55004815455649,44.978974190434904,0.5158425979647617,1.76286125013523,2995,3.160817700987306,0.3346723722354609,0.742237061769616,0.6247078464106844,0.208347245409015,0.0737896494156928,16,5,268.4963822592006,1.77809825330737,0.0592699417769123,0.00894987940864,0.5133783057793249,1.2392036901645345,3.341943079936658,1.0,1.0,0.03333333333333333,1.0,0.0,0.0,0.0,0.0,0.0,0.0,0.0,1.0,36.0,4.0,0.04,19.0,17.0,0.0,0.0,17.0,0.4722222222222222,0.0,0.0,6.0,2.0,8.0,381.0,0.42333333333333334,11.542857142857143,2.0,1.0,0.016666666666666666
subject_24_task_5_6,24,5_6,,5_6,176,875.0,905.0,0.5055799723292729,18.0,0.8379629629629629,eye,高,7.333333333333333,6,95.66666666666669,2.7325202042558927,92.0,100.0,-3.20512820512838,25.894855890903663,7.293493813886692,3.625010311482339,5.606673699678837,3.8381196170682568,2.0119925702788515,1.5466642072491528,4.633532732830691,3.586254458975406,3.021358092753621,3.571838018097747,2.6537228911161987,1.1869676975981842,1.1821961874245854,7.489639061279602,4.0533427223602505,4.536314670210482,4.046796724200336,2.1686191039544305,0.8935320887190964,0.8920890675365268,16.289343670030686,11.666045131010724,22.615661754320257,40.02302353836132,39.49874309814211,0.5158392116817969,1.7697038438734054,2994,3.113093727726301,0.3303068051189403,0.751503006012024,0.6366065464261857,0.1933867735470942,0.0824983299933199,16,5,209.9544176124103,1.2761337477559214,0.042537791591864,0.0069984805870803,0.4563900231126296,1.3034504381782523,3.210614139646182,3.0,1.0,0.1,3.0,0.0,0.0,0.0,0.0,0.0,0.0,0.0,1.0,38.0,4.0,0.041988950276243095,21.0,17.0,0.0,0.0,17.0,0.4473684210526316,0.0,0.0,6.0,4.0,8.0,381.0,0.42099447513812155,11.0,2.0,3.0,0.05
subject_24_task_5_6,24,5_6,,5_6,177,880.0,910.0,0.5083732318449042,18.0,0.8425925925925926,eye,高,7.333333333333333,6,95.0,1.7888543819998317,92.0,97.0,10.064829821718025,28.40407056573796,6.936069689067817,3.580883038380279,5.587385073406685,3.911250233442288,1.9369718627294708,1.5603372166922256,4.946173110849013,3.6944567694090913,2.995184656446882,3.5686700527290154,2.766905714660157,1.2334654430928276,1.191469128638782,8.15800702038176,4.115228946619132,4.305737994578578,4.116573474307611,2.228102183218936,0.9557546120550484,0.956066876222114,17.346318683229203,11.448035179327984,24.75659321145243,43.48003878855004,40.49951452936204,0.4624236897842675,1.756301378674192,2994,3.07628,0.3343901566695052,0.6770207080828323,0.602872411489646,0.2057448229792919,0.095190380761523,11,2,173.05430453853128,0.921727321110686,0.0307242440370228,0.005768476817951,0.9201065246338216,0.2785091245227394,3.029185898801598,3.0,1.0,0.1,3.0,0.0,0.0,0.0,0.0,0.0,0.0,0.0,1.0,38.0,4.0,0.041758241758241756,21.0,17.0,0.0,0.0,17.0,0.4473684210526316,0.0,0.0,6.0,9.0,8.0,381.0,0.4186813186813187,11.0,2.0,3.0,0.05
subject_24_task_5_6,24,5_6,,5_6,178,885.0,915.0,0.5111664913605356,18.0,0.8472222222222222,eye,高,7.333333333333333,6,95.5,1.0488088481701516,94.0,97.0,3.16330904414929,22.95600856891757,7.666982919080431,3.6260093819933936,5.983502694335389,4.057331375347604,2.1144410042495583,1.6501619449881195,4.880087137228862,3.374781958941805,2.9696770175417573,3.7636167949477777,2.789832211584775,1.1364138049380823,1.267348864107528,7.498692312520726,3.935230072856043,4.2541097799392364,4.342233670236846,2.250680689501726,0.9250419656335837,1.0207150014588642,16.55162446830636,12.72659778974281,28.301891838164384,44.79082993310249,41.271785545628035,0.449673041735723,1.582609042152553,2994,3.150443848354793,0.3342034591729199,0.6012024048096193,0.5457581830327322,0.2394789579158316,0.1022044088176352,11,2,241.96729615151744,1.2887738809668037,0.0429591293655601,0.0080655765383839,0.9201065246338216,0.2785091245227394,3.029185898801598,3.0,1.0,0.1,3.0,0.0,0.0,0.0,0.0,0.0,0.0,0.0,1.0,38.0,4.0,0.041530054644808745,21.0,17.0,0.0,0.0,17.0,0.4473684210526316,0.0,0.0,6.0,14.0,8.0,381.0,0.4163934426229508,11.0,2.0,3.0,0.05
subject_24_task_5_6,24,5_6,,5_6,179,890.0,920.0,0.513959750876167,18.0,0.8518518518518519,eye,高,7.333333333333333,6,95.66666666666669,0.816496580927726,95.0,97.0,-1.3220338983052695,24.105924611473988,7.146541657410484,3.5803189984264585,5.620916306371207,3.7878641709978904,1.9960628258407624,1.569948462369299,4.865468309014887,3.36718195318448,3.1804479633706806,3.693419715245349,2.582177080797846,1.058713109588467,1.1612891510197874,7.548163111530984,3.9584564285219823,4.432908358062916,4.350563909041106,2.213453988645073,0.8929705080237078,0.9814242834792568,16.117879680451388,11.32004408109969,28.137219300678662,45.04080832074982,41.466311401620366,0.4023156645342937,1.6007554918429143,2994,3.1535220193340496,0.3627078274395139,0.6088844355377422,0.56312625250501,0.2267869071476285,0.1045424181696726,6,2,310.88028776450346,1.6558204408229211,0.0551940146940973,0.0103626762588167,0.9201065246338216,0.2785091245227393,3.0291858988015985,3.0,1.0,0.1,3.0,0.0,0.0,0.0,0.0,0.0,0.0,0.0,1.0,38.0,4.0,0.041304347826086954,21.0,17.0,0.0,0.0,17.0,0.4473684210526316,0.0,0.0,6.0,19.0,8.0,381.0,0.4141304347826087,11.0,2.0,3.0,0.05
subject_24_task_5_6,24,5_6,,5_6,180,895.0,925.0,0.5167530103917983,18.0,0.8564814814814815,eye,高,7.333333333333333,6,96.5,1.8708286933869709,95.0,100.0,5.504587155963379,20.927226072832493,6.843362865935724,3.773753142518584,5.880064151832432,4.07727247961161,1.8134103126227537,1.5581475337064856,5.195864544850692,3.056112013535253,3.0976227842093382,3.846789057485546,2.5786253760933744,0.9865991524579129,1.2418520024759667,7.7030742026119405,3.997613132367818,4.256381679973956,4.421534409006604,2.15833832952226,0.9392045716145172,1.038801202864321,16.17263138261181,12.257166320448574,31.51853826574643,48.34245238890307,41.4814940654499,0.3888875244499952,1.5337783745333284,2995,3.170069076592699,0.3651045334218357,0.6140233722871452,0.5532554257095159,0.2327212020033389,0.1005008347245409,6,2,379.7932793774896,2.0228670006790392,0.0674289000226346,0.0126597759792496,0.9201065246338216,0.2785091245227394,3.029185898801598,3.0,1.0,0.1,3.0,0.0,0.0,0.0,0.0,0.0,0.0,0.0,1.0,38.0,4.0,0.04108108108108108,21.0,17.0,0.0,0.0,17.0,0.4473684210526316,0.0,0.0,6.0,24.0,8.0,381.0,0.4118918918918919,11.0,2.0,3.0,0.05
subject_24_task_5_6,24,5_6,,5_6,181,900.0,930.0,0.5195462699074296,18.0,0.8611111111111112,eye,高,7.333333333333333,6,96.83333333333331,1.9407902170679516,95.0,100.0,6.23454727697958,17.748087968805244,6.346277676541218,3.2071244814672433,6.273637434838706,4.400853350848318,1.9788061589794697,1.956156510634894,4.928800849379905,2.972979223586386,2.4688294981440317,4.148327509660833,2.770739812361354,1.204205971218893,1.6802810857450388,6.8623268297341,3.769614610328491,3.4113583810901624,4.6775470847035665,2.3678954367488982,1.1050186433721578,1.371168479580492,15.910221709044691,11.974232488174488,34.83017786002105,62.49624230484227,47.93088932511146,0.3437890135473241,1.7943130395718423,2995,3.200863764044944,0.3941865798848433,0.5886477462437396,0.5452420701168614,0.2537562604340567,0.0874791318864774,6,2,413.4779496779167,2.2022793591367065,0.0734093119712235,0.0137825983225972,0.9201065246338216,0.2785091245227393,3.029185898801598,2.0,1.0,0.06666666666666667,2.0,0.0,0.0,0.0,0.0,0.0,0.0,0.0,1.0,38.0,4.0,0.04086021505376344,21.0,17.0,0.0,0.0,17.0,0.4473684210526316,0.0,0.0,6.0,29.0,8.0,381.0,0.4096774193548387,11.0,2.0,3.0,0.05
subject_24_task_5_6,24,5_6,,5_6,182,905.0,935.0,0.5223395294230609,18.0,0.8657407407407407,eye,高,7.333333333333333,6,96.83333333333331,1.9407902170679516,95.0,100.0,7.737556561086089,18.54856457196503,6.463286462911434,3.3131520853761676,5.859759603768668,4.021347898635625,1.9507967930115733,1.7686358648107048,4.809425131591264,2.9824628267836766,2.596948320887577,4.129394005334572,2.541148743779791,1.1484490479827258,1.590094794001615,6.91981117784916,3.6404678280987985,3.662695248663179,4.331143943037565,2.151869384752937,0.993931403227584,1.1825018596942671,16.06343506881963,13.244375741495446,37.367268296828534,60.351952644429105,46.82999374580609,0.3544378903025013,1.615102077171409,2995,3.207033696033696,0.3804998960771742,0.55559265442404,0.5098497495826377,0.274457429048414,0.091151919866444,6,2,413.4779496779167,2.2022793591367065,0.0734093119712235,0.0137825983225972,0.9201065246338216,0.2785091245227393,3.029185898801598,0.0,0.0,0.0,0.0,0.0,0.0,0.0,0.0,0.0,0.0,0.0,0.0,38.0,4.0,0.040641711229946524,21.0,17.0,0.0,0.0,17.0,0.4473684210526316,0.0,0.0,6.0,34.0,8.0,381.0,0.40748663101604277,11.0,2.0,3.0,0.05
subject_24_task_5_6,24,5_6,,5_6,183,910.0,940.0,0.5251327889386923,18.0,0.8703703703703703,eye,高,7.333333333333333,6,97.16666666666669,1.9407902170679512,95.0,100.0,7.574094401756395,18.936027831566733,5.819893412533477,2.9312733835334854,5.474131552523838,3.765973178392715,1.9854488650655715,1.867492668297312,5.016872066089493,3.0174218471051653,2.411304669409978,3.7050724435934774,2.32262208232156,1.2513648256002,1.5365426404204954,6.891528679696423,3.569591268295435,3.512726626472816,4.1245684401237135,2.04999106814502,1.0161881774101271,1.174178602183244,17.216227821317652,12.06732584909438,28.586133615301055,56.47917643712757,46.34654996006653,0.4221391396084151,1.975754300920795,2995,3.2532593108249217,0.369144774902134,0.5716193656093489,0.4924874791318864,0.2988313856427379,0.0767946577629382,6,2,413.4779496779167,2.2022793591367065,0.0734093119712235,0.0137825983225972,0.9201065246338216,0.2785091245227393,3.029185898801598,0.0,0.0,0.0,0.0,0.0,0.0,0.0,0.0,0.0,0.0,0.0,0.0,38.0,4.0,0.04042553191489362,21.0,17.0,0.0,0.0,17.0,0.4473684210526316,0.0,0.0,6.0,39.0,8.0,381.0,0.4053191489361702,11.0,2.0,3.0,0.05
subject_24_task_5_6,24,5_6,,5_6,184,915.0,945.0,0.5279260484543237,18.0,0.875,eye,高,7.333333333333333,6,97.83333333333331,1.7224014243685082,95.0,100.0,5.999999999999918,20.206033505008143,5.566513478798985,3.019654515232338,6.16674757987867,4.930836083722042,1.8434272698149,2.0422030231508743,5.894405121464562,3.3252104761842847,2.547428936077166,4.370644423190712,3.0032295707013845,1.3053202109358306,1.715708085628151,7.908024106565379,3.626819942467881,3.337817221791599,4.014732673837347,2.029647864370233,1.0865843458381934,1.2028018333737305,18.186199480853347,12.743654715740725,34.517063041976236,56.56204762528438,45.26636145189864,0.369198697474439,1.638669186787393,2995,3.2865759888965997,0.3790280046959334,0.5863105175292154,0.4858096828046744,0.3015025041736227,0.072787979966611,6,2,413.4779496779167,2.2022793591367065,0.0734093119712235,0.0137825983225972,0.9201065246338216,0.2785091245227393,3.029185898801598,0.0,0.0,0.0,0.0,0.0,0.0,0.0,0.0,0.0,0.0,0.0,0.0,38.0,4.0,0.04021164021164021,21.0,17.0,0.0,0.0,17.0,0.4473684210526316,0.0,0.0,6.0,44.0,8.0,381.0,0.4031746031746032,11.0,2.0,3.0,0.05
subject_24_task_5_6,24,5_6,,5_6,185,920.0,950.0,0.530719307969955,18.0,0.8796296296296297,eye,高,7.333333333333333,6,98.0,1.4142135623730951,96.0,100.0,-6.428571428571357,20.46837935676669,6.148987243026223,3.114529831810236,6.469628931231557,5.5465512203548775,1.9742906875457,2.077240957898053,6.070697057742872,3.657989851960551,2.4447227674790875,4.336327442382153,3.0843877963356277,1.496280028402788,1.7737501773477662,7.309814148579504,3.723733934610379,3.1074409196632606,4.077661678634859,2.124802018354214,1.1983281519681808,1.3122250057377558,18.54294597991628,13.292769825047088,35.43082889162671,59.24358268096387,48.54921529835556,0.3751752426031596,1.6720913547400742,2995,3.2253707553707556,0.3605363890040805,0.5973288814691152,0.4904841402337229,0.2988313856427379,0.071118530884808,6,2,413.4779496779167,2.2022793591367065,0.0734093119712235,0.0137825983225972,0.9201065246338216,0.2785091245227393,3.029185898801598,0.0,0.0,0.0,0.0,0.0,0.0,0.0,0.0,0.0,0.0,0.0,0.0,38.0,4.0,0.04,21.0,17.0,0.0,0.0,17.0,0.4473684210526316,0.0,0.0,6.0,49.0,8.0,381.0,0.4010526315789474,11.0,2.0,3.0,0.05
subject_24_task_5_6,24,5_6,,5_6,186,925.0,955.0,0.5335125674855864,18.0,0.8842592592592593,eye,高,7.333333333333333,6,97.33333333333331,1.2110601416389966,96.0,99.0,-5.026178010471241,18.83974967200246,5.569565447955984,3.0918682265674295,6.216265802989235,5.454951789211799,1.80135925590182,2.01052093668639,6.218158794696944,3.521372011318537,2.462385049278729,4.252383866424546,3.2092855357599013,1.4300655424910098,1.7269370067326133,7.919450775648037,3.5201135017402967,3.092746314195366,3.985914111806831,2.02819595141592,1.1381837189760318,1.2887943940024835,18.199970033451983,13.092439502458555,37.40390298022024,57.05235067228213,51.62597979046432,0.3500286991275226,1.525304744332491,2994,3.248594238111767,0.3722955435651302,0.5768203072812291,0.4762859051436205,0.3069472277889111,0.0764863059452237,6,2,371.2067206225109,1.9771329993209632,0.0659044333106987,0.0123735573540836,0.9201065246338216,0.2785091245227393,3.029185898801598,0.0,0.0,0.0,0.0,0.0,0.0,0.0,0.0,0.0,0.0,0.0,0.0,38.0,4.0,0.039790575916230364,21.0,17.0,0.0,0.0,17.0,0.4473684210526316,0.0,0.0,6.0,54.0,8.0,381.0,0.39895287958115183,11.0,2.0,3.0,0.05
subject_24_task_5_6,24,5_6,,5_6,187,930.0,960.0,0.5363058270012176,18.0,0.8888888888888888,eye,高,7.333333333333333,6,96.33333333333331,2.422120283277993,92.0,99.0,-12.203389830508357,16.945918149231975,5.937983070809589,3.1946024049025548,6.280148226893481,5.573744938099022,1.858754961711962,1.965862236019022,6.033133698071566,3.5369100071670387,2.4881788636124575,4.007595003479132,3.0766951460339924,1.4214854321332764,1.6106539051861863,7.375780489404857,3.700980655782482,3.0341999583484274,4.050682400367932,2.0395200116934005,1.2197550282075005,1.335008389682002,15.843080546288718,13.775156551814044,36.6328722810129,53.80262552109897,50.23319173523172,0.3760326639457593,1.4686979800103002,2994,3.2231581151832462,0.3621863338446393,0.6399465597862392,0.4863059452237809,0.2889111556446225,0.0814963259853039,6,2,302.29372900952484,1.6100864394648458,0.0536695479821615,0.0100764576336508,0.9201065246338216,0.2785091245227394,3.0291858988015976,0.0,0.0,0.0,0.0,0.0,0.0,0.0,0.0,0.0,0.0,0.0,0.0,38.0,4.0,0.03958333333333333,21.0,17.0,0.0,0.0,17.0,0.4473684210526316,0.0,0.0,6.0,59.0,8.0,381.0,0.396875,11.0,2.0,2.0,0.03333333333333333
subject_24_task_5_6,24,5_6,,5_6,188,935.0,965.0,0.539099086516849,18.0,0.8935185185185185,eye,高,7.333333333333333,6,95.5,2.949576240750525,92.0,99.0,-17.735294117646962,20.643732149721,6.754265901209738,3.677853241589517,7.012323085704242,6.292913622391043,1.8364696624737096,1.9066348288203077,6.331878004231059,3.585525513202146,2.5249787887627893,4.335369128668398,3.495611958147508,1.4200220331193407,1.716992296316548,8.068927749141341,3.8384513438109504,2.913067819041779,4.292818449545345,2.3036075848103077,1.3176663168362368,1.473641781178105,19.197467653026905,14.864758513740815,46.850186493144925,61.62090600897772,57.22259164971024,0.3172828034722084,1.3152755756477943,2994,3.2374474053295934,0.3623418011873434,0.6292585170340681,0.5066800267201069,0.2722110888443553,0.0828323313293253,11,2,233.38073739653865,1.243039879608728,0.0414346626536242,0.0077793579132179,0.9201065246338216,0.2785091245227394,3.0291858988015985,0.0,0.0,0.0,0.0,0.0,0.0,0.0,0.0,0.0,0.0,0.0,0.0,38.0,4.0,0.039378238341968914,21.0,17.0,0.0,0.0,17.0,0.4473684210526316,0.0,0.0,6.0,64.0,8.0,381.0,0.39481865284974094,11.0,2.0,0.0,0.0
subject_24_task_5_6,24,5_6,,5_6,189,940.0,970.0,0.5418923460324804,18.0,0.8981481481481481,eye,高,7.333333333333333,6,95.0,2.6832815729997477,92.0,99.0,-11.61290322580654,19.25358942850539,7.240797581865469,3.578757278410986,6.7804792525501405,6.127735306307586,2.0232714930252205,1.8946463045855853,5.8112147177102935,3.465167854031242,2.484822048914836,4.258598293291731,3.491560363371038,1.394533606760508,1.7138443757578266,7.15167335762043,3.8476286096112102,2.9462329713893425,4.253925970394189,2.3517348986056277,1.3059485271447493,1.443852543808911,17.924272713270227,13.873902777064613,44.32091810267617,61.51816747953655,56.28617098045117,0.3130328380139509,1.3880165419186563,2994,3.1534428622285513,0.3585694457046561,0.6569806279225117,0.5547762191048764,0.2324649298597194,0.0921843687374749,16,3,167.92689669329206,0.9192327061243544,0.0306410902041451,0.0055975632231097,0.9011531146416302,0.3731338922379507,3.0318702581900507,0.0,0.0,0.0,0.0,0.0,0.0,0.0,0.0,0.0,0.0,0.0,0.0,38.0,4.0,0.03917525773195876,21.0,17.0,0.0,0.0,17.0,0.4473684210526316,0.0,0.0,6.0,69.0,8.0,381.0,0.39278350515463917,11.0,2.0,0.0,0.0
subject_24_task_5_6,24,5_6,,5_6,190,945.0,975.0,0.5446856055481117,18.0,0.9027777777777778,eye,高,7.333333333333333,6,94.33333333333331,1.8618986725025255,92.0,96.0,-2.2523461939519582,18.934482498940163,6.2422634713159475,3.586137261201794,6.219890736328049,5.359741444277911,1.7406649597188109,1.734426287476689,5.305230853207871,3.113342707747954,2.408066143374986,3.8011188503683138,3.091753359444193,1.2928808937882823,1.578494370192389,7.307691529723526,3.689668163343257,3.023211215459514,4.150336247681675,2.3801149577030207,1.220446703980107,1.372823779714261,18.62831625385377,13.993499515391298,43.26377838893708,63.11153543700788,58.646021752735344,0.3234460797573232,1.4587615272443717,2994,3.1519971356963845,0.3672733214994013,0.6736806947227789,0.5527722110888443,0.2267869071476285,0.0955243820975283,16,3,127.5547541705664,0.908946759896492,0.030298225329883,0.0042518251390188,0.6892769567377439,0.7719306270144413,3.061878143520071,0.0,0.0,0.0,0.0,0.0,0.0,0.0,0.0,0.0,0.0,0.0,0.0,38.0,4.0,0.038974358974358976,21.0,17.0,0.0,0.0,17.0,0.4473684210526316,0.0,0.0,6.0,74.0,8.0,381.0,0.39076923076923076,11.0,2.0,0.0,0.0
subject_24_task_5_6,24,5_6,,5_6,191,950.0,980.0,0.5474788650637431,18.0,0.9074074074074074,eye,高,7.333333333333333,6,94.33333333333331,1.8618986725025255,92.0,96.0,3.5185816570063597,20.155864984070437,6.674258074559497,3.3276881425759917,6.068213214439494,4.544082515692818,2.005674146313752,1.823552254431522,5.336491878982675,2.903248931028509,2.344640723104098,3.66902489139765,2.930176725778169,1.2382489574713444,1.5648559095826775,6.969655814805829,3.5660792581802325,3.1266754381778465,3.928415897306782,2.18781421169866,1.140533876537713,1.2564194701309233,17.42770855319008,14.258401492147792,36.57291558975757,55.75341255013598,50.97221467666149,0.3898623137429308,1.5244453894660233,2995,3.221873845060412,0.3974185579561701,0.6103505843071786,0.5328881469115192,0.2390651085141903,0.0954924874791318,16,3,87.18261164784073,0.8986608136686296,0.0299553604556209,0.002906087054928,0.6944142638764346,0.7006314736210281,3.1196778694580054,0.0,0.0,0.0,0.0,0.0,0.0,0.0,0.0,0.0,0.0,0.0,0.0,38.0,4.0,0.03877551020408163,21.0,17.0,0.0,0.0,17.0,0.4473684210526316,0.0,0.0,6.0,79.0,8.0,381.0,0.38877551020408163,11.0,2.0,0.0,0.0
subject_24_task_5_6,24,5_6,,5_6,192,955.0,985.0,0.5502721245793744,18.0,0.9120370370370372,eye,高,7.333333333333333,6,94.0,1.6733200530681511,92.0,96.0,6.99624957381506,28.98966434208213,6.38544263367969,3.7234584272644335,5.886658056791628,4.608818428317594,1.714922499717816,1.5809651623038163,6.759617368534058,2.9858991227899576,2.5006662404433113,3.663114573540234,3.004542613362672,1.19404144163622,1.4648554510380591,7.840176461088619,3.568991230578142,3.2660807936505036,3.824259757158068,2.145590983559575,1.0927443183636234,1.1709017623179148,21.244492765635822,13.178115271286302,38.79229702787985,51.97184570741982,48.68771525715135,0.339709588782929,1.339746539630481,2995,3.2350035285815104,0.4102530440729182,0.5706176961602671,0.5212020033388982,0.2437395659432387,0.0981636060100167,10,1,79.99999999999991,0.999999999999999,0.0333333333333333,0.0026666666666666,1.0,-1.000088900581841e-12,3.1595,0.0,0.0,0.0,0.0,0.0,0.0,0.0,0.0,0.0,0.0,0.0,0.0,38.0,4.0,0.03857868020304569,21.0,17.0,0.0,0.0,17.0,0.4473684210526316,0.0,0.0,6.0,84.0,8.0,381.0,0.3868020304568528,11.0,2.0,0.0,0.0
subject_24_task_5_6,24,5_6,,5_6,193,960.0,990.0,0.5530653840950057,18.0,0.9166666666666666,eye,高,7.333333333333333,6,94.33333333333331,1.3662601021279464,92.0,96.0,3.192419825073018,24.28527399608241,5.504068617764275,2.991899087908331,5.003640160385162,3.9136249022598335,1.8396571729336728,1.672396031205471,6.843655884105765,3.0212142309310703,2.184907993962542,3.4286253329513685,2.660943167998351,1.3827649673484903,1.5692309893256533,7.697398529989583,3.3316958263291556,3.086469101477846,3.5270299714434374,1.881228688166864,1.0794521885004102,1.1427394396252484,17.75265999618438,12.305717706709697,28.92148574063326,41.53419905636532,42.969046112843785,0.425487051981592,1.4361018458333148,2995,3.187709039548023,0.4082801701869957,0.6046744574290485,0.5442404006677797,0.2330550918196995,0.0958263772954924,10,1,79.99999999999991,0.999999999999999,0.0333333333333333,0.0026666666666666,1.0,-1.000088900581841e-12,3.1595,0.0,0.0,0.0,0.0,0.0,0.0,0.0,0.0,0.0,0.0,0.0,0.0,38.0,4.0,0.03838383838383838,21.0,17.0,0.0,0.0,17.0,0.4473684210526316,0.0,0.0,6.0,89.0,8.0,381.0,0.38484848484848483,11.0,2.0,0.0,0.0
subject_24_task_5_6,24,5_6,,5_6,194,965.0,995.0,0.5558586436106371,18.0,0.9212962962962964,eye,高,7.333333333333333,6,94.16666666666669,1.7224014243685084,91.0,96.0,-9.430959013131758,36.03891440909365,6.997967304969986,3.476868168981306,5.457920568609342,4.302758526578744,2.0127214967199443,1.5697807058955786,7.379556079653962,3.1161009087283413,2.347317880608464,3.651844168530326,2.8026689611211837,1.3275155165267158,1.5557518641589807,8.686452260181987,3.501730524768792,3.2208331803095085,3.5318890532413993,1.804716934193526,1.0872126337298509,1.096576213519385,19.47898617215412,12.31222258178382,32.25509961878554,40.644973671165154,41.315528103588726,0.3817139840613952,1.2601100028069143,2995,3.193308677098151,0.4153130993568962,0.6,0.5175292153589316,0.2420701168614357,0.1025041736227045,10,1,79.99999999999991,0.999999999999999,0.0333333333333333,0.0026666666666666,1.0,-1.000088900581841e-12,3.1595,0.0,0.0,0.0,0.0,0.0,0.0,0.0,0.0,0.0,0.0,0.0,0.0,38.0,4.0,0.03819095477386935,21.0,17.0,0.0,0.0,17.0,0.4473684210526316,0.0,0.0,6.0,94.0,8.0,381.0,0.3829145728643216,11.0,2.0,0.0,0.0
subject_24_task_5_6,24,5_6,,5_6,195,970.0,1000.0,0.5586519031262684,18.0,0.925925925925926,eye,高,7.333333333333333,6,93.83333333333331,1.7224014243685084,91.0,96.0,-9.5970695970695,44.8411995644625,8.562040815569304,3.31465693908944,5.425569798118823,4.094759903630049,2.5830850591498495,1.6368420315645895,7.364322449318343,3.1024523298300912,2.0982560181406114,3.609944893708319,2.600311787784181,1.4785861701373113,1.7204501559858765,8.826726278200113,3.441904393749134,2.958852708753508,3.399496559076855,1.6661954728938686,1.1632564147470266,1.1489238883097292,19.245069946489178,12.576237401065766,30.23301845472831,36.62079213161937,39.625223226095834,0.4159769035267763,1.2112846815628506,2995,3.2451684763572675,0.4204205231014236,0.6,0.4921535893155259,0.2607679465776293,0.0954924874791318,10,1,76.54084909026038,0.9567606136282548,0.0318920204542751,0.002551361636342,1.0,-1.000088900581841e-12,3.1595,0.0,0.0,0.0,0.0,0.0,0.0,0.0,0.0,0.0,0.0,0.0,0.0,38.0,4.0,0.038,21.0,17.0,0.0,0.0,17.0,0.4473684210526316,0.0,0.0,6.0,99.0,8.0,381.0,0.381,11.0,2.0,0.0,0.0
subject_24_task_5_6,24,5_6,,5_6,196,975.0,1005.0,0.5614451626418998,18.0,0.9305555555555556,eye,高,7.333333333333333,6,93.83333333333331,1.7224014243685084,91.0,96.0,-5.15151515151501,33.919361357917566,8.001801757723301,3.353998164018982,5.370555886790431,4.201303287713027,2.3857501901953975,1.6012399602375085,7.51028939204192,3.4146230088639613,2.139442795086061,3.5130190760872444,2.5895831726661336,1.596033797541479,1.6420252432811275,8.526449478040423,3.771027661434571,3.0190986314175414,3.385686930009652,1.732116002870373,1.249057457809512,1.1214230945545454,18.92697274864696,13.219910880341994,29.98512459714408,36.758068231367986,40.024310013891814,0.4408823060752303,1.225876788081414,2995,3.2076606018194536,0.4164861757742364,0.5859766277128547,0.5368948247078464,0.2430717863105175,0.0934891485809682,16,5,82.02397933396944,0.9489638906048146,0.0316321296868271,0.0027341326444656,0.5851947246373259,1.2299978256515711,3.2265371059926697,0.0,0.0,0.0,0.0,0.0,0.0,0.0,0.0,0.0,0.0,0.0,0.0,38.0,4.0,0.03781094527363184,21.0,17.0,0.0,0.0,17.0,0.4473684210526316,0.0,0.0,6.0,104.0,8.0,381.0,0.37910447761194027,11.0,2.0,0.0,0.0
subject_24_task_5_6,24,5_6,,5_6,197,980.0,1010.0,0.5642384221575311,18.0,0.9351851851851852,eye,高,7.333333333333333,6,94.16666666666669,2.3166067138525404,91.0,98.0,9.031982942430716,45.38975699964542,9.468747219208293,3.2654559561861065,5.315261899034719,4.044011049065094,2.899670779901539,1.627724265876391,6.916853497980526,3.4645795629834084,2.056340652663255,3.6981830447525894,2.545812671468088,1.6848276371409,1.798429185340918,9.117343514960693,3.8887662367237694,2.9008856905593756,3.449435228452562,1.7924237400341438,1.3405444583284842,1.1890972607705237,19.03547036465031,12.156852383891524,27.385482227904635,35.2282271377305,39.87593694962565,0.4439159508940182,1.2863833050138676,2994,3.1889596349596356,0.4203453913378471,0.605878423513694,0.5434201736806947,0.2364729458917835,0.0955243820975283,16,5,108.23687876956964,1.1537801849341038,0.0384593394978034,0.0036078959589856,0.3154680764472332,1.561452580911109,3.292056110418261,0.0,0.0,0.0,0.0,0.0,0.0,0.0,0.0,0.0,0.0,0.0,0.0,38.0,4.0,0.03762376237623762,21.0,17.0,0.0,0.0,17.0,0.4473684210526316,0.0,0.0,6.0,109.0,8.0,381.0,0.37722772277227723,11.0,2.0,0.0,0.0
subject_24_task_5_6,24,5_6,,5_6,198,985.0,1015.0,0.5670316816731624,18.0,0.9398148148148148,eye,高,7.333333333333333,6,94.33333333333331,2.338090388900024,91.0,98.0,8.902077151335355,27.624890710782076,6.993185816340555,2.829123539345017,5.259754935802152,3.89749420313743,2.471855936683337,1.8591464326863087,5.342805634533306,3.3805484244499606,1.9933787922390287,3.695032600232127,2.6070090261509833,1.6958886276967045,1.8536530109672456,7.8487737463859935,3.790836604393919,2.7183291515241015,3.354735081712029,1.8115354745100176,1.39454657368056,1.234116582177368,17.899154098121375,12.01542898998175,25.26254299538016,33.92082092270561,37.55486120029476,0.4756223073892066,1.3427318433029016,2994,3.136030398322851,0.4028838962885231,0.6736806947227789,0.5898463593854375,0.2181028724114896,0.0824983299933199,11,4,143.53147638569072,1.4721177065199047,0.0490705902173301,0.0047843825461896,0.3846153846153846,1.329390028297938,3.321111025641025,4.0,1.0,0.13333333333333333,4.0,0.0,0.0,0.0,0.0,0.0,0.0,0.0,1.0,42.0,5.0,0.041379310344827586,25.0,17.0,0.0,0.0,17.0,0.40476190476190477,0.0,0.0,7.0,4.0,9.0,491.0,0.483743842364532,12.609756097560975,2.0,4.0,0.06666666666666667
subject_24_task_5_6,24,5_6,,5_6,199,990.0,1020.0,0.5698249411887938,18.0,0.9444444444444444,eye,高,7.333333333333333,6,94.5,2.345207879911715,91.0,98.0,8.689655172413831,17.54195794816,5.7219550874020495,2.523657251751134,5.2004745361292555,3.741939529626913,2.2673265489723917,2.060689712329482,5.324657838922529,3.271956325845944,2.0676534938657567,3.7423632479992848,2.8067254246541307,1.5824490590677167,1.809956677510037,7.272307667793916,3.7324243311929513,2.794067756472539,3.4164885443127866,1.826387831317462,1.3358388759709503,1.2227651016688452,16.96732471747539,12.330783663408326,24.676784716559567,33.315828056839315,35.043576491617365,0.4996916658730522,1.3500878837947816,2994,3.2525208333333335,0.4280300054527784,0.5778223112892451,0.5487641950567802,0.2461589846359385,0.0824983299933199,11,4,198.28522491155132,2.0336946144774495,0.0677898204825816,0.0066095074970517,0.3846153846153846,1.329390028297938,3.3211110256410254,4.0,1.0,0.13333333333333333,4.0,0.0,0.0,0.0,0.0,0.0,0.0,0.0,1.0,42.0,5.0,0.041176470588235294,25.0,17.0,0.0,0.0,17.0,0.40476190476190477,0.0,0.0,7.0,9.0,9.0,491.0,0.48137254901960785,12.609756097560975,2.0,4.0,0.06666666666666667
subject_24_task_5_6,24,5_6,,5_6,200,995.0,1025.0,0.5726182007044252,18.0,0.949074074074074,eye,高,7.333333333333333,6,95.16666666666669,1.6020819787597218,93.0,98.0,2.52697528715634,15.8689037091363,5.390183307294626,2.304170875706417,5.00616712901481,3.214988373588115,2.339315787785093,2.172654459700177,4.86965316694224,3.2073353023868045,1.9096782743825609,3.8219106411714616,2.866023173979739,1.6795160448813315,2.0013374464382836,7.029944148273101,3.558757513703708,2.555710025191982,3.4000445224974607,1.925589995556839,1.392473120434067,1.3303717906111248,17.512928786240984,11.247129789171549,16.79007003481178,32.096840328860225,33.56051200543651,0.6698679496781282,1.9116561314105345,2994,3.276180204778157,0.4388993748768444,0.5711422845691383,0.5430861723446894,0.2578490313961256,0.0718102872411489,6,4,253.03897343741193,2.5952715224349943,0.0865090507478331,0.0084346324479137,0.3846153846153846,1.329390028297938,3.321111025641026,5.0,1.0,0.16666666666666666,5.0,0.0,0.0,0.0,0.0,0.0,0.0,0.0,1.0,43.0,5.0,0.041951219512195125,26.0,17.0,0.0,0.0,17.0,0.3953488372093023,0.0,0.0,7.0,1.0,10.0,504.0,0.4917073170731707,12.619047619047619,2.0,5.0,0.08333333333333333
subject_24_task_5_6,24,5_6,,5_6,201,1000.0,1030.0,0.5754114602200565,18.0,0.9537037037037036,eye,高,7.333333333333333,6,95.0,1.8973665961010275,92.0,98.0,-7.442572741194595,20.98958506214042,5.879675724584727,2.438862604355316,5.024992274895129,3.706054713084431,2.4108269625705088,2.0603835025070736,5.350792411259273,3.1663934419712874,2.0508291821638203,4.028025466951861,3.1371302176900127,1.5439576682005474,1.964096035878478,7.634489470490026,3.4746041245169765,2.7999908047971935,3.624474209971878,2.183129951068671,1.2409341196992416,1.2944593259956805,19.107539770507135,11.935312539899789,21.77463963229135,35.09455726752605,34.555141864910915,0.5481290501910286,1.6117170185210103,2995,3.336794924554184,0.447346048286589,0.5245409015025042,0.5161936560934891,0.2701168614357262,0.0764607679465776,6,4,307.7927219632726,3.156848430392539,0.1052282810130846,0.0102597573987757,0.3846153846153846,1.329390028297938,3.321111025641025,5.0,1.0,0.16666666666666666,5.0,0.0,0.0,0.0,0.0,0.0,0.0,0.0,1.0,43.0,5.0,0.04174757281553398,26.0,17.0,0.0,0.0,17.0,0.3953488372093023,0.0,0.0,7.0,6.0,10.0,504.0,0.4893203883495146,12.619047619047619,2.0,5.0,0.08333333333333333
subject_24_task_5_6,24,5_6,,5_6,202,1005.0,1035.0,0.5782047197356878,18.0,0.9583333333333334,eye,高,7.333333333333333,6,94.66666666666669,2.065591117977289,92.0,98.0,-12.59124087591241,23.14645209378623,5.3478302265155815,2.310425547169862,4.8051808511482665,3.3072332232485877,2.3146516160481196,2.0797817341633604,5.196162683125757,2.715272423760762,1.8437192617792924,3.78088898316579,2.9934234192207008,1.4727146806181175,2.0506858400540984,7.306216309852832,3.178021907871867,2.570478372368733,3.4750593323307086,1.949970041840247,1.2363542685415685,1.351911523429155,19.16572370600976,10.214217055364408,18.660502132423975,31.56051464279066,30.02179101864616,0.5473709647725109,1.691300395821181,2995,3.357783373577095,0.4569529221600433,0.5529215358931553,0.5091819699499165,0.271118530884808,0.07779632721202,6,4,328.5224911551637,3.369461447745269,0.1123153815915089,0.0109507497051721,0.3846153846153846,1.329390028297938,3.3211110256410254,5.0,1.0,0.16666666666666666,5.0,0.0,0.0,0.0,0.0,0.0,0.0,0.0,1.0,43.0,5.0,0.04154589371980676,26.0,17.0,0.0,0.0,17.0,0.3953488372093023,0.0,0.0,7.0,11.0,10.0,504.0,0.48695652173913045,12.619047619047619,2.0,5.0,0.08333333333333333
subject_24_task_5_6,24,5_6,,5_6,203,1010.0,1040.0,0.5809979792513191,18.0,0.9629629629629628,eye,高,7.333333333333333,6,94.16666666666669,1.3291601358251257,92.0,95.0,-2.4077046548958467,22.515639479620496,5.971798335978267,2.4788664555374416,4.81199364748448,3.5301174677576403,2.4090843307182213,1.941207295268028,5.3381776817547495,2.9566576384826693,1.8976008267129665,3.8911538842502114,3.0608973409250795,1.558103051422151,2.050565023725505,7.321666567714736,3.267612110202107,2.8237457129560983,3.602659208349264,2.101236058791005,1.1571906405061303,1.2758440647892986,17.109103489443566,11.138983028792577,20.792246884824408,33.270465880873566,30.990436378046905,0.5357277205534993,1.600138073829655,2995,3.327842926490985,0.4397196470092094,0.5913188647746244,0.5368948247078464,0.2564273789649415,0.076126878130217,6,4,301.2222721401703,3.089459201437644,0.1029819733812548,0.0100407424046723,0.3846153846153846,1.329390028297938,3.3211110256410254,5.0,1.0,0.16666666666666666,5.0,0.0,0.0,0.0,0.0,0.0,0.0,0.0,1.0,43.0,5.0,0.041346153846153845,26.0,17.0,0.0,0.0,17.0,0.3953488372093023,0.0,0.0,7.0,16.0,10.0,504.0,0.4846153846153846,12.619047619047619,2.0,5.0,0.08333333333333333
subject_24_task_5_6,24,5_6,,5_6,204,1015.0,1045.0,0.5837912387669505,18.0,0.9675925925925926,eye,高,7.333333333333333,6,94.5,1.760681686165901,92.0,97.0,4.991441287230374,26.872171870546904,5.827597742802435,2.4858907645527015,4.483588712033345,3.1934377144295976,2.3442694368958015,1.803614533657958,5.3947127766119864,2.9913807021560057,1.9673431188349124,3.6652204612654864,2.8781206260917567,1.5205180395413396,1.863030615338762,8.323601846508607,3.3083654237519573,2.9421688308341,3.5530185693322864,1.9658930587111645,1.1244648468436262,1.2076188599703883,20.095385096624913,10.623385154044676,18.396192308797342,30.772377392166252,28.707915527440885,0.5774773918276778,1.672757974890838,2995,3.32835400069276,0.4237569912098209,0.5776293823038398,0.528881469115192,0.2590984974958263,0.0724540901502504,12,5,294.0199840399986,2.771639779889388,0.0923879926629796,0.0098006661346666,0.3843995370844997,1.4172261338112009,3.3224462436847944,1.0,0.0,0.03333333333333333,1.0,0.0,0.0,0.0,0.0,0.0,0.0,0.0,1.0,43.0,5.0,0.04114832535885168,26.0,17.0,0.0,0.0,17.0,0.3953488372093023,0.0,0.0,7.0,21.0,10.0,504.0,0.48229665071770333,12.619047619047619,2.0,5.0,0.08333333333333333
subject_24_task_5_6,24,5_6,,5_6,205,1020.0,1050.0,0.5865844982825819,18.0,0.9722222222222222,eye,高,7.333333333333333,6,94.5,1.760681686165901,92.0,97.0,5.312416910396127,30.60602723718567,6.573497467017783,2.971634118839308,4.1969548248736155,2.917926057385285,2.2120817045893015,1.4123390219092335,5.3223136646914755,2.905408623484871,2.403318939764907,3.552468852877865,2.6671073569597215,1.2089151279143493,1.4781512324890878,8.664967473868337,3.318605686083377,3.71211628843278,3.519105889820907,1.860564426793468,0.8939929216184282,0.9480052930417866,18.040654125915463,9.337252544469534,16.378720897868316,27.93337330291131,25.89979352386368,0.5700843553469901,1.7054673241636853,2995,3.3203682022861103,0.4133855226036905,0.5639398998330551,0.5111853088480801,0.269449081803005,0.0681135225375626,12,5,433.98966068075856,3.2082507769657815,0.106941692565526,0.0144663220226919,0.3838703283192831,1.4993665344887992,3.3257198928636416,1.0,0.0,0.03333333333333333,1.0,0.0,0.0,0.0,0.0,0.0,0.0,0.0,1.0,43.0,5.0,0.040952380952380955,26.0,17.0,0.0,0.0,17.0,0.3953488372093023,0.0,0.0,7.0,26.0,10.0,504.0,0.48,12.619047619047619,2.0,5.0,0.08333333333333333
subject_24_task_5_6,24,5_6,,5_6,206,1025.0,1055.0,0.5893777577982132,18.0,0.976851851851852,eye,高,7.333333333333333,6,94.5,1.760681686165901,92.0,97.0,8.029104713698151,32.677998175678326,6.351051503905254,3.293632301313255,4.168885868256255,2.498365220561698,1.9282818854347912,1.2657411292068073,5.792237126875407,3.3909911230893894,2.566276047431633,3.3448275314454095,2.4642450350886524,1.3213664704867365,1.3033779178950613,9.088870631868964,3.8345084349585385,4.029511030912327,3.6056512639708247,1.8375768934573296,0.9516063873611886,0.8948111163637797,20.45414923635074,10.10432149873813,13.70595069373355,23.46681791755279,23.84976831789089,0.7372214977657764,1.712162727119832,2995,3.381626639061422,0.4517320236627447,0.5879799666110184,0.5208681135225376,0.2701168614357262,0.0627712854757929,12,5,573.9593373215185,3.644861774042175,0.1214953924680724,0.0191319779107172,0.3835992325419604,1.5110519875633288,3.327396872776207,0.0,0.0,0.0,0.0,0.0,0.0,0.0,0.0,0.0,0.0,0.0,0.0,43.0,5.0,0.04075829383886256,26.0,17.0,0.0,0.0,17.0,0.3953488372093023,0.0,0.0,7.0,31.0,10.0,504.0,0.4777251184834123,12.619047619047619,2.0,5.0,0.08333333333333333
subject_24_task_5_6,24,5_6,,5_6,207,1030.0,1060.0,0.5921710173138446,18.0,0.9814814814814816,eye,高,7.333333333333333,6,95.5,1.760681686165901,93.0,98.0,8.02910471369817,29.434035352687165,5.921374660029681,3.419481218353896,4.085112764404638,2.4091728418749603,1.7316587756783093,1.1946586349057855,5.997237682712264,3.3740051156797786,2.7323762399361637,3.3830190064802195,2.296630485827686,1.23482449684843,1.2381234169124735,9.135998280617038,3.842909102497909,4.347838961747843,3.694858123483118,1.7157319845687191,0.8838664762673384,0.8498148519276747,18.742279837734134,8.904747940837314,12.335709636543616,20.63032574764216,21.220115597950404,0.7218675052513934,1.6724068866315047,2994,3.3887502597852444,0.4537876520719899,0.603874415497662,0.5193720774883099,0.2702070808283233,0.0621242484969939,12,5,713.9290139622785,4.081472771118569,0.1360490923706189,0.0237976337987426,0.3834344363757991,1.5106039883001552,3.3284162905740393,0.0,0.0,0.0,0.0,0.0,0.0,0.0,0.0,0.0,0.0,0.0,0.0,43.0,5.0,0.040566037735849055,26.0,17.0,0.0,0.0,17.0,0.3953488372093023,0.0,0.0,7.0,36.0,10.0,504.0,0.47547169811320755,12.619047619047619,2.0,5.0,0.08333333333333333
subject_24_task_5_6,24,5_6,,5_6,208,1035.0,1065.0,0.5949642768294758,18.0,0.9861111111111112,eye,高,7.333333333333333,6,96.33333333333331,1.505545305418162,95.0,98.0,6.764275256222563,27.55709265844236,5.647980212336883,3.3975420406710253,4.273461346824413,2.589195943243755,1.6623724282809431,1.2578097035056528,6.400694298325543,3.661448226979406,2.9256950797390675,3.5685414454299544,2.4594277323330496,1.2514797773478012,1.219724321287856,9.925251602666602,3.951027823156916,4.382457965190291,3.6735452389147834,1.754065183384859,0.9015552127458588,0.8382385565574442,19.53403667541396,9.298498272772791,11.693344352641825,21.318290317667262,21.939524403245255,0.7951957962028223,1.8231131894145336,2994,3.3259824862637366,0.4449602910759801,0.6195724782899131,0.5190380761523046,0.2752171008684034,0.0571142284569138,12,5,853.8986906030385,4.518083768194962,0.1506027922731654,0.0284632896867679,0.3833236664456377,1.50728791619203,3.3291015057759568,0.0,0.0,0.0,0.0,0.0,0.0,0.0,0.0,0.0,0.0,0.0,0.0,43.0,5.0,0.04037558685446009,26.0,17.0,0.0,0.0,17.0,0.3953488372093023,0.0,0.0,7.0,41.0,10.0,504.0,0.4732394366197183,12.619047619047619,2.0,5.0,0.08333333333333333
subject_24_task_5_6,24,5_6,,5_6,209,1040.0,1070.0,0.5977575363451072,18.0,0.9907407407407408,eye,高,7.333333333333333,6,96.83333333333331,1.4719601443879744,95.0,98.0,6.412884333821312,23.193405375081948,5.438954026791072,3.7477258018424098,4.30250854406066,2.576525826472185,1.4512678659994929,1.1480318389209572,6.6169273325185545,3.5498312280989635,3.1321346537988166,3.730717875421209,2.4063323485976085,1.133358434572263,1.1911103090336168,9.705025263528055,3.940349667109216,4.778555063790614,3.837654580340421,1.6769626291607644,0.8245901981892227,0.8030993739969968,17.925150097877133,8.819131362315783,12.282140545066106,20.177114895054988,20.648057909563157,0.7180451428605856,1.6428011730545125,2994,3.351855177158583,0.4408803587358575,0.5764863059452238,0.4949899799599198,0.2832331329325317,0.06312625250501,6,5,1021.168586258792,5.234697011578981,0.174489900385966,0.034038952875293,0.3832807570977918,1.505361827353408,3.3293669400630916,0.0,0.0,0.0,0.0,0.0,0.0,0.0,0.0,0.0,0.0,0.0,0.0,43.0,5.0,0.04018691588785047,26.0,17.0,0.0,0.0,17.0,0.3953488372093023,0.0,0.0,7.0,46.0,10.0,504.0,0.47102803738317756,12.619047619047619,2.0,5.0,0.08333333333333333
subject_24_task_5_6,24,5_6,,5_6,210,1045.0,1075.0,0.6005507958607386,18.0,0.9953703703703703,eye,高,7.333333333333333,6,97.33333333333331,1.96638416050035,95.0,100.0,11.12137203166225,19.726931845906016,5.731659286635626,3.5126206749909916,4.282880327491806,2.499222533724963,1.63173306114254,1.2192834705964342,6.8272087081845845,3.913156232931597,2.8718205448465017,3.5962963320382664,2.3299453305586324,1.362604721229458,1.2522705635252316,8.640935493945022,4.275294979179488,4.3111470322551915,3.869528761978489,1.7096330811069649,0.9916838714134626,0.8975636258813263,17.718243211902735,10.335593603286004,11.475456756984764,19.034668686669868,20.072923057935625,0.9006694741797568,1.6587286318763774,2994,3.44872931810315,0.4320861606805372,0.5060120240480962,0.4488977955911823,0.3102872411489646,0.0721442885771543,6,5,1168.3405509997235,5.989127430203631,0.1996375810067877,0.0389446850333241,0.3832807570977917,1.505361827353408,3.329366940063091,0.0,0.0,0.0,0.0,0.0,0.0,0.0,0.0,0.0,0.0,0.0,0.0,43.0,5.0,0.04,26.0,17.0,0.0,0.0,17.0,0.3953488372093023,0.0,0.0,7.0,51.0,10.0,504.0,0.4688372093023256,12.619047619047619,2.0,1.0,0.016666666666666666
subject_24_task_5_6,24,5_6,,5_6,211,1050.0,1080.0,0.6033440553763699,18.0,1.0,eye,高,7.333333333333333,6,98.16666666666669,1.8348478592697175,95.0,100.0,10.779220779220834,17.920575345881943,5.068608749660254,3.147937813244829,4.160214737465744,2.4236412527719726,1.6101362385032754,1.3215682723978217,6.53592821960051,3.6441849002396136,2.7398927594445346,3.604905483905794,2.157017352616658,1.33004654568247,1.315710431176374,8.834908797880553,3.872310923649117,3.9712781531336745,3.811857383064184,1.6094614791844255,0.9750792501385318,0.959856559041654,17.715175454497334,10.254044891297056,10.951754931772816,18.803260815234164,18.894488646400188,0.9362923983578568,1.7169176020075885,2995,3.453586027111575,0.4412021351338786,0.5181969949916527,0.4667779632721202,0.2951585976627713,0.0848080133555926,6,5,1168.3405509997235,5.989127430203631,0.1996375810067877,0.0389446850333241,0.3832807570977917,1.505361827353408,3.329366940063091,0.0,0.0,0.0,0.0,0.0,0.0,0.0,0.0,0.0,0.0,0.0,0.0,43.0,5.0,0.03981481481481482,26.0,17.0,0.0,0.0,17.0,0.3953488372093023,0.0,0.0,7.0,56.0,10.0,504.0,0.4666666666666667,12.619047619047619,2.0,1.0,0.016666666666666666
subject_24_task_5_6,24,5_6,,5_6,212,1055.0,1085.0,0.6061373148920013,18.0,1.0046296296296295,eye,高,7.333333333333333,6,98.33333333333331,1.505545305418162,96.0,100.0,-1.6776315789472758,14.686827834788978,4.822610489007243,2.849038313402825,3.9890008895259346,2.38382368097642,1.6927152107151655,1.4001218835002485,6.399748203250961,3.5329194769999432,2.443693858687576,3.3735329713466453,2.095432882859346,1.4457291630209983,1.3805055651113574,8.01296912400105,3.730591395332903,3.68699393885041,3.572729418964763,1.5184320366246369,1.0118246618262916,0.9690087584138328,18.547013794406393,10.787946166372992,10.988737287459038,18.775550381082574,18.72950932937197,0.9817275528722303,1.708617640946816,2995,3.4216546536039187,0.394360652406266,0.4988313856427379,0.4464106844741235,0.3045075125208681,0.0904841402337228,6,5,1168.3405509997235,5.989127430203631,0.1996375810067877,0.0389446850333241,0.3832807570977917,1.505361827353408,3.329366940063091,0.0,0.0,0.0,0.0,0.0,0.0,0.0,0.0,0.0,0.0,0.0,0.0,43.0,5.0,0.03963133640552995,26.0,17.0,0.0,0.0,17.0,0.3953488372093023,0.0,0.0,7.0,61.0,10.0,504.0,0.4645161290322581,12.619047619047619,2.0,0.0,0.0
subject_24_task_5_6,24,5_6,,5_6,213,1060.0,1090.0,0.6089305744076325,18.0,1.0092592592592593,eye,高,7.333333333333333,6,98.16666666666669,1.602081978759722,96.0,100.0,-4.786184210526285,12.476057054197929,4.407650289134029,2.683472080741051,3.900878110304496,2.310265353166798,1.6425176623849354,1.453668230163682,6.225255291796902,3.1761321119142143,2.166803168754992,3.2868971413025796,2.157234298910286,1.4658147808317843,1.5169338815353377,8.244043031878972,3.5714921467982093,3.358802248734487,3.4425339011768035,1.551635406784357,1.0633231379262826,1.0249290211931543,19.172536414446824,10.410585586772712,10.33169208302722,17.980660670977752,17.927643643290903,1.0076360680430163,1.7403403553340662,2995,3.434800904977376,0.4055159383116864,0.52220367278798,0.466110183639399,0.2998330550918197,0.0884808013355592,6,5,1168.3405509997235,5.989127430203631,0.1996375810067877,0.0389446850333241,0.3832807570977917,1.505361827353408,3.329366940063091,4.0,1.0,0.13333333333333333,0.0,0.0,0.0,4.0,4.0,1.0,0.0,1.0,0.0,47.0,6.0,0.043119266055045874,26.0,17.0,0.0,4.0,21.0,0.44680851063829785,0.0,0.0851063829787234,7.0,3.0,11.0,566.0,0.5192660550458715,12.891304347826088,2.0,4.0,0.06666666666666667
subject_24_task_5_6,24,5_6,,5_6,214,1065.0,1095.0,0.6117238339232639,18.0,1.0138888888888888,eye,高,7.333333333333333,6,97.66666666666669,2.065591117977289,95.0,100.0,-11.155650319829494,14.807052443382238,5.319506583114109,2.579951329768851,3.723317167569444,2.183696927013812,2.061863152895487,1.443173413625222,5.513055237765393,3.3961190697449943,2.218576129273363,2.958553278595088,2.035110938428182,1.5307651718299635,1.3335369652444993,8.757371263054393,3.6055845786472096,3.528293092217847,3.2469357516316473,1.4531552751223915,1.02190619781555,0.9202568116558192,19.379575484009347,10.928644747643688,9.3708959390551,16.86716901246421,16.83593633088172,1.1662326439989965,1.7999526536376185,2995,3.554249912982945,0.3780005897856513,0.481135225375626,0.4430717863105175,0.3175292153589315,0.086143572621035,6,5,1168.3405509997235,5.989127430203631,0.1996375810067877,0.0389446850333241,0.3832807570977917,1.505361827353408,3.329366940063091,4.0,1.0,0.13333333333333333,0.0,0.0,0.0,4.0,4.0,1.0,0.0,1.0,0.0,47.0,6.0,0.042922374429223746,26.0,17.0,0.0,4.0,21.0,0.44680851063829785,0.0,0.0851063829787234,7.0,8.0,11.0,566.0,0.5168949771689497,12.891304347826088,2.0,4.0,0.06666666666666667
subject_24_task_5_6,24,5_6,,5_6,215,1070.0,1100.0,0.6145170934388953,18.0,1.0185185185185186,eye,高,7.333333333333333,6,97.16666666666669,2.3166067138525404,95.0,100.0,-15.341365461847564,13.041194977641672,5.324017011985756,2.52619080415595,4.051318277424375,2.8688699481332893,2.107527667042005,1.6037261598606762,5.53348957131,3.083506423850329,2.10089882877015,3.2281755892835697,2.5949940306728534,1.4677081930953284,1.536568798590515,7.723010624222217,3.473043517372844,3.22335095152878,3.144845281276643,1.72322827995558,1.0774636611398578,0.9756447028472331,17.740045320628134,10.944235376539105,13.212644205091356,18.37773147359514,18.911531642575927,0.8283153021196056,1.3909200299598978,2995,3.6359434616718698,0.3655573946835982,0.5262103505843072,0.4193656093489148,0.3409015025041736,0.0814691151919866,6,5,1168.3405509997235,5.989127430203631,0.1996375810067877,0.0389446850333241,0.3832807570977917,1.505361827353408,3.329366940063091,4.0,1.0,0.13333333333333333,0.0,0.0,0.0,4.0,4.0,1.0,0.0,1.0,0.0,47.0,6.0,0.042727272727272725,26.0,17.0,0.0,4.0,21.0,0.44680851063829785,0.0,0.0851063829787234,7.0,13.0,11.0,566.0,0.5145454545454545,12.891304347826088,2.0,4.0,0.06666666666666667
subject_24_task_5_6,24,5_6,,5_6,216,1075.0,1105.0,0.6173103529545266,18.0,1.023148148148148,eye,高,7.333333333333333,6,96.16666666666669,2.1369760566432805,94.0,100.0,-12.292263610315162,16.079685137379748,5.917112442692585,2.6997206247622936,4.700772702021791,3.2254477509458024,2.1917499123501263,1.7412070933953347,5.433481231106893,3.115335938880397,2.2639300389236188,3.7572957453414104,2.7648036591596807,1.376074297932624,1.6596342116330631,8.52824892633782,3.477162312374772,3.3578487274467377,3.5020745377685376,1.856890419990127,1.0355327456989878,1.0429518486472935,19.10211422984224,11.064301842712196,17.241962635716924,25.880548656712403,24.19970355496868,0.6417077960598505,1.5010210382372915,2995,3.64948092127879,0.3477437782030483,0.5545909849749583,0.4207011686143572,0.3335559265442404,0.0741235392320534,6,5,1168.3405509997235,5.989127430203631,0.1996375810067877,0.0389446850333241,0.3832807570977917,1.505361827353408,3.329366940063091,4.0,1.0,0.13333333333333333,0.0,0.0,0.0,4.0,4.0,1.0,0.0,1.0,0.0,47.0,6.0,0.04253393665158371,26.0,17.0,0.0,4.0,21.0,0.44680851063829785,0.0,0.0851063829787234,7.0,18.0,11.0,566.0,0.5122171945701357,12.891304347826088,2.0,4.0,0.06666666666666667
subject_24_task_5_6,24,5_6,,5_6,217,1080.0,1110.0,0.620103612470158,18.0,1.0277777777777777,eye,高,7.333333333333333,6,95.16666666666669,1.1690451944500122,94.0,97.0,-6.475770925110277,14.68484737476663,6.832302545657543,3.0282914803828027,4.984252876267725,3.5542346068829676,2.2561575033041006,1.6458960138268035,5.202217500682034,3.216287728042241,2.3727409659879863,4.06195275817917,3.1986668625274124,1.3555157407176175,1.7119242329462678,8.01404043245897,3.84834023875582,3.4444062736517815,3.7764297285952297,2.055548619162762,1.117272450754128,1.0963949745078807,19.31915919453881,11.401443882204504,25.088133893972884,34.7697230087114,28.93507130367965,0.4544556374893854,1.38590311880727,2994,3.650246490927764,0.3341097917153061,0.6122244488977956,0.4298597194388777,0.3296593186372745,0.0611222444889779,6,5,1125.3845634079646,5.768927178353131,0.192297572611771,0.0375128187802654,0.3832807570977918,1.505361827353408,3.3293669400630916,4.0,1.0,0.13333333333333333,0.0,0.0,0.0,4.0,4.0,1.0,0.0,1.0,0.0,47.0,6.0,0.04234234234234234,26.0,17.0,0.0,4.0,21.0,0.44680851063829785,0.0,0.0851063829787234,7.0,23.0,11.0,566.0,0.5099099099099099,12.891304347826088,2.0,4.0,0.06666666666666667
subject_24_task_5_6,24,5_6,,5_6,218,1085.0,1115.0,0.6228968719857892,18.0,1.0324074074074074,eye,高,7.333333333333333,6,94.66666666666669,1.3662601021279464,93.0,97.0,-7.994011976047962,17.461794138082567,7.442520677334634,3.5697378702371796,5.377920134021364,3.8299022492913153,2.0848927702470603,1.5065308236943589,5.290058849503429,3.455819598062624,2.9214444687697285,4.6111296932889045,3.544594407748923,1.182914696823907,1.5783732131765391,7.312546146683415,4.101614813669203,3.9831613441129488,3.8875145446515065,2.252875300072948,1.0297385567198594,0.975987214376137,16.52972974039449,12.087688290802255,33.51854737001231,40.68653780760402,33.944850202012525,0.3606268540627934,1.2138514643389535,2994,3.6433074829931975,0.3340953506298441,0.6386105544422178,0.4535738142952571,0.323313293253173,0.0507682030728122,6,5,930.661138241344,4.770739273319192,0.159024642443973,0.0310220379413781,0.3832807570977917,1.505361827353408,3.329366940063091,4.0,1.0,0.13333333333333333,0.0,0.0,0.0,4.0,4.0,1.0,0.0,1.0,0.0,47.0,6.0,0.042152466367713005,26.0,17.0,0.0,4.0,21.0,0.44680851063829785,0.0,0.0851063829787234,7.0,28.0,11.0,566.0,0.5076233183856502,12.891304347826088,2.0,4.0,0.06666666666666667
subject_24_task_5_6,24,5_6,,5_6,219,1090.0,1120.0,0.6256901315014206,18.0,1.037037037037037,eye,高,7.333333333333333,6,94.16666666666669,0.7527726527090811,93.0,95.0,-3.259162303664919,18.547923039557645,7.845581212069364,3.636423262016742,5.856057575961626,4.1777252664820415,2.157499456682676,1.6103894277460669,5.533614904457557,3.468177803227078,3.2485753152187873,4.761209044266127,3.7682616635481927,1.0675996295913186,1.465629878415014,7.516142365271981,4.028216199246125,4.352052872877973,4.216492806668837,2.359429884167743,0.9255899036406472,0.9688514661542952,16.692692662637004,12.97773163369277,37.32177703362788,48.15300166771683,38.961067738464855,0.347725447853126,1.290211921697344,2994,3.5791986440677968,0.3419561740278621,0.6085504342017368,0.4565798263193052,0.3246492985971944,0.042752171008684,6,5,735.9377130747234,3.772551368285254,0.1257517122761751,0.0245312571024907,0.3832807570977918,1.505361827353408,3.3293669400630916,3.0,1.0,0.1,3.0,0.0,0.0,0.0,0.0,0.0,0.0,0.0,1.0,50.0,6.0,0.044642857142857144,29.0,17.0,0.0,4.0,21.0,0.42,0.0,0.08,8.0,4.0,12.0,594.0,0.5303571428571429,12.693877551020408,2.0,7.0,0.11666666666666667
subject_24_task_5_6,24,5_6,,5_6,220,1095.0,1125.0,0.628483391017052,18.0,1.0416666666666667,eye,高,7.333333333333333,6,94.0,0.6324555320336759,93.0,95.0,-1.9852941176469567,19.63908258083869,7.407671887162345,3.7830473709826262,6.189093180771452,4.372365399835044,1.958122952406552,1.6360073173400067,5.770275100773612,3.4362575727692524,3.224209482375836,5.037179283856561,3.934557187564183,1.0657674668946029,1.5622990104677676,7.471574001239805,3.914410829587975,4.2125361235160925,4.302800784444871,2.4885110996230377,0.9292290237551054,1.0214276289347133,17.16272931509214,13.30069411679604,40.501038611833685,50.47415373944158,43.1601288743544,0.3284037785863055,1.2462434413890298,2994,3.534908692722372,0.333139326212429,0.6225784903139613,0.4742818971275885,0.3142952571810287,0.0374081496325985,12,6,641.7937684952949,3.6289045047737623,0.1209634834924587,0.0213931256165098,0.3305376402256055,1.5601101553522907,3.360120237647354,3.0,1.0,0.1,3.0,0.0,0.0,0.0,0.0,0.0,0.0,0.0,1.0,50.0,6.0,0.044444444444444446,29.0,17.0,0.0,4.0,21.0,0.42,0.0,0.08,8.0,9.0,12.0,594.0,0.528,12.693877551020408,2.0,7.0,0.11666666666666667
subject_24_task_5_6,24,5_6,,5_6,221,1100.0,1130.0,0.6312766505326833,18.0,1.0462962962962965,eye,高,7.333333333333333,6,93.66666666666669,0.5163977794943222,93.0,94.0,-1.1067961165048397,18.19604135263913,7.091720846458316,3.7378538799281977,5.69734683380043,4.185198268945949,1.8972707532897315,1.524229415278768,5.425385859872086,3.3736454685257047,3.025445476937906,4.497365923704062,3.698953431710706,1.1150904864232478,1.4865136251788964,7.421174648612828,3.6805848590915886,4.014756349174668,4.074257899371383,2.2842425847633256,0.9167641916422208,1.0148207126464714,17.357285282980943,12.490186658695578,34.00819483946838,44.808060614499034,40.404319185312445,0.3672699100218053,1.3175665696462318,2994,3.5092571810287243,0.3088346990814044,0.569806279225117,0.4979959919839679,0.3022712090848363,0.0253841015364061,12,6,552.8766557494544,3.529665728208643,0.1176555242736214,0.0184292218583151,0.2969769749002485,1.5942904653152148,3.4026206026329464,3.0,1.0,0.1,3.0,0.0,0.0,0.0,0.0,0.0,0.0,0.0,1.0,50.0,6.0,0.04424778761061947,29.0,17.0,0.0,4.0,21.0,0.42,0.0,0.08,8.0,14.0,12.0,594.0,0.5256637168141592,12.693877551020408,2.0,7.0,0.11666666666666667
subject_24_task_5_6,24,5_6,,5_6,222,1105.0,1135.0,0.6340699100483147,18.0,1.0509259259259258,eye,高,7.333333333333333,6,93.33333333333331,0.816496580927726,92.0,94.0,-3.46402412753118,22.277262877635287,6.5073184933160055,3.537307340084796,5.620386587068255,4.127249937259259,1.8396248523771224,1.5888883963737015,5.151375172442923,2.9994530835387234,2.930335195475927,4.318167873219715,3.3611033725274075,1.0235870245047414,1.47360884853256,7.150584893965476,3.3816140453191577,4.483797238965037,3.9428564341846544,2.1570102976817447,0.7541853177329918,0.8793565417991015,18.077223901897028,11.562987610088303,31.34691019139833,43.29956432920434,39.47401563973394,0.3688716859009989,1.381302465372994,2995,3.5070404006677793,0.320938132054117,0.5662771285475793,0.4941569282136895,0.3168614357262103,0.0297161936560934,12,6,463.9595430036138,3.4304269516435264,0.1143475650547842,0.0154653181001204,0.3767691290793583,1.567874293723094,3.461411223103742,3.0,1.0,0.1,3.0,0.0,0.0,0.0,0.0,0.0,0.0,0.0,1.0,50.0,6.0,0.04405286343612335,29.0,17.0,0.0,4.0,21.0,0.42,0.0,0.08,8.0,19.0,12.0,594.0,0.5233480176211454,12.693877551020408,2.0,7.0,0.11666666666666667
subject_24_task_5_6,24,5_6,,5_6,223,1110.0,1140.0,0.636863169563946,18.0,1.0555555555555556,eye,高,7.333333333333333,6,93.16666666666669,0.752772652709081,92.0,94.0,-2.245508982035725,21.3729464899442,6.131837422212728,3.2505322466323583,5.331133982318423,3.8168841801945246,1.8864102728300824,1.6400803246427185,5.43037865112436,2.9356152165172844,2.7876539890748036,3.9791717388216,3.2268964964617015,1.0530773288300346,1.4274267015980164,7.445125898886701,3.1987451314896616,4.360508910279874,3.880500196401118,2.029279786516052,0.7335715159183918,0.8899191072062396,17.498947162117688,10.178866661718464,22.832346912746715,34.67449002340387,36.20826900328503,0.4458090401576661,1.5186564112708882,2995,3.523009682804674,0.339285742705869,0.545575959933222,0.512186978297162,0.3171953255425709,0.025041736227045,6,6,417.9984178495325,3.5513884269289075,0.1183796142309635,0.0139332805949844,0.4638912489379779,1.411503446911332,3.525602540356839,3.0,1.0,0.1,3.0,0.0,0.0,0.0,0.0,0.0,0.0,0.0,1.0,50.0,6.0,0.043859649122807015,29.0,17.0,0.0,4.0,21.0,0.42,0.0,0.08,8.0,24.0,12.0,594.0,0.5210526315789473,12.693877551020408,2.0,7.0,0.11666666666666667
subject_24_task_5_6,24,5_6,,5_6,224,1115.0,1145.0,0.6396564290795773,18.0,1.0601851851851851,eye,高,7.333333333333333,6,93.16666666666669,0.7527726527090811,92.0,94.0,-3.284580025073194,20.45096767589598,5.610017388603454,2.7283218784299663,5.213076778373292,3.908109096293264,2.0562153728840022,1.9107264504191117,4.783056165581022,2.7682986106137464,2.2210045860983234,3.79078504745865,2.8802231844084205,1.2464173320222016,1.7067884826469388,6.5447532168749305,2.9803968390586313,3.8089502757835856,3.5631313990037587,1.8528623568814488,0.7824719734482481,0.935462828605906,16.9532047546794,10.262955293365165,14.732183141473284,28.47586816216311,30.79370956749163,0.6966350604530173,1.932902129216634,2995,3.4580503038487507,0.3925561438493469,0.5502504173622704,0.5202003338898163,0.3035058430717863,0.0407345575959933,6,6,523.8047302703126,4.450337555397727,0.1483445851799242,0.017460157675677,0.4638912489379779,1.411503446911332,3.525602540356839,3.0,1.0,0.1,3.0,0.0,0.0,0.0,0.0,0.0,0.0,0.0,1.0,50.0,6.0,0.043668122270742356,29.0,17.0,0.0,4.0,21.0,0.42,0.0,0.08,8.0,29.0,12.0,594.0,0.5187772925764192,12.693877551020408,2.0,7.0,0.11666666666666667
subject_24_task_5_6,24,5_6,,5_6,225,1120.0,1150.0,0.6424496885952087,18.0,1.0648148148148149,eye,高,7.333333333333333,6,93.5,1.378404875209022,92.0,96.0,3.513853904282347,17.969078166721904,5.47929995929413,2.6521693791793384,4.820317219669716,3.5398056766131223,2.065969090175376,1.8174997635940089,4.820321930792576,2.6910459964138447,2.0029725744082114,3.685950923954927,2.6355176110948517,1.3435261325077943,1.840240336313122,6.850801197753544,3.10014809348815,3.5691998155584055,3.4857199605479146,1.6369115421157534,0.8685835071419582,0.9766110446810524,16.64469577824273,9.97915607963853,11.327263316752694,24.006061576263587,26.820300884113436,0.8809856185544525,2.119316988134223,2995,3.47249593495935,0.3825413300289947,0.5385642737896494,0.4988313856427379,0.3165275459098498,0.0454090150250417,6,6,629.6110426910927,5.3492866838665485,0.1783095561288849,0.0209870347563697,0.4638912489379778,1.411503446911332,3.5256025403568385,0.0,0.0,0.0,0.0,0.0,0.0,0.0,0.0,0.0,0.0,0.0,0.0,50.0,6.0,0.043478260869565216,29.0,17.0,0.0,4.0,21.0,0.42,0.0,0.08,8.0,34.0,12.0,594.0,0.5165217391304348,12.693877551020408,2.0,3.0,0.05
subject_24_task_5_6,24,5_6,,5_6,226,1125.0,1155.0,0.64524294811084,18.0,1.0694444444444444,eye,高,7.333333333333333,6,94.16666666666669,2.3166067138525404,92.0,98.0,11.36094674556202,18.398848498719943,5.746974621097678,2.4430167185835376,4.608341747372454,3.071291530120897,2.352409043041579,1.886332464414887,4.191533283348466,2.6476820761241986,2.1014950578286697,3.5031782949956884,2.347893217601659,1.2599040222630198,1.6669933540625508,6.306825786371215,3.24367466730288,3.7759348353473703,3.319873889624646,1.5106751055217655,0.8590388364063161,0.8792190634612026,15.508808036448483,9.76457554273379,11.920507510167388,23.59805586334015,24.42306260773483,0.8191409245290324,1.979618388161125,2995,3.465287940379404,0.3817845846527962,0.550584307178631,0.4818030050083472,0.3228714524207011,0.0497495826377295,6,6,634.8378745246807,5.393694770812921,0.179789825693764,0.021161262484156,0.4638912489379779,1.411503446911332,3.525602540356839,0.0,0.0,0.0,0.0,0.0,0.0,0.0,0.0,0.0,0.0,0.0,0.0,50.0,6.0,0.04329004329004329,29.0,17.0,0.0,4.0,21.0,0.42,0.0,0.08,8.0,39.0,12.0,594.0,0.5142857142857142,12.693877551020408,2.0,3.0,0.05
subject_24_task_5_6,24,5_6,,5_6,227,1130.0,1160.0,0.6480362076264714,18.0,1.0740740740740742,eye,高,7.333333333333333,6,95.0,2.6832815729997477,92.0,98.0,16.151419558359695,18.97832119941361,5.730482703172176,2.455813845922836,4.394223061244644,2.8088214958611863,2.3334352938379164,1.789314393083976,4.5317990253797165,2.5240266834863587,2.176299182858353,3.297620744137235,2.1742657663762284,1.1597792727061085,1.515242375731694,6.620865576578474,3.1826689990673724,3.570444614615899,2.9997903182359487,1.3395243034464204,0.8913929055330712,0.8401727633460742,14.447143324702584,9.58521274628315,11.02459584090203,22.916799972835538,22.055016638462053,0.8694389240756865,2.07869751449868,2995,3.4510435082872934,0.3806277772865852,0.5829716193656094,0.4557595993322204,0.333889816360601,0.0687813021702838,6,6,634.8378745246807,5.393694770812921,0.179789825693764,0.021161262484156,0.4638912489379779,1.411503446911332,3.525602540356839,0.0,0.0,0.0,0.0,0.0,0.0,0.0,0.0,0.0,0.0,0.0,0.0,50.0,6.0,0.04310344827586207,29.0,17.0,0.0,4.0,21.0,0.42,0.0,0.08,8.0,44.0,12.0,594.0,0.5120689655172413,12.693877551020408,2.0,3.0,0.05
subject_24_task_5_6,24,5_6,,5_6,228,1135.0,1165.0,0.6508294671421028,18.0,1.0787037037037035,eye,高,7.333333333333333,6,95.83333333333331,2.3166067138525404,93.0,98.0,11.66719193192563,20.098912932432498,6.912668736507931,2.7793092339438266,4.679658998066447,2.9999995333832112,2.487189497333799,1.683748947729013,4.273474628058486,2.954655935757863,2.264997903247949,3.41642882234211,2.257646451170649,1.3044850644324932,1.5083584922719089,6.74458291397767,3.754167807551595,3.6447347924267337,3.1035853603369747,1.37291079692775,1.0300249596629771,0.8515257040884857,13.985241155364164,11.338006151936654,12.232405010729536,24.49672277850705,23.690316507036147,0.9268828281921364,2.002608870211539,2994,3.3874358260869566,0.358508410035357,0.6158984635938544,0.4756179024716099,0.3129592518370073,0.0711422845691382,6,6,634.8378745246807,5.393694770812921,0.179789825693764,0.021161262484156,0.4638912489379779,1.411503446911332,3.525602540356839,3.0,1.0,0.1,3.0,0.0,0.0,0.0,0.0,0.0,0.0,0.0,1.0,53.0,7.0,0.045493562231759654,32.0,17.0,0.0,4.0,21.0,0.39622641509433965,0.0,0.07547169811320754,9.0,1.0,13.0,641.0,0.5502145922746781,12.884615384615385,2.0,6.0,0.1
subject_24_task_5_6,24,5_6,,5_6,229,1140.0,1170.0,0.653622726657734,18.0,1.0833333333333333,eye,高,7.333333333333333,6,96.5,1.8708286933869709,93.0,98.0,7.668567594766754,18.59765541552709,6.038356529829004,2.6623346385817017,4.375829738001575,2.8963474494864943,2.2680681993627223,1.6436062073446556,4.064107826475491,2.6412099424717463,2.109591622709334,3.2351744944483016,2.091022892743806,1.252000583449255,1.5335548641842771,6.313099516920393,3.3650555048141753,3.425021020383199,2.79738302393922,1.272543086101981,0.982491927724778,0.816749154907739,12.590641098059436,9.901001648492684,12.864838796535215,25.185752246738048,24.364163544832053,0.769617233848219,1.9577200029526312,2994,3.3737865917865917,0.3587783560847501,0.612558450233801,0.4428857715430861,0.3149632598530394,0.0898463593854375,6,6,634.8378745246807,5.393694770812921,0.179789825693764,0.021161262484156,0.4638912489379779,1.411503446911332,3.525602540356839,4.0,1.0,0.13333333333333333,4.0,0.0,0.0,0.0,0.0,0.0,0.0,0.0,1.0,54.0,7.0,0.046153846153846156,33.0,17.0,0.0,4.0,21.0,0.3888888888888889,0.0,0.07407407407407407,9.0,5.0,13.0,641.0,0.5478632478632479,12.660377358490566,2.0,7.0,0.11666666666666667
subject_24_task_5_6,24,5_6,,5_6,230,1145.0,1175.0,0.6564159861733654,18.0,1.087962962962963,eye,高,7.333333333333333,6,96.83333333333331,1.1690451944500122,95.0,98.0,-3.179255918827544,19.79951165732345,6.574316550340836,2.7085066572257417,4.393073944721299,2.7188014452729043,2.427284619294512,1.6219542724775944,4.40313318765651,2.926884163788109,2.133502328702343,3.2150978524894662,2.2291424807548847,1.371868277063622,1.5069577423170568,6.922012970360974,3.6558592607744087,3.527203450770843,2.884871553305421,1.3457752249969657,1.0364753016941648,0.8178920194339666,12.716023965258731,11.456555203884122,14.108973425725353,28.604420600973828,27.883540923057932,0.8120048750673107,2.0273920531183687,2994,3.4995674255691767,0.379827397256411,0.6015364061456245,0.405811623246493,0.3416833667334669,0.0891783567134268,6,6,634.8378745246807,5.393694770812921,0.179789825693764,0.021161262484156,0.4638912489379779,1.411503446911332,3.525602540356839,4.0,1.0,0.13333333333333333,4.0,0.0,0.0,0.0,0.0,0.0,0.0,0.0,1.0,54.0,7.0,0.04595744680851064,33.0,17.0,0.0,4.0,21.0,0.3888888888888889,0.0,0.07407407407407407,9.0,10.0,13.0,641.0,0.5455319148936171,12.660377358490566,2.0,7.0,0.11666666666666667
subject_24_task_5_6,24,5_6,,5_6,231,1150.0,1180.0,0.6592092456889967,18.0,1.0925925925925926,eye,高,7.333333333333333,6,96.66666666666669,1.3662601021279464,95.0,98.0,-8.25253664036087,19.517190849326155,5.992161996921587,2.7193942465125627,4.380582863300693,2.7981089382842463,2.2034914593961967,1.6108671513586126,4.383174795172017,2.8716765217038493,2.0764889164989637,3.206112446163913,2.208737925136065,1.382948157770859,1.5440065298155,6.55972309627361,3.5084525502933555,3.4909292197748325,2.8928757499365396,1.441330730390781,1.0050196751109304,0.828683587610273,12.354418252392604,10.153623964236797,14.831663680222965,27.88197899827469,30.85430520503337,0.6845910332888667,1.8798955801198116,2994,3.5467577045696066,0.395059623858518,0.6503006012024048,0.3997995991983968,0.3360053440213761,0.0991983967935871,6,6,634.8378745246807,5.393694770812921,0.179789825693764,0.021161262484156,0.4638912489379779,1.411503446911332,3.525602540356839,4.0,1.0,0.13333333333333333,4.0,0.0,0.0,0.0,0.0,0.0,0.0,0.0,1.0,54.0,7.0,0.04576271186440678,33.0,17.0,0.0,4.0,21.0,0.3888888888888889,0.0,0.07407407407407407,9.0,15.0,13.0,641.0,0.5432203389830509,12.660377358490566,2.0,4.0,0.06666666666666667
subject_24_task_5_6,24,5_6,,5_6,232,1155.0,1185.0,0.6620025052046281,18.0,1.0972222222222223,eye,高,7.333333333333333,6,96.16666666666669,1.3291601358251257,95.0,98.0,-7.328699106256123,20.642896596628585,6.128935463510267,2.6867901181294993,4.1119441571758175,2.6310438434161436,2.28113667016802,1.530429983879235,4.9025064172630435,2.9901784837201255,2.0437750785987983,2.9594893484885456,2.060069906688536,1.4630663202773646,1.4480504139024712,7.498473892245979,3.6268674334664537,3.492842356157552,2.841975160991394,1.4583001320088311,1.038371350219293,0.8136568648685961,14.262868795526998,11.326649632061134,14.89228753974692,29.173734301641492,32.6779100783801,0.7605715107118876,1.9589827435024985,2995,3.611586231369766,0.4009820716403524,0.6227045075125208,0.4120200333889816,0.3295492487479132,0.1035058430717863,6,6,634.8378745246807,5.393694770812921,0.179789825693764,0.021161262484156,0.4638912489379779,1.411503446911332,3.525602540356839,4.0,1.0,0.13333333333333333,4.0,0.0,0.0,0.0,0.0,0.0,0.0,0.0,1.0,54.0,7.0,0.04556962025316456,33.0,17.0,0.0,4.0,21.0,0.3888888888888889,0.0,0.07407407407407407,9.0,20.0,13.0,641.0,0.5409282700421941,12.660377358490566,2.0,4.0,0.06666666666666667
subject_24_task_5_6,24,5_6,,5_6,233,1160.0,1190.0,0.6647957647202595,18.0,1.101851851851852,eye,高,7.333333333333333,6,95.66666666666669,1.0327955589886446,95.0,97.0,-6.16513761467884,19.85897374849969,5.508403408575247,2.4968111953375285,3.880300231541564,2.691640455822979,2.206175388375972,1.5541023841880883,4.797558414905378,2.8499635896619573,1.8062811622467247,2.9004253363256276,2.09255301864259,1.5778072922584536,1.605744109470733,7.34101182155095,3.2942817801677595,3.1238417347167,2.823685175729982,1.53266176967229,1.0545610373140484,0.9039142874458268,14.634052104664356,10.659193737592684,15.269257226146534,28.647690504646818,33.3554177877346,0.698082007508542,1.876167915724907,2995,3.6439302733006302,0.387570001195893,0.6584307178631051,0.4343906510851419,0.3155258764607679,0.0921535893155258,6,6,634.8378745246807,5.393694770812921,0.179789825693764,0.021161262484156,0.4638912489379779,1.411503446911332,3.525602540356839,4.0,1.0,0.13333333333333333,4.0,0.0,0.0,0.0,0.0,0.0,0.0,0.0,1.0,54.0,7.0,0.0453781512605042,33.0,17.0,0.0,4.0,21.0,0.3888888888888889,0.0,0.07407407407407407,9.0,25.0,13.0,641.0,0.5386554621848739,12.660377358490566,2.0,4.0,0.06666666666666667
subject_24_task_5_6,24,5_6,,5_6,234,1165.0,1195.0,0.6675890242358907,18.0,1.1064814814814814,eye,高,7.333333333333333,6,95.33333333333331,0.816496580927726,95.0,97.0,-3.415384615384702,16.331999084868954,5.297943199088294,2.386917281398661,4.10808866033122,2.726346069476345,2.2195755338382988,1.7210854738644334,5.162722198411553,2.8242112684531726,1.7613893795397546,2.9200591591955445,2.09676451150434,1.603399737309152,1.6578158089942308,7.541028953369407,3.1868022566029484,3.1208070136610457,2.987885422415644,1.5731780108382944,1.0211468516486326,0.9574079426688196,16.17450795716845,10.318427729961153,15.823727884502986,31.110789306033187,33.984079924697284,0.6520857667216671,1.9660847009699671,2995,3.673259767687434,0.4016062214967238,0.6654424040066778,0.4464106844741235,0.3058430717863105,0.0941569282136894,6,6,634.8378745246807,5.393694770812921,0.179789825693764,0.021161262484156,0.4638912489379779,1.411503446911332,3.525602540356839,1.0,1.0,0.03333333333333333,1.0,0.0,0.0,0.0,0.0,0.0,0.0,0.0,1.0,54.0,7.0,0.045188284518828455,33.0,17.0,0.0,4.0,21.0,0.3888888888888889,0.0,0.07407407407407407,9.0,30.0,13.0,641.0,0.5364016736401673,12.660377358490566,2.0,4.0,0.06666666666666667
subject_24_task_5_6,24,5_6,,5_6,235,1170.0,1200.0,0.6703822837515221,18.0,1.1111111111111112,eye,高,7.333333333333333,6,95.0,0.0,95.0,95.0,-2.4461512732155785e-14,15.47695861468457,5.307174195218034,2.334103371831061,4.206632969750418,2.7034286454047933,2.27375285056662,1.802247929769448,5.172826739142027,2.8634114958725516,1.8694633881101872,2.9100752845893267,1.9869018208294535,1.5316756209743865,1.5566366814656254,8.00931082131806,3.4448870791658477,3.121350427673113,3.0449331222021327,1.600810401334781,1.1036527807401373,0.9755178704725096,17.50660024837411,10.78767619674759,15.99553779684868,30.550950485363824,32.370216317306706,0.6744178491374574,1.909967071653117,2995,3.6748476190476183,0.3781905859835025,0.6637729549248748,0.4500834724540901,0.3068447412353923,0.0924874791318864,6,6,634.8378745246807,5.393694770812921,0.179789825693764,0.021161262484156,0.4638912489379779,1.411503446911332,3.525602540356839,0.0,0.0,0.0,0.0,0.0,0.0,0.0,0.0,0.0,0.0,0.0,0.0,54.0,7.0,0.045,33.0,17.0,0.0,4.0,21.0,0.3888888888888889,0.0,0.07407407407407407,9.0,35.0,13.0,641.0,0.5341666666666667,12.660377358490566,2.0,4.0,0.06666666666666667
subject_24_task_5_6,24,5_6,,5_6,236,1175.0,1205.0,0.6731755432671535,18.0,1.1157407407407407,eye,高,7.333333333333333,6,95.16666666666669,0.408248290463863,95.0,96.0,1.904379268782624,14.974257470784211,5.075462964005471,2.268655667836706,4.139865925976919,2.62404721802788,2.237211682654873,1.824810166068313,5.8284480643192245,2.764526453345331,1.9288929217705884,2.8939561825946876,1.9485744901850672,1.4332192430918818,1.5003197688849617,8.383961249196815,3.1672212977336978,3.2438445849929836,3.067339170272474,1.492243545998555,0.9763788661103652,0.9455875859351964,18.29121944842693,9.511008906477135,15.483267594288796,28.90016014054652,29.607280889776728,0.6142765955931289,1.866541410884529,2995,3.6183043478260872,0.3667894273008517,0.666110183639399,0.484474123539232,0.2854757929883139,0.081135225375626,6,6,634.8378745246807,5.393694770812921,0.179789825693764,0.021161262484156,0.4638912489379779,1.411503446911332,3.525602540356839,0.0,0.0,0.0,0.0,0.0,0.0,0.0,0.0,0.0,0.0,0.0,0.0,54.0,7.0,0.044813278008298756,33.0,17.0,0.0,4.0,21.0,0.3888888888888889,0.0,0.07407407407407407,9.0,40.0,13.0,641.0,0.5319502074688797,12.660377358490566,2.0,4.0,0.06666666666666667
subject_24_task_5_6,24,5_6,,5_6,237,1180.0,1210.0,0.6759688027827848,18.0,1.1203703703703705,eye,高,7.333333333333333,6,95.5,0.8366600265340756,95.0,97.0,4.695652173913123,14.530230126941513,4.809903415361811,2.3598251599857365,4.3064034358609184,2.866626043303104,2.038245670450807,1.8248824145458928,5.557428840508986,2.8757648723158393,1.8950426265545408,2.9301802770393355,2.056258204812925,1.5175198868979494,1.5462344941373818,7.701541821881827,3.2361864578897164,3.0350043112191383,2.966275233542749,1.4734480431924828,1.0662872688275573,0.9773545370521134,17.398830408231714,10.180793210418573,16.61035527342141,32.14161965260276,31.404345008920377,0.6129184501374922,1.9350350503359353,2995,3.61366944734098,0.3611477890517997,0.6734557595993322,0.5262103505843072,0.2657762938230384,0.0691151919866444,6,6,634.8378745246807,5.393694770812921,0.179789825693764,0.021161262484156,0.4638912489379779,1.411503446911332,3.525602540356839,0.0,0.0,0.0,0.0,0.0,0.0,0.0,0.0,0.0,0.0,0.0,0.0,54.0,7.0,0.04462809917355372,33.0,17.0,0.0,4.0,21.0,0.3888888888888889,0.0,0.07407407407407407,9.0,45.0,13.0,641.0,0.5297520661157025,12.660377358490566,2.0,4.0,0.06666666666666667
subject_24_task_5_6,24,5_6,,5_6,238,1185.0,1215.0,0.6787620622984162,18.0,1.125,eye,高,7.333333333333333,6,96.5,2.345207879911715,95.0,101.0,12.189755929872806,13.56757613831414,4.8255445249327,2.2603925653059407,4.28330555147188,2.869165001072966,2.1348258700716305,1.8949387894894891,5.492193985137427,2.8366579371534626,1.8846275561599637,2.925617024134111,2.1315488542100964,1.505155715187204,1.5523581911829958,7.667041843986774,3.1994094528295656,2.7424763303986923,3.002076965467464,1.5387445716709998,1.1666133331274533,1.0946592071520382,17.871596642449333,9.706015409440386,19.86450247403113,33.760558239885704,36.07672869827,0.4886110498930976,1.6995420994822743,2994,3.5364856943475225,0.375316942927814,0.7040748162992652,0.5083500334001336,0.2785571142284569,0.0704742818971276,6,6,634.8378745246807,5.393694770812921,0.179789825693764,0.021161262484156,0.4638912489379779,1.411503446911332,3.525602540356839,3.0,1.0,0.1,0.0,0.0,0.0,3.0,3.0,1.0,0.0,1.0,0.0,57.0,7.0,0.04691358024691358,33.0,17.0,0.0,7.0,24.0,0.42105263157894735,0.0,0.12280701754385964,9.0,4.0,14.0,686.0,0.5646090534979424,12.803571428571429,2.0,7.0,0.11666666666666667
subject_24_task_5_6,24,5_6,,5_6,239,1190.0,1220.0,0.6815553218140474,18.0,1.1296296296296295,eye,高,7.333333333333333,6,97.5,2.8106938645110393,95.0,101.0,17.450753186558583,14.059824646128416,5.236920649524772,2.499324138458635,4.332089523028035,2.8799001580487253,2.095334722271937,1.733304398724245,5.6488395447618975,3.165320931970164,1.892354906706747,3.0377991300198253,2.198223917586898,1.6726888390501502,1.6053009502887,7.609191602986898,3.4699754549525537,3.05048697295702,3.0112202291857955,1.5977663586164632,1.1375152510777315,0.9871277130112898,17.83733532412346,10.210654745259296,20.704030075448443,33.56891678012508,37.26937907563207,0.4931723296406647,1.6213711368170909,2994,3.4565274496177905,0.3844025999160304,0.7020708082832331,0.5227120908483633,0.2762191048764195,0.0688042752171008,6,6,634.8378745246807,5.393694770812921,0.179789825693764,0.021161262484156,0.4638912489379779,1.411503446911332,3.525602540356839,3.0,1.0,0.1,0.0,0.0,0.0,3.0,3.0,1.0,0.0,1.0,0.0,57.0,7.0,0.04672131147540984,33.0,17.0,0.0,7.0,24.0,0.42105263157894735,0.0,0.12280701754385964,9.0,9.0,14.0,686.0,0.5622950819672131,12.803571428571429,2.0,7.0,0.11666666666666667
subject_24_task_5_6,24,5_6,,5_6,240,1195.0,1225.0,0.6843485813296788,18.0,1.1342592592592593,eye,高,7.333333333333333,6,98.0,2.5298221281347035,95.0,101.0,10.226654578422364,14.530804885783782,4.778937451203131,2.4579500085800934,4.338010648178115,2.721727482431002,1.9442777251453636,1.764889697933317,5.489015012071,2.913283573293328,1.869594764141176,3.170859939239856,2.2261874508834887,1.5582433312127852,1.6960145589070657,7.483929700701298,3.2993026868116577,2.903760667615453,3.1526567180569747,1.6127289913170202,1.1362171557757963,1.085715070535036,16.396484150930718,10.441956826654694,21.585212784209727,35.286118097158116,38.94985025034361,0.4837551026734987,1.6347357077235318,2994,3.4433983994432844,0.3551303299942277,0.7027388109552438,0.509686038744155,0.2845691382765531,0.0671342685370741,6,6,634.8378745246807,5.393694770812921,0.179789825693764,0.021161262484156,0.4638912489379779,1.411503446911332,3.525602540356839,3.0,1.0,0.1,0.0,0.0,0.0,3.0,3.0,1.0,0.0,1.0,0.0,57.0,7.0,0.04653061224489796,33.0,17.0,0.0,7.0,24.0,0.42105263157894735,0.0,0.12280701754385964,9.0,14.0,14.0,686.0,0.56,12.803571428571429,2.0,4.0,0.06666666666666667
subject_24_task_5_6,24,5_6,,5_6,241,1200.0,1230.0,0.6871418408453102,18.0,1.1388888888888888,eye,高,7.333333333333333,6,98.33333333333331,2.1602468994692865,96.0,101.0,3.476245654692946,13.438525177374247,5.178906430253766,2.6490555606758805,4.314403137924414,2.804149869275964,1.955001060427898,1.6286570965025875,5.179527036450209,3.150413535009033,1.8084798998939289,3.2482659998652905,2.3062777608659073,1.7420229747611855,1.7961305514403607,6.569750422551975,3.3650789586304484,2.879478553104078,3.109013639873875,1.6809973566369838,1.1686417858549054,1.0797141157805663,14.456353533700998,12.202886392677314,24.70271422944047,37.46465227835932,40.769280654934384,0.4939897000522325,1.5166208834537416,2994,3.371546238785369,0.3670229231694684,0.7738810955243821,0.5521042084168337,0.2655310621242485,0.0551102204408817,6,6,634.8378745246807,5.393694770812921,0.179789825693764,0.021161262484156,0.4638912489379779,1.411503446911332,3.525602540356839,3.0,1.0,0.1,0.0,0.0,0.0,3.0,3.0,1.0,0.0,1.0,0.0,57.0,7.0,0.046341463414634146,33.0,17.0,0.0,7.0,24.0,0.42105263157894735,0.0,0.12280701754385964,9.0,19.0,14.0,686.0,0.5577235772357724,12.803571428571429,2.0,3.0,0.05
subject_24_task_5_6,24,5_6,,5_6,242,1205.0,1235.0,0.6899351003609415,18.0,1.1435185185185186,eye,高,7.333333333333333,6,97.83333333333331,2.9944392908634274,93.0,101.0,-10.437436419125095,15.262275833770154,6.012837936751086,2.7485447594570673,4.568232114753571,2.672105869230176,2.1876441764546084,1.6620548379412077,5.218610165519578,3.1360637722140883,1.9687309661438792,3.3180376712190314,2.2090237152468366,1.5929366816211783,1.6853687620498077,7.037601557259635,3.666391870378816,3.0415303395782667,3.2504375431120787,1.659781448768578,1.205443135867976,1.0686848987877526,14.830025857365449,12.351509154938782,23.32683513908682,37.96954128262541,40.30098275384112,0.5294978543506913,1.6277193651102302,2994,3.3650687022900767,0.3542948158257203,0.7732130928523714,0.5390781563126252,0.269873079492318,0.0674682698730795,6,6,560.5195206803259,4.762272902976431,0.1587424300992143,0.0186839840226775,0.4638912489379779,1.411503446911332,3.5256025403568394,3.0,1.0,0.1,0.0,0.0,0.0,3.0,3.0,1.0,0.0,1.0,0.0,57.0,7.0,0.046153846153846156,33.0,17.0,0.0,7.0,24.0,0.42105263157894735,0.0,0.12280701754385964,9.0,24.0,14.0,686.0,0.5554655870445344,12.803571428571429,2.0,3.0,0.05
subject_24_task_5_6,24,5_6,,5_6,243,1210.0,1240.0,0.6927283598765729,18.0,1.148148148148148,eye,高,7.333333333333333,6,97.5,3.2093613071762426,93.0,101.0,-19.648140743702488,13.736457109494706,6.1482868973288936,2.7921168960148504,4.5735284598820405,2.4771002801192967,2.202016293123063,1.6380146785436434,5.12342616807352,3.3302200368275066,1.9679897962555557,3.428917373171426,2.2288216396527134,1.6921937517988317,1.7423450973656165,6.78284267123788,3.732062764910581,3.19886313047232,3.315261440727779,1.6319568951283476,1.1666841039114837,1.0363873993690604,15.682755612818667,12.989951688170592,23.127482221238427,35.84705675450654,34.94991894612225,0.5616673515909856,1.5499766213888806,2995,3.2968043100451863,0.3409430729723697,0.7692821368948247,0.5439065108514191,0.2637729549248748,0.072787979966611,11,7,522.744173651167,4.263505923870089,0.1421168641290029,0.0174248057883722,0.4035195201025358,1.6144641122368948,3.5377236344082403,3.0,1.0,0.1,0.0,0.0,0.0,3.0,3.0,1.0,0.0,1.0,0.0,57.0,7.0,0.04596774193548387,33.0,17.0,0.0,7.0,24.0,0.42105263157894735,0.0,0.12280701754385964,9.0,29.0,14.0,686.0,0.5532258064516129,12.803571428571429,2.0,3.0,0.05
subject_24_task_5_6,24,5_6,,5_6,244,1215.0,1245.0,0.6955216193922041,18.0,1.1527777777777777,eye,高,7.333333333333333,6,95.66666666666669,3.8815804341359033,90.0,101.0,-22.561983471074264,14.31107341859279,6.585949989952158,2.784598297596105,4.8099558865944125,2.5656468416252736,2.3651346751298723,1.7273428238273234,5.032375987369841,3.161422075754396,1.96615863653386,3.5871419874697867,2.2874075636113727,1.607918108443002,1.8244417926488157,6.802827239952842,3.726949254139754,3.054122895604274,3.300436282506821,1.56118310146221,1.2203010099900902,1.0806494680541705,11.712018416830892,15.022780508737007,22.539775206367494,36.22467201216846,32.211958489149715,0.6665009021249275,1.607144333983197,2995,3.3258534632788024,0.3316286293570057,0.7682804674457429,0.5569282136894824,0.2564273789649415,0.0681135225375626,11,7,494.3513402832102,3.819930201594347,0.1273310067198115,0.0164783780094403,0.3274085503257512,1.6021018981954962,3.5530047641821167,3.0,1.0,0.1,0.0,0.0,0.0,3.0,3.0,1.0,0.0,1.0,0.0,60.0,7.0,0.04819277108433735,33.0,17.0,0.0,10.0,27.0,0.45,0.0,0.16666666666666666,9.0,1.0,15.0,719.0,0.5775100401606426,12.711864406779661,2.0,6.0,0.1
subject_24_task_5_6,24,5_6,,5_6,245,1220.0,1250.0,0.6983148789078355,18.0,1.1574074074074074,eye,高,7.333333333333333,6,94.0,3.22490309931942,90.0,98.0,-18.766519823788578,14.837456832064476,6.23135056030257,2.7312181290479276,4.732262930285263,2.630001002010209,2.2815279724562862,1.7326565315143383,4.69741804814901,3.291976260249849,2.0748812458237165,3.4333436648277367,2.2191408252973277,1.586585385007397,1.654718153985106,6.393248715987247,3.655509564589268,3.305988166922776,3.136349377925627,1.449267235830922,1.1057237291904247,0.948687417972506,13.116871456681157,14.46955259030552,22.262541380573825,34.40356617486429,29.56410787672893,0.649950620773762,1.5453566413080162,2995,3.3478923076923075,0.3329729066590845,0.7722871452420701,0.5532554257095159,0.2517529215358932,0.0684474123539232,11,7,413.10058341798583,3.065425517569973,0.1021808505856657,0.0137700194472661,0.4115220525553939,1.5080463857791897,3.563930658918988,3.0,1.0,0.1,0.0,0.0,0.0,3.0,3.0,1.0,0.0,1.0,0.0,60.0,7.0,0.048,33.0,17.0,0.0,10.0,27.0,0.45,0.0,0.16666666666666666,9.0,6.0,15.0,719.0,0.5752,12.711864406779661,2.0,6.0,0.1
subject_24_task_5_6,24,5_6,,5_6,246,1225.0,1255.0,0.7011081384234669,18.0,1.162037037037037,eye,高,7.333333333333333,6,93.0,2.6076809620810595,90.0,97.0,-11.691176470588198,19.166362076003388,6.198256618636168,2.7799902814532675,8.560853427155436,6.762274837743901,2.2295965061417293,3.0794544442364615,5.957672064289242,3.2156267934086986,2.1214650594280116,4.788704556953933,3.737764248007205,1.5157576030385786,2.257262987043992,6.682384125326778,3.501021198813845,3.438100632570248,3.439013341329791,1.802932581556556,1.0183009670070533,1.0002654688902637,14.673263327970313,13.07165204693854,17.582557931580492,28.430590639705045,26.855298354132657,0.7434442757307913,1.6169769353434131,2995,3.341695892302382,0.3341031901548635,0.8010016694490818,0.5806343906510851,0.2414023372287145,0.0601001669449081,11,7,307.2942709972057,2.1664763891011525,0.072215879636705,0.0102431423665735,0.5532156504198092,1.318110277450695,3.5771276406717787,3.0,1.0,0.1,0.0,0.0,0.0,3.0,3.0,1.0,0.0,1.0,0.0,60.0,7.0,0.04780876494023904,33.0,17.0,0.0,10.0,27.0,0.45,0.0,0.16666666666666666,9.0,11.0,15.0,719.0,0.5729083665338646,12.711864406779661,2.0,6.0,0.1
subject_24_task_5_6,24,5_6,,5_6,247,1230.0,1260.0,0.7039013979390982,18.0,1.1666666666666667,eye,高,7.333333333333333,6,92.0,1.7888543819998317,90.0,95.0,-6.7979108075531665,19.229109868965644,6.333540969166434,2.8054725353608356,9.076242498877663,7.410917430693257,2.2575665558429088,3.23519206995562,5.8908727602417015,3.5575832934693294,2.1976184500787066,4.612683606662447,3.809569478644923,1.6188357416374606,2.0989465239051146,6.872029200759212,3.5556431136418887,3.5812620583332007,3.344238220781377,1.7746215914531414,0.9928463920612288,0.933815556166772,15.997050173335564,14.094966477895198,17.217126919995565,25.6764919574338,23.78595696312058,0.8186596139641416,1.491334301985875,2995,3.3898704986149584,0.3497189764797426,0.7552587646076795,0.5459098497495827,0.2584307178631052,0.0641068447412353,16,7,201.48795857642563,1.267527260632333,0.0422509086877444,0.0067162652858808,0.8437228765485666,0.6540303098798746,3.604184745721392,3.0,1.0,0.1,0.0,0.0,0.0,3.0,3.0,1.0,0.0,1.0,0.0,60.0,7.0,0.047619047619047616,33.0,17.0,0.0,10.0,27.0,0.45,0.0,0.16666666666666666,9.0,16.0,15.0,719.0,0.5706349206349206,12.711864406779661,2.0,6.0,0.1
subject_24_task_5_6,24,5_6,,5_6,248,1235.0,1265.0,0.7066946574547296,18.0,1.1712962962962965,eye,高,7.333333333333333,6,91.83333333333331,1.7224014243685082,90.0,95.0,-4.679017664799674,17.8482813539972,6.468239751589562,3.200235911317064,8.29068067649052,6.861433960545032,2.0211759166615764,2.5906467230031405,5.601322030147564,3.47798361508285,2.417988450762404,4.447782822744805,3.5735364918384604,1.4383789194635004,1.8394557762847856,6.274730857129385,3.507559685017128,4.368114649501818,3.206402509240072,1.6792854307811176,0.8029916717999066,0.734047241549798,14.540193375354638,13.39234276696118,16.8914843117839,24.290425849431045,23.82062587667501,0.7928458221767027,1.4380279080912666,2995,3.362505540166205,0.3607435428050867,0.7409015025041736,0.548914858096828,0.257762938230384,0.0637729549248748,16,2,220.02428953121404,1.3334952635414266,0.0444498421180475,0.0073341429843738,0.772641967676405,0.5360642627235819,3.541588325311311,3.0,1.0,0.1,0.0,0.0,0.0,3.0,3.0,1.0,0.0,1.0,0.0,60.0,7.0,0.04743083003952569,33.0,17.0,0.0,10.0,27.0,0.45,0.0,0.16666666666666666,9.0,21.0,15.0,719.0,0.5683794466403163,12.711864406779661,2.0,6.0,0.1
subject_24_task_5_6,24,5_6,,5_6,249,1240.0,1270.0,0.7094879169703608,18.0,1.1759259259259258,eye,高,7.333333333333333,6,91.33333333333331,0.816496580927726,90.0,92.0,4.834951456310682,16.42656531149056,6.115931842931632,3.0683948014219644,8.772826542386262,7.429080316391069,1.9932023871561015,2.85909314483284,5.5897426016579415,3.4240792793347725,2.482208981168301,4.385601035129616,3.5939713800896222,1.3794484289244502,1.7668137809514517,6.197730941119475,3.369421164932792,4.417773911873946,3.1809057071848104,1.630425986492655,0.7626966051559528,0.7200245577609298,16.29037235409127,13.030211976848998,14.61978307493319,23.599846670543815,22.213237344198756,0.8912725934484184,1.6142405499167547,2994,3.404676144244106,0.3647770212617918,0.7080828323313293,0.5123580494321978,0.2802271209084836,0.065130260521042,16,2,251.96903460837768,1.5998178506375145,0.0533272616879171,0.0083989678202792,0.5953112462137888,0.6748670510498199,3.416727081709812,3.0,1.0,0.1,0.0,0.0,0.0,3.0,3.0,1.0,0.0,1.0,0.0,60.0,7.0,0.047244094488188976,33.0,17.0,0.0,10.0,27.0,0.45,0.0,0.16666666666666666,9.0,26.0,15.0,719.0,0.5661417322834645,12.711864406779661,2.0,6.0,0.1
subject_24_task_5_6,24,5_6,,5_6,250,1245.0,1275.0,0.7122811764859922,18.0,1.1805555555555556,eye,高,7.333333333333333,6,91.66666666666669,0.5163977794943223,91.0,92.0,2.161764705882342,17.16114889266015,5.934099372813167,3.2214447976577176,8.04921318489792,6.706776111322491,1.8420614803419244,2.4986345228545983,5.397338188709221,3.307557387830417,2.6673612399297446,4.0940129584450125,3.218030591474657,1.2400110409932832,1.5348550834280117,6.162029156663486,3.198578880922004,4.712181500698509,3.036811313618302,1.47157031614319,0.6787894058087245,0.6444597503657576,16.43963751471473,11.42346230621356,11.675553652372033,19.351470258222612,18.65883630102155,0.9784086173843024,1.657434913529015,2994,3.3218041450777203,0.3995940320448234,0.7294589178356713,0.5407481629926519,0.2628590514362057,0.0607882431529726,22,6,213.53194904129725,1.4955831244961744,0.0498527708165391,0.0071177316347099,0.7024709916874711,1.0077417465280418,3.3822148207888385,0.0,0.0,0.0,0.0,0.0,0.0,0.0,0.0,0.0,0.0,0.0,0.0,60.0,7.0,0.047058823529411764,33.0,17.0,0.0,10.0,27.0,0.45,0.0,0.16666666666666666,9.0,31.0,15.0,719.0,0.563921568627451,12.711864406779661,2.0,3.0,0.05
subject_24_task_5_6,24,5_6,,5_6,251,1250.0,1280.0,0.7150744360016236,18.0,1.1851851851851851,eye,高,7.333333333333333,6,91.66666666666669,0.5163977794943222,91.0,92.0,-0.3523489932887525,17.805969536974626,6.57514432748183,3.107017368271827,9.001809691539997,8.040835101396372,2.1162238726521925,2.897251165527583,5.703739759476658,3.5296031410862763,2.6204980373758744,4.455366945275001,4.090796732400464,1.3469207344344227,1.7001985430741005,6.44538475174862,3.3600340140461604,4.206860070420262,3.163230984770002,1.591175547346482,0.7987035360818396,0.7519220824604221,16.153962539655755,11.727239213955064,12.16749709941176,20.013765174331592,17.66341705194361,0.963816890042408,1.6448547314878064,2994,3.35529013406669,0.4159919861903224,0.6907147628590514,0.503006012024048,0.2849031396125585,0.0657982631930527,17,5,334.95539530499934,2.666264822567565,0.0888754940855855,0.0111651798434999,0.4478208206302023,1.2941848376205518,3.4723769517631267,0.0,0.0,0.0,0.0,0.0,0.0,0.0,0.0,0.0,0.0,0.0,0.0,60.0,7.0,0.046875,33.0,17.0,0.0,10.0,27.0,0.45,0.0,0.16666666666666666,9.0,36.0,15.0,719.0,0.56171875,12.711864406779661,2.0,3.0,0.05
subject_24_task_5_6,24,5_6,,5_6,252,1255.0,1285.0,0.7178676955172549,18.0,1.1898148148148149,eye,高,7.333333333333333,6,91.83333333333331,0.752772652709081,91.0,93.0,2.503937007873905,15.657495572564828,6.085690231917222,3.072857046982367,4.933129001732097,3.9821533130647353,1.980466432011064,1.6053883816614802,4.642035054272912,3.2849792065088477,2.6079576506121938,3.128756747032831,2.9555915660633434,1.2595983702947513,1.19969614778767,6.238423797389255,3.1763470435157255,4.444515964838818,2.776976897847311,1.2055067207721204,0.7146665843129483,0.624809747521746,14.299701900496686,10.62707663990228,13.05346468474614,21.07868592590322,18.308412502041328,0.8141192316795969,1.6147962579264563,2994,3.3464844505874223,0.4444003182516596,0.654308617234469,0.478623914495658,0.2965931863727455,0.0761523046092184,17,5,480.9343971242572,3.981390965083401,0.1327130321694467,0.0160311465708085,0.398296255481011,1.3763979111547453,3.5198813965596063,1.0,1.0,0.03333333333333333,0.0,0.0,0.0,1.0,1.0,1.0,0.0,1.0,0.0,61.0,7.0,0.047470817120622566,33.0,17.0,0.0,11.0,28.0,0.45901639344262296,0.0,0.18032786885245902,9.0,1.0,16.0,759.0,0.5906614785992218,13.166666666666666,2.0,4.0,0.06666666666666667
subject_24_task_5_6,24,5_6,,5_6,253,1260.0,1290.0,0.7206609550328863,18.0,1.1944444444444444,eye,高,7.333333333333333,6,92.16666666666669,0.752772652709081,91.0,93.0,2.5161290322580783,19.00134459547738,6.267830300606485,3.07599242134621,4.8337079512732775,3.500838337488755,2.037661164933353,1.5714303838101789,4.090456680498687,3.299574754509059,2.709480120164928,3.206425072878995,2.4881535057691124,1.2177888776346557,1.1834097061704287,6.893111791237171,3.17215095128517,4.758235578961548,2.919112643717233,1.1233626543609514,0.666665384393908,0.613486363858073,14.967319867229444,10.54020682876945,13.040343916854487,21.822708488867743,17.329554634278114,0.8082767522063863,1.6734764533826565,2995,3.343194760427439,0.4332434654223397,0.5993322203672788,0.4547579298831385,0.3001669449081803,0.0871452420701168,12,5,626.9133989435151,5.296517107599238,0.1765505702533079,0.0208971132981171,0.4403339035797572,1.3857941879892972,3.54526268544634,3.0,1.0,0.1,0.0,0.0,0.0,3.0,3.0,1.0,0.0,1.0,0.0,63.0,7.0,0.04883720930232558,33.0,17.0,0.0,13.0,30.0,0.47619047619047616,0.0,0.20634920634920634,9.0,5.0,16.0,759.0,0.5883720930232558,12.758064516129032,2.0,6.0,0.1
subject_24_task_5_6,24,5_6,,5_6,254,1265.0,1295.0,0.7234542145485177,18.0,1.1990740740740742,eye,高,7.333333333333333,6,92.66666666666669,1.3662601021279464,91.0,95.0,7.338842975206427,19.43977302330923,6.066307768193374,3.0394230648021066,5.328794578470502,4.207039439019385,1.995874756115383,1.7532256829200097,4.751004026674459,3.209603606689846,2.6303247727352725,3.3814408511059355,3.146059810671074,1.220230915953463,1.2855602038791498,7.021935285441028,3.119901488279162,4.451601317625745,3.0033271339991643,1.1977128706118811,0.7008492597767395,0.6746621989951661,16.316240350660504,9.86116051976345,11.822636488050406,21.460454414536645,17.059482210706445,0.834091493021079,1.8152003942798676,2995,3.4253491629654933,0.4465937488047111,0.6130217028380635,0.4634390651085142,0.2978297161936561,0.0734557595993322,12,5,722.868111231559,6.278147986573649,0.2092715995524549,0.0240956037077186,0.4987743589983849,1.3483275228714209,3.580547582407469,3.0,1.0,0.1,0.0,0.0,0.0,3.0,3.0,1.0,0.0,1.0,0.0,63.0,7.0,0.04864864864864865,33.0,17.0,0.0,13.0,30.0,0.47619047619047616,0.0,0.20634920634920634,9.0,10.0,16.0,759.0,0.5861003861003861,12.758064516129032,2.0,6.0,0.1
subject_24_task_5_6,24,5_6,,5_6,255,1270.0,1300.0,0.7262474740641489,18.0,1.2037037037037035,eye,高,7.333333333333333,6,93.16666666666669,1.602081978759722,91.0,95.0,9.076869076868997,26.032544671007624,6.467192859507721,3.2213641424286235,8.3749304852208,8.045282115043326,2.007594476615745,2.599808688162414,9.63390572002992,3.4659530522347057,2.6111091762477616,4.482893143758607,4.916910394164661,1.3273872589331477,1.7168539655628847,8.408428359707049,3.5216711985949,4.268028979387783,3.4448082059930014,1.6913250467926164,0.8251282302914583,0.8071192165352011,16.810795489908937,10.316793187932808,14.68770883360033,24.831794680971228,18.677911473326738,0.7024099745449475,1.6906513440792603,2995,3.4687942779291556,0.4499904786968753,0.6233722871452421,0.4891485809682804,0.2848080133555926,0.069449081803005,6,4,768.8714025820321,6.92676939263092,0.2308923130876973,0.0256290467527344,0.5788288288288288,1.09836252513265,3.628882484984985,3.0,1.0,0.1,0.0,0.0,0.0,3.0,3.0,1.0,0.0,1.0,0.0,63.0,7.0,0.04846153846153846,33.0,17.0,0.0,13.0,30.0,0.47619047619047616,0.0,0.20634920634920634,9.0,15.0,16.0,759.0,0.5838461538461538,12.758064516129032,2.0,6.0,0.1
subject_24_task_5_6,24,5_6,,5_6,256,1275.0,1305.0,0.7290407335797803,18.0,1.2083333333333333,eye,高,7.333333333333333,6,93.66666666666669,1.632993161855452,91.0,95.0,8.949950932286635,26.42210265157581,6.255813588430115,3.464998928210967,9.07718418122559,9.767208538944685,1.805430165503713,2.6196787846951173,11.1571587306816,3.524745675360187,2.859786055057217,4.859232230447655,5.999530272559833,1.2325207576724355,1.6991593555939744,8.82379974727941,3.689923478105808,4.713894343582484,3.5669241925095463,1.9841553200793127,0.7827760253322786,0.7566831015984845,18.788518641560543,10.147257278572477,14.89164816416818,25.880935321507895,20.644489722328323,0.6814059240929753,1.737949690738853,2995,3.615674624829467,0.3978031954674965,0.5619365609348915,0.4347245409015025,0.3128547579298831,0.0754590984974958,6,4,875.8740109155472,7.890756855095019,0.2630252285031673,0.0291958003638515,0.5788288288288288,1.09836252513265,3.628882484984984,3.0,1.0,0.1,0.0,0.0,0.0,3.0,3.0,1.0,0.0,1.0,0.0,63.0,7.0,0.04827586206896552,33.0,17.0,0.0,13.0,30.0,0.47619047619047616,0.0,0.20634920634920634,9.0,20.0,16.0,759.0,0.5816091954022988,12.758064516129032,2.0,3.0,0.05
subject_24_task_5_6,24,5_6,,5_6,257,1280.0,1310.0,0.7318339930954116,18.0,1.212962962962963,eye,高,7.333333333333333,6,94.5,1.224744871391589,93.0,96.0,6.434364674076322,24.70848862157375,6.628421218371347,3.4426614123023636,7.80569190841956,7.268501987049573,1.92537703379271,2.2673423185114547,9.687406502803812,3.598734232372404,2.9698671126883505,4.092202925361216,4.09153141801675,1.2117492452767684,1.3779077548210288,8.40320338969713,3.815788650131976,5.011260881010352,3.5066802481335477,1.7395118106289655,0.7614428266130601,0.6997600666574245,16.971882270768614,11.774858265775444,14.477080882847412,26.438217611213293,21.962631401499923,0.8133447869125614,1.8262119155898031,2995,3.6642783259612113,0.3889734514405621,0.5792988313856428,0.4621035058430718,0.3061769616026711,0.064440734557596,6,4,875.8740109155472,7.890756855095019,0.2630252285031673,0.0291958003638515,0.5788288288288288,1.09836252513265,3.628882484984984,3.0,1.0,0.1,0.0,0.0,0.0,3.0,3.0,1.0,0.0,1.0,0.0,63.0,7.0,0.048091603053435114,33.0,17.0,0.0,13.0,30.0,0.47619047619047616,0.0,0.20634920634920634,9.0,25.0,16.0,759.0,0.5793893129770993,12.758064516129032,2.0,3.0,0.05
subject_24_task_5_6,24,5_6,,5_6,258,1285.0,1315.0,0.734627252611043,18.0,1.2175925925925926,eye,高,7.333333333333333,6,95.0,1.095445115010332,93.0,96.0,6.200073286918265,22.879014656058473,7.097014221544682,3.5765729011464376,8.472568188360205,8.469434197871918,1.98430576356204,2.368906890069094,10.687977255389391,3.846516168729576,3.1596054867663335,4.349799096458984,4.543602492580715,1.217403940093247,1.376690575667642,8.611139622738193,4.170504508594208,5.024732714767183,3.5599284766537083,1.9251058682242528,0.8299952943442176,0.7084811628271166,18.672998267604047,12.27514024988148,16.810007452116555,26.13752575364168,23.861701880585695,0.730228126599427,1.554878891523079,2995,3.7436574136763703,0.3086178846857892,0.5996661101836394,0.4684474123539232,0.3075125208681135,0.0527545909849749,6,4,875.8740109155472,7.890756855095019,0.2630252285031673,0.0291958003638515,0.5788288288288288,1.09836252513265,3.628882484984984,2.0,1.0,0.06666666666666667,0.0,0.0,0.0,2.0,2.0,1.0,0.0,1.0,0.0,63.0,7.0,0.04790874524714829,33.0,17.0,0.0,13.0,30.0,0.47619047619047616,0.0,0.20634920634920634,9.0,30.0,16.0,759.0,0.5771863117870722,12.758064516129032,2.0,3.0,0.05
subject_24_task_5_6,24,5_6,,5_6,259,1290.0,1320.0,0.7374205121266744,18.0,1.2222222222222223,eye,高,7.333333333333333,6,95.33333333333331,0.5163977794943223,95.0,96.0,1.1756756756756896,20.189023493608588,6.878906441616957,3.743115147598709,7.863345993429426,7.1625334872135635,1.8377490860867391,2.1007491576832567,10.335181323878992,3.956949280804462,3.26131187548368,3.9215839475763743,3.767172549975274,1.2132998719166082,1.202455973945997,8.21780347916311,4.249985309360875,5.0962795515961865,3.6633678413944466,1.8816350212686963,0.8339388109174178,0.7188318074598277,16.989759002107306,13.163768302220824,16.20167199232865,26.05297905986899,25.56435983515254,0.8124944331951515,1.608042618823838,2994,3.7811322733423545,0.2788501913184741,0.6917167668670675,0.5080160320641283,0.2942551770207081,0.0347361389445557,6,4,855.086601056485,7.703482892400766,0.2567827630800255,0.0285028867018828,0.5788288288288288,1.0983625251326503,3.628882484984985,0.0,0.0,0.0,0.0,0.0,0.0,0.0,0.0,0.0,0.0,0.0,0.0,63.0,7.0,0.04772727272727273,33.0,17.0,0.0,13.0,30.0,0.47619047619047616,0.0,0.20634920634920634,9.0,35.0,16.0,759.0,0.575,12.758064516129032,2.0,3.0,0.05
subject_24_task_5_6,24,5_6,,5_6,260,1295.0,1325.0,0.7402137716423056,18.0,1.226851851851852,eye,高,7.333333333333333,6,95.33333333333331,0.5163977794943223,95.0,96.0,-0.0472440944880635,23.256420797369053,6.429085118881957,3.8326626071013914,8.36511757479635,8.045688341401892,1.6774461459168766,2.182586476382489,11.332875660577088,4.031702680868722,3.2654901886319885,4.082757145685421,4.177161369671707,1.2346393490643814,1.2502738975907963,9.108680223295076,4.059668798175924,4.929249854781967,3.683578841825552,2.0257751356142357,0.823587547350142,0.7472899427591473,20.534294426389717,12.796695372275916,17.876915383575735,26.94332268610424,25.753153277063216,0.7158223383455051,1.5071572532506468,2994,3.643705782312925,0.414463188684244,0.7314629258517034,0.5233800935203741,0.2808951235804943,0.0404141616566466,6,4,709.1075992372271,6.388356749884929,0.2129452249961643,0.0236369199745742,0.5788288288288289,1.09836252513265,3.6288824849849854,0.0,0.0,0.0,0.0,0.0,0.0,0.0,0.0,0.0,0.0,0.0,0.0,63.0,7.0,0.047547169811320754,33.0,17.0,0.0,13.0,30.0,0.47619047619047616,0.0,0.20634920634920634,9.0,40.0,16.0,759.0,0.5728301886792453,12.758064516129032,2.0,3.0,0.05
subject_24_task_5_6,24,5_6,,5_6,261,1300.0,1330.0,0.743007031157937,18.0,1.2314814814814814,eye,高,7.333333333333333,6,95.33333333333331,0.5163977794943223,95.0,96.0,-1.2499999999999856,16.28699844862145,6.084421972134542,3.695312549082814,4.399162329076283,2.4357694610919944,1.646524317312405,1.1904709738742307,5.621931887541258,3.835936574974691,2.9770618497821943,2.4089152648833556,1.1713948500830105,1.2884974409434364,0.809158622303932,7.450825100822284,4.025433648078316,4.868146415708134,3.1947759993968745,1.3754579736037749,0.8268924769989205,0.6562612802869352,18.24728896119019,12.826460557665117,14.508933430020798,23.216625711795817,24.773692996820056,0.8840388316294543,1.600160743983959,2994,3.6127866080486974,0.4416506566892191,0.7561790247160989,0.5016700066800267,0.2945891783567134,0.0377421509686038,12,4,818.0085223439738,6.301426665984534,0.2100475555328178,0.0272669507447991,0.4586032836427285,1.178563287074324,3.5603469726012467,1.0,0.0,0.03333333333333333,1.0,0.0,0.0,0.0,0.0,0.0,0.0,0.0,1.0,64.0,7.0,0.0481203007518797,34.0,17.0,0.0,13.0,30.0,0.46875,0.0,0.203125,9.0,4.0,17.0,800.0,0.6015037593984962,13.206349206349206,2.0,4.0,0.06666666666666667
subject_24_task_5_6,24,5_6,,5_6,262,1305.0,1335.0,0.7458002906735683,18.0,1.2361111111111112,eye,高,7.333333333333333,6,95.33333333333331,0.5163977794943223,95.0,96.0,-3.179534033805379,16.418838336027285,5.919044908911227,3.716506024412724,4.32702165120929,2.370255965446832,1.5926369740908852,1.1642713943650982,5.355808642746575,3.8648278942578735,3.014056695226149,2.3566096175604523,1.1203668622366247,1.282267815459221,0.7818730222603302,7.591382906104174,3.858819942447473,4.860722708588022,3.1946759901637543,1.3508273284930854,0.7938778189567639,0.6572430030866268,17.76857279721766,11.983942758363051,15.7053385455821,22.87942669221467,23.391087662196412,0.7630489927728509,1.4567929641128707,2994,3.6003926401080357,0.4434501473879073,0.8002672010688042,0.5384101536406145,0.27187708750835,0.0337341349365397,12,4,986.6184182364028,6.502217653332266,0.2167405884444088,0.0328872806078801,0.4642612677828947,1.1364874944248338,3.501924916710374,1.0,0.0,0.03333333333333333,1.0,0.0,0.0,0.0,0.0,0.0,0.0,0.0,1.0,64.0,7.0,0.04794007490636704,34.0,17.0,0.0,13.0,30.0,0.46875,0.0,0.203125,9.0,9.0,17.0,800.0,0.599250936329588,13.206349206349206,2.0,4.0,0.06666666666666667
subject_24_task_5_6,24,5_6,,5_6,263,1310.0,1340.0,0.7485935501891997,18.0,1.2407407407407407,eye,高,7.333333333333333,6,95.16666666666669,0.408248290463863,95.0,96.0,-2.027534418022537,14.822537839126344,5.18021979120638,3.8550895863545858,4.43114077833566,2.136650539862264,1.343735255736262,1.1494261492703195,5.400156312260152,3.7800208420611785,3.1773432225451423,2.4731816522129013,1.1176233317715498,1.1896797347040382,0.778380388578799,7.307390211876511,3.895978440875532,5.099853626206302,3.225959382552242,1.2790568626700658,0.7639392669733713,0.6325592103222736,18.009480238721956,10.975271071834683,11.963524404364216,19.56482478798044,20.21494298934801,0.9173944651152276,1.635372999351539,2994,3.5861640677966107,0.4465018383938753,0.802939211756847,0.5647962591850367,0.2494989979959919,0.0400801603206412,12,4,1155.2283141288322,6.703008640679996,0.2234336213559998,0.038507610470961,0.5666121409778734,1.0543465562600354,3.4605566962234757,4.0,1.0,0.13333333333333333,1.0,3.0,0.0,0.0,3.0,0.75,0.0,0.0,1.0,67.0,7.0,0.05,34.0,20.0,0.0,13.0,33.0,0.4925373134328358,0.0,0.19402985074626866,9.0,2.0,18.0,811.0,0.6052238805970149,12.787878787878787,2.0,7.0,0.11666666666666667
subject_24_task_5_6,24,5_6,,5_6,264,1315.0,1345.0,0.7513868097048311,18.0,1.2453703703703705,eye,高,7.333333333333333,6,94.5,1.224744871391589,92.0,95.0,-6.09720176730501,17.135457498332883,5.290406180682237,3.572143073585571,4.228370116408299,2.058139864144451,1.4810174373480354,1.1837068194931044,5.598556611412835,4.044399972339423,2.8349925254082744,2.433706696302006,1.114462662777296,1.4265998714606765,0.8584525971374554,7.67310928682052,4.024576394658624,4.615622659603046,3.136746164984607,1.283565800708974,0.8719465804435466,0.6795932848753226,17.656923752913432,11.433362970185174,11.46768963153867,20.52076352050506,19.450666134772003,0.9970066628539466,1.7894418300324806,2995,3.528636736087402,0.4611317093594572,0.7813021702838063,0.552253756260434,0.2437395659432387,0.0497495826377295,12,4,1323.8382100212611,6.903799628027727,0.2301266542675909,0.044127940334042,0.6428912934092892,0.9646750882552456,3.429726155185244,4.0,1.0,0.13333333333333333,1.0,3.0,0.0,0.0,3.0,0.75,0.0,0.0,1.0,67.0,7.0,0.04981412639405204,34.0,20.0,0.0,13.0,33.0,0.4925373134328358,0.0,0.19402985074626866,9.0,7.0,18.0,811.0,0.6029739776951673,12.787878787878787,2.0,6.0,0.1
subject_24_task_5_6,24,5_6,,5_6,265,1320.0,1350.0,0.7541800692204623,18.0,1.25,eye,高,7.333333333333333,6,94.83333333333331,1.602081978759722,92.0,97.0,1.328200192492837,15.170835368246944,5.120737119171899,3.297706160669833,3.9984501695980534,1.8285191120516968,1.55281788906619,1.212494374812911,5.436410349134927,3.79912326280554,2.7593255787858726,2.3714659071035857,1.0501376831978246,1.3768303718900716,0.8594367860522829,7.428365439480976,3.998447366767347,4.341755118384903,2.9653930288606167,1.2460173010129587,0.9209288082223156,0.6829940768201866,17.456256636125687,10.74899955680919,10.777943871829104,19.367596729378004,18.810753526122124,0.997314486384034,1.7969658183134671,2995,3.5160977187606397,0.4554538395012784,0.7202003338898164,0.5385642737896494,0.2570951585976628,0.0517529215358931,6,4,1513.2355157727525,7.291864578069711,0.2430621526023237,0.0504411838590917,0.6943552088113815,0.889431084762041,3.4089254474529604,4.0,1.0,0.13333333333333333,1.0,3.0,0.0,0.0,3.0,0.75,0.0,0.0,1.0,67.0,7.0,0.04962962962962963,34.0,20.0,0.0,13.0,33.0,0.4925373134328358,0.0,0.19402985074626866,9.0,12.0,18.0,811.0,0.6007407407407407,12.787878787878787,2.0,4.0,0.06666666666666667
subject_24_task_5_6,24,5_6,,5_6,266,1325.0,1355.0,0.7569733287360937,18.0,1.2546296296296295,eye,高,7.333333333333333,6,95.16666666666669,1.834847859269718,92.0,97.0,4.793070259865214,15.430866892724566,5.70649384731629,3.2160255182604143,4.1563501059437264,2.4658753494126615,1.774393211408036,1.2923871661913755,5.173437929777092,4.064990150231523,2.673499161782626,2.884019582540675,1.7504806853573378,1.5204755656332742,1.0787434025667242,7.519960878910812,3.9843138294046847,4.158147597825139,3.157200333135293,1.5195010880779316,0.9581944208735216,0.7592804870097979,14.42377484792001,11.738666482602726,11.907976624645466,21.16632468222691,19.77111692388891,0.985781787504325,1.7774912858343888,2995,3.573646854362183,0.4162876295829867,0.6527545909849749,0.4951585976627712,0.2681135225375626,0.0737896494156928,6,4,1827.8244134844392,8.807781707933279,0.2935927235977759,0.0609274804494813,0.6943552088113815,0.8894310847620408,3.40892544745296,4.0,1.0,0.13333333333333333,1.0,3.0,0.0,0.0,3.0,0.75,0.0,0.0,1.0,67.0,7.0,0.04944649446494465,34.0,20.0,0.0,13.0,33.0,0.4925373134328358,0.0,0.19402985074626866,9.0,17.0,18.0,811.0,0.5985239852398524,12.787878787878787,2.0,4.0,0.06666666666666667
subject_24_task_5_6,24,5_6,,5_6,267,1330.0,1360.0,0.759766588251725,18.0,1.2592592592592593,eye,高,7.333333333333333,6,95.0,1.8973665961010275,92.0,97.0,3.2644178454842225,13.47578417719865,5.6101435159097175,2.9089349114770955,4.60125006484915,3.146368862999594,1.9285902526643353,1.5817645306174049,5.396431877048042,4.035280778687736,2.5860393838031226,3.254500096832871,2.2478909485420537,1.5604096379821202,1.2584882183993211,7.50016924472061,4.114270700785633,3.843425503979568,3.2299580485286805,1.6724623887141234,1.07046974021628,0.8403852358226561,15.24473933936301,11.60404053714064,13.404695921866676,23.388828053760573,23.11276860828121,0.8656698074151251,1.7448234700801442,2995,3.57176993006993,0.3821888409063266,0.6183639398998331,0.5011686143572621,0.2564273789649415,0.087813021702838,6,4,1887.533386270122,9.095502779181404,0.3031834259727135,0.0629177795423374,0.6943552088113815,0.8894310847620408,3.4089254474529604,3.0,1.0,0.1,0.0,3.0,0.0,0.0,3.0,1.0,0.0,0.0,1.0,67.0,7.0,0.04926470588235294,34.0,20.0,0.0,13.0,33.0,0.4925373134328358,0.0,0.19402985074626866,9.0,22.0,18.0,811.0,0.5963235294117647,12.787878787878787,2.0,4.0,0.06666666666666667
subject_24_task_5_6,24,5_6,,5_6,268,1335.0,1365.0,0.7625598477673564,18.0,1.2638888888888888,eye,高,7.333333333333333,6,94.5,2.258317958127243,92.0,97.0,-1.8543956043955232,14.547917743688238,6.121898483743527,2.6052510944074303,4.757894726591844,3.403710022758375,2.3498305007471707,1.826271078747608,5.244117887989633,4.056751164924239,2.117658371695181,3.4872137837748203,2.7513186588055576,1.9156778161894064,1.6467310451889905,7.533028507328345,3.9976229236670457,3.100133056181084,3.2930434981919943,1.887637221399206,1.289500434730224,1.0622265039967504,16.112852418650352,12.710821171680951,14.475577957318231,26.62763724093456,26.913108302402936,0.8780873004973806,1.8394869841775656,2995,3.509378044475821,0.3718836320340637,0.5599332220367279,0.4664440734557596,0.2707846410684474,0.1045075125208681,6,4,1887.533386270122,9.095502779181404,0.3031834259727135,0.0629177795423374,0.6943552088113815,0.8894310847620408,3.4089254474529604,3.0,1.0,0.1,0.0,3.0,0.0,0.0,3.0,1.0,0.0,0.0,1.0,67.0,7.0,0.04908424908424908,34.0,20.0,0.0,13.0,33.0,0.4925373134328358,0.0,0.19402985074626866,9.0,27.0,18.0,811.0,0.5941391941391941,12.787878787878787,2.0,4.0,0.06666666666666667
subject_24_task_5_6,24,5_6,,5_6,269,1340.0,1370.0,0.7653531072829878,18.0,1.2685185185185186,eye,高,7.333333333333333,6,93.66666666666669,2.875181153713043,90.0,97.0,-8.241335044929183,16.00899696702355,5.988568380731292,2.525335337387429,4.84193001732666,3.824178447105375,2.371395312167425,1.917341410323688,5.498387650873455,3.7586028473377873,2.1893614036292615,3.603721847589102,2.948142621420598,1.7167576084547873,1.6460150624813628,7.549489204941423,3.900279449188794,3.200672935658587,3.431692027472315,2.0186417757213144,1.218581069541944,1.072178287646936,17.281302443715404,11.834883921628569,16.270673586602946,28.430604488301043,29.985644234512748,0.7273751672686282,1.7473526425919097,2995,3.4360066807313645,0.3592280663921013,0.5055091819699499,0.4460767946577629,0.2787979966611018,0.1081803005008347,6,4,1887.533386270122,9.095502779181404,0.3031834259727135,0.0629177795423374,0.6943552088113815,0.8894310847620408,3.4089254474529604,0.0,0.0,0.0,0.0,0.0,0.0,0.0,0.0,0.0,0.0,0.0,0.0,67.0,7.0,0.04890510948905109,34.0,20.0,0.0,13.0,33.0,0.4925373134328358,0.0,0.19402985074626866,9.0,32.0,18.0,811.0,0.591970802919708,12.787878787878787,2.0,4.0,0.06666666666666667
subject_24_task_5_6,24,5_6,,5_6,270,1345.0,1375.0,0.768146366798619,18.0,1.273148148148148,eye,高,7.333333333333333,6,93.5,3.0166206257996713,90.0,97.0,-19.34853420195433,15.641130554063352,6.049812305152419,2.505374448429102,4.868658675094213,3.873512663255591,2.4147337771987414,1.9432858342380384,4.604307435101902,3.660798157756557,2.1589580028366298,3.669317605417948,2.9684215012888355,1.695631945108092,1.6995780374592162,7.361832059389263,3.751363010078122,3.0632682920469625,3.4981340266388328,1.9982232586904112,1.2246276370299107,1.1419613605902212,16.504366551709087,11.524782028821472,16.61734349621546,28.62572991012641,29.91652468703203,0.6935393753788743,1.7226417638081448,2994,3.431123659756969,0.3434594436351102,0.4348697394789579,0.4168336673346693,0.2849031396125585,0.1376085504342017,6,4,1887.533386270122,9.095502779181404,0.3031834259727135,0.0629177795423374,0.6943552088113815,0.8894310847620408,3.4089254474529604,0.0,0.0,0.0,0.0,0.0,0.0,0.0,0.0,0.0,0.0,0.0,0.0,67.0,7.0,0.04872727272727273,34.0,20.0,0.0,13.0,33.0,0.4925373134328358,0.0,0.19402985074626866,9.0,37.0,18.0,811.0,0.5898181818181818,12.787878787878787,2.0,4.0,0.06666666666666667
subject_24_task_5_6,24,5_6,,5_6,271,1350.0,1380.0,0.7709396263142504,18.0,1.2777777777777777,eye,高,7.333333333333333,6,92.83333333333331,2.48327740429189,90.0,97.0,-11.898928024502265,18.10872486811961,5.995081172754714,2.4458262392313928,4.828783038078788,3.94940029323753,2.4511476230783606,1.9742952138726932,4.858527395163274,3.5053319571222983,2.18499563770752,3.8035553012191823,3.0822805081266016,1.6042741214806564,1.7407610503103077,7.562928713062208,3.6741560396950184,3.1365549597804843,3.5334963117745715,2.0097359301804865,1.171398584373015,1.1265532908187483,17.219029012798615,12.038168039489308,17.25486249942471,28.59059218050096,31.624650361511772,0.6976681523767962,1.656958563503719,2994,3.3970325232308793,0.3314323386161666,0.4048096192384769,0.4348697394789579,0.2725450901803607,0.1402805611222445,6,4,1887.533386270122,9.095502779181404,0.3031834259727135,0.0629177795423374,0.6943552088113815,0.8894310847620408,3.4089254474529604,0.0,0.0,0.0,0.0,0.0,0.0,0.0,0.0,0.0,0.0,0.0,0.0,67.0,7.0,0.04855072463768116,34.0,20.0,0.0,13.0,33.0,0.4925373134328358,0.0,0.19402985074626866,9.0,42.0,18.0,811.0,0.5876811594202899,12.787878787878787,2.0,4.0,0.06666666666666667
subject_24_task_5_6,24,5_6,,5_6,272,1355.0,1385.0,0.7737328858298818,18.0,1.2824074074074074,eye,高,7.333333333333333,6,92.5,1.8708286933869709,90.0,95.0,1.7185554171856885,18.17028162708795,6.751729710370694,2.4804598608829287,4.429624716187669,3.386995312802004,2.7219669291352253,1.785807860084028,4.716669393236746,3.503138097760272,2.06319608841811,3.3374593363587626,2.468210071383314,1.6979181559258345,1.6176161612043638,7.625334704305116,3.955833014435489,3.064498345152905,3.441993063762424,1.8358498876474003,1.2908582641894395,1.1231832019771195,16.729768673605463,12.34815748583099,16.110329715187632,28.85790491251537,31.452184325785552,0.766474535539149,1.791267182155202,2994,3.3859481558803064,0.3128357900898884,0.364061456245825,0.4956579826319305,0.2571810287241149,0.1098864395457581,6,4,1887.533386270122,9.095502779181404,0.3031834259727135,0.0629177795423374,0.6943552088113815,0.8894310847620408,3.4089254474529604,0.0,0.0,0.0,0.0,0.0,0.0,0.0,0.0,0.0,0.0,0.0,0.0,67.0,7.0,0.04837545126353791,34.0,20.0,0.0,13.0,33.0,0.4925373134328358,0.0,0.19402985074626866,9.0,47.0,18.0,811.0,0.5855595667870036,12.787878787878787,2.0,4.0,0.06666666666666667
subject_24_task_5_6,24,5_6,,5_6,273,1360.0,1390.0,0.7765261453455131,18.0,1.287037037037037,eye,高,7.333333333333333,6,92.0,1.7888543819998317,90.0,95.0,3.448905109488991,17.475270726539875,5.275828142979954,2.393049026405935,4.0643587088085145,2.805809792307806,2.2046469105999043,1.698401772784689,5.078158571112146,3.1723501697458016,2.1307534795154597,3.2394228076198406,2.27518048437035,1.4888396054466162,1.5203179714419597,7.8150082603724735,3.613328309561824,3.211202756904618,3.29294768487367,1.6758833517587293,1.125225836890109,1.0254561714588986,16.94503646850215,10.446947195104888,13.703057650769466,25.8964996018728,27.44769107650357,0.7623807373034194,1.889833660622353,2994,3.343440401940402,0.2958384397077429,0.3343353373413493,0.5270541082164328,0.2498329993319973,0.0958583834335337,6,4,1887.533386270122,9.095502779181404,0.3031834259727135,0.0629177795423374,0.6943552088113815,0.8894310847620408,3.4089254474529604,0.0,0.0,0.0,0.0,0.0,0.0,0.0,0.0,0.0,0.0,0.0,0.0,67.0,7.0,0.04820143884892086,34.0,20.0,0.0,13.0,33.0,0.4925373134328358,0.0,0.19402985074626866,9.0,52.0,18.0,811.0,0.5834532374100719,12.787878787878787,2.0,3.0,0.05
subject_24_task_5_6,24,5_6,,5_6,274,1365.0,1395.0,0.7793194048611445,18.0,1.2916666666666667,eye,高,7.333333333333333,6,92.16666666666669,1.834847859269718,90.0,95.0,4.576271186440487,18.79038482677125,6.572465252493813,2.281416827002482,3.6249111199128854,2.3094246374746437,2.8808699816285968,1.58888594009171,4.869992788007756,3.480245433055606,2.0419898174686604,2.9051001264488026,1.747262494083591,1.704340248557101,1.4226810053588277,8.03801665166855,4.03487530550662,3.0319096380350397,3.0743132365497288,1.435202241745526,1.3308032847976288,1.013985772525256,16.591313150823563,11.381890988820572,12.027215802044257,21.70468438430069,22.459609833922467,0.9463446217441284,1.8046308257486796,2995,3.3499989669421493,0.2876207535934392,0.3829716193656093,0.5585976627712855,0.2393989983305509,0.0808013355592654,6,4,1887.533386270122,9.095502779181404,0.3031834259727135,0.0629177795423374,0.6943552088113815,0.8894310847620408,3.4089254474529604,0.0,0.0,0.0,0.0,0.0,0.0,0.0,0.0,0.0,0.0,0.0,0.0,67.0,7.0,0.04802867383512545,34.0,20.0,0.0,13.0,33.0,0.4925373134328358,0.0,0.19402985074626866,9.0,57.0,18.0,811.0,0.5813620071684588,12.787878787878787,2.0,3.0,0.05
subject_24_task_5_6,24,5_6,,5_6,275,1370.0,1400.0,0.7821126643767758,18.0,1.2962962962962965,eye,高,7.333333333333333,6,92.66666666666669,1.505545305418162,91.0,95.0,1.6682113067655688,17.335764878373297,5.99469238426181,2.3140126125454703,3.630292685966351,2.1801816644156946,2.5906048877008936,1.5688301205812965,5.994580338483849,3.5379391264900906,2.0608316573977956,2.871788346566809,1.7646852826632176,1.7167530951836372,1.393509429194719,8.040529105188238,4.093005799932136,3.013187040418593,3.067758595867997,1.4256617982281183,1.358364331529693,1.0181109087213591,16.905722797216615,11.123740544264024,11.634440257458422,20.618131837461693,20.793194057866195,0.9561044878917138,1.772163626371638,2995,3.350269535283993,0.2867836373772247,0.4570951585976627,0.5616026711185309,0.2420701168614357,0.07779632721202,6,4,1586.4088933804917,7.64446690247598,0.254815563415866,0.0528802964460163,0.6943552088113814,0.889431084762041,3.40892544745296,0.0,0.0,0.0,0.0,0.0,0.0,0.0,0.0,0.0,0.0,0.0,0.0,67.0,7.0,0.047857142857142855,34.0,20.0,0.0,13.0,33.0,0.4925373134328358,0.0,0.19402985074626866,9.0,62.0,18.0,811.0,0.5792857142857143,12.787878787878787,2.0,0.0,0.0
subject_24_task_5_6,24,5_6,,5_6,276,1375.0,1405.0,0.7849059238924071,18.0,1.3009259259259258,eye,高,7.333333333333333,6,93.33333333333331,1.505545305418162,91.0,95.0,1.7266187050361366,14.86261559441738,5.63580920397008,2.155758875703513,3.9689988636512186,2.430546338692519,2.614304070593648,1.841114471745348,6.078193206623805,3.5791054349231093,1.8237812859408848,3.0932923642081267,2.080441573616959,1.962464174028772,1.6960873477832097,7.476499187695688,3.8659663456414073,2.7514076682292297,3.1827084817118383,1.519414115970304,1.4050867089897634,1.156756419073364,15.867494443676506,11.041482895408087,11.014583167192573,20.793999905640245,21.588280007298906,1.002442192119956,1.887860810527638,2995,3.344786365170435,0.2850308071584959,0.5702838063439065,0.605008347245409,0.2377295492487479,0.0414023372287145,6,4,1271.8199956688045,6.128549772612414,0.2042849924204137,0.0423939998556268,0.6943552088113815,0.889431084762041,3.40892544745296,0.0,0.0,0.0,0.0,0.0,0.0,0.0,0.0,0.0,0.0,0.0,0.0,67.0,7.0,0.04768683274021352,34.0,20.0,0.0,13.0,33.0,0.4925373134328358,0.0,0.19402985074626866,9.0,67.0,18.0,811.0,0.5772241992882562,12.787878787878787,2.0,0.0,0.0
subject_24_task_5_6,24,5_6,,5_6,277,1380.0,1410.0,0.7876991834080385,18.0,1.3055555555555556,eye,高,7.333333333333333,6,93.83333333333331,1.8348478592697175,91.0,96.0,5.060240963855371,12.625196387808137,5.35764267705405,2.258530195148401,4.0960403482684775,2.3361878689123388,2.3721811152062178,1.8135867109801205,6.334135425436078,3.5521950836247065,1.820755069048224,2.9326119757117266,2.02008353478444,1.9509461453712005,1.610657043094056,7.678491027216777,3.911179900164464,2.709367323755871,3.073171035130704,1.4570274913535155,1.4435768328166652,1.134276260064475,15.674332690920323,10.033876805570804,11.311812381228563,20.09146894133944,19.337126458898652,0.887026452297031,1.7761494148082153,2995,3.303749492900609,0.2969966741826629,0.6410684474123539,0.6110183639398998,0.2330550918196995,0.0450751252086811,12,5,1035.7526731815915,4.998878817174789,0.1666292939058263,0.034525089106053,0.6597248887538373,0.9783476849413364,3.3974777737639967,0.0,0.0,0.0,0.0,0.0,0.0,0.0,0.0,0.0,0.0,0.0,0.0,67.0,7.0,0.0475177304964539,34.0,20.0,0.0,13.0,33.0,0.4925373134328358,0.0,0.19402985074626866,9.0,72.0,18.0,811.0,0.575177304964539,12.787878787878787,2.0,0.0,0.0
subject_24_task_5_6,24,5_6,,5_6,278,1385.0,1415.0,0.7904924429236698,18.0,1.3101851851851851,eye,高,7.333333333333333,6,93.83333333333331,1.8348478592697175,91.0,96.0,10.285714285714228,13.921905704890808,5.4063384892602775,2.285736852357366,4.116198790850343,2.402065689664344,2.3652497371622276,1.8008191916777967,6.440882825852635,3.712510931888405,1.7196093147273048,3.1402613266028645,2.266981437775865,2.15892697259385,1.826148125454209,7.511552939144383,3.6795893354684632,2.750352720059943,3.2763446231954303,1.4900127799120952,1.33786088912562,1.191245253490259,16.08988064127752,11.005453926113423,10.388027331764254,19.024371726143457,19.1314477653317,1.0594363659846386,1.831374823973672,2995,3.3643329935440027,0.3340462430213183,0.6948247078464107,0.594991652754591,0.2363939899833055,0.0520868113522537,12,5,1071.3938166138273,5.205736773956675,0.1735245591318891,0.0357131272204609,0.5115535217264557,1.1976397488498922,3.348497069659657,0.0,0.0,0.0,0.0,0.0,0.0,0.0,0.0,0.0,0.0,0.0,0.0,67.0,7.0,0.04734982332155477,34.0,20.0,0.0,13.0,33.0,0.4925373134328358,0.0,0.19402985074626866,9.0,77.0,18.0,811.0,0.5731448763250884,12.787878787878787,2.0,0.0,0.0
subject_24_task_5_6,24,5_6,,5_6,279,1390.0,1420.0,0.7932857024393012,18.0,1.3148148148148149,eye,高,7.333333333333333,6,94.5,1.224744871391589,93.0,96.0,6.731192256929181,13.1659239886116,5.74525199761295,2.230480674970983,4.315254024492088,2.793609997208666,2.575790977291337,1.934674473047486,6.486708945632395,3.783749480935087,1.7479549457710497,3.142167414357104,2.5310692154864736,2.1646722017002658,1.7976249456309903,7.567902651646266,3.859131271929283,2.744506023139852,3.238580317652885,1.5006021675293282,1.4061296420527596,1.180023031593783,15.778785894196472,12.079961727924458,11.244378978230252,20.702848937007087,18.797144987140538,1.074311151492843,1.841173174355735,2995,3.371345931222336,0.3527677257087581,0.6864774624373957,0.55559265442404,0.2490818030050083,0.0611018363939899,12,5,1107.034960046063,5.41259473073856,0.1804198243579519,0.0369011653348687,0.3729229499501178,1.2625503261194293,3.3026702466221316,0.0,0.0,0.0,0.0,0.0,0.0,0.0,0.0,0.0,0.0,0.0,0.0,67.0,7.0,0.047183098591549295,34.0,20.0,0.0,13.0,33.0,0.4925373134328358,0.0,0.19402985074626866,9.0,82.0,18.0,811.0,0.5711267605633803,12.787878787878787,2.0,0.0,0.0
subject_24_task_5_6,24,5_6,,5_6,280,1395.0,1425.0,0.7960789619549326,18.0,1.3194444444444444,eye,高,7.333333333333333,6,94.33333333333331,1.505545305418162,92.0,96.0,-1.161460624724988,15.706402941279167,5.944304371977447,2.53442404886063,4.536231377118195,2.992924931406995,2.345426123402575,1.7898470380903673,5.534342547243256,3.4368483678026767,1.915676032159313,3.5028940249172797,2.7530583356509717,1.794065546630412,1.828541969577646,6.988025938302335,3.5369402425829692,3.11866711119636,3.471023687949931,1.6080357859995793,1.1341191978730152,1.1129830675061705,14.258047768045472,12.171047799554293,11.899456746484825,22.75994433333043,21.387040393559104,1.0228238195117352,1.912687681314012,2994,3.3207312119160455,0.3568643051164665,0.6693386773547094,0.56312625250501,0.2444889779559118,0.0554442217768871,12,5,1142.6761034782987,5.619452687520444,0.1873150895840148,0.0380892034492766,0.4849683314236355,1.2119554645694894,3.259702187092397,0.0,0.0,0.0,0.0,0.0,0.0,0.0,0.0,0.0,0.0,0.0,0.0,67.0,7.0,0.047017543859649125,34.0,20.0,0.0,13.0,33.0,0.4925373134328358,0.0,0.19402985074626866,9.0,87.0,18.0,811.0,0.5691228070175438,12.787878787878787,2.0,0.0,0.0
subject_24_task_5_6,24,5_6,,5_6,281,1400.0,1430.0,0.7988722214705638,18.0,1.3240740740740742,eye,高,7.333333333333333,6,94.33333333333331,1.505545305418162,92.0,96.0,-8.036697247706288,16.142939350913288,6.310912711593953,2.5473206573361917,4.6064334580260935,2.934308726084859,2.4774708646980708,1.8083445618672824,5.900899721432112,3.550137100326733,1.8397254836386132,3.514742956401816,2.6309116077640033,1.9297102376954975,1.910471419600249,6.95923917152455,3.7270412309979575,3.1014564996870035,3.4862940700610747,1.5863755235731185,1.201706756607448,1.1240828528186382,14.10684052695981,12.896429085731052,12.036760113307308,25.01234018873483,23.058649952230777,1.071420296186956,2.0779960681514535,2994,3.353425186188219,0.3512367043378925,0.583500334001336,0.5434201736806947,0.2508350033400133,0.0581162324649298,6,4,1479.441739800165,7.277346521007755,0.2425782173669251,0.0493147246600054,0.4898726851851852,1.2061938146390196,3.257922890625,0.0,0.0,0.0,0.0,0.0,0.0,0.0,0.0,0.0,0.0,0.0,0.0,67.0,7.0,0.04685314685314685,34.0,20.0,0.0,13.0,33.0,0.4925373134328358,0.0,0.19402985074626866,9.0,92.0,18.0,811.0,0.5671328671328671,12.787878787878787,2.0,0.0,0.0
subject_24_task_5_6,24,5_6,,5_6,282,1405.0,1435.0,0.8016654809861952,18.0,1.3287037037037035,eye,高,7.333333333333333,6,94.16666666666669,1.4719601443879744,92.0,96.0,-5.8615384615385056,18.917852289734483,6.642221876838498,2.8130296559072896,4.542173674186584,3.1922905157318824,2.3612342169553755,1.6146910021542562,5.446623844988275,3.294365479208139,1.9614638305621093,3.7080298621952346,2.8183108780059993,1.6795443422803529,1.890440090925664,7.174338204112248,3.547900061819131,3.4924650172122536,3.5655196564963907,1.7009349543827792,1.0158727558711889,1.0209177869854371,13.717638374604771,12.330746270809756,12.766829700858642,25.66196966034296,23.629743866520855,0.9658424651799375,2.0100502835576357,2994,3.3858621993127147,0.3563603500961267,0.490313961255845,0.5156980627922512,0.2541750167000668,0.0761523046092184,6,4,1829.6717809440877,9.000121607653206,0.3000040535884402,0.0609890593648029,0.4898726851851852,1.2061938146390196,3.257922890625,0.0,0.0,0.0,0.0,0.0,0.0,0.0,0.0,0.0,0.0,0.0,0.0,67.0,7.0,0.046689895470383276,34.0,20.0,0.0,13.0,33.0,0.4925373134328358,0.0,0.19402985074626866,9.0,97.0,18.0,811.0,0.5651567944250872,12.787878787878787,2.0,0.0,0.0
subject_24_task_5_6,24,5_6,,5_6,283,1410.0,1440.0,0.8044587405018265,18.0,1.3333333333333333,eye,高,7.333333333333333,6,93.83333333333331,1.1690451944500122,92.0,95.0,-1.866480251660172,20.509620121139392,6.92876515306596,2.4593892078935116,4.52367631093939,3.0103073475452526,2.8172706990938243,1.8393495004452585,5.691065013344395,3.5576696430249584,1.8806706573380476,3.5194480744506165,2.669268164752269,1.8917026376434145,1.87137926607104,6.874151345165782,3.7387804297261216,3.2359130590545777,3.4267323555824936,1.651740297780657,1.1554020029260197,1.0589692284821974,12.959587253379793,13.028933605799343,11.739827573476822,25.87324685637884,23.518471668477087,1.109806215147055,2.2038864450473628,2994,3.4479348051052088,0.3399634041717436,0.4348697394789579,0.4846359385437542,0.2682030728122913,0.073814295257181,6,4,2101.380246863536,10.336650519872718,0.3445550173290906,0.0700460082287845,0.4898726851851853,1.2061938146390196,3.257922890625,0.0,0.0,0.0,0.0,0.0,0.0,0.0,0.0,0.0,0.0,0.0,0.0,67.0,7.0,0.04652777777777778,34.0,20.0,0.0,13.0,33.0,0.4925373134328358,0.0,0.19402985074626866,9.0,102.0,18.0,811.0,0.5631944444444444,12.787878787878787,2.0,0.0,0.0
subject_24_task_5_6,24,5_6,,5_6,284,1415.0,1445.0,0.8072520000174579,18.0,1.337962962962963,eye,高,7.333333333333333,6,93.83333333333331,1.1690451944500122,92.0,95.0,2.1509433962264364,23.502982333250262,6.368152309532028,2.6832046275783843,4.371123251580697,2.649547215526211,2.3733383000607526,1.6290681697003755,6.9654087391385735,3.203255468153284,1.9828093873402488,3.3652370523471618,2.2649387789057656,1.6155135680743111,1.6972065362577835,7.612295729203445,3.3152617796088086,3.4223749897075013,3.4128882407305805,1.5477248127705423,0.9687020824951016,0.9972280217669158,14.734798590680285,11.465211156637247,10.739065700312793,23.98123229175114,21.99497866371783,1.067617190972517,2.2330836742206217,2994,3.389774536719286,0.3183149274243277,0.3797595190380761,0.4916499665998664,0.2658650634602538,0.0681362725450901,6,4,2101.380246863536,10.336650519872718,0.3445550173290906,0.0700460082287845,0.4898726851851853,1.2061938146390196,3.257922890625,0.0,0.0,0.0,0.0,0.0,0.0,0.0,0.0,0.0,0.0,0.0,0.0,67.0,7.0,0.04636678200692042,34.0,20.0,0.0,13.0,33.0,0.4925373134328358,0.0,0.19402985074626866,9.0,107.0,18.0,811.0,0.5612456747404845,12.787878787878787,2.0,0.0,0.0
subject_24_task_5_6,24,5_6,,5_6,285,1420.0,1450.0,0.8100452595330893,18.0,1.3425925925925926,eye,高,7.333333333333333,6,94.0,1.4142135623730951,92.0,96.0,8.863636363636362,22.771270450531247,6.471866044215849,2.9375055262953316,4.3705497123340535,2.502915769544219,2.203184295751067,1.487843911512916,6.498249223755789,3.3662460051563676,2.3542799666975953,3.350034839019726,2.140517345391272,1.42984099290378,1.4229551652341923,7.670420145936077,3.625289787940301,3.8679863464487863,3.3907755133649897,1.4758856260186128,0.9372550632886008,0.8766255125171457,14.613233288557092,10.993364193278012,10.763932975196122,20.91961751621811,18.457171364873076,1.0213148129601497,1.9434919898167569,2995,3.388703983516484,0.3020447838840914,0.3873121869782971,0.4881469115191986,0.267779632721202,0.0754590984974958,6,4,2101.380246863536,10.336650519872718,0.3445550173290906,0.0700460082287845,0.4898726851851853,1.2061938146390196,3.257922890625,0.0,0.0,0.0,0.0,0.0,0.0,0.0,0.0,0.0,0.0,0.0,0.0,67.0,7.0,0.046206896551724136,34.0,20.0,0.0,13.0,33.0,0.4925373134328358,0.0,0.19402985074626866,9.0,112.0,18.0,811.0,0.5593103448275862,12.787878787878787,2.0,0.0,0.0
subject_24_task_5_6,24,5_6,,5_6,286,1425.0,1455.0,0.8128385190487205,18.0,1.3472222222222223,eye,高,7.333333333333333,6,93.66666666666669,2.065591117977289,90.0,96.0,-3.674496644295116,22.225711717212675,5.425886088367541,2.7265239557162837,4.003073051958894,2.3928253192813767,1.9900379297940587,1.4681965451160863,6.898209660420197,3.056106814259381,2.299283991728904,3.137159304085539,2.124492718796453,1.3291558699373185,1.3644070568797422,8.006821474348705,3.2994502527091663,3.5567211118741673,3.210566200012182,1.4341628278902652,0.9276662827720458,0.9026758351374972,16.16906179229641,10.572448119755444,10.06065212541653,18.38410110114924,16.276782131569988,1.0508710556690404,1.827326983576435,2995,3.428135302197802,0.289917807025157,0.3515859766277128,0.4848080133555926,0.271118530884808,0.0791318864774624,6,4,2101.380246863536,10.336650519872718,0.3445550173290906,0.0700460082287845,0.4898726851851853,1.2061938146390196,3.257922890625,0.0,0.0,0.0,0.0,0.0,0.0,0.0,0.0,0.0,0.0,0.0,0.0,67.0,7.0,0.04604810996563574,34.0,20.0,0.0,13.0,33.0,0.4925373134328358,0.0,0.19402985074626866,9.0,117.0,18.0,811.0,0.5573883161512028,12.787878787878787,2.0,0.0,0.0
subject_24_task_5_6,24,5_6,,5_6,287,1430.0,1460.0,0.8156317785643519,18.0,1.351851851851852,eye,高,7.333333333333333,6,94.33333333333331,2.422120283277993,90.0,97.0,1.5173410404625445,18.246182878337095,5.483557656117245,2.659186630218505,3.914723156642831,2.085709615820748,2.0621183913167696,1.472150586256956,5.919657266679089,3.2350369045184593,2.360610700767484,2.981730693964797,1.82430558377124,1.3704237227538962,1.2631183502622323,7.250403828164826,3.7571783903104494,3.7156053781877336,3.2770792758773277,1.2591384671795731,1.0111887587327677,0.8819772129503444,14.455788638132704,10.336028332475182,8.973287201353784,16.59622431805661,13.840650881006672,1.1518664342890756,1.849514447230973,2995,3.378040661612681,0.3049083435507853,0.3829716193656093,0.4841402337228714,0.2691151919866444,0.0838063439065108,6,4,1976.5582601998472,9.722653478992305,0.3240884492997434,0.0658852753399949,0.4898726851851851,1.2061938146390196,3.2579228906249997,0.0,0.0,0.0,0.0,0.0,0.0,0.0,0.0,0.0,0.0,0.0,0.0,67.0,7.0,0.04589041095890411,34.0,20.0,0.0,13.0,33.0,0.4925373134328358,0.0,0.19402985074626866,9.0,122.0,18.0,811.0,0.5554794520547945,12.787878787878787,2.0,0.0,0.0
subject_24_task_5_6,24,5_6,,5_6,288,1435.0,1465.0,0.8184250380799832,18.0,1.3564814814814814,eye,高,7.333333333333333,6,94.5,2.4289915602982237,90.0,97.0,1.7259511289824248,14.71547425574648,4.7426409583769775,2.7817589352580026,3.67014346471321,2.0210321161460065,1.704907243494522,1.319360717492514,6.621712724646369,3.160931416661714,2.607858850040301,2.9393359005023334,1.805692107315183,1.2120791800571822,1.127106975309231,10.438612765634163,4.032213749830386,4.0460599982255765,3.3468041461578464,1.2539013075304024,0.996577844025728,0.8271761040680581,14.646820638319872,9.99279204256808,9.051001503805027,14.45785383226096,12.512493469255755,1.1040537379611663,1.5973761385613403,2995,3.2962742701968772,0.3209846578214724,0.459432387312187,0.512186978297162,0.264440734557596,0.071118530884808,6,4,1626.3282190559246,7.999878392346851,0.2666626130782283,0.0542109406351974,0.4898726851851851,1.2061938146390196,3.2579228906249993,0.0,0.0,0.0,0.0,0.0,0.0,0.0,0.0,0.0,0.0,0.0,0.0,67.0,7.0,0.04573378839590444,34.0,20.0,0.0,13.0,33.0,0.4925373134328358,0.0,0.19402985074626866,9.0,127.0,18.0,811.0,0.5535836177474402,12.787878787878787,2.0,0.0,0.0
subject_24_task_5_6,24,5_6,,5_6,289,1440.0,1470.0,0.8212182975956146,18.0,1.3611111111111112,eye,高,7.333333333333333,6,94.66666666666669,2.422120283277993,90.0,97.0,1.4338235294116757,12.83879348788575,4.805017551465102,3.1178746238594783,3.670675111819506,1.872071202118939,1.541119554550011,1.177300422451157,5.506979169078304,3.62263879085747,3.235227964437151,2.989117865038183,1.70047874316529,1.1197476130519657,0.9239280501700952,8.433807483969742,4.320057207041645,4.8874916778326885,3.3268020919449084,1.220722679140145,0.8839006778539076,0.6806767788544137,13.388240303932175,10.550649830411023,9.52471183990058,14.30644791279437,11.927236857777558,1.1077132839035215,1.5020347232828937,2995,3.226946156451067,0.3084223758699886,0.5402337228714524,0.5512520868113523,0.2447412353923205,0.069449081803005,6,4,1276.0981779120018,6.277103305701397,0.2092367768567132,0.0425366059304,0.4898726851851852,1.2061938146390196,3.257922890625,0.0,0.0,0.0,0.0,0.0,0.0,0.0,0.0,0.0,0.0,0.0,0.0,67.0,7.0,0.04557823129251701,34.0,20.0,0.0,13.0,33.0,0.4925373134328358,0.0,0.19402985074626866,9.0,132.0,18.0,811.0,0.5517006802721088,12.787878787878787,2.0,0.0,0.0
subject_24_task_5_6,24,5_6,,5_6,290,1445.0,1475.0,0.824011557111246,18.0,1.3657407407407407,eye,高,7.333333333333333,6,94.66666666666669,2.422120283277993,90.0,97.0,2.770797962648623,12.244947250812269,4.978378351904142,3.227909093258143,3.4473080191218113,1.6740810697996955,1.5422919940038131,1.067969363301435,5.133927011703851,3.2241068797396477,3.5514576544975145,2.8524471286202164,1.5015262533681664,0.9078263612848334,0.8031764436239072,9.966922928097624,4.327799724881896,5.358892519933612,3.392839699501878,1.1972836793791122,0.8075921860316598,0.6331232968157962,14.625975017931712,9.958363768391749,9.69849060877505,14.160025731948446,11.611880467535997,1.026795216915668,1.4600236576129348,2995,3.23683681149504,0.3233033125131239,0.6347245409015025,0.5368948247078464,0.259432387312187,0.0774624373956594,12,4,1270.950513074106,6.2720555310325,0.2090685177010833,0.0423650171024702,0.385389196668267,1.252383987407736,3.2805586348730205,0.0,0.0,0.0,0.0,0.0,0.0,0.0,0.0,0.0,0.0,0.0,0.0,67.0,7.0,0.04542372881355932,34.0,20.0,0.0,13.0,33.0,0.4925373134328358,0.0,0.19402985074626866,9.0,137.0,18.0,811.0,0.5498305084745763,12.787878787878787,2.0,0.0,0.0
subject_24_task_5_6,24,5_6,,5_6,291,1450.0,1480.0,0.8268048166268772,18.0,1.3703703703703705,eye,高,7.333333333333333,6,94.66666666666669,2.422120283277993,90.0,97.0,10.32258064516114,20.474008949174685,6.265932071977513,3.273952972736137,8.173105404056187,10.90814432909896,1.9138735724541864,2.4964028109498737,9.723041229823506,3.865043212679749,3.5670764090080525,5.2673592861929,6.6082594465900675,1.0835324981879366,1.476660066179426,9.61186724287582,4.436995095271536,4.7923963850775495,4.322712926059875,2.5315585460484917,0.9258405897073428,0.9019940294421046,15.69892603364289,10.973954510576675,13.491652721723437,20.47679179100236,17.544714161436847,0.8133884511352033,1.517737834893414,2994,3.2563126924392747,0.3553651216396991,0.6496325985303941,0.5237140948563794,0.2675350701402805,0.0711422845691382,12,4,1332.709937434026,6.600053261933027,0.2200017753977675,0.0444236645811342,0.4399128917528958,1.2185984802012773,3.305281844067144,0.0,0.0,0.0,0.0,0.0,0.0,0.0,0.0,0.0,0.0,0.0,0.0,67.0,7.0,0.04527027027027027,34.0,20.0,0.0,13.0,33.0,0.4925373134328358,0.0,0.19402985074626866,9.0,142.0,18.0,811.0,0.547972972972973,12.787878787878787,2.0,0.0,0.0
subject_24_task_5_6,24,5_6,,5_6,292,1455.0,1485.0,0.8295980761425086,18.0,1.375,eye,高,7.333333333333333,6,95.5,0.8366600265340756,95.0,97.0,-2.698773284870514,20.762112208519117,6.022785215409059,3.374195120657224,7.836012523441251,9.956451035833252,1.7849546336359896,2.322335325384193,9.101590773977083,3.739768701209005,3.5339785468880134,5.3684059084136315,5.869424707929437,1.0582318629246372,1.5190827666854392,11.349974220413952,4.4494229995462256,4.790551064132797,4.327755374849984,2.360592989824286,0.9287914772184308,0.903394059871776,16.211779053640797,12.642183857868076,19.324110754765695,25.134929576008787,21.92030261892961,0.6542181432462691,1.30070303855043,2994,3.2683131034482757,0.3738656983936161,0.654308617234469,0.4822979291917167,0.2798931195724783,0.0895123580494322,12,4,1394.4693617939456,6.928050992833555,0.2309350330944518,0.0464823120597981,0.5554671772547541,1.1115045962041834,3.3278151289646223,0.0,0.0,0.0,0.0,0.0,0.0,0.0,0.0,0.0,0.0,0.0,0.0,67.0,7.0,0.04511784511784512,34.0,20.0,0.0,13.0,33.0,0.4925373134328358,0.0,0.19402985074626866,9.0,147.0,18.0,811.0,0.5461279461279461,12.787878787878787,2.0,0.0,0.0
subject_24_task_5_6,24,5_6,,5_6,293,1460.0,1490.0,0.8323913356581399,18.0,1.3796296296296295,eye,高,7.333333333333333,6,95.16666666666669,0.408248290463863,95.0,96.0,0.1428571428570464,23.311189888603625,6.896206953145285,3.602133194116124,9.155494597356912,12.036892162803085,1.914478610732618,2.541686857196697,9.806242337691442,3.8343292785006367,3.6196968752311367,5.907790045761476,7.066710104629909,1.0592956843259962,1.6321228681294568,9.033043053525969,4.101331357967545,4.729881636443867,4.647376390712307,2.7672830454128055,0.8671107806095347,0.9825565939968024,16.320346694771235,13.192931020381137,25.739156067411233,33.621415897957455,25.68220219794465,0.5125626879851326,1.3062361411501786,2994,3.2933397279386116,0.3683109175649743,0.636940547762191,0.4599198396793587,0.2945891783567134,0.0925183700734803,6,4,1581.0507728175544,7.870045764614497,0.2623348588204832,0.0527016924272518,0.6245742729892586,1.005301840230306,3.3412911317788843,0.0,0.0,0.0,0.0,0.0,0.0,0.0,0.0,0.0,0.0,0.0,0.0,67.0,7.0,0.04496644295302014,34.0,20.0,0.0,13.0,33.0,0.4925373134328358,0.0,0.19402985074626866,9.0,152.0,18.0,811.0,0.5442953020134228,12.787878787878787,2.0,0.0,0.0
subject_24_task_5_6,24,5_6,,5_6,294,1465.0,1495.0,0.8351845951737713,18.0,1.3842592592592593,eye,高,7.333333333333333,6,95.33333333333331,0.5163977794943222,95.0,96.0,1.1598205039695668,24.284853244116615,6.372422843093573,3.3576604725178147,8.450782011852425,10.537013644825624,1.897875885680327,2.5168661575586357,8.93285184369647,3.2183971965915013,3.274451888594308,5.5619767078674345,6.049195919684544,0.9828811984692588,1.6985977797509004,7.853861974494073,3.4206712993222266,4.14720373587708,4.385647849338844,2.477934783153762,0.8248139028546662,1.0574951530350452,17.281271573696714,11.863781187939429,24.665770653002028,34.98427060228597,26.92019336456884,0.480981573810892,1.4183327613981562,2994,3.377800561797753,0.3539254964170925,0.5721442885771543,0.4265197060788243,0.3052772211088844,0.1055444221776887,6,4,1993.0402383213968,9.92081858216048,0.3306939527386826,0.0664346746107132,0.6245742729892586,1.0053018402303062,3.3412911317788843,0.0,0.0,0.0,0.0,0.0,0.0,0.0,0.0,0.0,0.0,0.0,0.0,67.0,7.0,0.044816053511705686,34.0,20.0,0.0,13.0,33.0,0.4925373134328358,0.0,0.19402985074626866,9.0,157.0,18.0,811.0,0.5424749163879599,12.787878787878787,2.0,0.0,0.0
subject_24_task_5_6,24,5_6,,5_6,295,1470.0,1500.0,0.8379778546894027,18.0,1.3888888888888888,eye,高,7.333333333333333,6,95.5,0.5477225575051661,95.0,96.0,1.462333825701648,33.93835698196689,9.010222049028874,3.6086434197705377,10.155734456088863,12.764609241068818,2.4968446590386053,2.814280402560427,9.32737492309268,3.393643385554736,2.9118279463600643,6.282783483550209,7.553066502003083,1.1654683752166628,2.157676758135388,8.151760661157248,3.5872888511773695,3.770168744322176,4.648215011212814,2.8340232388281095,0.951492915689723,1.232893094828438,18.487552067875075,12.280188147243951,24.538266940339295,37.08921798766536,28.01635724742904,0.5004505076540727,1.5114848199280582,2995,3.4180860252808984,0.3309754802119222,0.4804674457429048,0.4113522537562604,0.3121869782971619,0.1078464106844741,6,4,2405.0297038252397,11.971591399706458,0.3990530466568819,0.0801676567941746,0.6245742729892586,1.005301840230306,3.3412911317788843,0.0,0.0,0.0,0.0,0.0,0.0,0.0,0.0,0.0,0.0,0.0,0.0,67.0,7.0,0.04466666666666667,34.0,20.0,0.0,13.0,33.0,0.4925373134328358,0.0,0.19402985074626866,9.0,162.0,18.0,811.0,0.5406666666666666,12.787878787878787,2.0,0.0,0.0
subject_24_task_5_6,24,5_6,,5_6,296,1475.0,1505.0,0.840771114205034,18.0,1.3935185185185186,eye,高,7.333333333333333,6,95.66666666666669,0.5163977794943223,95.0,96.0,1.161460624724988,35.28869202003271,8.407006206724924,3.841050170500308,9.358465614885208,11.42936831300481,2.188725956065783,2.4364340999134204,8.872667171784888,3.209354623836328,2.646722622248068,5.812586220963709,6.423978493728377,1.212576866521197,2.1961448366760195,8.457470145414565,3.3106656121545477,3.5237438076597183,4.321185708698505,2.546248683987169,0.9395307357356704,1.2263053004322708,20.53338245935946,12.288836208751334,24.36824159090631,38.40294554978951,29.886364930184172,0.5042972084344919,1.5759424169580063,2995,3.4305207389334265,0.3309079201371518,0.4237061769616027,0.410016694490818,0.3045075125208681,0.1118530884808013,6,4,2471.936793023055,12.30463690527588,0.410154563509196,0.0823978931007685,0.6245742729892586,1.005301840230306,3.3412911317788843,0.0,0.0,0.0,0.0,0.0,0.0,0.0,0.0,0.0,0.0,0.0,0.0,67.0,7.0,0.04451827242524917,34.0,20.0,0.0,13.0,33.0,0.4925373134328358,0.0,0.19402985074626866,9.0,167.0,18.0,811.0,0.5388704318936877,12.787878787878787,2.0,0.0,0.0
subject_24_task_5_6,24,5_6,,5_6,297,1480.0,1510.0,0.8435643737206653,18.0,1.398148148148148,eye,高,7.333333333333333,6,95.66666666666669,0.5163977794943223,95.0,96.0,2.772785622593039,30.331513012082805,8.392490056573884,3.6834642437148273,5.855059316188983,3.9112183748216296,2.2784231096838163,1.589552369397801,4.930507637620924,3.0426893566968567,2.713580481730683,3.677570408439203,2.555561673409952,1.1212821499793044,1.3552464845611294,7.556063687970693,3.258340187360225,3.966413253560548,3.558449330791607,1.5127879820737808,0.8214827803016482,0.8971453813082331,19.57762816385092,11.648895049370251,19.299150631884817,31.86325136121266,23.474729773700783,0.6035962551701471,1.651018325571813,2995,3.386150226559777,0.3176693270418458,0.4036727879799666,0.4647746243739566,0.2824707846410684,0.1025041736227045,6,4,2471.936793023055,12.30463690527588,0.410154563509196,0.0823978931007685,0.6245742729892586,1.005301840230306,3.3412911317788843,0.0,0.0,0.0,0.0,0.0,0.0,0.0,0.0,0.0,0.0,0.0,0.0,67.0,7.0,0.04437086092715232,34.0,20.0,0.0,13.0,33.0,0.4925373134328358,0.0,0.19402985074626866,9.0,172.0,18.0,811.0,0.5370860927152318,12.787878787878787,2.0,0.0,0.0
subject_24_task_5_6,24,5_6,,5_6,298,1485.0,1515.0,0.8463576332362966,18.0,1.4027777777777777,eye,高,7.333333333333333,6,95.66666666666669,0.5163977794943222,95.0,96.0,-0.3351955307263094,28.04247137817289,7.599127890989553,3.712891967452271,5.239653728277923,3.7365819889342142,2.0466870454633663,1.4112055438750868,5.040647499058249,2.8835688392737566,2.617344077113295,3.3360899889813265,2.4890137551174862,1.1017156148816645,1.2746088747570194,7.469905011346503,3.3019196379706313,3.906976335650579,3.2234885829148574,1.4617519211494527,0.8451342814240016,0.825059664042754,19.58857863413638,10.169976781363305,15.157389694721424,25.4353586885651,21.288160544208917,0.6709583237082707,1.6780830473351875,2995,3.37438856152513,0.307850937179628,0.4193656093489148,0.4901502504173622,0.2787979966611018,0.0831385642737896,6,4,2471.936793023055,12.30463690527588,0.410154563509196,0.0823978931007685,0.6245742729892586,1.005301840230306,3.3412911317788843,0.0,0.0,0.0,0.0,0.0,0.0,0.0,0.0,0.0,0.0,0.0,0.0,67.0,7.0,0.04422442244224423,34.0,20.0,0.0,13.0,33.0,0.4925373134328358,0.0,0.19402985074626866,9.0,177.0,18.0,811.0,0.5353135313531353,12.787878787878787,2.0,0.0,0.0
subject_24_task_5_6,24,5_6,,5_6,299,1490.0,1520.0,0.849150892751928,18.0,1.4074074074074074,eye,高,7.333333333333333,5,95.8,0.4472135954999579,95.0,96.0,-2.292993630573332,32.015943219674995,8.585687919473111,3.938748814138358,6.198893470362817,4.852055744623044,2.1798008262558675,1.5738229988445935,5.496033987942862,3.2501571705536336,2.8973405742143092,3.695554345603268,3.6368959860500354,1.1217725660142663,1.2754987723890263,8.103688321170443,3.4088875870325994,4.194389100350317,3.2361928536426467,1.6849989840358628,0.8127256450165503,0.7715528474390606,21.499741273569015,9.848424096199471,18.98104340160519,27.414122997957097,25.490856969721325,0.5188557808875043,1.4442895692256168,2995,3.3422192160943465,0.3316949937221169,0.4404006677796327,0.5135225375626044,0.2604340567612688,0.0814691151919866,6,4,2235.9492271824515,11.129954235385531,0.3709984745128511,0.0745316409060817,0.6245742729892586,1.005301840230306,3.3412911317788843,0.0,0.0,0.0,0.0,0.0,0.0,0.0,0.0,0.0,0.0,0.0,0.0,67.0,7.0,0.04407894736842105,34.0,20.0,0.0,13.0,33.0,0.4925373134328358,0.0,0.19402985074626866,9.0,182.0,18.0,811.0,0.5335526315789474,12.787878787878787,2.0,0.0,0.0
subject_24_task_5_6,24,5_6,,5_6,300,1495.0,1525.0,0.8519441522675594,18.0,1.412037037037037,eye,高,7.333333333333333,6,95.0,2.0,91.0,96.0,-4.962288686605931,25.827419520990404,7.49769748799432,3.9176103251435257,5.608330912214828,4.679823785458168,1.9138446312216195,1.4315693616131566,5.676440472400047,3.234220707006141,2.910655830112906,3.4831368461077066,3.2846875530537063,1.1111656258172864,1.1966845444494183,8.449587607326432,3.467691979085295,4.216804704538867,3.2879138122652143,1.7157436615076502,0.8223506237679812,0.7797168810607196,20.832749496472168,10.848420716867006,23.467964912465497,31.50209087038932,32.66317750348056,0.4622650816690391,1.3423443825611114,2995,3.284223029045643,0.3167724857521518,0.4864774624373956,0.5422370617696161,0.2534223706176962,0.0671118530884808,12,4,1823.959761678609,9.079181417839552,0.3026393805946518,0.0607986587226203,0.6245742729892585,1.0053018402303062,3.3412911317788843,0.0,0.0,0.0,0.0,0.0,0.0,0.0,0.0,0.0,0.0,0.0,0.0,67.0,7.0,0.043934426229508196,34.0,20.0,0.0,13.0,33.0,0.4925373134328358,0.0,0.19402985074626866,9.0,187.0,18.0,811.0,0.5318032786885246,12.787878787878787,2.0,0.0,0.0
subject_24_task_5_6,24,5_6,,5_6,301,1500.0,1530.0,0.8547374117831907,18.0,1.4166666666666667,eye,高,7.333333333333333,6,93.66666666666669,3.386246693120078,88.0,96.0,-13.02298516147811,22.05769613012457,6.758323618551055,3.672568599886426,5.601372205399971,4.610315145101094,1.840217121814976,1.525191988401032,5.180888669682994,2.9188440235147652,2.660882474170542,3.5605971564894485,3.4475734679618424,1.0969458635803282,1.3381264264966712,7.698884721073395,3.4603744164631896,3.7571716514224462,3.2178136460858715,1.7071554190577989,0.9210051436306108,0.8564457375450556,19.766675333215684,10.7785937003896,25.433780483745767,33.119429858838664,32.36881711241204,0.4237904666700253,1.3021827360664942,2994,3.239592862092862,0.3504380900793967,0.5407481629926519,0.5247160988643954,0.2578490313961256,0.0818303273213092,12,4,1411.9702961747664,7.028408600293571,0.2342802866764523,0.0470656765391588,0.6245742729892586,1.005301840230306,3.3412911317788843,0.0,0.0,0.0,0.0,0.0,0.0,0.0,0.0,0.0,0.0,0.0,0.0,67.0,7.0,0.04379084967320261,34.0,20.0,0.0,13.0,33.0,0.4925373134328358,0.0,0.19402985074626866,9.0,192.0,18.0,811.0,0.5300653594771242,12.787878787878787,2.0,0.0,0.0
subject_24_task_5_6,24,5_6,,5_6,302,1505.0,1535.0,0.857530671298822,18.0,1.4212962962962965,eye,高,7.333333333333333,6,92.5,3.6193922141707713,88.0,96.0,-17.30141458106644,18.845217014855095,6.262004577194118,3.492267906732541,5.3917715720325115,4.104270494228975,1.7931054387671583,1.543916937654762,5.295630072176709,3.0820544980856326,2.6185659015064253,3.5755166451669975,3.15537285023528,1.1770009287574426,1.365448409417556,7.569641128241245,3.517810662450144,3.648833836767449,3.0866170589089528,1.62774578314551,0.9640917673485015,0.8459187776123641,17.823859538770698,11.742939628491,28.78111210562638,32.222048985561145,32.96077700041588,0.4080085434292648,1.1195553829645832,2994,3.2755122121423588,0.3929691061011526,0.5671342685370742,0.5307281229124916,0.260187040748163,0.0768203072812291,12,4,999.9808306709238,4.9776357827475906,0.165921192758253,0.0333326943556974,0.6245742729892586,1.0053018402303062,3.341291131778884,0.0,0.0,0.0,0.0,0.0,0.0,0.0,0.0,0.0,0.0,0.0,0.0,67.0,7.0,0.04364820846905537,34.0,20.0,0.0,13.0,33.0,0.4925373134328358,0.0,0.19402985074626866,9.0,197.0,18.0,811.0,0.5283387622149837,12.787878787878787,2.0,0.0,0.0
subject_24_task_5_6,24,5_6,,5_6,303,1510.0,1540.0,0.8603239308144534,18.0,1.4259259259259258,eye,高,7.333333333333333,6,91.83333333333331,3.1885210782848317,88.0,96.0,-11.038798498122771,21.680508088603723,6.9363494626541735,3.565279600285233,5.623302258042651,4.608768087044132,1.9455274874091908,1.5772401854801992,5.353546136219731,3.0327513574228324,2.49060677347996,3.674118481175214,3.3664438204591356,1.2176757044570987,1.475190110416993,7.429596192109234,3.607831872175132,3.607049209018035,3.1935602826472325,1.731584955740087,1.0002169815579838,0.885366430450399,18.1043587367183,11.32815752773893,30.016690273372813,35.1658895340397,34.71246681304725,0.3773952899060262,1.1715445378478198,2994,3.317705945945946,0.398994929636897,0.5440881763527055,0.468937875751503,0.2732130928523714,0.1185704742818971,12,4,587.9913651670814,2.92686296520161,0.0975620988400536,0.019599712172236,0.6245742729892586,1.005301840230306,3.341291131778884,0.0,0.0,0.0,0.0,0.0,0.0,0.0,0.0,0.0,0.0,0.0,0.0,67.0,7.0,0.04350649350649351,34.0,20.0,0.0,13.0,33.0,0.4925373134328358,0.0,0.19402985074626866,9.0,202.0,18.0,811.0,0.5266233766233767,12.787878787878787,2.0,0.0,0.0
subject_24_task_5_6,24,5_6,,5_6,304,1515.0,1545.0,0.8631171903300847,18.0,1.4305555555555556,eye,高,7.333333333333333,5,91.2,3.1144823004794873,88.0,96.0,-7.358490566037927,22.332083220255072,6.5476622404979565,3.401709196381,5.364199833732281,4.017171163052181,1.924815397936973,1.5769131116319788,4.95657151592307,2.9950583544458493,2.456810161115976,3.6276270257750984,2.7440499841610784,1.2190841611813346,1.4765597615923622,7.323911290547208,3.5195829358652677,3.3921258743722955,3.292484884441498,1.7406413356767128,1.0375743902830723,0.9706257982100278,18.215758337594753,11.682260388018568,33.25733692256447,39.069154579497706,39.3365961345201,0.3512686663763621,1.17475294761169,2994,3.3177353048557867,0.4157442941887264,0.5223780895123581,0.448563794255177,0.2765531062124248,0.1442885771543086,12,4,176.00189966323882,0.8760901476556293,0.0292030049218543,0.0058667299887746,0.6245742729892586,1.005301840230306,3.341291131778884,0.0,0.0,0.0,0.0,0.0,0.0,0.0,0.0,0.0,0.0,0.0,0.0,67.0,7.0,0.04336569579288026,34.0,20.0,0.0,13.0,33.0,0.4925373134328358,0.0,0.19402985074626866,9.0,207.0,18.0,811.0,0.5249190938511327,12.787878787878787,2.0,0.0,0.0
subject_24_task_5_6,24,5_6,,5_6,305,1520.0,1550.0,0.8659104498457161,18.0,1.4351851851851851,eye,高,7.333333333333333,7,91.85714285714286,2.794552524023087,88.0,96.0,3.0878661087863675,24.326490554478656,7.358062126212106,3.3953940062193855,4.904566462427453,3.38207439223169,2.167071660235676,1.4444763857872451,5.15465303251002,2.995375805209226,2.3905205766702977,3.5227964105225964,2.233984604429484,1.2530223895338386,1.4736524106516666,7.64368298772064,3.714224355435582,3.9057890282483703,3.210449461539035,1.4893826314822594,0.950953655861259,0.8219720620647106,19.37137780037285,12.101277568056553,25.39908180417854,34.962655179462935,32.89156139491763,0.4764454739488144,1.3765322482528104,2994,3.358397790055249,0.4748558957560123,0.4929859719438877,0.4091516366065464,0.2788911155644623,0.1840347361389445,6,0,0.0,0.0,0.0,0.0,,,,0.0,0.0,0.0,0.0,0.0,0.0,0.0,0.0,0.0,0.0,0.0,0.0,67.0,7.0,0.043225806451612905,34.0,20.0,0.0,13.0,33.0,0.4925373134328358,0.0,0.19402985074626866,9.0,212.0,18.0,811.0,0.5232258064516129,12.787878787878787,2.0,0.0,0.0
subject_24_task_5_6,24,5_6,,5_6,306,1525.0,1555.0,0.8687037093613474,18.0,1.4398148148148149,eye,高,7.333333333333333,6,91.83333333333331,2.7868739954771304,88.0,95.0,17.680250783699112,23.684900864639378,6.814201902309523,3.172180745634284,4.840746888334716,3.440761907901729,2.148112749151376,1.5259997069829006,4.9814999899435355,3.097434185793999,2.3325225597131594,3.390725157341104,2.49529412246199,1.3279332167209157,1.453673038754265,7.693191657138224,3.6693814062976857,3.713023472947385,3.178390424555731,1.5765337238086634,0.9882462184880678,0.8560114008739987,17.41329310129022,12.251724237537736,24.82182090519664,33.26283835418864,32.59269666693992,0.4935868437827919,1.3400643925855094,2995,3.4167568756875686,0.4731689811713072,0.4280467445742905,0.3726210350584307,0.2908180300500835,0.1989983305509182,6,0,0.0,0.0,0.0,0.0,,,,0.0,0.0,0.0,0.0,0.0,0.0,0.0,0.0,0.0,0.0,0.0,0.0,67.0,7.0,0.043086816720257236,34.0,20.0,0.0,13.0,33.0,0.4925373134328358,0.0,0.19402985074626866,9.0,217.0,18.0,811.0,0.5215434083601286,12.787878787878787,2.0,0.0,0.0
subject_24_task_5_6,24,5_6,,5_6,307,1530.0,1560.0,0.8714969688769787,18.0,1.4444444444444444,eye,高,7.333333333333333,6,93.16666666666669,2.48327740429189,89.0,96.0,15.894523326572056,25.928806497265125,7.2447170800530865,3.2926306998486523,5.167032987105811,3.526257469427966,2.2002823093358432,1.569271946393295,5.2437517206001525,3.528221683462449,2.2196236996466547,3.3392069706238137,2.3854333920526223,1.5895584841809502,1.5044022872685072,7.819883811411851,3.7865125138857545,3.8329137861767815,3.5036808648503035,1.7796485003696,0.9878939953049894,0.9141037498641787,18.016083318199183,11.999206740967944,27.176001409820103,38.376202712858934,35.274596258976665,0.4415368751280681,1.4121357345452452,2995,3.4592095940959413,0.4494715706886779,0.3949916527545909,0.3606010016694491,0.2918196994991652,0.1986644407345576,6,0,0.0,0.0,0.0,0.0,,,,0.0,0.0,0.0,0.0,0.0,0.0,0.0,0.0,0.0,0.0,0.0,0.0,67.0,7.0,0.04294871794871795,34.0,20.0,0.0,13.0,33.0,0.4925373134328358,0.0,0.19402985074626866,9.0,222.0,18.0,811.0,0.5198717948717949,12.787878787878787,2.0,0.0,0.0
subject_24_task_5_6,24,5_6,,5_6,308,1535.0,1565.0,0.8742902283926101,18.0,1.4490740740740742,eye,高,7.333333333333333,6,94.33333333333331,1.632993161855452,92.0,96.0,10.640394088669828,23.753520795888605,6.427629495076736,3.2134091349759526,5.156367042342934,3.432572822488682,2.000252449996485,1.6046406871192025,4.95587658541239,3.3378463685599606,2.153268064688574,3.246088161943227,2.2918780042861884,1.5501304381452905,1.507516976253817,7.8901221459364,3.820393182370525,3.594305412707048,3.5256108876904193,1.8229714920549596,1.0629016579571071,0.9808879554937732,17.29120220630573,10.393915933854796,26.30282039370839,35.97144778198949,36.785445842257595,0.3951635519794299,1.3675889978168967,2995,3.3525447485207103,0.4434814894842196,0.4444073455759599,0.384974958263773,0.2757929883138564,0.1989983305509182,6,0,0.0,0.0,0.0,0.0,,,,0.0,0.0,0.0,0.0,0.0,0.0,0.0,0.0,0.0,0.0,0.0,0.0,67.0,7.0,0.04281150159744409,34.0,20.0,0.0,13.0,33.0,0.4925373134328358,0.0,0.19402985074626866,9.0,227.0,18.0,811.0,0.5182108626198083,12.787878787878787,2.0,0.0,0.0
subject_24_task_5_6,24,5_6,,5_6,309,1540.0,1570.0,0.8770834879082414,18.0,1.4537037037037035,eye,高,7.333333333333333,6,94.66666666666669,1.2110601416389968,93.0,96.0,4.949698189134915,23.766115091854257,6.5999497614603495,2.7880394516801537,4.4099463036013535,2.7994414305040287,2.367236861545495,1.5817374108331903,4.779466956503582,3.3410169799218816,1.7718347969147412,2.930318406480376,2.117159600086836,1.8856255593013096,1.6538327453456034,7.325671996974252,3.634068194209263,3.242996281301066,3.063662996090971,1.4966297091100895,1.1205896889746976,0.9447013595901664,15.854232702122276,10.686292624715524,16.830461390342975,27.901163170316497,27.436902064455797,0.6349375918385181,1.6577776760371936,2995,3.3144223512336715,0.4486957515433526,0.4958263772954925,0.4006677796327212,0.2717863105175292,0.1876460767946577,12,0,0.0,0.0,0.0,0.0,,,,0.0,0.0,0.0,0.0,0.0,0.0,0.0,0.0,0.0,0.0,0.0,0.0,67.0,7.0,0.04267515923566879,34.0,20.0,0.0,13.0,33.0,0.4925373134328358,0.0,0.19402985074626866,9.0,232.0,18.0,811.0,0.5165605095541401,12.787878787878787,2.0,0.0,0.0
subject_24_task_5_6,24,5_6,,5_6,310,1545.0,1575.0,0.8798767474238728,18.0,1.4583333333333333,eye,高,7.333333333333333,7,95.57142857142856,2.6367367999823097,93.0,101.0,12.428571428571413,20.528393992525892,5.601756027937683,2.6783691270091676,4.526086463852013,2.8144193451986195,2.0914802113900373,1.689866575226739,4.889830153563879,3.2410965562309593,1.6715968978581712,2.8974312923596486,2.0815532791759286,1.938922332521554,1.7333313408706057,7.560443508230616,3.539591571314383,3.0126064242019313,3.11322052354547,1.533709845591799,1.1749266491895154,1.0333976912932437,13.979138653045831,10.035331937368468,16.996187829128328,26.27031378140842,26.419960187877468,0.5904460481526194,1.5456591822541494,2995,3.2949190254389102,0.4651749498227118,0.5425709515859767,0.4450751252086811,0.2527545909849749,0.1662771285475793,12,0,0.0,0.0,0.0,0.0,,,,0.0,0.0,0.0,0.0,0.0,0.0,0.0,0.0,0.0,0.0,0.0,0.0,67.0,7.0,0.04253968253968254,34.0,20.0,0.0,13.0,33.0,0.4925373134328358,0.0,0.19402985074626866,9.0,237.0,18.0,811.0,0.5149206349206349,12.787878787878787,2.0,0.0,0.0
subject_24_task_5_6,24,5_6,,5_6,311,1550.0,1580.0,0.8826700069395041,18.0,1.462962962962963,eye,高,7.333333333333333,6,97.33333333333331,3.32665998663324,94.0,102.0,18.566243194192428,20.362037824456188,5.2783379265974775,2.522758368179064,4.160355023923346,2.6184087602952606,2.09228834325794,1.6491294118375297,4.660972400994616,3.21238118766034,1.5612069740153975,2.6493494209865194,1.8668095061616168,2.0576267215858963,1.696987949120185,6.983589123457683,3.442096450038421,2.6596032756965644,2.8742663820949472,1.3733243628510083,1.2942142467232889,1.080712453755781,12.14814683625456,9.316580789697188,14.366701700542883,23.60332040313265,25.310433683570523,0.648484320471771,1.6429185275170524,2995,3.210275947573503,0.4072484993186852,0.6193656093489148,0.5168614357262103,0.2377295492487479,0.1248747913188647,12,0,0.0,0.0,0.0,0.0,,,,0.0,0.0,0.0,0.0,0.0,0.0,0.0,0.0,0.0,0.0,0.0,0.0,67.0,7.0,0.04240506329113924,34.0,20.0,0.0,13.0,33.0,0.4925373134328358,0.0,0.19402985074626866,9.0,242.0,18.0,811.0,0.5132911392405063,12.787878787878787,2.0,0.0,0.0
subject_24_task_5_6,24,5_6,,5_6,312,1555.0,1585.0,0.8854632664551354,18.0,1.4675925925925926,eye,高,7.333333333333333,5,97.8,3.492849839314596,94.0,102.0,23.823529411764753,17.814719575742828,5.153939818745485,2.178672142212784,3.349281913998245,1.9106562303095824,2.3656335062469975,1.5373042364219716,4.8954380492052545,3.3650619986117056,1.5150835774828046,2.268028616040343,1.4081864118095255,2.221040508011115,1.4969660088379406,7.162038325364911,3.6851737598312817,2.423849196627343,2.2886087554260457,0.95788904516357,1.52038079141186,0.9442042675800634,13.072007438777652,9.232547896501446,8.714690380360246,16.288622590067508,18.388650283182137,1.059423512889025,1.869099403322023,2994,3.1961876560827687,0.4263143212851266,0.6619906479625919,0.5273881095524382,0.2338009352037408,0.1148964595858383,18,4,70.26013913558305,0.5841104203670799,0.0194703473455693,0.0023420046378527,0.4762470308788598,1.1943499675392708,3.258269524940617,0.0,0.0,0.0,0.0,0.0,0.0,0.0,0.0,0.0,0.0,0.0,0.0,67.0,7.0,0.04227129337539432,34.0,20.0,0.0,13.0,33.0,0.4925373134328358,0.0,0.19402985074626866,9.0,247.0,18.0,811.0,0.5116719242902208,12.787878787878787,2.0,0.0,0.0
subject_24_task_5_6,24,5_6,,5_6,313,1560.0,1590.0,0.8882565259707668,18.0,1.4722222222222223,eye,高,7.333333333333333,5,96.8,4.658325879540847,91.0,102.0,-6.095617529880399,17.521986599198833,5.739311605438689,2.126928560960523,3.281828067280206,1.8812275152373497,2.69840356219901,1.5429893262602712,4.8297317370693165,3.2129917657916693,1.503327226301392,2.3677588191368293,1.4433964567655018,2.1372537592474345,1.5750122646033506,6.818512441946842,3.660709611201386,2.4578035379846197,2.36558012653033,0.9587446179767762,1.4894232002787091,0.962477305435929,14.173142555803585,9.430610694759125,7.357547067852304,14.615973235102672,16.37575126693093,1.28176015835016,1.9865279963977351,2994,3.2486156316916484,0.44637335264543,0.6279225116900468,0.4906479625918504,0.2501670006680027,0.1376085504342017,12,4,148.15386323268189,1.2316829484902296,0.0410560982830076,0.004938462107756,0.4762470308788599,1.1943499675392713,3.258269524940618,0.0,0.0,0.0,0.0,0.0,0.0,0.0,0.0,0.0,0.0,0.0,0.0,67.0,7.0,0.04213836477987421,34.0,20.0,0.0,13.0,33.0,0.4925373134328358,0.0,0.19402985074626866,9.0,252.0,18.0,811.0,0.510062893081761,12.787878787878787,2.0,0.0,0.0
subject_24_task_5_6,24,5_6,,5_6,314,1565.0,1595.0,0.8910497854863981,18.0,1.476851851851852,eye,高,7.333333333333333,6,95.33333333333331,4.88535225614967,91.0,102.0,-16.666666666666572,15.520822029214887,5.356369288758761,2.0100294101076237,3.219141602948846,1.7582479647774485,2.664821351281603,1.6015395529841936,5.108214416550445,3.2986028915053165,1.5408687536336236,2.3870537088803485,1.557450761380564,2.1407422817333823,1.5491609543326,7.198150051079526,3.578361162914292,2.4525609889306694,2.4028570387560992,0.9429843943475344,1.459030449829701,0.9797338576292688,14.467053971937773,9.761035752025142,6.647253029110774,13.098874277797211,12.990638450465315,1.4684315023481074,1.9705695300648869,2994,3.324054867256637,0.4445556812330301,0.551436205744823,0.4488977955911823,0.2672010688042752,0.1399465597862391,12,4,226.0475873297808,1.8792554766133795,0.0626418492204459,0.0075349195776593,0.4762470308788598,1.1943499675392708,3.2582695249406175,0.0,0.0,0.0,0.0,0.0,0.0,0.0,0.0,0.0,0.0,0.0,0.0,67.0,7.0,0.04200626959247649,34.0,20.0,0.0,13.0,33.0,0.4925373134328358,0.0,0.19402985074626866,9.0,257.0,18.0,811.0,0.5084639498432602,12.787878787878787,2.0,0.0,0.0
subject_24_task_5_6,24,5_6,,5_6,315,1570.0,1600.0,0.8938430450020295,18.0,1.4814814814814814,eye,高,7.333333333333333,5,95.6,5.412947441089743,91.0,102.0,-35.020920502092125,12.737396262488176,5.249030636917632,2.2343969417555014,3.1945813971169543,1.77409920739469,2.349193439547774,1.4297286831260445,5.086732386354102,3.2465332556297835,1.8813039614700369,2.494594139687287,1.4510648232583705,1.7256824639294157,1.325992072933302,6.797156620037756,3.5309708477435273,2.9150194845241275,2.4759487318751896,0.9407253920988792,1.2113026573199572,0.8493763918286071,13.92287830934218,9.449462094118717,7.649746815935322,12.570054538099969,12.805328407089474,1.2352646854186564,1.6431987672997317,2994,3.343198666198666,0.4583300559124557,0.5571142284569138,0.4509018036072144,0.2692050768203072,0.125250501002004,12,4,303.9413114268797,2.5268280047365295,0.0842276001578843,0.0101313770475626,0.4762470308788598,1.1943499675392708,3.258269524940617,0.0,0.0,0.0,0.0,0.0,0.0,0.0,0.0,0.0,0.0,0.0,0.0,67.0,7.0,0.041875,34.0,20.0,0.0,13.0,33.0,0.4925373134328358,0.0,0.19402985074626866,9.0,262.0,18.0,811.0,0.506875,12.787878787878787,2.0,0.0,0.0
subject_24_task_5_6,24,5_6,,5_6,316,1575.0,1605.0,0.8966363045176609,18.0,1.4861111111111112,eye,高,7.333333333333333,6,94.83333333333331,4.119061381755153,91.0,102.0,-7.553956834532249,11.909151403314285,4.81207012155246,2.3581657868276213,3.3003819111828268,1.731647308149074,2.040598735013458,1.3995546579541993,5.751684789730246,3.2153703868816805,2.1535095999931664,2.624118866714886,1.584387706998399,1.4930838417863954,1.2185313066276615,7.876226395162288,3.4431957253388057,3.2706669377162267,2.4992000842557167,0.9403102589130192,1.0527503383585273,0.7641255229738575,15.584582211731629,9.303196900235074,7.531293291800274,12.45353245791966,11.601317286046363,1.2352721557616095,1.6535715680437637,2995,3.4040543401552577,0.455745448405343,0.4998330550918197,0.4026711185308848,0.281135225375626,0.1419031719532554,6,4,381.8350355239785,3.174400532859679,0.1058133510953226,0.0127278345174659,0.4762470308788598,1.1943499675392708,3.258269524940617,0.0,0.0,0.0,0.0,0.0,0.0,0.0,0.0,0.0,0.0,0.0,0.0,67.0,7.0,0.041744548286604365,34.0,20.0,0.0,13.0,33.0,0.4925373134328358,0.0,0.19402985074626866,9.0,267.0,18.0,811.0,0.5052959501557632,12.787878787878787,2.0,0.0,0.0
subject_24_task_5_6,24,5_6,,5_6,317,1580.0,1610.0,0.8994295640332922,18.0,1.4907407407407407,eye,高,7.333333333333333,6,94.0,2.6076809620810595,91.0,97.0,18.900000000000095,12.589648037866018,4.726823511832396,2.3409532372758357,3.4354343253848443,1.8115400901596344,2.0191874987357687,1.4675365020886342,5.11351710309284,2.887452927136643,2.2414707784108487,2.752802397481505,1.780002481124048,1.28819565927323,1.2281232590652724,6.939544770989195,3.216974665460672,3.2876563862081714,2.5431696009938136,0.969296537141388,0.9785008795189144,0.773550913551214,14.273060447104788,8.526927572627832,7.753464931629876,12.853582334593083,11.81130936505964,1.0997570309298303,1.6577855768918917,2995,3.5094129172714075,0.4207176765667604,0.3823038397328882,0.335559265442404,0.2884808013355592,0.1889816360601001,6,4,459.7287596210774,3.821973060982829,0.1273991020327609,0.0153242919873692,0.4762470308788598,1.1943499675392708,3.258269524940617,0.0,0.0,0.0,0.0,0.0,0.0,0.0,0.0,0.0,0.0,0.0,0.0,67.0,7.0,0.04161490683229813,34.0,20.0,0.0,13.0,33.0,0.4925373134328358,0.0,0.19402985074626866,9.0,272.0,18.0,811.0,0.5037267080745341,12.787878787878787,2.0,0.0,0.0
subject_24_task_5_6,24,5_6,,5_6,318,1585.0,1615.0,0.9022228235489236,18.0,1.4953703703703705,eye,高,7.333333333333333,6,94.0,2.6076809620810595,91.0,97.0,18.900000000000095,16.19660185429084,5.225498710893435,2.5548575960604896,4.7319026039920296,4.09921222779597,2.0453189715743805,1.8521199033904965,5.911693607335809,2.908641971919719,2.337656932810672,3.9581616800296247,3.8351087807593935,1.244255275911049,1.6932175224148678,8.08982444452105,3.196790358408407,3.320279961740998,2.8197353343681004,1.50523628132045,0.9628074726361812,0.8492462584057413,16.40566353286808,9.603051415058824,11.032161992630236,15.2551622613836,13.8976413764381,0.8704596090479731,1.3827899075062926,2995,3.517383758533956,0.4092713836478186,0.3235392320534224,0.3098497495826377,0.3028380634390651,0.193322203672788,6,4,467.3623445825932,3.8854351687388986,0.1295145056246299,0.0155787448194197,0.4762470308788599,1.1943499675392708,3.258269524940618,0.0,0.0,0.0,0.0,0.0,0.0,0.0,0.0,0.0,0.0,0.0,0.0,67.0,7.0,0.04148606811145511,34.0,20.0,0.0,13.0,33.0,0.4925373134328358,0.0,0.19402985074626866,9.0,277.0,18.0,811.0,0.5021671826625387,12.787878787878787,2.0,0.0,0.0
subject_24_task_5_6,24,5_6,,5_6,319,1590.0,1620.0,0.9050160830645548,18.0,1.5,eye,高,7.333333333333333,7,96.57142857142856,3.9096949095440023,92.0,102.0,22.383695170580445,17.81451883012719,5.349031144353975,2.703133013789384,6.167364103146902,6.6578794576973355,1.9788264643534657,2.2815614591237554,6.2878625641095,2.9917655338430955,2.506154159488952,5.490697496629784,5.326467136872255,1.1937675591565238,2.190885774460671,7.715731774120924,3.283243239777348,3.5275653493289023,3.3655718594543833,2.171745232182118,0.9307391684187976,0.9540778203002428,15.952954893932308,9.308877477288846,14.25258579667342,23.13450437761671,18.74991371176508,0.6531360421251808,1.623179450217121,2995,3.515984296930764,0.4115093807898755,0.3525876460767946,0.3282136894824707,0.3148580968280467,0.158931552587646,6,4,467.3623445825932,3.8854351687388986,0.1295145056246299,0.0155787448194197,0.4762470308788599,1.1943499675392708,3.258269524940618,4.0,1.0,0.13333333333333333,4.0,0.0,0.0,0.0,0.0,0.0,0.0,0.0,1.0,71.0,8.0,0.043827160493827164,38.0,20.0,0.0,13.0,33.0,0.4647887323943662,0.0,0.18309859154929578,10.0,2.0,19.0,1090.0,0.6728395061728395,16.057142857142857,2.0,4.0,0.06666666666666667
subject_24_task_5_6,24,5_6,,5_6,320,1595.0,1625.0,0.9078093425801862,18.0,1.5046296296296295,eye,高,7.333333333333333,5,98.4,2.8809720581775866,96.0,102.0,22.80442804428052,25.013231859501737,6.450545866537632,3.290419949973219,5.338545516234759,5.363802889740331,1.960402004792772,1.622451114873106,5.818955123229533,3.1696535320058037,2.8503936017375633,4.590685594832333,4.552140146913273,1.112005559538733,1.6105444497328054,7.672416876651251,3.384696361791544,4.158020211741757,3.1114586493612766,1.8475580741903423,0.8140163321557606,0.7483029160307796,17.22217773265252,10.648495686264711,15.257974496118385,23.53656524741163,20.4354598848149,0.6978970694290831,1.542574687970498,2995,3.547007486631016,0.4130770510287199,0.3378964941569282,0.3021702838063439,0.3335559265442404,0.1595993322203673,6,4,467.3623445825932,3.8854351687388986,0.1295145056246299,0.0155787448194197,0.4762470308788599,1.1943499675392708,3.258269524940618,4.0,1.0,0.13333333333333333,4.0,0.0,0.0,0.0,0.0,0.0,0.0,0.0,1.0,71.0,8.0,0.04369230769230769,38.0,20.0,0.0,13.0,33.0,0.4647887323943662,0.0,0.18309859154929578,10.0,7.0,19.0,1090.0,0.6707692307692308,16.057142857142857,2.0,4.0,0.06666666666666667
subject_24_task_5_6,24,5_6,,5_6,321,1600.0,1630.0,0.9106026020958176,18.0,1.5092592592592593,eye,高,7.333333333333333,7,98.28571428571428,2.3603873774083293,96.0,102.0,5.703422053231836,28.366482854534652,6.743088167041766,3.4539102610332417,6.316618062161566,6.810908385671023,1.9523055486173988,1.8288309726587804,6.193128562899126,3.0467059048067697,2.777794099907862,5.489693590456073,5.289696593107873,1.0968076809248848,1.9762780800197408,7.627122958623999,3.391549700871816,4.170107899067164,3.4655901361856505,2.248266621981166,0.8133002269870504,0.831055267649283,20.121454120470293,9.9951073159207,16.20562749806764,27.43314075507284,22.78861133374794,0.616767682529573,1.692815706046802,2995,3.574646380986676,0.3945049723126962,0.2747913188647746,0.2767946577629382,0.3392320534223706,0.1749582637729549,6,4,467.3623445825932,3.8854351687388986,0.1295145056246299,0.0155787448194197,0.4762470308788599,1.1943499675392708,3.258269524940618,4.0,1.0,0.13333333333333333,4.0,0.0,0.0,0.0,0.0,0.0,0.0,0.0,1.0,71.0,8.0,0.043558282208588955,38.0,20.0,0.0,13.0,33.0,0.4647887323943662,0.0,0.18309859154929578,10.0,12.0,19.0,1090.0,0.6687116564417178,16.057142857142857,2.0,4.0,0.06666666666666667
subject_24_task_5_6,24,5_6,,5_6,322,1605.0,1635.0,0.9133958616114488,18.0,1.5138888888888888,eye,高,7.333333333333333,6,99.16666666666669,1.9407902170679512,97.0,102.0,-1.2086330935251104,28.909496856280818,7.258018517303627,3.3369006536492285,5.596568082599632,5.73712714558486,2.175077795428603,1.677175518090188,5.607146537964199,3.170192554938686,2.4211296236987,4.865800105025869,4.796855500608777,1.309385719751618,2.0097230885112656,7.2420203468252,3.501199717769982,3.6872301764743063,3.3370621356205667,2.0753045234574827,0.9495473703021694,0.9050322263340318,20.65427754322479,10.878389464166244,17.373526494540446,26.960677368698217,25.206255740561662,0.626147458754832,1.5518252657093243,2994,3.542274128440367,0.3731450048570929,0.2568470273881095,0.2578490313961256,0.3390113560454242,0.1973947895791583,6,4,460.1649644760215,3.825599467140321,0.1275199822380107,0.0153388321492007,0.4762470308788599,1.1943499675392708,3.2582695249406175,7.0,1.0,0.23333333333333334,4.0,0.0,2.0,1.0,3.0,0.42857142857142855,0.2857142857142857,0.14285714285714285,1.0,74.0,8.0,0.04525993883792049,38.0,20.0,2.0,14.0,36.0,0.4864864864864865,0.02702702702702703,0.1891891891891892,10.0,1.0,20.0,1103.0,0.674617737003058,15.616438356164384,2.0,7.0,0.11666666666666667
subject_24_task_5_6,24,5_6,,5_6,323,1610.0,1640.0,0.9161891211270802,18.0,1.5185185185185186,eye,高,7.333333333333333,6,99.33333333333331,1.7511900715418265,98.0,102.0,-10.38615179760316,30.842900026924415,7.725718867170083,3.559093352639592,7.903010223892726,9.98718163006297,2.170698574523291,2.2205122037699514,8.891948552585825,3.9446379895306625,2.6388452185336413,6.699159693913205,8.803943326041347,1.4948349231800062,2.538670948512777,7.956544080850591,3.8754340462387225,3.769531904691446,4.071350731732428,3.2515112056384794,1.028094241997388,1.0800679858062343,22.660575300396538,11.354582896214696,19.02643557393223,31.122437248337036,30.977729418678063,0.5967792996272724,1.6357471228598024,2994,3.5049074858757066,0.3564021011504428,0.2464929859719438,0.2869071476285905,0.3450233800935203,0.157314629258517,6,4,382.2712403789226,3.1780269390171716,0.1059342313005723,0.0127423746792974,0.4762470308788598,1.1943499675392713,3.258269524940618,9.0,1.0,0.3,4.0,0.0,4.0,1.0,5.0,0.5555555555555556,0.4444444444444444,0.1111111111111111,1.0,76.0,8.0,0.046341463414634146,38.0,20.0,4.0,14.0,38.0,0.5,0.05263157894736842,0.18421052631578946,10.0,4.0,20.0,1103.0,0.6725609756097561,15.226666666666667,2.0,9.0,0.15
subject_24_task_5_6,24,5_6,,5_6,324,1615.0,1645.0,0.9189823806427116,18.0,1.523148148148148,eye,高,7.333333333333333,6,99.33333333333331,1.7511900715418265,98.0,102.0,-10.38615179760316,28.035144241329604,7.109370958155661,3.1750511306518656,4.814956856240704,4.3299321152853105,2.2391358959614753,1.51649742259494,6.030481889909538,3.463523900413557,2.4518876226113817,3.823332057217522,4.111135878961387,1.4125948793382026,1.5593422887568902,6.79941456820966,3.564108429072681,3.673464626410695,3.35733737552023,1.9822294538346228,0.970230774361678,0.9139430257153855,19.570081885571607,10.880472145095013,16.82998907129366,28.58159021626285,31.01570366018337,0.6464931200492259,1.6982536408780855,2994,3.498339864624154,0.3320903908807148,0.2481629926519706,0.3279893119572478,0.3236472945891783,0.158316633266533,6,4,304.3775162818237,2.5304544108940217,0.084348480363134,0.0101459172093941,0.4762470308788598,1.1943499675392708,3.258269524940618,9.0,1.0,0.3,4.0,0.0,4.0,1.0,5.0,0.5555555555555556,0.4444444444444444,0.1111111111111111,1.0,76.0,8.0,0.046200607902735565,38.0,20.0,4.0,14.0,38.0,0.5,0.05263157894736842,0.18421052631578946,10.0,9.0,20.0,1103.0,0.670516717325228,15.226666666666667,2.0,9.0,0.15
subject_24_task_5_6,24,5_6,,5_6,325,1620.0,1650.0,0.9217756401583428,18.0,1.5277777777777777,eye,高,7.333333333333333,6,98.16666666666669,0.408248290463863,98.0,99.0,-0.6726457399103279,25.53290340391766,6.561187652698948,3.225057886257076,5.593900691807189,5.694287581937754,2.0344402749042443,1.734511717028228,7.283592624478525,3.631511969599245,2.3502808066865364,4.392025145650215,5.732450363521687,1.54513961024045,1.8687235725854232,6.911117121810011,3.4726051592799427,3.557158830609631,3.740101519009728,2.412883027659199,0.9762299983340365,1.0514294404921871,18.497638802003053,10.799550807911572,18.693753719414214,30.180183948219593,34.402626258249505,0.5777090556561577,1.6144528488612888,2994,3.488951428571429,0.3097540054728868,0.2715430861723447,0.3420173680694723,0.303941215764863,0.1653306613226453,12,4,256.2823269832588,2.255363567752546,0.0751787855917515,0.0085427442327752,0.4208726947340612,1.1772210849355895,3.290917678407323,5.0,1.0,0.16666666666666666,0.0,0.0,4.0,1.0,5.0,1.0,0.8,0.2,1.0,76.0,8.0,0.04606060606060606,38.0,20.0,4.0,14.0,38.0,0.5,0.05263157894736842,0.18421052631578946,10.0,14.0,20.0,1103.0,0.6684848484848485,15.226666666666667,2.0,9.0,0.15
subject_24_task_5_6,24,5_6,,5_6,326,1625.0,1655.0,0.9245688996739744,18.0,1.5324074074074074,eye,高,7.333333333333333,7,97.85714285714286,0.8997354108424375,96.0,99.0,-3.163097199341118,22.445466164377496,6.585408998276751,2.518205009967101,5.086228303852057,4.623348712280385,2.6151202829839444,2.0197832518483096,6.004220333092632,3.509548887705742,1.7036991157676191,3.971093880808354,4.339239923149312,2.059958155301665,2.330865728611438,6.8247035429496306,3.5383588357584355,2.4465900669045104,3.5925923557089563,2.154466690679464,1.4462409880684504,1.4684079708761335,15.77848983791428,10.832093465844771,18.075736872040107,28.85301305016801,34.324562959145354,0.5992615151750776,1.5962288704699168,2994,3.4406123253314225,0.3856467874059918,0.3142952571810287,0.3503674014696059,0.2972611890447562,0.177688710754843,12,4,228.59006808762484,2.2353093546477076,0.0745103118215902,0.0076196689362541,0.5514648676841983,1.0617813409063,3.3565381776107746,5.0,1.0,0.16666666666666666,0.0,0.0,4.0,1.0,5.0,1.0,0.8,0.2,1.0,76.0,8.0,0.045921450151057405,38.0,20.0,4.0,14.0,38.0,0.5,0.05263157894736842,0.18421052631578946,10.0,19.0,20.0,1103.0,0.6664652567975831,15.226666666666667,2.0,9.0,0.15
subject_24_task_5_6,24,5_6,,5_6,327,1630.0,1660.0,0.9273621591896056,18.0,1.537037037037037,eye,高,7.333333333333333,6,97.5,1.224744871391589,96.0,99.0,-6.299999999999914,25.168491649380744,6.8379840373101235,2.6914236053388776,5.589052511348819,5.889561070631489,2.5406569310553224,2.076615698941639,7.554431025627694,3.791665649199056,1.7747503251580283,4.377824109089985,5.886391942279407,2.1364501786252306,2.466726754198607,7.184252804578323,3.532845937700203,2.361610578122188,3.6068351427660152,2.4097555751646005,1.4959477106125223,1.527277687599941,15.820307621530352,11.619210645540752,16.918800912761036,27.277151654961653,31.707598712635257,0.6867632467249462,1.6122390585249935,2995,3.3452341411261584,0.3999878737775482,0.4330550918196995,0.4263772954924875,0.2674457429048414,0.1565943238731218,12,4,150.69634399052595,1.587736826524558,0.0529245608841519,0.0050232114663508,0.6762883868993773,0.8995118404903211,3.407332451153098,5.0,1.0,0.16666666666666666,0.0,0.0,4.0,1.0,5.0,1.0,0.8,0.2,1.0,76.0,8.0,0.04578313253012048,38.0,20.0,4.0,14.0,38.0,0.5,0.05263157894736842,0.18421052631578946,10.0,24.0,20.0,1103.0,0.6644578313253012,15.226666666666667,2.0,9.0,0.15
subject_24_task_5_6,24,5_6,,5_6,328,1635.0,1665.0,0.9301554187052368,18.0,1.5416666666666667,eye,高,7.333333333333333,6,97.16666666666669,0.983192080250175,96.0,98.0,-4.7107438016528596,23.60857549702225,6.508404008432118,2.443136774540649,4.839092340947214,4.3460730976960305,2.663954010374965,1.980688265746827,6.565348076108351,3.492286544633077,1.7057840431772924,3.9150371434340383,4.178995315699044,2.047320443992512,2.295154043147023,7.096541874480195,3.4945723919296823,2.6686184812580596,3.6037695595034434,1.9836622317538528,1.3095061794978822,1.3504251674838617,16.304127815726332,11.0462964309175,15.203464849765007,25.999603496317647,28.714555118482497,0.7265644075263697,1.710110409254474,2995,3.374095982936367,0.4243369818211004,0.4590984974958264,0.4203672787979967,0.2858096828046744,0.1469115191986644,12,1,79.99999999999886,0.9999999999999858,0.0333333333333328,0.0026666666666666,1.0,-1.000088900581841e-12,3.5390599999999997,2.0,1.0,0.06666666666666667,0.0,0.0,2.0,0.0,2.0,1.0,1.0,0.0,1.0,76.0,8.0,0.04564564564564565,38.0,20.0,4.0,14.0,38.0,0.5,0.05263157894736842,0.18421052631578946,10.0,29.0,20.0,1103.0,0.6624624624624624,15.226666666666667,2.0,9.0,0.15
subject_24_task_5_6,24,5_6,,5_6,329,1640.0,1670.0,0.9329486782208682,18.0,1.5462962962962965,eye,高,7.333333333333333,5,97.0,1.0,96.0,98.0,-6.02678571428579,18.764222790206745,5.8360634133752285,2.4517111965328713,4.20112235333398,2.9561266302411773,2.3804041118825072,1.7135469949621585,5.878698939443015,3.233821579066761,1.5835941223531596,3.2810523837486247,2.238293694242632,2.0420772806743104,2.0719023501256166,7.007709522291825,3.2910322382353776,2.5627516978630656,3.1948355253177394,1.484440925234322,1.2841791270608012,1.2466426333779168,15.167904252705409,11.65295102798279,16.683226491019276,28.405098893875987,28.296009366167752,0.6984830562754556,1.702614234073169,2995,3.4193143061006066,0.4630109347077359,0.5388981636060101,0.4036727879799666,0.3028380634390651,0.1559265442404006,12,1,79.99999999999886,0.9999999999999858,0.0333333333333328,0.0026666666666666,1.0,-1.000088900581841e-12,3.5390599999999997,0.0,0.0,0.0,0.0,0.0,0.0,0.0,0.0,0.0,0.0,0.0,0.0,76.0,8.0,0.045508982035928146,38.0,20.0,4.0,14.0,38.0,0.5,0.05263157894736842,0.18421052631578946,10.0,34.0,20.0,1103.0,0.6604790419161677,15.226666666666667,2.0,9.0,0.15
subject_24_task_5_6,24,5_6,,5_6,330,1645.0,1675.0,0.9357419377364996,18.0,1.5509259259259258,eye,高,7.333333333333333,7,96.71428571428572,0.951189731211342,96.0,98.0,-4.150251946862154,17.54248530848756,5.9521543892747735,2.4795309335909996,4.370600395284204,3.102848922170552,2.400516286624632,1.7626722603353242,5.76126344652227,3.2706655280102943,1.6753706014303622,3.4567978398552905,2.428165678009685,1.9522042019944337,2.0633033890555437,6.941799514718623,3.578455202485804,2.6044779188625578,3.2099704680449364,1.5177705433162794,1.373962580588361,1.232481352518747,15.791334189757544,10.961015671889422,19.195510918703647,33.37197868735188,31.363163145213637,0.5710197409337654,1.738530369349795,2995,3.4819022048364157,0.493464521280385,0.5752921535893155,0.4070116861435726,0.2958263772954925,0.1585976627712854,12,1,79.99999999999886,0.9999999999999858,0.0333333333333328,0.0026666666666666,1.0,-1.000088900581841e-12,3.5390599999999997,0.0,0.0,0.0,0.0,0.0,0.0,0.0,0.0,0.0,0.0,0.0,0.0,76.0,8.0,0.04537313432835821,38.0,20.0,4.0,14.0,38.0,0.5,0.05263157894736842,0.18421052631578946,10.0,39.0,20.0,1103.0,0.6585074626865671,15.226666666666667,2.0,9.0,0.15
subject_24_task_5_6,24,5_6,,5_6,331,1650.0,1680.0,0.938535197252131,18.0,1.5555555555555556,eye,高,7.333333333333333,6,96.66666666666669,1.2110601416389968,96.0,99.0,4.525714285714409,15.235547568963051,5.917108328769711,2.6742483573218014,4.286569805743619,3.068643533415921,2.2126248344022765,1.6029063994776165,6.327182327133495,3.4153993132920255,1.8201923443918289,3.3145751157723677,2.3790591322675483,1.876394724884526,1.8210026681987004,7.33884609852326,3.703197297189904,2.756990440463781,2.9574066838759085,1.4752743036888425,1.3432028065236787,1.0726938477807757,15.84722037216283,10.95196355503428,18.36972578598929,33.126876189141534,33.53388038006128,0.5961963549498064,1.8033408105856223,2995,3.5214654132671157,0.5139779909906452,0.5559265442404007,0.3986644407345576,0.3065108514190317,0.1575959933222036,17,1,50.201465201464934,0.6275183150183117,0.020917277167277,0.0016733821733821,1.0,-1.000088900581841e-12,3.53906,0.0,0.0,0.0,0.0,0.0,0.0,0.0,0.0,0.0,0.0,0.0,0.0,76.0,8.0,0.04523809523809524,38.0,20.0,4.0,14.0,38.0,0.5,0.05263157894736842,0.18421052631578946,10.0,44.0,20.0,1103.0,0.656547619047619,15.226666666666667,2.0,5.0,0.08333333333333333
subject_24_task_5_6,24,5_6,,5_6,332,1655.0,1685.0,0.9413284567677624,18.0,1.5601851851851851,eye,高,7.333333333333333,6,97.0,1.2649110640673518,96.0,99.0,5.211428571428545,17.554829393073007,6.14575625254172,2.9097860893350864,5.130799729436129,3.2754116623441365,2.112098987299126,1.7632910364928458,6.151894955372594,3.1288440016368657,2.202548770684944,3.8705103373002503,2.6452204740622793,1.4205560590896085,1.757287007132472,7.734802588989465,3.6093837297215385,3.216532580775956,3.342151739410496,1.6096114445958405,1.1221349820280109,1.0390542161411078,18.945569694364497,10.763618673925391,27.048224332752408,41.856673563090304,40.05036497676369,0.397941785069116,1.5474832302542871,2995,3.517538926413082,0.4642263524678339,0.5903171953255426,0.403338898163606,0.3061769616026711,0.1459098497495826,11,0,0.0,0.0,0.0,0.0,,,,4.0,1.0,0.13333333333333333,0.0,0.0,4.0,0.0,4.0,1.0,1.0,0.0,1.0,80.0,9.0,0.04747774480712166,38.0,20.0,8.0,14.0,42.0,0.525,0.1,0.175,10.0,1.0,21.0,1149.0,0.6818991097922849,15.063291139240507,2.0,9.0,0.15
subject_24_task_5_6,24,5_6,,5_6,333,1660.0,1690.0,0.9441217162833936,18.0,1.5648148148148149,eye,高,7.333333333333333,6,97.83333333333331,1.9407902170679516,96.0,101.0,9.287579261469574,17.6086026720696,5.971187208005462,3.057087313615712,5.090261694113678,3.549306603613816,1.9532275644895316,1.6650691236205704,6.079969823322646,3.3575908875951015,2.4906536896608,3.681105036540434,2.634697825073095,1.3480761703375828,1.4779674315307,7.811838123779562,3.6476294807603473,3.494307876083664,3.2647247772656263,1.731435837532601,1.0438775317212523,0.934297976320464,17.459895913399478,11.915983721303318,29.582726594600327,46.24921420347687,45.44527180011922,0.4028020771918406,1.5633857837809528,2994,3.5550803127221036,0.4366216887165653,0.5781563126252505,0.3784235136940548,0.3229792919171677,0.1479625918503674,11,0,0.0,0.0,0.0,0.0,,,,4.0,1.0,0.13333333333333333,0.0,0.0,4.0,0.0,4.0,1.0,1.0,0.0,1.0,80.0,9.0,0.047337278106508875,38.0,20.0,8.0,14.0,42.0,0.525,0.1,0.175,10.0,6.0,21.0,1149.0,0.6798816568047338,15.063291139240507,2.0,9.0,0.15
subject_24_task_5_6,24,5_6,,5_6,334,1665.0,1695.0,0.946914975799025,18.0,1.5694444444444444,eye,高,7.333333333333333,5,98.0,2.1213203435596424,96.0,101.0,16.01941747572805,21.420412486229967,6.751446493334515,3.647335063568528,5.597222948993984,3.778992626547529,1.8510628652605736,1.534606185459062,5.342700786228625,2.967149389976034,2.6909499274183606,3.9449357670852905,2.8744628777952457,1.1026401345277552,1.4660011793195933,7.67746801790796,3.61643193686493,3.8181654096200073,3.460989867754289,1.846528835632364,0.9471648157916882,0.9064536227357248,15.45622893844577,11.340135424525135,34.55947507051849,50.9698813067075,47.788422364816235,0.3281339025371661,1.4748453558019512,2994,3.5070665499124343,0.4532286833793868,0.6219104876419506,0.4325317301269205,0.3046092184368738,0.1255845023380093,16,1,16.762101281058538,0.2095262660132317,0.0069842088671077,0.0005587367093686,1.0,-1.000088900581841e-12,3.58382,4.0,1.0,0.13333333333333333,0.0,0.0,4.0,0.0,4.0,1.0,1.0,0.0,1.0,80.0,9.0,0.0471976401179941,38.0,20.0,8.0,14.0,42.0,0.525,0.1,0.175,10.0,11.0,21.0,1149.0,0.6778761061946903,15.063291139240507,2.0,6.0,0.1
subject_24_task_5_6,24,5_6,,5_6,335,1670.0,1700.0,0.9497082353146564,18.0,1.5740740740740742,eye,高,7.333333333333333,7,97.71428571428572,1.7994708216848745,96.0,101.0,2.290524667188581,22.709890039777296,6.996953153131318,3.76612651432504,5.114874872844732,3.554666719044034,1.8578646061191344,1.3581261419098698,4.884666456176217,2.9188989011724527,2.7316713804879647,3.746779944652335,2.8516776716787837,1.0685395476270807,1.3716071308632445,7.418883556435903,3.4717243218821423,3.7550053825529464,3.4358992523616476,1.8784206976287616,0.9245590799983868,0.9150184626434956,14.389663109437778,11.39503705124289,34.741683858869415,45.6121378345527,43.70866164366034,0.3279932284667826,1.3128936991034217,2994,3.522073806078147,0.4551906947252376,0.5551102204408818,0.4118236472945892,0.2942551770207081,0.1486305945223781,16,1,51.15295331441766,0.6394119164302208,0.021313730547674,0.0017050984438139,1.0,-1.000088900581841e-12,3.58382,5.0,1.0,0.16666666666666666,0.0,0.0,5.0,0.0,5.0,1.0,1.0,0.0,1.0,81.0,9.0,0.04764705882352941,38.0,20.0,9.0,14.0,43.0,0.5308641975308642,0.1111111111111111,0.1728395061728395,10.0,3.0,22.0,1162.0,0.6835294117647058,15.0375,2.0,5.0,0.08333333333333333
subject_24_task_5_6,24,5_6,,5_6,336,1675.0,1705.0,0.9525014948302876,18.0,1.5787037037037035,eye,高,7.333333333333333,6,98.0,1.7888543819998317,96.0,101.0,-8.000000000000043,21.909705595128745,6.903088366721523,3.832276425872105,5.397909734682039,3.4584246710012403,1.8013023069312124,1.408538720808389,4.965552815931541,3.0903517518304287,2.9668611677187893,3.74559525517362,2.757759057658775,1.041623310674355,1.2624774276356172,7.730620868927001,3.6619910523745345,4.2819015239706,3.597206137771888,1.869156974610708,0.8552254254037063,0.8400954850629552,15.137354160397049,12.176622970739336,34.166663246895894,46.54471841824337,41.36694436050232,0.3563890006685275,1.362284577861786,2994,3.5422358252076567,0.484824167744746,0.5597862391449566,0.3857715430861723,0.3179692718770875,0.1372745490981964,10,1,79.99999999999902,0.9999999999999878,0.0333333333333329,0.0026666666666666,1.0,-1.000088900581841e-12,3.58382,9.0,1.0,0.3,0.0,4.0,5.0,0.0,9.0,1.0,0.5555555555555556,0.0,1.0,85.0,9.0,0.04985337243401759,38.0,24.0,9.0,14.0,47.0,0.5529411764705883,0.10588235294117647,0.16470588235294117,10.0,2.0,22.0,1162.0,0.681524926686217,14.392857142857142,2.0,9.0,0.15
subject_24_task_5_6,24,5_6,,5_6,337,1680.0,1710.0,0.955294754345919,18.0,1.5833333333333333,eye,高,7.333333333333333,5,97.8,1.9235384061671343,96.0,101.0,-10.5,22.134344102188127,6.251853240656909,3.590371396479779,5.022481968060437,3.46484807166204,1.7412831571649134,1.398875328882351,4.569922707455701,3.097329326045473,2.7881185213695576,3.5741695562159452,2.7418042352495093,1.110903034539589,1.2819288451411563,7.361029106426914,3.572750324044822,3.9254814194453775,3.477490560253405,1.9435218795447793,0.910143226343333,0.88587619929296,13.105415384009648,10.953445274002624,34.018671839086046,46.25909350081075,42.499806799202965,0.3219833309723036,1.3598148016954903,2995,3.508611111111111,0.4896445216323063,0.5475792988313857,0.3706176961602671,0.3035058430717863,0.1686143572621035,16,1,79.99999999999902,0.9999999999999878,0.0333333333333329,0.0026666666666666,1.0,-1.000088900581841e-12,3.58382,9.0,1.0,0.3,0.0,4.0,5.0,0.0,9.0,1.0,0.5555555555555556,0.0,1.0,85.0,9.0,0.049707602339181284,38.0,24.0,9.0,14.0,47.0,0.5529411764705883,0.10588235294117647,0.16470588235294117,10.0,7.0,22.0,1162.0,0.6795321637426901,14.392857142857142,2.0,9.0,0.15
subject_24_task_5_6,24,5_6,,5_6,338,1685.0,1715.0,0.9580880138615504,18.0,1.587962962962963,eye,高,7.333333333333333,5,99.4,4.159326868617084,96.0,106.0,11.906779661016914,22.638224698618977,6.553546872270557,3.6211126959731743,4.510948000155371,3.278515392377779,1.809815772803307,1.245735324717104,4.357472392660213,3.222044484815164,2.5074816307159336,3.4862140933071633,2.6378444008901147,1.2849723185789437,1.3903248783967297,6.938063484205621,3.640621783721351,3.646982643624548,3.3624263144908477,1.8204494304644845,0.9982558568206196,0.921974860606714,11.07302265153692,11.417803982858574,28.422143765874026,39.80587602994539,39.93080551835166,0.4017221247247273,1.4005233510126571,2995,3.465754249815225,0.513130344362334,0.5545909849749583,0.3963272120200334,0.2898163606010017,0.160601001669449,11,1,79.99999999999902,0.9999999999999878,0.0333333333333329,0.0026666666666666,1.0,-1.000088900581841e-12,3.58382,5.0,1.0,0.16666666666666666,0.0,4.0,1.0,0.0,5.0,1.0,0.2,0.0,1.0,85.0,9.0,0.04956268221574344,38.0,24.0,9.0,14.0,47.0,0.5529411764705883,0.10588235294117647,0.16470588235294117,10.0,12.0,22.0,1162.0,0.6775510204081633,14.392857142857142,2.0,9.0,0.15
subject_24_task_5_6,24,5_6,,5_6,339,1690.0,1720.0,0.9608812733771817,18.0,1.5925925925925926,eye,高,7.333333333333333,5,99.2,4.08656334834051,96.0,106.0,19.852941176470537,25.59867051263009,6.773952501636847,3.419581414364166,4.272877349007168,3.1102399175510995,1.98093031889296,1.2495322763946135,4.377684353732275,3.238770616796767,2.329858799790816,3.411783340335733,2.6071613972224523,1.390114549897855,1.464373437841837,7.0664410182401465,3.5090997611149297,3.3681919909592866,3.1882828027691517,1.6606459444822597,1.0418348391463017,0.9465858274489586,13.332840319294355,9.826343295903714,25.75472450729406,36.86123164076317,37.18023003462687,0.3815355622662851,1.4312415428991916,2995,3.411029368575623,0.5420417900050054,0.5515859766277128,0.41669449081803,0.2808013355592654,0.1529215358931552,11,1,79.99999999999902,0.9999999999999878,0.0333333333333329,0.0026666666666666,1.0,-1.000088900581841e-12,3.58382,5.0,1.0,0.16666666666666666,0.0,4.0,1.0,0.0,5.0,1.0,0.2,0.0,1.0,85.0,9.0,0.04941860465116279,38.0,24.0,9.0,14.0,47.0,0.5529411764705883,0.10588235294117647,0.16470588235294117,10.0,17.0,22.0,1162.0,0.6755813953488372,14.392857142857142,2.0,9.0,0.15
subject_24_task_5_6,24,5_6,,5_6,340,1695.0,1725.0,0.963674532892813,18.0,1.5972222222222223,eye,高,7.333333333333333,7,98.42857142857144,3.598941643369749,96.0,106.0,2.0465890183028193,23.58731752777943,6.2748138540509695,3.135590291048702,4.154924426258159,3.1053914987127293,2.001158720246053,1.3250852441147658,4.868650504470305,3.1666263600338707,2.2447312663588335,3.1913932200652133,2.4316501856396022,1.41069285552851,1.4217261851758118,6.604286958133411,3.3970234189946247,3.072575179740981,3.121820917328691,1.653118726364236,1.1055948903684742,1.0160275126585712,13.45505349626255,10.69633085499163,26.405651541612524,37.56161865163557,39.88110750334375,0.4050773311968969,1.4224840690805307,2995,3.4385313531353137,0.5305014879452695,0.5662771285475793,0.3986644407345576,0.2898163606010017,0.1492487479131886,17,1,63.237898718940485,0.790473733986756,0.0263491244662252,0.002107929957298,1.0,-1.000088900581841e-12,3.58382,5.0,1.0,0.16666666666666666,0.0,4.0,1.0,0.0,5.0,1.0,0.2,0.0,1.0,85.0,9.0,0.04927536231884058,38.0,24.0,9.0,14.0,47.0,0.5529411764705883,0.10588235294117647,0.16470588235294117,10.0,22.0,22.0,1162.0,0.673623188405797,14.392857142857142,2.0,9.0,0.15
subject_24_task_5_6,24,5_6,,5_6,341,1700.0,1730.0,0.9664677924084444,18.0,1.601851851851852,eye,高,7.333333333333333,6,98.83333333333331,3.816630276391291,96.0,106.0,-4.983870967741877,24.680474869309887,6.634561649761404,2.742836958862053,4.1016431607900685,2.8631722277842733,2.4188684013190302,1.4954017399895896,4.968017831113812,3.2705689492939025,1.9926867757300744,3.155419542390001,2.279262434660944,1.6412860210283884,1.583500016571309,7.016766265118553,3.293944567351614,2.749372536257373,3.1031802804883837,1.594721140001509,1.198071386802877,1.128686723812495,14.459838583534824,10.946507654434008,22.4907712923908,37.01055504467109,37.79502120871515,0.486711083053763,1.6455885199985427,2995,3.3575531763026407,0.5045790786565546,0.666110183639399,0.4497495826377296,0.2831385642737896,0.1071786310517529,17,1,28.84704668558136,0.360588083569767,0.0120196027856589,0.0009615682228527,1.0,-1.000088900581841e-12,3.58382,4.0,1.0,0.13333333333333333,0.0,4.0,0.0,0.0,4.0,1.0,0.0,0.0,1.0,85.0,9.0,0.049132947976878616,38.0,24.0,9.0,14.0,47.0,0.5529411764705883,0.10588235294117647,0.16470588235294117,10.0,27.0,22.0,1162.0,0.6716763005780347,14.392857142857142,2.0,9.0,0.15
subject_24_task_5_6,24,5_6,,5_6,342,1705.0,1735.0,0.9692610519240756,18.0,1.6064814814814814,eye,高,7.333333333333333,6,99.33333333333331,3.559026084010437,96.0,106.0,-16.280487804878113,25.81379261544243,6.299571773599155,2.592197980390308,3.9572544612628016,2.8557556688154566,2.430204722499871,1.5266019382774754,5.570287748844127,2.9676373860165697,1.738934698086289,3.0690564274665832,2.3371926361029467,1.7065835705518313,1.7649060835027923,7.263514244696662,3.029365213965728,2.573436782595445,3.104785334004463,1.556384327350257,1.1771671386893194,1.2064742973297853,13.383571007169444,12.256189705326683,17.396434260578626,33.02255134740721,35.77276391723206,0.7045230948907704,1.89823677960479,2995,3.238972192513369,0.4166131195492211,0.7111853088480802,0.4981636060100167,0.2590984974958263,0.1038397328881469,18,2,44.54854963911393,0.3712379136592827,0.012374597121976,0.0014849516546371,0.6666666666666666,0.6365141682928128,3.34835,0.0,0.0,0.0,0.0,0.0,0.0,0.0,0.0,0.0,0.0,0.0,0.0,85.0,9.0,0.04899135446685879,38.0,24.0,9.0,14.0,47.0,0.5529411764705883,0.10588235294117647,0.16470588235294117,10.0,32.0,22.0,1162.0,0.6697406340057637,14.392857142857142,2.0,9.0,0.15
subject_24_task_5_6,24,5_6,,5_6,343,1710.0,1740.0,0.9720543114397072,18.0,1.6111111111111112,eye,高,7.333333333333333,6,99.33333333333331,3.559026084010437,96.0,106.0,-16.280487804878113,25.49436952816209,7.156362659797093,2.68752964430753,4.206194797697538,3.0365396208801827,2.662803245707455,1.5650784751739206,5.285959145514461,3.102176578148733,1.781156830619996,3.216849593144083,2.402034040472291,1.7416639146081865,1.8060451150864365,6.898199544938598,3.2456654660479396,2.5781852291588967,3.0997393206458224,1.5915508552351425,1.2588953770039248,1.2022950428806376,13.598083697792164,12.436765154465864,20.828794335532493,35.870448186705566,35.217715723914274,0.5970948175934311,1.7221567225095236,2994,3.2544706291275634,0.4086866880989192,0.6963927855711423,0.490313961255845,0.2892451569806279,0.0714762859051436,12,2,207.9694947569132,1.7330791229742766,0.0577693040991425,0.0069323164918971,0.6666666666666666,0.6365141682928128,3.3483500000000004,0.0,0.0,0.0,0.0,0.0,0.0,0.0,0.0,0.0,0.0,0.0,0.0,85.0,9.0,0.04885057471264368,38.0,24.0,9.0,14.0,47.0,0.5529411764705883,0.10588235294117647,0.16470588235294117,10.0,37.0,22.0,1162.0,0.667816091954023,14.392857142857142,2.0,9.0,0.15
subject_24_task_5_6,24,5_6,,5_6,344,1715.0,1745.0,0.9748475709553384,18.0,1.6157407407407407,eye,高,7.333333333333333,7,97.14285714285714,1.9518001458970664,95.0,100.0,-7.034907597536,25.54655692048135,6.500580917469856,2.605520861529451,4.186488798064709,2.9336928409079395,2.494925683939444,1.6067761574579078,5.808051048818839,2.96060745322208,1.736126516264104,3.1045529665858393,2.3534149547085144,1.7052947613477407,1.7882066413376334,7.446221102428933,3.2049144580720235,2.407668306074978,3.224651799584571,1.6708998290344284,1.331127900793249,1.3393256003944554,14.947561129929298,12.73810474131868,20.74920275482551,39.35862871064865,37.58358850116132,0.6139081530906655,1.8968742643133727,2994,3.297177693107032,0.4164064295469813,0.6847027388109552,0.4702738810955243,0.3066132264529058,0.0741482965931863,12,2,240.00000000000247,2.0000000000000204,0.0666666666666673,0.008,0.6666666666666666,0.6365141682928128,3.34835,0.0,0.0,0.0,0.0,0.0,0.0,0.0,0.0,0.0,0.0,0.0,0.0,85.0,9.0,0.04871060171919771,38.0,24.0,9.0,14.0,47.0,0.5529411764705883,0.10588235294117647,0.16470588235294117,10.0,42.0,22.0,1162.0,0.6659025787965616,14.392857142857142,2.0,5.0,0.08333333333333333
subject_24_task_5_6,24,5_6,,5_6,345,1720.0,1750.0,0.9776408304709696,18.0,1.6203703703703705,eye,高,7.333333333333333,6,96.66666666666669,1.632993161855452,95.0,99.0,-4.53379549393397,23.88413243639428,6.22723732878776,2.79597297607531,4.517780424548365,3.027487729997509,2.2272165654222076,1.6158169135418274,5.947082413684399,2.9263995455375977,1.89327439905796,3.286276300358825,2.4783220908244825,1.5456816756164302,1.7357633431234178,7.713423096659337,3.185359346657856,2.6987646307684585,3.3165196713792566,1.7390278848130638,1.1803027616198016,1.228902896372588,16.21415557512044,12.146700601963907,22.17905182123937,42.62611990961984,37.109646068807024,0.5476654592750373,1.9219090271839172,2994,3.3386173611111114,0.4027595805518157,0.6579826319305278,0.4325317301269205,0.323313293253173,0.0808283233132932,18,2,240.00000000000247,2.0000000000000204,0.0666666666666673,0.008,0.6666666666666666,0.6365141682928128,3.34835,0.0,0.0,0.0,0.0,0.0,0.0,0.0,0.0,0.0,0.0,0.0,0.0,85.0,9.0,0.04857142857142857,38.0,24.0,9.0,14.0,47.0,0.5529411764705883,0.10588235294117647,0.16470588235294117,10.0,47.0,22.0,1162.0,0.664,14.392857142857142,2.0,5.0,0.08333333333333333
subject_24_task_5_6,24,5_6,,5_6,346,1725.0,1755.0,0.9804340899866012,18.0,1.625,eye,高,7.333333333333333,6,96.5,1.6431676725154984,95.0,99.0,-6.884561891515863,24.715914376999688,6.489999661845157,2.897250866928076,4.589440800775281,3.1976667520353343,2.2400544377872373,1.5840674527578678,5.106052400048045,3.029386916351489,1.7254714273004736,3.3772289970730553,2.5825824392678753,1.7556865146651608,1.9572790042410504,7.910926692385081,3.4354106605464443,2.562856380831289,3.3436382347017415,1.7771083796925078,1.3404616373517322,1.304652987857711,14.435024808828269,12.209308615623216,21.11988774651485,41.0329155938332,38.683326763516654,0.5780953365927793,1.942856708630203,2994,3.3357493643298217,0.4144826985079387,0.5581162324649298,0.3877755511022044,0.3022712090848363,0.1509686038744155,18,2,240.00000000000247,2.0000000000000204,0.0666666666666673,0.008,0.6666666666666666,0.6365141682928128,3.34835,2.0,1.0,0.06666666666666667,0.0,0.0,2.0,0.0,2.0,1.0,1.0,0.0,1.0,87.0,10.0,0.04957264957264957,38.0,24.0,11.0,14.0,49.0,0.5632183908045977,0.12643678160919541,0.16091954022988506,10.0,1.0,23.0,1212.0,0.6905982905982906,14.651162790697674,2.0,7.0,0.11666666666666667
subject_24_task_5_6,24,5_6,,5_6,347,1730.0,1760.0,0.9832273495022325,18.0,1.6296296296296295,eye,高,7.333333333333333,6,96.33333333333331,1.505545305418162,95.0,99.0,-3.1820224719101105,23.838398006508108,6.170872580435198,2.9344775086302204,4.7203036694767855,3.375278121370196,2.102886310181906,1.608566995519474,5.253839714679998,3.0528129967616224,1.842011988332134,3.4510948151785072,2.6433829330712175,1.6573252596069252,1.873546337938512,7.427553251721832,3.412786707478377,2.7117695612940924,3.287537636663283,1.822876331507861,1.258509113823724,1.2123219035965676,17.516903501447416,11.800156927888809,24.153795950047343,41.745639940129614,38.70684424996037,0.4885425442979152,1.7283262650087838,2994,3.405725165562914,0.4388383147660303,0.4819639278557114,0.3356713426853707,0.3249832999331997,0.1753507014028056,12,2,240.00000000000247,2.0000000000000204,0.0666666666666673,0.008,0.6666666666666666,0.6365141682928128,3.34835,4.0,1.0,0.13333333333333333,0.0,0.0,4.0,0.0,4.0,1.0,1.0,0.0,1.0,89.0,10.0,0.05056818181818182,38.0,24.0,13.0,14.0,51.0,0.5730337078651685,0.14606741573033707,0.15730337078651685,10.0,5.0,23.0,1212.0,0.6886363636363636,14.329545454545455,2.0,8.0,0.13333333333333333
subject_24_task_5_6,24,5_6,,5_6,348,1735.0,1765.0,0.9860206090178638,18.0,1.6342592592592593,eye,高,7.333333333333333,6,96.0,0.8944271909999159,95.0,97.0,5.904255319149023,24.25036752208723,6.177944836910474,3.1164149524365468,4.65948832486116,3.3236273473023097,1.982388395383706,1.495143745610055,4.968004523851537,3.088613207596642,1.777662415154954,3.5069581747234397,2.675047939326316,1.7374576754650102,1.9727919906647449,7.720597600643423,3.4376720281987696,2.587467694379038,3.3431426452592934,1.8746142907945689,1.3285854875277083,1.292051936540838,16.969096715471835,11.0788737819528,22.1053722836432,40.56701491515985,37.08061042436091,0.5011846731100102,1.8351654247043503,2995,3.451332103321033,0.4471378405711794,0.4968280467445743,0.3071786310517529,0.3378964941569282,0.1766277128547579,12,2,195.45145036088851,1.6287620863407375,0.0542920695446912,0.0065150483453629,0.6666666666666666,0.6365141682928128,3.34835,5.0,1.0,0.16666666666666666,0.0,0.0,5.0,0.0,5.0,1.0,1.0,0.0,1.0,90.0,10.0,0.05099150141643059,38.0,24.0,14.0,14.0,52.0,0.5777777777777777,0.15555555555555556,0.15555555555555556,10.0,1.0,24.0,1221.0,0.691784702549575,14.269662921348315,2.0,5.0,0.08333333333333333
subject_24_task_5_6,24,5_6,,5_6,349,1740.0,1770.0,0.9888138685334952,18.0,1.6388888888888888,eye,高,7.333333333333333,7,96.28571428571428,1.1126972805283737,95.0,98.0,6.228146853146834,20.9179675048641,5.640384063982263,2.7440240192125804,4.459640284996452,3.0999634552825532,2.0555155583517144,1.625219113889601,4.950202868742431,3.182685678411793,1.8008722747268004,3.421819864877746,2.5616958304019626,1.7673022807209464,1.9000902578706476,7.217968973241825,3.3855583821591857,2.778222901714626,3.2518508961624164,1.7708623939437964,1.2186057425664918,1.170478759697605,16.90455951193194,11.891156917705464,20.100343313823995,35.5961985484601,31.73377556702373,0.5915897421278039,1.7709249037541983,2995,3.399780227857405,0.4493944833689528,0.5709515859766278,0.340567612687813,0.3168614357262103,0.1676126878130217,12,2,32.03050524308925,0.2669208770257437,0.0088973625675247,0.0010676835081029,0.6666666666666666,0.6365141682928128,3.34835,5.0,1.0,0.16666666666666666,0.0,0.0,5.0,0.0,5.0,1.0,1.0,0.0,1.0,90.0,10.0,0.05084745762711865,38.0,24.0,14.0,14.0,52.0,0.5777777777777777,0.15555555555555556,0.15555555555555556,10.0,6.0,24.0,1221.0,0.6898305084745763,14.269662921348315,2.0,5.0,0.08333333333333333
subject_24_task_5_6,24,5_6,,5_6,350,1745.0,1775.0,0.9916071280491264,18.0,1.6435185185185186,eye,高,7.333333333333333,6,97.16666666666669,1.1690451944500122,96.0,99.0,7.315875613747959,18.52754879850762,5.622016286071464,2.9081496954008097,4.734924822674959,3.247350245476777,1.9331935680486425,1.6281571853619377,4.909649993572789,3.3335823295156835,1.827062837070336,3.8231351247833505,2.853672376055981,1.824558116928822,2.092503359607315,7.368742813569442,3.473639860883009,2.897596606730177,3.412177484516308,1.857356232160682,1.1988003619326688,1.1775888598816435,15.883275379609705,10.99244706503761,20.067787507992445,33.661432618043904,30.67921101104722,0.5477657694282253,1.677386338909433,2995,3.424170479704798,0.4386916759837981,0.5656093489148581,0.3342237061769616,0.3151919866444073,0.1692821368948247,6,0,0.0,0.0,0.0,0.0,,,,5.0,1.0,0.16666666666666666,0.0,0.0,5.0,0.0,5.0,1.0,1.0,0.0,1.0,90.0,10.0,0.05070422535211268,38.0,24.0,14.0,14.0,52.0,0.5777777777777777,0.15555555555555556,0.15555555555555556,10.0,11.0,24.0,1221.0,0.6878873239436619,14.269662921348315,2.0,5.0,0.08333333333333333
subject_24_task_5_6,24,5_6,,5_6,351,1750.0,1780.0,0.9944003875647578,18.0,1.648148148148148,eye,高,7.333333333333333,7,97.57142857142856,1.511857892036909,96.0,100.0,8.519888991674353,19.041658623418687,5.6799253996779475,2.7660121835188267,4.736804139345404,3.37772124623721,2.0534708536432182,1.7125029916966608,5.125547187153784,3.5034138280830516,1.9203052755500272,4.0739449908903005,3.0200999109387676,1.824404626019464,2.12150903440257,7.777448180937046,3.5147090068974567,3.077767452665481,3.5064983290384295,1.9490086785571084,1.141967046228124,1.1392993080103075,17.024456447104562,11.327533654115951,16.89323129549574,26.99335093231518,25.329344520775788,0.6705368236529279,1.5978796750099813,2995,3.495790178571429,0.4198820078384003,0.5405676126878131,0.3275459098497496,0.3108514190317195,0.1782971619365609,6,0,0.0,0.0,0.0,0.0,,,,5.0,1.0,0.16666666666666666,0.0,0.0,5.0,0.0,5.0,1.0,1.0,0.0,1.0,90.0,10.0,0.05056179775280899,38.0,24.0,14.0,14.0,52.0,0.5777777777777777,0.15555555555555556,0.15555555555555556,10.0,16.0,24.0,1221.0,0.6859550561797753,14.269662921348315,2.0,5.0,0.08333333333333333
subject_24_task_5_6,24,5_6,,5_6,352,1755.0,1785.0,0.9971936470803892,18.0,1.6527777777777777,eye,高,7.333333333333333,6,98.16666666666669,1.1690451944500122,97.0,100.0,5.33944954128432,30.735353986894047,5.894271051611487,2.946382311211247,5.982243484180175,6.485530924722189,2.000511280964205,2.0303690601919535,6.00075283369274,3.6161290173413456,2.1203332693454704,4.256895594800572,3.2412526012861194,1.705453133062245,2.0076540119160797,8.64031306927534,3.5433150389674513,3.245043430401253,3.856715183832407,2.2089100605882637,1.0919160605900786,1.188494165501976,17.233384929391683,10.68268766933447,17.295374351837058,28.0458073975181,25.049600691105013,0.617661546493198,1.6215785115133496,2995,3.4783274461321088,0.4000800641856716,0.6333889816360601,0.3702838063439065,0.3332220367278798,0.1095158597662771,6,0,0.0,0.0,0.0,0.0,,,,3.0,1.0,0.1,0.0,0.0,3.0,0.0,3.0,1.0,1.0,0.0,1.0,90.0,10.0,0.05042016806722689,38.0,24.0,14.0,14.0,52.0,0.5777777777777777,0.15555555555555556,0.15555555555555556,10.0,21.0,24.0,1221.0,0.6840336134453782,14.269662921348315,2.0,5.0,0.08333333333333333
subject_24_task_5_6,24,5_6,,5_6,353,1760.0,1790.0,0.9999869065960204,18.0,1.6574074074074074,eye,高,7.333333333333333,6,97.66666666666669,2.065591117977289,94.0,100.0,-6.863176418829648,38.51952915705667,6.251257194308603,2.982684449192821,6.4603043628321695,7.924802744190471,2.095849326602527,2.1659362473225983,6.13675592569433,3.5729849658251935,2.0513345781935493,4.445965531538553,3.391291553120511,1.7417855691642674,2.1673526975076727,9.08645133128744,3.4431924712766637,3.150064452755031,3.9150719393063937,2.259610509920819,1.0930546098081466,1.2428545504465125,18.3740997020525,10.237161602433668,16.955366120172858,25.052687888472036,22.874851451818454,0.6037711913666008,1.4775669077806164,2995,3.4837549325025963,0.3877573805635604,0.6717863105175292,0.4020033388981636,0.3208681135225376,0.0901502504173622,6,0,0.0,0.0,0.0,0.0,,,,5.0,1.0,0.16666666666666666,0.0,4.0,1.0,0.0,5.0,1.0,0.2,0.0,1.0,94.0,10.0,0.05251396648044693,38.0,28.0,14.0,14.0,56.0,0.5957446808510638,0.14893617021276595,0.14893617021276595,10.0,4.0,25.0,1242.0,0.693854748603352,13.89247311827957,2.0,9.0,0.15
subject_24_task_5_6,24,5_6,,5_6,354,1760.0234375,1790.0234375,1.0,18.0,1.6574291087962962,eye,高,7.333333333333333,6,97.66666666666669,2.065591117977289,94.0,100.0,-6.863176418829648,38.66298060324411,6.2625102997993345,2.977404377356892,6.44888383077895,7.9161382702684655,2.1033455675102837,2.165941542849402,6.159017585855165,3.5772335987576107,2.0496987051829145,4.443073495799067,3.390699586628831,1.745248503944573,2.1676715141421568,9.118263076228216,3.4477233383834927,3.147030806680755,3.9132948377221295,2.2585231593006214,1.0955480102274198,1.2434879345364815,18.47777863495804,10.227065684238797,16.96062432649813,25.02886208633911,22.842022570919383,0.6029887513197685,1.47570405455156,2994,3.483980263157895,0.3876896306285702,0.6716766867067469,0.4028056112224449,0.3199732798931196,0.0901803607214428,6,0,0.0,0.0,0.0,0.0,,,,5.0,1.0,0.16666666666666666,0.0,4.0,1.0,0.0,5.0,1.0,0.2,0.0,1.0,94.0,10.0,0.05251327889386923,38.0,28.0,14.0,14.0,56.0,0.5957446808510638,0.14893617021276595,0.14893617021276595,10.0,4.0234375,25.0,1242.0,0.6938456636828254,13.89247311827957,2.0,9.0,0.15
