sample_id,subject,task,repeat_id,label_task,window_id,window_start_sec,window_end_sec,progress_end_ratio,task_required_time_min,elapsed_required_ratio,anchor_source,task_difficulty,nasa_tlx_weighted_task_label,hr_n,hr_mean,hr_std,hr_min,hr_max,hr_slope_bpm_per_min,eeg_frontal_delta_power,eeg_frontal_theta_power,eeg_frontal_alpha_power,eeg_frontal_beta_power,eeg_frontal_gamma_power,eeg_frontal_theta_alpha,eeg_frontal_beta_alpha,eeg_central_delta_power,eeg_central_theta_power,eeg_central_alpha_power,eeg_central_beta_power,eeg_central_gamma_power,eeg_central_theta_alpha,eeg_central_beta_alpha,eeg_parietal_delta_power,eeg_parietal_theta_power,eeg_parietal_alpha_power,eeg_parietal_beta_power,eeg_parietal_gamma_power,eeg_parietal_theta_alpha,eeg_parietal_beta_alpha,eeg_occipital_delta_power,eeg_occipital_theta_power,eeg_occipital_alpha_power,eeg_occipital_beta_power,eeg_occipital_gamma_power,eeg_occipital_theta_alpha,eeg_occipital_beta_alpha,eye_n,eye_pupil_filtered_mean,eye_pupil_filtered_std,eye_valid_ratio,eye_fixation_ratio,eye_saccade_ratio,eye_eyes_not_found_ratio,eye_aoi_interval_n,eye_aoi_unique_hit_n,eye_aoi_total_fix_ms,eye_aoi_fixation_n,eye_aoi_fixation_density_per_sec,eye_aoi_coverage_ratio,eye_aoi_max_share,eye_aoi_entropy,eye_aoi_pupil_weighted_mean,log_action_count_win,log_unique_device_count_win,log_action_density_win,log_correct_action_count_win,log_error_action_count_win,log_duplicate_action_count_win,log_extra_action_count_win,log_disallowed_action_count_win,log_error_rate_win,log_duplicate_rate_win,log_extra_rate_win,log_unique_step_count_win,log_action_count_cum,log_unique_device_count_cum,log_action_density_cum,log_correct_action_count_cum,log_error_action_count_cum,log_duplicate_action_count_cum,log_extra_action_count_cum,log_disallowed_action_count_cum,log_error_rate_cum,log_duplicate_rate_cum,log_extra_rate_cum,log_unique_step_count_cum,log_time_since_last_action_sec,log_cum_gap_count,log_cum_idle_gap_total_sec,log_cum_idle_ratio,log_cum_mean_inter_action_sec,log_action_type_diversity_cum,log_recent_60s_action_count,log_recent_60s_action_density
subject_26_task_4,26,4,,4,1,0.0,10.0,0.0063028416952674,22.0,0.0075757575757575,eye,中,5.333333333333333,0,,,,,,5.497981318603559,2.7597401946613696,2.228980631484914,5.452875671366636,3.990860238964355,1.2381176200812796,2.4463539944418495,6.750056585220797,3.4344239875451223,2.4961650704451386,6.641536676205849,3.6549206429587504,1.375880156408352,2.660696103331608,4.369011661005882,2.5043406597190883,2.0617643193940403,4.060454170818186,2.6065624573947876,1.214659035546373,1.9694075276322407,55.80919157948225,16.791057792946855,16.335031395067144,37.79925012048937,27.854709917514743,1.0279170812011675,2.3139992330779355,995,3.2345718592964823,0.1845908946900555,0.9778894472361808,0.9085427135678392,0.0613065326633165,0.0130653266331658,0,0,0.0,0.0,,,,,,0.0,0.0,0.0,0.0,0.0,0.0,0.0,0.0,0.0,0.0,0.0,0.0,0.0,0.0,0.0,0.0,0.0,0.0,0.0,0.0,0.0,0.0,0.0,0.0,,0.0,0.0,0.0,,0.0,0.0,0.0
subject_26_task_4,26,4,,4,2,10.0,20.0,0.0126056833905349,22.0,0.0151515151515151,eye,中,5.333333333333333,0,,,,,,5.69447734629614,1.9775401225096736,2.3506178765883745,5.134784758274241,3.7702795465408223,0.8412852391728697,2.1844404441128193,3.931431560903744,2.645837889241729,2.605333265268862,4.926996085689199,2.85781556501069,1.015546811040578,1.8911193248748348,5.008254254605051,2.1442417064974446,2.2915237786327243,3.616126571073705,1.882400269463393,0.9357274519651032,1.5780445329837804,11.92687086596916,7.2676556660397,19.949920543474175,32.180974538914114,25.21456252224226,0.3642949680026181,1.6130878551012997,998,3.3443535353535356,0.1536897399320806,0.9809619238476954,0.8907815631262525,0.0841683366733467,0.0140280561122244,8,4,119.20440209367864,0.155214065226144,0.0155214065226144,0.0119204402093678,0.6369357638888888,1.0472736056965704,3.092447892795139,0.0,0.0,0.0,0.0,0.0,0.0,0.0,0.0,0.0,0.0,0.0,0.0,0.0,0.0,0.0,0.0,0.0,0.0,0.0,0.0,0.0,0.0,0.0,0.0,,0.0,0.0,0.0,,0.0,0.0,0.0
subject_26_task_4,26,4,,4,3,20.0,30.0,0.0189085250858023,22.0,0.0227272727272727,eye,中,5.333333333333333,0,,,,,,5.886183801581294,2.2401549842628787,2.230432302185653,5.561414494175835,3.3703519596701095,1.0043591020752785,2.4934244759305515,5.520882236796429,3.1611666404528673,1.8035784660608911,5.726954463591125,2.2448669254812956,1.752719219007432,3.1753286986726392,4.168306946726263,2.475487191352146,1.7647511467387955,3.495583170030024,1.8926124323249516,1.402740095070497,1.9807796563780404,9.74527674305483,4.653117286209507,13.850108898769632,28.96590949348007,22.034389899249543,0.3359625054372579,2.0913849634823625,998,3.2411573146292585,0.1176536759476523,0.9819639278557114,0.9248496993987976,0.0581162324649298,0.0120240480961923,8,4,515.3670648235136,0.6710508656556167,0.0671050865655616,0.0515367064823513,0.6369357638888888,1.0472736056965704,3.092447892795139,0.0,0.0,0.0,0.0,0.0,0.0,0.0,0.0,0.0,0.0,0.0,0.0,0.0,0.0,0.0,0.0,0.0,0.0,0.0,0.0,0.0,0.0,0.0,0.0,,0.0,0.0,0.0,,0.0,0.0,0.0
subject_26_task_4,26,4,,4,4,30.0,40.0,0.0252113667810698,22.0,0.0303030303030303,eye,中,5.333333333333333,0,,,,,,4.621542291851306,2.121156580045795,2.50751840712437,5.824703289806229,3.4895516902591504,0.845918647703306,2.322895526213113,3.9902861934128366,2.6964641415881214,2.1962590388100054,6.807180070542945,3.0891143505334964,1.2277532358155443,3.0994431668822022,4.699689528579441,2.5421880949671563,2.0799821642157017,3.8621792863191367,1.8855341303915116,1.2222162952660407,1.856832886725953,14.377893429898757,8.445395444440676,17.33113690831152,32.27840484648093,20.543900508242885,0.4872961011802119,1.862451668188088,998,3.161179797979798,0.1178561444069797,0.9869739478957916,0.9148296593186372,0.0721442885771543,0.0110220440881763,8,4,515.3670648235136,0.6710508656556167,0.0671050865655616,0.0515367064823513,0.6369357638888888,1.0472736056965704,3.092447892795139,0.0,0.0,0.0,0.0,0.0,0.0,0.0,0.0,0.0,0.0,0.0,0.0,0.0,0.0,0.0,0.0,0.0,0.0,0.0,0.0,0.0,0.0,0.0,0.0,,0.0,0.0,0.0,,0.0,0.0,0.0
subject_26_task_4,26,4,,4,5,40.0,50.0,0.0315142084763372,22.0,0.0378787878787878,eye,中,5.333333333333333,0,,,,,,4.915407563352649,1.748489095270112,1.7427603403286576,5.018610444317643,3.233376165274168,1.003287173117776,2.879690527827372,4.8902702140253975,1.848194746038276,1.8479090052255025,4.269482456374895,2.264094073417048,1.0001546292658166,2.310439769654072,5.972840694672035,2.072067764504995,1.9716522307070743,3.2315923621605105,1.485980312827268,1.0509296377089328,1.6390275687724076,6.4578295430357535,5.716873641553747,11.449825053628713,27.603363129756957,17.82061976527839,0.4992979032235901,2.4108109076311885,998,3.1256162324649295,0.1074247095490565,0.9929859719438878,0.9188376753507014,0.0691382765531062,0.0050100200400801,8,4,515.3670648235136,0.6710508656556167,0.0671050865655616,0.0515367064823513,0.6369357638888888,1.0472736056965704,3.092447892795139,0.0,0.0,0.0,0.0,0.0,0.0,0.0,0.0,0.0,0.0,0.0,0.0,0.0,0.0,0.0,0.0,0.0,0.0,0.0,0.0,0.0,0.0,0.0,0.0,,0.0,0.0,0.0,,0.0,0.0,0.0
subject_26_task_4,26,4,,4,6,50.0,60.0,0.0378170501716047,22.0,0.0454545454545454,eye,中,5.333333333333333,0,,,,,,4.503561901379566,1.7634451021462587,1.7301197464392215,4.713134710285058,3.229550743050934,1.019261878130473,2.7241667635926423,5.276528066440302,2.9280600598641535,1.6177198508291664,4.897921592587573,2.413201913370408,1.8099920442735304,3.0276698342281767,4.257809867332283,2.18730216844257,1.7994872410449898,3.0467847996124755,1.5079768334024046,1.215514130109847,1.6931405403258992,6.601512921658752,6.758268859461796,14.63005623230032,26.394510988906383,22.38206424617609,0.4619441478660111,1.8041291550631529,999,3.042070635721494,0.1179083664730494,0.977977977977978,0.8998998998998999,0.074074074074074,0.017017017017017,8,4,515.3670648235136,0.6710508656556167,0.0671050865655616,0.0515367064823513,0.6369357638888888,1.0472736056965704,3.092447892795139,0.0,0.0,0.0,0.0,0.0,0.0,0.0,0.0,0.0,0.0,0.0,0.0,0.0,0.0,0.0,0.0,0.0,0.0,0.0,0.0,0.0,0.0,0.0,0.0,,0.0,0.0,0.0,,0.0,0.0,0.0
subject_26_task_4,26,4,,4,7,60.0,70.0,0.0441198918668721,22.0,0.053030303030303,eye,中,5.333333333333333,2,88.5,0.7071067811865476,88.0,89.0,11.99999999999983,4.834931807842111,1.585402155372242,1.457180688141257,4.337287380671454,2.6408990996214183,1.0879928400605836,2.9764924940118367,4.900228777543066,1.810659647602248,1.3915613066791013,3.2892846905753506,1.646645701390918,1.3011713094576522,2.3637368147473725,3.680941472326329,2.024404645048868,1.728921449955382,2.491005374867114,1.2022889175693332,1.1709060843111825,1.4407857424242143,6.261716801184474,2.930972165114719,6.5374410875463305,18.008626014650165,13.590777751993434,0.4483363025172266,2.7546903709704043,998,3.1294789579158313,0.1312079633522958,0.9889779559118236,0.933867735470942,0.0561122244488977,0.0060120240480961,8,4,515.3670648235136,0.6710508656556167,0.0671050865655616,0.0515367064823513,0.6369357638888888,1.0472736056965704,3.092447892795139,0.0,0.0,0.0,0.0,0.0,0.0,0.0,0.0,0.0,0.0,0.0,0.0,0.0,0.0,0.0,0.0,0.0,0.0,0.0,0.0,0.0,0.0,0.0,0.0,,0.0,0.0,0.0,,0.0,0.0,0.0
subject_26_task_4,26,4,,4,8,70.0,80.0,0.0504227335621396,22.0,0.0606060606060606,eye,中,5.333333333333333,3,89.33333333333333,2.3094010767585034,88.0,92.0,36.27906976744204,4.922193309574911,1.5916307089841206,1.437260964113392,3.7393459701832663,2.173674588671268,1.1074055086203187,2.6017167818162856,4.332367113535979,1.8483276564561837,1.4040165940246776,3.2774394407007192,1.4383096558676105,1.316457130437375,2.3343309862925405,4.770593351564474,2.0236034048014986,1.767186181148971,2.545748379536448,1.2079645891136326,1.145099156154454,1.440566029031123,7.010608693580841,4.015641117619729,9.33115337869014,18.6122538976869,16.475737405327045,0.4303477774559338,1.994635940739364,998,3.099677354709419,0.1020146119503012,0.998997995991984,0.9739478957915833,0.0250501002004008,0.0,8,4,515.3670648235136,0.6710508656556167,0.0671050865655616,0.0515367064823513,0.6369357638888888,1.0472736056965704,3.092447892795139,0.0,0.0,0.0,0.0,0.0,0.0,0.0,0.0,0.0,0.0,0.0,0.0,0.0,0.0,0.0,0.0,0.0,0.0,0.0,0.0,0.0,0.0,0.0,0.0,,0.0,0.0,0.0,,0.0,0.0,0.0
subject_26_task_4,26,4,,4,9,80.0,90.0,0.056725575257407,22.0,0.0681818181818181,eye,中,5.333333333333333,1,93.0,,93.0,93.0,,4.535677654595954,1.5968648974099189,1.5484266139992018,3.2975330166023773,2.1476231470082197,1.0312822596646107,2.1296023891540248,5.178595903727422,1.7778514821246214,1.6195201869147589,2.4285453418059695,1.2933583745806552,1.0977643233404142,1.4995461998114583,3.639954230849327,2.072138900362979,1.8272930768455995,2.2621838983245857,1.1177702504205362,1.1339937345683206,1.2379973015766714,4.084996133463761,3.983261799735053,11.090184468517151,19.321635254517023,15.74929942612321,0.3591700220174648,1.7422284822553975,998,3.0844228456913827,0.0670427157588892,1.0,0.9529058116232464,0.0470941883767535,0.0,8,4,515.3670648235136,0.6710508656556167,0.0671050865655616,0.0515367064823513,0.6369357638888888,1.0472736056965704,3.092447892795139,0.0,0.0,0.0,0.0,0.0,0.0,0.0,0.0,0.0,0.0,0.0,0.0,0.0,0.0,0.0,0.0,0.0,0.0,0.0,0.0,0.0,0.0,0.0,0.0,,0.0,0.0,0.0,,0.0,0.0,0.0
subject_26_task_4,26,4,,4,10,90.0,100.0,0.0630284169526745,22.0,0.0757575757575757,eye,中,5.333333333333333,3,92.33333333333331,1.1547005383792517,91.0,93.0,-16.153846153846235,6.083040762917644,1.7840238641596768,1.94517227406545,4.870714719477774,3.414830997708905,0.9171546849323686,2.5040017197540454,6.683815431825736,2.696554599741347,2.076742752280285,3.8120336520833007,2.665385505716301,1.2984538392058922,1.8355829810397308,5.522036998920149,2.0050290809672155,1.931576839643498,2.645627406901241,1.821275574089084,1.0380270874117927,1.3696723591848057,9.776898334828566,4.421491506517404,16.316411706348124,23.009947647410584,20.10357801476353,0.2709843062367176,1.4102333320296303,998,3.027614228456914,0.1232029926997979,1.0,0.9759519038076152,0.0220440881763527,0.0,8,4,515.3670648235136,0.6710508656556167,0.0671050865655616,0.0515367064823513,0.6369357638888888,1.0472736056965704,3.092447892795139,0.0,0.0,0.0,0.0,0.0,0.0,0.0,0.0,0.0,0.0,0.0,0.0,0.0,0.0,0.0,0.0,0.0,0.0,0.0,0.0,0.0,0.0,0.0,0.0,,0.0,0.0,0.0,,0.0,0.0,0.0
subject_26_task_4,26,4,,4,11,100.0,110.0,0.0693312586479419,22.0,0.0833333333333333,eye,中,5.333333333333333,2,92.5,2.1213203435596424,91.0,94.0,-36.00000000000034,4.392288931599683,1.6994702000420714,1.480534584828379,3.5917195238286888,1.9067045152566695,1.1478760560254464,2.4259612444278256,4.032417876794654,1.7253093048688597,1.2827692872989631,2.6528874313198116,1.290805996624241,1.3449880052099794,2.0680939726159253,4.329742551301563,2.0367952791219963,1.4380720709927628,2.37280303837761,1.2305913373518471,1.4163374146581604,1.6499889582999572,8.080942664747974,6.006774504383652,9.393874658614571,22.55962069912108,18.069520963976203,0.6394352408007905,2.4015245592438235,999,3.257242242242242,0.1356608237317189,0.98998998998999,0.8898898898898899,0.086086086086086,0.007007007007007,8,4,365.8590793182125,0.4763790095289225,0.0476379009528922,0.0365859079318212,0.636935763888889,1.04727360569657,3.0924478927951387,0.0,0.0,0.0,0.0,0.0,0.0,0.0,0.0,0.0,0.0,0.0,0.0,0.0,0.0,0.0,0.0,0.0,0.0,0.0,0.0,0.0,0.0,0.0,0.0,,0.0,0.0,0.0,,0.0,0.0,0.0
subject_26_task_4,26,4,,4,12,110.0,120.0,0.0756341003432094,22.0,0.0909090909090909,eye,中,5.333333333333333,2,91.0,0.0,91.0,91.0,-1.7053025658242404e-13,5.944090187138282,2.346464773196687,2.393051628105157,4.936867489501548,3.8379275042899343,0.9805324488776876,2.0630008276965635,6.62288295795156,3.3734452341658567,2.097542953046954,4.360124022099756,3.560143228764387,1.6082842209574248,2.078681638326456,5.832819788149908,2.1170346763868095,1.929730694360368,3.356718565737708,1.8573928973639695,1.0970622390854003,1.7394751379286797,12.125152654346683,8.51449224723889,16.137089228716984,39.310125297079445,22.09610256743034,0.5276349486924076,2.436010902581152,998,3.132011133603239,0.1167346286817472,0.9679358717434868,0.8837675350701403,0.0781563126252505,0.0220440881763527,8,4,529.2351791530948,1.0889612739775614,0.1088961273977561,0.0529235179153094,0.5411522633744856,1.1875490364156218,3.0694664506172833,0.0,0.0,0.0,0.0,0.0,0.0,0.0,0.0,0.0,0.0,0.0,0.0,0.0,0.0,0.0,0.0,0.0,0.0,0.0,0.0,0.0,0.0,0.0,0.0,,0.0,0.0,0.0,,0.0,0.0,0.0
subject_26_task_4,26,4,,4,13,120.0,130.0,0.0819369420384768,22.0,0.0984848484848484,eye,中,5.333333333333333,2,92.5,3.5355339059327378,90.0,95.0,-50.0,5.27191544412767,1.5242681004417622,1.891151507415773,3.717230593872818,2.398348479304199,0.805999992314021,1.965591111709686,5.043186809174162,1.8593871448718784,1.602862707397857,3.2671288657661113,1.476862671346396,1.1600414285578284,2.0383086153835857,5.182446785544185,1.758812623305892,2.250355749339599,2.60748018544787,1.2952722932147358,0.7815709244291895,1.1586968799102428,6.307727730388389,5.842264932771346,14.300594095835564,25.46711725458091,19.43158980406984,0.4085330227275421,1.7808433051041648,998,3.17250501002004,0.0837124410904967,0.9909819639278558,0.906813627254509,0.0751503006012024,0.0070140280561122,8,4,703.5830618892508,1.4477017734346724,0.1447701773434672,0.070358306188925,0.5411522633744856,1.1875490364156218,3.069466450617284,0.0,0.0,0.0,0.0,0.0,0.0,0.0,0.0,0.0,0.0,0.0,0.0,0.0,0.0,0.0,0.0,0.0,0.0,0.0,0.0,0.0,0.0,0.0,0.0,,0.0,0.0,0.0,,0.0,0.0,0.0
subject_26_task_4,26,4,,4,14,130.0,140.0,0.0882397837337443,22.0,0.106060606060606,eye,中,5.333333333333333,1,88.0,,88.0,88.0,,10.50083190387477,3.3832962578243095,2.5757337861056366,5.790994561784819,3.5081713748862113,1.3135271494573442,2.248289242088358,14.0847953209555,4.477591982904076,2.3175546229050874,5.09474445118953,2.5173054551214613,1.9320329879825449,2.198327668671384,5.318410333095423,2.320390766761628,2.8533129909038366,3.4498792173093267,1.521376201699328,0.8132268609013006,1.2090784391012488,7.383532967598932,8.601262466374294,19.027423825943753,34.90464496796005,21.392664730063316,0.4520455604003804,1.8344388229986144,998,3.0939839679358716,0.1186148819252009,0.9909819639278558,0.9018036072144288,0.0901803607214428,0.0050100200400801,8,4,703.5830618892508,1.4477017734346724,0.1447701773434672,0.070358306188925,0.5411522633744856,1.1875490364156218,3.069466450617284,0.0,0.0,0.0,0.0,0.0,0.0,0.0,0.0,0.0,0.0,0.0,0.0,0.0,0.0,0.0,0.0,0.0,0.0,0.0,0.0,0.0,0.0,0.0,0.0,,0.0,0.0,0.0,,0.0,0.0,0.0
subject_26_task_4,26,4,,4,15,140.0,150.0,0.0945426254290117,22.0,0.1136363636363636,eye,中,5.333333333333333,2,91.0,0.0,91.0,91.0,-4.263256414560601e-13,4.02755908004626,2.0108149329808267,2.414610785822641,5.421328128952006,3.9083490039422153,0.8327697966013003,2.2452182193433705,3.5659477167580653,2.1721652253090684,2.15119011009879,4.624726001226348,2.3201632586580865,1.0097504702684392,2.1498453249275884,3.633310837428529,2.003943537730809,2.15653783994964,2.9486055902875155,1.5473891059785947,0.9292410736356964,1.3672867388018437,5.558452718702848,5.672398924239978,21.768139405558895,27.647820078788858,24.09224599036251,0.260582625761365,1.2701048795988723,998,3.2442535070140286,0.1486487410217372,0.9869739478957916,0.908817635270541,0.0781563126252505,0.0080160320641282,11,5,57.25207592967762,0.1097350759211432,0.0109735075921143,0.0057252075929677,0.8672764795858646,0.5491470957097006,3.2704261619982713,0.0,0.0,0.0,0.0,0.0,0.0,0.0,0.0,0.0,0.0,0.0,0.0,0.0,0.0,0.0,0.0,0.0,0.0,0.0,0.0,0.0,0.0,0.0,0.0,,0.0,0.0,0.0,,0.0,0.0,0.0
subject_26_task_4,26,4,,4,16,150.0,160.0,0.1008454671242792,22.0,0.1212121212121212,eye,中,5.333333333333333,2,95.5,2.1213203435596424,94.0,97.0,-45.00000000000021,158.8490768564491,14.276599137067397,3.553450774860889,6.134006201330133,4.362306906725721,4.01767184677725,1.7262111085724183,360.8555396746687,35.97213466485539,4.459096043513752,5.279289168001101,3.1311616530812,8.06713609974399,1.1839370842169703,163.8595609685334,14.17116536496998,4.082409462817466,3.9394957796035626,1.884990405295658,3.471274866972746,0.9649928101246188,82.86968606538358,18.838395752713335,25.268089133596977,41.61007180023637,23.234542148527655,0.7455409727704899,1.6467439061274622,999,3.2254621594349144,0.1448604773914528,0.964964964964965,0.8738738738738738,0.08008008008008,0.026026026026026,3,1,1257.0475661081553,2.3822758675454616,0.2382275867545461,0.1257047566108155,1.0,-1.000088900581841e-12,3.3011799999999996,0.0,0.0,0.0,0.0,0.0,0.0,0.0,0.0,0.0,0.0,0.0,0.0,0.0,0.0,0.0,0.0,0.0,0.0,0.0,0.0,0.0,0.0,0.0,0.0,,0.0,0.0,0.0,,0.0,0.0,0.0
subject_26_task_4,26,4,,4,17,160.0,170.0,0.1071483088195466,22.0,0.1287878787878787,eye,中,5.333333333333333,3,91.0,1.7320508075688772,90.0,93.0,31.935483870967445,7.860785900953648,1.9454787132353697,1.8931671306701716,3.807137489035799,2.5128237173259516,1.0276317825921053,2.0109885848736933,6.07710237615935,2.45709926196753,1.64455256883729,3.457497541933092,1.811237720326581,1.4940837456504756,2.1023940538292227,5.6941226777694975,1.931278839913028,2.0510210512040095,3.0166207222168673,1.6291672995264923,0.941618243644701,1.470789741746445,15.428962889402504,5.695800638088715,11.925932708676749,25.192624864255716,21.22311824528431,0.4775979185212674,2.112423864837569,998,3.283066132264529,0.1213809525510371,0.9899799599198396,0.9168336673346692,0.0691382765531062,0.0070140280561122,4,2,1023.2267006783436,1.213138340229331,0.1213138340229331,0.1023226700678343,0.7299727862384727,0.583285905669493,3.184479250664056,0.0,0.0,0.0,0.0,0.0,0.0,0.0,0.0,0.0,0.0,0.0,0.0,0.0,0.0,0.0,0.0,0.0,0.0,0.0,0.0,0.0,0.0,0.0,0.0,,0.0,0.0,0.0,,0.0,0.0,0.0
subject_26_task_4,26,4,,4,18,170.0,180.0,0.1134511505148141,22.0,0.1363636363636363,eye,中,5.333333333333333,2,94.0,0.0,94.0,94.0,-1.7053025658242404e-12,5.748474219024219,1.9319742914367155,2.202043305916063,4.700889305865826,2.901693010366132,0.8773552664682964,2.1347851303542953,3.963011080398912,1.8034385739287175,1.9653903626281408,4.124224920212904,2.181601725521344,0.9175981566924652,2.0984253299675015,5.58498854872807,2.130212187742859,2.3668606228555236,3.2613452133961767,1.507928784496071,0.9000158975025924,1.3779202636197028,7.44713716393709,6.596751064785536,18.91552431133376,35.172853134824926,20.36869870851945,0.3487479890173021,1.8594701661930744,998,3.1187363636363634,0.1221350103748346,0.9889779559118236,0.9288577154308616,0.06312625250501,0.0080160320641282,1,1,3021.551964594529,2.78929653941276,0.278929653941276,0.3021551964594529,1.0,-1.000088900581841e-12,3.14131,0.0,0.0,0.0,0.0,0.0,0.0,0.0,0.0,0.0,0.0,0.0,0.0,0.0,0.0,0.0,0.0,0.0,0.0,0.0,0.0,0.0,0.0,0.0,0.0,,0.0,0.0,0.0,,0.0,0.0,0.0
subject_26_task_4,26,4,,4,19,180.0,190.0,0.1197539922100816,22.0,0.1439393939393939,eye,中,5.333333333333333,2,95.5,0.7071067811865476,95.0,96.0,-15.0,5.19649748652317,2.0161430544106604,2.0023243199759717,4.969020424425623,4.282547526704086,1.0069013467482903,2.481626165578038,5.580630486361492,1.93945808911257,1.8714354046080084,3.864046785074228,2.4725258045757648,1.0363478666359898,2.0647502850271193,5.026785519782856,1.904907252049316,1.9894878356182772,2.5638677857377687,1.6273226041062692,0.95748625246423,1.288707445120412,99.2636994875986,19.605316955200948,21.481427476945303,30.57875720418639,24.174997536110563,0.9126636009754068,1.4234974485287206,998,3.179301603206413,0.1259993321909786,0.9859719438877756,0.938877755511022,0.0420841683366733,0.0100200400801603,1,1,3021.551964594529,2.78929653941276,0.278929653941276,0.3021551964594529,1.0,-1.000088900581841e-12,3.14131,4.0,1.0,0.4,0.0,4.0,0.0,0.0,4.0,1.0,0.0,0.0,1.0,4.0,1.0,0.021052631578947368,0.0,4.0,0.0,0.0,4.0,1.0,0.0,0.0,1.0,2.0,0.0,0.0,0.0,0.0,1.0,4.0,0.06666666666666667
subject_26_task_4,26,4,,4,20,190.0,200.0,0.126056833905349,22.0,0.1515151515151515,eye,中,5.333333333333333,2,95.5,0.7071067811865476,95.0,96.0,-20.0,5.0409887830671956,2.467186089387045,2.193182955682578,5.794594747359465,4.3942147070831,1.1249340065289672,2.6420936440097536,4.999964286066379,2.4557623007833036,1.9063649268667344,4.971931589665352,3.385482340169086,1.288191083550592,2.608069168497096,4.220917702039537,2.1643624561573453,1.9665251791829317,3.0230038141517963,1.6690092009654252,1.1006024632019271,1.5372311761641515,7.301837743255419,6.481791882260439,16.444939600050215,26.48826429414925,21.279147082800662,0.3941511516552269,1.6107243284778234,998,3.1005460921843686,0.1025904761522772,0.9919839679358716,0.9268537074148296,0.0581162324649298,0.0060120240480961,1,1,3021.551964594529,2.78929653941276,0.278929653941276,0.3021551964594529,1.0,-1.000088900581841e-12,3.14131,4.0,1.0,0.4,0.0,4.0,0.0,0.0,4.0,1.0,0.0,0.0,1.0,8.0,1.0,0.04,0.0,8.0,0.0,0.0,8.0,1.0,0.0,0.0,1.0,4.0,1.0,7.0,0.035,1.1428571428571428,1.0,8.0,0.13333333333333333
subject_26_task_4,26,4,,4,21,200.0,210.0,0.1323596756006164,22.0,0.1590909090909091,eye,中,5.333333333333333,1,96.0,,96.0,96.0,,5.04619050762806,1.839851246839583,1.8714766116760384,5.290755102048803,2.8943178786722665,0.9831013838809703,2.8270484755406917,3.655408457953224,1.6785669863157515,1.3833809807676962,3.971789405432707,1.9097315600831648,1.2133801242404276,2.8710741730948146,4.515857181850584,2.1490227093035283,1.8592178648844104,3.2820417408266813,1.5917850121654948,1.155874601838088,1.7652808758002814,6.931508817363256,4.309093000684358,16.266263874875474,34.624875919627755,18.62550208881304,0.2649098178801889,2.12863114640041,998,3.1104008016032068,0.0741819963678119,0.9939879759519038,0.9539078156312624,0.0410821643286573,0.0050100200400801,1,1,3021.551964594529,2.78929653941276,0.278929653941276,0.3021551964594529,1.0,-1.000088900581841e-12,3.14131,12.0,1.0,1.2,6.0,6.0,0.0,0.0,6.0,0.5,0.0,0.0,2.0,20.0,2.0,0.09523809523809523,6.0,14.0,0.0,0.0,14.0,0.7,0.0,0.0,3.0,2.0,1.0,7.0,0.03333333333333333,1.0526315789473684,1.0,20.0,0.3333333333333333
subject_26_task_4,26,4,,4,22,210.0,220.0,0.1386625172958839,22.0,0.1666666666666666,eye,中,5.333333333333333,3,98.33333333333331,5.131601439446884,94.0,104.0,73.84615384615394,5.988850235868087,2.0960348170811343,2.5039615553518666,6.26435449214097,3.9287884760907392,0.8370874595103722,2.50177742495758,5.202694994026982,2.047112262439015,1.7519838647565944,4.086239916441312,2.229184745084694,1.1684538331769527,2.3323501994745937,5.49245917046952,2.13938774949993,2.4382168708350553,3.7317430296140097,2.103070517722264,0.8774394825539942,1.530521371684193,8.007121140634423,9.247191458040152,19.490674344407623,49.79740246991432,30.74614567074923,0.4744418430393308,2.554934816003556,999,3.1892392392392392,0.0889456039540309,0.985985985985986,0.907907907907908,0.075075075075075,0.007007007007007,1,1,3021.551964594529,2.78929653941276,0.278929653941276,0.3021551964594529,1.0,-1.000088900581841e-12,3.14131,2.0,1.0,0.2,2.0,0.0,0.0,0.0,0.0,0.0,0.0,0.0,1.0,22.0,2.0,0.1,8.0,14.0,0.0,0.0,14.0,0.6363636363636364,0.0,0.0,3.0,9.0,1.0,7.0,0.031818181818181815,1.0952380952380953,1.0,22.0,0.36666666666666664
subject_26_task_4,26,4,,4,23,220.0,230.0,0.1449653589911514,22.0,0.1742424242424242,eye,中,5.333333333333333,1,97.0,,97.0,97.0,,4.381285248280623,2.274940236753378,2.472299817156477,6.0675933329189835,3.893300909498489,0.9201716640378624,2.4542303853331364,3.6457516141317377,2.2101366619858904,1.5071240577023033,4.674136578676661,3.0969215740967067,1.4664596790760345,3.1013615334378306,3.4447898435753306,2.103327374053406,1.8252959564787232,3.4145628386631306,1.7997626043727,1.1523212806053922,1.870689970326975,6.984843757454098,6.070661306756399,24.71694895316959,35.498095627677515,22.536112056324924,0.2456072275853418,1.4361843646209982,998,3.2528426853707413,0.1683718728419212,0.9819639278557114,0.9138276553106212,0.0681362725450901,0.0120240480961923,1,1,394.3125313795881,0.3640031983933671,0.0364003198393367,0.0394312531379588,1.0,-1.000088900581841e-12,3.14131,3.0,1.0,0.3,3.0,0.0,0.0,0.0,0.0,0.0,0.0,0.0,1.0,25.0,2.0,0.10869565217391304,11.0,14.0,0.0,0.0,14.0,0.56,0.0,0.0,4.0,7.0,2.0,18.0,0.0782608695652174,1.4583333333333333,1.0,25.0,0.4166666666666667
subject_26_task_4,26,4,,4,24,230.0,240.0,0.1512682006864188,22.0,0.1818181818181818,eye,中,5.333333333333333,2,94.5,0.7071067811865476,94.0,95.0,29.999999999999577,5.721120299446114,2.32979339790478,2.3552362249017427,7.571475849081939,5.285416652228493,0.9891973353976312,3.214741591110595,5.102613021016392,2.7345983744759477,2.131127244314328,5.747094439126208,4.364340435272469,1.283169919474133,2.696739227776747,4.463276954124038,2.284418995584157,2.081984588680378,3.9046466406367974,2.4878245102788505,1.097231462713222,1.8754445454909323,7.619645163632597,5.602592456981782,21.057466739828175,43.242201364014626,31.714211014904176,0.2660620352012721,2.0535329295914857,998,3.1464397959183676,0.1471333827750264,0.968937875751503,0.9208416833667334,0.0531062124248497,0.0230460921843687,3,0,0.0,0.0,0.0,0.0,,,,0.0,0.0,0.0,0.0,0.0,0.0,0.0,0.0,0.0,0.0,0.0,0.0,25.0,2.0,0.10416666666666667,11.0,14.0,0.0,0.0,14.0,0.56,0.0,0.0,4.0,17.0,2.0,18.0,0.075,1.4583333333333333,1.0,25.0,0.4166666666666667
subject_26_task_4,26,4,,4,25,240.0,250.0,0.1575710423816863,22.0,0.1893939393939394,eye,中,5.333333333333333,2,90.5,0.7071067811865476,90.0,91.0,-60.00000000000085,4.18745772328746,1.7028029937916214,2.113434978814347,6.47378218710595,4.311435500901143,0.8057039894110708,3.063156544677703,3.1908325106414055,1.9612321787013067,1.6790937684865437,5.240123593987725,3.1791881711728553,1.1680301693151238,3.120804622311789,4.125444100478345,2.1253736556746294,1.8879936608757864,3.314050469855834,1.7088412302810465,1.1257313516024885,1.7553292357552412,7.562263499215066,4.592610773358058,20.939883680980444,30.015203516242895,23.891942095003863,0.219323604816845,1.4333987701901851,998,3.205969418960245,0.1461246081420308,0.9709418837675352,0.8927855711422845,0.0601202404809619,0.0240480961923847,3,0,0.0,0.0,0.0,0.0,,,,0.0,0.0,0.0,0.0,0.0,0.0,0.0,0.0,0.0,0.0,0.0,0.0,25.0,2.0,0.1,11.0,14.0,0.0,0.0,14.0,0.56,0.0,0.0,4.0,27.0,2.0,18.0,0.072,1.4583333333333333,1.0,21.0,0.35
subject_26_task_4,26,4,,4,26,250.0,260.0,0.1638738840769537,22.0,0.1969696969696969,eye,中,5.333333333333333,3,89.66666666666667,0.5773502691896257,89.0,90.0,-10.64516129032276,3.821995506370785,1.9444481369283595,1.9803117482984824,5.779428397787387,3.952405671261567,0.9818899163725422,2.9184437262229905,3.6497486310918306,2.052285570788017,1.3383039406363972,4.077407582921124,2.4375229903814737,1.5334973681778925,3.046697733686874,4.573824521697521,1.9993410855020892,1.9597456852339297,3.4549123497100545,1.930518402069076,1.0202043563950662,1.7629391281438902,7.122400051679499,4.726573028266703,14.38966665682778,28.42297046643223,19.960341896152688,0.3284699458985717,1.975234808719197,998,3.271075150300601,0.1466492528922292,0.9889779559118236,0.9619238476953909,0.0290581162324649,0.0090180360721442,3,0,0.0,0.0,0.0,0.0,,,,0.0,0.0,0.0,0.0,0.0,0.0,0.0,0.0,0.0,0.0,0.0,0.0,25.0,2.0,0.09615384615384616,11.0,14.0,0.0,0.0,14.0,0.56,0.0,0.0,4.0,37.0,2.0,18.0,0.06923076923076923,1.4583333333333333,1.0,17.0,0.2833333333333333
subject_26_task_4,26,4,,4,27,260.0,270.0,0.1701767257722212,22.0,0.2045454545454545,eye,中,5.333333333333333,1,94.0,,94.0,94.0,,4.380196145040905,2.164662566800772,2.448902530679075,7.297147986066832,4.556797272849192,0.883931695803555,2.979762524090067,4.65845777634209,2.861559061592718,2.5899036519830223,6.175546313736418,3.2450027968661765,1.1048901604512182,2.3844695183961617,4.3463261663522,2.4740157049101317,2.2207930370833644,3.919620382092116,2.0315598227420493,1.1140235328544312,1.7649642792647957,9.494384547666543,6.091493134783934,25.343507426104107,38.253822478975685,23.492503969814702,0.2403571467976696,1.5094131146020382,999,3.216395560040364,0.070225171322949,0.98998998998999,0.974974974974975,0.017017017017017,0.008008008008008,3,0,0.0,0.0,0.0,0.0,,,,0.0,0.0,0.0,0.0,0.0,0.0,0.0,0.0,0.0,0.0,0.0,0.0,25.0,2.0,0.09259259259259259,11.0,14.0,0.0,0.0,14.0,0.56,0.0,0.0,4.0,47.0,2.0,18.0,0.06666666666666667,1.4583333333333333,1.0,5.0,0.08333333333333333
subject_26_task_4,26,4,,4,28,270.0,280.0,0.1764795674674886,22.0,0.2121212121212121,eye,中,5.333333333333333,3,94.0,0.0,94.0,94.0,-1.4017500743536626e-13,5.748160033657318,1.8802421625054255,2.477582324925178,6.592966011800361,4.682158765456448,0.7589019923130943,2.6610482103755992,4.817459993674353,3.246903840358396,1.6241590640527803,5.428491515849025,3.233081442430056,1.9991292184500475,3.342339821263107,6.07663432048069,2.2346625513899228,2.5519106244741785,3.8755766442681017,2.3082797067431113,0.875682137908092,1.5186960730909864,7.673893172515883,6.647548816911896,29.796823364058323,40.94547501636848,26.861627142633143,0.2230958896420595,1.374155711704421,998,3.2593527054108216,0.0937931945170251,0.9939879759519038,0.9819639278557114,0.0130260521042084,0.0050100200400801,3,0,0.0,0.0,0.0,0.0,,,,0.0,0.0,0.0,0.0,0.0,0.0,0.0,0.0,0.0,0.0,0.0,0.0,25.0,2.0,0.08928571428571429,11.0,14.0,0.0,0.0,14.0,0.56,0.0,0.0,4.0,57.0,2.0,18.0,0.06428571428571428,1.4583333333333333,1.0,3.0,0.05
subject_26_task_4,26,4,,4,29,280.0,290.0,0.1827824091627561,22.0,0.2196969696969697,eye,中,5.333333333333333,2,93.0,0.0,93.0,93.0,-4.263256414560601e-13,7.103983979869691,3.684685446200768,4.3093584272077425,10.203109946525888,6.775382569522525,0.8550426956683358,2.3676633352443166,7.32368642093241,5.681654573763221,3.311722549799262,9.2608752406149,4.834313557488443,1.7156191342501232,2.79639224039956,5.2435944426591075,2.741049421388911,2.553750136158941,5.2954860852183545,3.3196059463320102,1.0733428390577335,2.073611670240856,10.808540997603652,11.505936693257851,36.46230547758994,68.75115261234451,44.529683205431866,0.3155570264291022,1.8855404701329044,998,3.3175793731041456,0.1605341193040912,0.969939879759519,0.9098196392785572,0.0521042084168336,0.0180360721442885,3,0,0.0,0.0,0.0,0.0,,,,0.0,0.0,0.0,0.0,0.0,0.0,0.0,0.0,0.0,0.0,0.0,0.0,25.0,2.0,0.08620689655172414,11.0,14.0,0.0,0.0,14.0,0.56,0.0,0.0,4.0,67.0,2.0,18.0,0.06206896551724138,1.4583333333333333,1.0,0.0,0.0
subject_26_task_4,26,4,,4,30,290.0,300.0,0.1890852508580235,22.0,0.2272727272727272,eye,中,5.333333333333333,2,95.0,1.4142135623730951,94.0,96.0,19.999999999999716,4.182318877719799,2.0536394292328826,2.861540419949339,7.412953406387723,4.82732061711594,0.7176692018452216,2.5905464604686457,4.759623622068296,2.2483248614723306,1.9498777697367369,5.851175995488531,2.8886721696851754,1.1530593847305048,3.000791170760683,4.473838730455006,2.0576827536709894,2.452461393217809,5.182326585580085,3.135817632126003,0.8390275823959695,2.11311240205926,5.875605076715966,7.01123180886897,33.88007480709638,47.76938750096523,28.274432180547183,0.2069426306992813,1.4099551955817895,998,3.29764128256513,0.1647596272862646,0.968937875751503,0.8416833667334669,0.1232464929859719,0.0250501002004008,3,0,0.0,0.0,0.0,0.0,,,,0.0,0.0,0.0,0.0,0.0,0.0,0.0,0.0,0.0,0.0,0.0,0.0,25.0,2.0,0.08333333333333333,11.0,14.0,0.0,0.0,14.0,0.56,0.0,0.0,4.0,77.0,2.0,18.0,0.06,1.4583333333333333,1.0,0.0,0.0
subject_26_task_4,26,4,,4,31,300.0,310.0,0.195388092553291,22.0,0.2348484848484848,eye,中,5.333333333333333,2,91.0,0.0,91.0,91.0,-4.263256414560601e-13,5.045337045089419,1.6527259577896094,2.242819255496114,8.892644155777184,6.027358807672223,0.7368966329941843,3.964940168043154,4.883987222141825,2.0320869646556514,1.8497574146204971,7.015723523795661,4.136788706996393,1.0985694386701843,3.792780322621403,5.005197350530598,1.8175533633324683,2.160077867084941,3.7296460794504207,2.437019964999075,0.8414295572526213,1.72662575561854,63.826643238750506,15.092885819176391,18.523409726743413,40.4295717121824,23.824754814441604,0.8148006248215653,2.1826203873151755,998,3.3266996966632965,0.1763898361627657,0.9879759519038076,0.938877755511022,0.0511022044088176,0.0090180360721442,6,3,122.67232900717411,0.1129839548765131,0.0112983954876513,0.0122672329007174,0.5097858623071609,0.8773734731526255,3.182374268938522,0.0,0.0,0.0,0.0,0.0,0.0,0.0,0.0,0.0,0.0,0.0,0.0,25.0,2.0,0.08064516129032258,11.0,14.0,0.0,0.0,14.0,0.56,0.0,0.0,4.0,87.0,2.0,18.0,0.05806451612903226,1.4583333333333333,1.0,0.0,0.0
subject_26_task_4,26,4,,4,32,310.0,320.0,0.2016909342485584,22.0,0.2424242424242424,eye,中,5.333333333333333,1,90.0,,90.0,90.0,,5.061727755347851,2.029260191007786,1.9355841467067936,7.836203706099687,4.971041450755889,1.048396782160245,4.048495499114424,4.53548740039674,2.3042436743755528,1.865190887836137,7.352338890414443,3.330843622155392,1.235392950610419,3.941869402409589,4.907919059530036,2.119464775533652,1.7914865296818872,3.875023188393422,2.097509964893781,1.1830760323439349,2.1630211135785133,11.636711240104908,7.07887834370007,16.06359929550274,41.21324295778409,19.193194582397368,0.440678219960449,2.565629420880935,999,3.3153353535353536,0.1363725739687631,0.978978978978979,0.935935935935936,0.043043043043043,0.018018018018018,3,3,475.658507201139,0.438092108865889,0.0438092108865889,0.0475658507201139,0.5097858623071609,0.8773734731526255,3.1823742689385215,0.0,0.0,0.0,0.0,0.0,0.0,0.0,0.0,0.0,0.0,0.0,0.0,25.0,2.0,0.078125,11.0,14.0,0.0,0.0,14.0,0.56,0.0,0.0,4.0,97.0,2.0,18.0,0.05625,1.4583333333333333,1.0,0.0,0.0
subject_26_task_4,26,4,,4,33,320.0,330.0,0.2079937759438259,22.0,0.25,eye,中,5.333333333333333,2,91.0,0.0,91.0,91.0,-2.842170943040401e-13,4.256481444249575,2.367087165751049,2.3969783394933124,9.13127778377832,6.258141489903762,0.9875296437811858,3.80949532723293,5.198702933784046,2.6497478897843822,2.7476428447065593,9.708508152787156,4.477015163310861,0.9643712955230788,3.533395241485251,4.5461046106445,2.081333698690809,2.106486764077461,4.222488994352104,2.1295132853781595,0.9880592340689746,2.0045172209763913,5.375620425374005,7.409147727290109,19.636153289289386,40.07445610812411,22.89534527051497,0.3773217502499054,2.0408506451201354,998,3.240753036437247,0.1472958747288892,0.9859719438877756,0.9138276553106212,0.0691382765531062,0.0120240480961923,3,3,475.658507201139,0.438092108865889,0.0438092108865889,0.0475658507201139,0.5097858623071609,0.8773734731526255,3.1823742689385215,0.0,0.0,0.0,0.0,0.0,0.0,0.0,0.0,0.0,0.0,0.0,0.0,25.0,2.0,0.07575757575757576,11.0,14.0,0.0,0.0,14.0,0.56,0.0,0.0,4.0,107.0,2.0,18.0,0.05454545454545454,1.4583333333333333,1.0,0.0,0.0
subject_26_task_4,26,4,,4,34,330.0,340.0,0.2142966176390933,22.0,0.2575757575757575,eye,中,5.333333333333333,3,93.66666666666669,0.5773502691896257,93.0,94.0,-10.64516129032262,3.466616383860881,1.663825176990528,1.9177899340826543,4.274886792037246,2.7138179278748193,0.8675742569200591,2.229069365765585,3.077327959104316,1.558678749086886,1.4139011038572349,3.200196591295784,1.369834159206129,1.1023958782086571,2.2633807856613117,4.9868108733543455,1.9926556034538063,1.9924824735708688,2.8015667440799277,1.2358533852267937,1.0000868915462162,1.4060684504085206,5.160877720962378,4.976351106186144,20.254266342321205,25.789063790224436,19.361765828990674,0.2456939699557558,1.2732657581547793,998,3.149674442190669,0.1326025261641723,0.9819639278557114,0.9248496993987976,0.0531062124248497,0.0120240480961923,3,3,475.658507201139,0.438092108865889,0.0438092108865889,0.0475658507201139,0.5097858623071609,0.8773734731526255,3.1823742689385215,4.0,1.0,0.4,0.0,0.0,0.0,4.0,4.0,1.0,0.0,1.0,0.0,29.0,3.0,0.08529411764705883,11.0,14.0,0.0,4.0,18.0,0.6206896551724138,0.0,0.13793103448275862,4.0,3.0,3.0,131.0,0.38529411764705884,5.321428571428571,1.0,4.0,0.06666666666666667
subject_26_task_4,26,4,,4,35,340.0,350.0,0.2205994593343608,22.0,0.2651515151515151,eye,中,5.333333333333333,1,96.0,,96.0,96.0,,10.320278274038971,2.439610668804796,1.7361803860997196,6.528127361137714,4.60132455575884,1.405159675997327,3.7600513249680056,14.297819490034948,3.3109715414337155,2.0351525300781703,5.348961549779118,3.3265546260263883,1.6268911015266954,2.6282853352390565,4.974313060814983,1.848445404039242,1.4276225504290203,2.6826691562424805,1.5809477137716312,1.2947717892826491,1.8791165462021464,10.301850786980658,4.3926273418230055,8.422144247962263,17.833770108903426,18.12253524959957,0.5215568877113214,2.11748571193355,998,3.1210140280561123,0.053543126569296,1.0,0.9789579158316634,0.0210420841683366,0.0,3,3,475.658507201139,0.438092108865889,0.0438092108865889,0.0475658507201139,0.5097858623071609,0.8773734731526255,3.1823742689385215,4.0,1.0,0.4,0.0,0.0,0.0,4.0,4.0,1.0,0.0,1.0,0.0,33.0,3.0,0.09428571428571429,11.0,14.0,0.0,8.0,22.0,0.6666666666666666,0.0,0.24242424242424243,4.0,8.0,3.0,131.0,0.3742857142857143,4.8125,1.0,8.0,0.13333333333333333
subject_26_task_4,26,4,,4,36,350.0,360.0,0.2269023010296282,22.0,0.2727272727272727,eye,中,5.333333333333333,3,94.66666666666669,1.5275252316519468,93.0,96.0,-21.92307692307679,7.743705104506461,2.304175290863863,2.074210811976889,6.679763769112091,5.889065662301726,1.1108684216469775,3.220388077500059,11.868464122727303,3.214453601620464,2.381653728632877,7.262660102020632,4.489367850893925,1.3496729448850788,3.0494189876164586,4.610677299769085,1.9745084433736375,2.1126083106352036,3.828077003656947,2.104334488094455,0.9346306333425134,1.812014552998681,8.35426272965888,4.242254763441302,11.340628580622466,32.43827019960691,22.10666945529951,0.3740758048182592,2.8603591034657123,998,3.117256513026052,0.069711630787599,0.9929859719438878,0.9589178356713428,0.0310621242484969,0.0050100200400801,3,3,475.658507201139,0.438092108865889,0.0438092108865889,0.0475658507201139,0.5097858623071609,0.8773734731526255,3.1823742689385215,0.0,0.0,0.0,0.0,0.0,0.0,0.0,0.0,0.0,0.0,0.0,0.0,33.0,3.0,0.09166666666666666,11.0,14.0,0.0,8.0,22.0,0.6666666666666666,0.0,0.24242424242424243,4.0,18.0,3.0,131.0,0.3638888888888889,4.8125,1.0,8.0,0.13333333333333333
subject_26_task_4,26,4,,4,37,360.0,370.0,0.2332051427248957,22.0,0.2803030303030303,eye,中,5.333333333333333,2,94.0,1.4142135623730951,93.0,95.0,-60.000000000000426,2.943367631958071,1.5846070578847788,1.4496997746122828,5.197881166449688,3.403501057358821,1.0930587737095956,3.5854880144682664,2.8593146464278547,1.651250942003932,0.9458436525706676,3.763148570871044,2.0172759888751814,1.7457969269192306,3.978615874455936,3.948660596156884,2.1241876752940065,1.8532796732979693,2.93962603788056,1.6259350220398727,1.146177614689934,1.58617508206379,5.578604723103674,3.846982387095211,14.426155268880086,26.578428825377348,22.4262302749715,0.266667196865257,1.8423778428831965,999,3.2690110110110107,0.0822143983342687,0.994994994994995,0.95995995995996,0.04004004004004,0.0,3,3,475.658507201139,0.438092108865889,0.0438092108865889,0.0475658507201139,0.5097858623071609,0.8773734731526255,3.1823742689385215,0.0,0.0,0.0,0.0,0.0,0.0,0.0,0.0,0.0,0.0,0.0,0.0,33.0,3.0,0.0891891891891892,11.0,14.0,0.0,8.0,22.0,0.6666666666666666,0.0,0.24242424242424243,4.0,28.0,3.0,131.0,0.35405405405405405,4.8125,1.0,8.0,0.13333333333333333
subject_26_task_4,26,4,,4,38,370.0,380.0,0.2395079844201632,22.0,0.2878787878787879,eye,中,5.333333333333333,1,95.0,,95.0,95.0,,3.8265706603756664,1.4305237005062938,1.626284240110452,4.634548004926691,3.16694161910464,0.879627106519299,2.8497773578694505,3.9839664970215143,1.604678797643678,1.3135080648063595,4.369749431261599,1.6992043142287985,1.2216741112131986,3.3267777704172663,3.8815272526215,1.915048043167109,2.1196533209393333,2.6432996485118476,1.3011774499901354,0.903472291553058,1.2470433831794994,4.445745519660936,3.888420834529253,9.536968911201646,17.304355342148554,14.943082238625962,0.4077208252154528,1.8144502203235375,998,3.1536593186372746,0.0773124557609188,1.0,0.9819639278557114,0.0180360721442885,0.0,3,3,475.658507201139,0.438092108865889,0.0438092108865889,0.0475658507201139,0.5097858623071609,0.8773734731526255,3.1823742689385215,2.0,1.0,0.2,2.0,0.0,0.0,0.0,0.0,0.0,0.0,0.0,1.0,35.0,4.0,0.09210526315789473,13.0,14.0,0.0,8.0,22.0,0.6285714285714286,0.0,0.22857142857142856,5.0,6.0,4.0,163.0,0.42894736842105263,5.470588235294118,1.0,10.0,0.16666666666666666
subject_26_task_4,26,4,,4,39,380.0,390.0,0.2458108261154306,22.0,0.2954545454545454,eye,中,5.333333333333333,3,92.66666666666669,1.1547005383792517,92.0,94.0,-21.290322580644904,3.642302387151952,1.7677319832932337,1.5722389546840043,4.281312619453253,2.782352471749838,1.1243405323515343,2.72306738533503,3.17892722661576,1.8009545936281253,1.4332289635434374,3.4301041362029,1.476206248832724,1.2565714477158925,2.3932701776570973,3.852488951244692,2.0997042827382515,1.648869422380112,2.583869754021208,1.452676785563201,1.2734205960999432,1.5670554132124304,4.9333302100258605,4.704413353152957,11.15910524168048,19.94578206118104,16.450397751379445,0.4215762152310795,1.7873997627230327,998,3.13089879759519,0.1127612614545064,0.997995991983968,0.9428857715430862,0.0511022044088176,0.0,3,3,475.658507201139,0.438092108865889,0.0438092108865889,0.0475658507201139,0.5097858623071609,0.8773734731526255,3.1823742689385215,0.0,0.0,0.0,0.0,0.0,0.0,0.0,0.0,0.0,0.0,0.0,0.0,35.0,4.0,0.08974358974358974,13.0,14.0,0.0,8.0,22.0,0.6285714285714286,0.0,0.22857142857142856,5.0,16.0,4.0,163.0,0.41794871794871796,5.470588235294118,1.0,10.0,0.16666666666666666
subject_26_task_4,26,4,,4,40,390.0,400.0,0.2521136678106981,22.0,0.303030303030303,eye,中,5.333333333333333,2,95.0,0.0,95.0,95.0,0.0,4.503065845538495,2.074643737411129,1.5741025180960726,5.579760730343324,3.731457944393664,1.3179851461774403,3.544725115548524,4.6009782198075255,2.1571423352756747,1.6275762119063522,4.796398720963893,2.575335954978162,1.3253710145769768,2.946957989356427,4.515080473776207,2.175902460423935,1.9182579552209849,3.2969168139682505,1.6393940683547572,1.1343117094870954,1.718703579461211,40.785084367588546,10.963967992535473,12.921804440922164,44.94283230058804,24.687021933056016,0.8484858320416608,3.4780616365202235,998,3.2648016032064127,0.0766439403881974,1.0,0.9819639278557114,0.0180360721442885,0.0,3,3,475.658507201139,0.438092108865889,0.0438092108865889,0.0475658507201139,0.5097858623071609,0.8773734731526255,3.1823742689385215,4.0,1.0,0.4,4.0,0.0,0.0,0.0,0.0,0.0,0.0,0.0,1.0,39.0,5.0,0.0975,17.0,14.0,0.0,8.0,22.0,0.5641025641025641,0.0,0.20512820512820512,6.0,5.0,5.0,184.0,0.46,5.447368421052632,1.0,10.0,0.16666666666666666
subject_26_task_4,26,4,,4,41,400.0,410.0,0.2584165095059655,22.0,0.3106060606060606,eye,中,5.333333333333333,2,94.5,0.7071067811865476,94.0,95.0,-15.000000000000211,4.736469104510009,1.6702624164574769,1.4284659245488631,5.122748830419285,3.6965239154772433,1.1692700454055127,3.586189031451448,5.864415588200015,1.9124395460018713,1.4279168031983067,4.066206233063853,2.420908120454183,1.3393214098456652,2.847649263567875,4.173712791107088,1.893759962496776,1.7299804795150784,2.706798186648316,1.4589471697585386,1.0946712896018376,1.5646408839289587,11.86350562815899,5.227917170641971,10.106298901992286,18.085601089431965,16.76864193088232,0.5172929498069145,1.789537521581387,998,3.1987608476286575,0.0995015675268028,0.9889779559118236,0.93687374749499,0.0450901803607214,0.0080160320641282,3,3,475.658507201139,0.438092108865889,0.0438092108865889,0.0475658507201139,0.5097858623071609,0.8773734731526255,3.1823742689385215,4.0,1.0,0.4,4.0,0.0,0.0,0.0,0.0,0.0,0.0,0.0,1.0,43.0,5.0,0.1048780487804878,21.0,14.0,0.0,8.0,22.0,0.5116279069767442,0.0,0.18604651162790697,7.0,7.0,6.0,191.0,0.4658536585365854,5.119047619047619,1.0,10.0,0.16666666666666666
subject_26_task_4,26,4,,4,42,410.0,420.0,0.2647193512012329,22.0,0.3181818181818182,eye,中,5.333333333333333,2,93.5,2.1213203435596424,92.0,95.0,-36.0,3.7637075539437626,1.3948616540864838,1.3639576349487152,4.819848435976201,3.042737729211838,1.0226576092584654,3.533722978248828,3.6644875749299346,1.5779321945864906,1.1780374135251603,3.554123638523093,1.876626990695545,1.3394584726003604,3.0169870648570747,4.077858706731222,1.9648964576971732,1.4996160268678564,2.999419232838712,1.438452991503059,1.3102663765211389,2.000124818019843,5.960283312666566,4.58294851347188,7.804648811543174,21.114881980943565,18.596651841249884,0.587207525173156,2.705423714865221,998,3.1211312625250502,0.0775603159640712,0.9939879759519038,0.9649298597194388,0.0260521042084168,0.0050100200400801,3,3,475.658507201139,0.438092108865889,0.0438092108865889,0.0475658507201139,0.5097858623071609,0.8773734731526255,3.1823742689385215,0.0,0.0,0.0,0.0,0.0,0.0,0.0,0.0,0.0,0.0,0.0,0.0,43.0,5.0,0.10238095238095238,21.0,14.0,0.0,8.0,22.0,0.5116279069767442,0.0,0.18604651162790697,7.0,17.0,6.0,191.0,0.45476190476190476,5.119047619047619,1.0,10.0,0.16666666666666666
subject_26_task_4,26,4,,4,43,420.0,430.0,0.2710221928965004,22.0,0.3257575757575757,eye,中,5.333333333333333,1,87.0,,87.0,87.0,,3.758411197093934,1.7267948307562728,1.3006379496774594,3.862388294559048,2.4159893167440223,1.3276521965120998,2.969610640314523,3.589972433860174,1.5939975037290417,1.1012641840761035,3.555225499098359,1.441464635506519,1.4474251744292517,3.2283130156284763,4.296864477647112,2.0585789488485724,1.378382078530514,2.90646933266477,1.4427166014945176,1.4934748361232415,2.10860934564917,5.492068544091595,3.7506370547862296,9.89802848915339,21.831488588479115,18.92514332943834,0.3789276883670632,2.2056401042291234,999,3.178376376376377,0.0700077470840624,1.0,0.968968968968969,0.031031031031031,0.0,3,3,475.658507201139,0.438092108865889,0.0438092108865889,0.0475658507201139,0.5097858623071609,0.8773734731526255,3.1823742689385215,2.0,1.0,0.2,2.0,0.0,0.0,0.0,0.0,0.0,0.0,0.0,1.0,45.0,6.0,0.10465116279069768,23.0,14.0,0.0,8.0,22.0,0.4888888888888889,0.0,0.17777777777777778,8.0,9.0,7.0,208.0,0.48372093023255813,5.295454545454546,1.0,12.0,0.2
subject_26_task_4,26,4,,4,44,430.0,440.0,0.2773250345917679,22.0,0.3333333333333333,eye,中,5.333333333333333,2,85.0,0.0,85.0,85.0,-4.263256414560601e-13,5.168202884229935,1.513274778455836,1.4405739984141857,4.735441389072721,2.925665397887787,1.050466536340154,3.2871906575334524,5.24741242499793,1.783301844165041,1.3291462719375098,3.667701074030748,1.7731409208393982,1.3416896859406633,2.759441268028615,3.325552169820577,1.9860276296716024,1.813625582345947,3.176131927397833,1.6400598722317197,1.0950593380485132,1.75126109728198,77.64717366072591,13.72488621790226,14.657076709788614,31.47890075225584,23.22263730741653,0.9363999718126742,2.1476929796807913,998,3.175209418837676,0.1053414528879898,0.99498997995992,0.9659318637274548,0.0290581162324649,0.0050100200400801,3,3,475.658507201139,0.438092108865889,0.0438092108865889,0.0475658507201139,0.5097858623071609,0.8773734731526255,3.1823742689385215,2.0,1.0,0.2,2.0,0.0,0.0,0.0,0.0,0.0,0.0,0.0,1.0,47.0,7.0,0.10681818181818181,25.0,14.0,0.0,8.0,22.0,0.46808510638297873,0.0,0.1702127659574468,9.0,3.0,8.0,224.0,0.509090909090909,5.413043478260869,1.0,12.0,0.2
subject_26_task_4,26,4,,4,45,440.0,450.0,0.2836278762870353,22.0,0.3409090909090909,eye,中,5.333333333333333,2,89.0,1.4142135623730951,88.0,90.0,29.999999999999787,5.371364150259532,1.5413484944203908,1.4497352685363931,3.996509006252266,2.7965581285877823,1.0631930724679737,2.7567164109120523,4.627814970553287,1.8290979327651893,1.3222842830525985,3.2847045640040218,1.731180932868033,1.3832864507340064,2.4841137462671945,4.046115243559259,1.857462487660114,1.8176592635251936,2.6084640191436232,1.5517284493904973,1.0218980668894595,1.4350676562364786,6.582278951644518,4.952177891727534,7.429781692210734,21.738857302133663,19.940505617695504,0.6665307403203138,2.925907947594791,998,3.01473246492986,0.1050421110957249,0.9939879759519038,0.9759519038076152,0.0190380761523046,0.0050100200400801,3,3,475.658507201139,0.438092108865889,0.0438092108865889,0.0475658507201139,0.5097858623071609,0.8773734731526255,3.1823742689385215,0.0,0.0,0.0,0.0,0.0,0.0,0.0,0.0,0.0,0.0,0.0,0.0,47.0,7.0,0.10444444444444445,25.0,14.0,0.0,8.0,22.0,0.46808510638297873,0.0,0.1702127659574468,9.0,13.0,8.0,224.0,0.49777777777777776,5.413043478260869,1.0,12.0,0.2
subject_26_task_4,26,4,,4,46,450.0,460.0,0.2899307179823028,22.0,0.3484848484848485,eye,中,5.333333333333333,2,98.0,1.4142135623730951,97.0,99.0,-24.0,4.032387963257715,2.161801795035804,3.0362597914097496,6.801972007226727,4.592494125743752,0.7119950015976957,2.2402470389625453,4.107529424670207,2.530126112369157,2.0512888842411123,5.179447181563958,2.94916779719505,1.233432371133427,2.524972090159855,4.72181489996415,2.307359973323693,2.437844134737347,4.17581784098284,2.26859689379118,0.9464755931052532,1.7129142021348882,7.008315794801686,6.403605157232146,24.299994161282303,45.62801405174986,26.084156137024184,0.2635229092949802,1.8776965026785868,998,3.125188376753507,0.1295692523658536,1.0,0.9498997995991983,0.0460921843687374,0.0,3,3,475.658507201139,0.438092108865889,0.0438092108865889,0.0475658507201139,0.5097858623071609,0.8773734731526255,3.1823742689385215,0.0,0.0,0.0,0.0,0.0,0.0,0.0,0.0,0.0,0.0,0.0,0.0,47.0,7.0,0.10217391304347827,25.0,14.0,0.0,8.0,22.0,0.46808510638297873,0.0,0.1702127659574468,9.0,23.0,8.0,224.0,0.48695652173913045,5.413043478260869,1.0,8.0,0.13333333333333333
subject_26_task_4,26,4,,4,47,460.0,470.0,0.2962335596775702,22.0,0.3560606060606061,eye,中,5.333333333333333,2,94.5,0.7071067811865476,94.0,95.0,-60.00000000000085,5.6216031474581785,2.397546210348489,3.576788639242148,8.83957664724148,6.1936378980424,0.6703069295300833,2.4713723786358295,6.499578150877461,4.235918004924956,3.01732449929817,7.638164751218301,5.341491689535325,1.4038655788962149,2.5314362949675915,7.605455035531563,2.418535351462907,2.54982345598366,5.431103134793782,3.3144502790897015,0.9485109040735116,2.1299918321986704,11.188743821577512,8.303914445648829,25.2592267691565,69.76391082460322,41.189266961453214,0.3287477689455071,2.7619179107173,998,3.2928202020202018,0.1316054095315125,0.9909819639278558,0.9478957915831664,0.0440881763527054,0.0080160320641282,3,3,475.658507201139,0.438092108865889,0.0438092108865889,0.0475658507201139,0.5097858623071609,0.8773734731526255,3.1823742689385215,0.0,0.0,0.0,0.0,0.0,0.0,0.0,0.0,0.0,0.0,0.0,0.0,47.0,7.0,0.1,25.0,14.0,0.0,8.0,22.0,0.46808510638297873,0.0,0.1702127659574468,9.0,33.0,8.0,224.0,0.4765957446808511,5.413043478260869,1.0,4.0,0.06666666666666667
subject_26_task_4,26,4,,4,48,470.0,480.0,0.3025364013728377,22.0,0.3636363636363636,eye,中,5.333333333333333,3,88.66666666666667,0.5773502691896257,88.0,89.0,8.91891891891907,5.652051800197213,1.8750691309871128,2.3087774488734,6.668810904750438,7.542513076016628,0.8121480621278933,2.8884598244861484,4.501728436799235,2.3670033722038073,1.996331437924998,5.809374993605739,7.002046504072879,1.185676550114388,2.910025301031199,5.42455536245032,2.1526572753395947,2.3108344023946907,6.741847332818969,6.690305454177231,0.9315497783436238,2.917494791419269,7.190120688707235,8.25533530527613,21.20884525190129,40.88410039580578,32.19174391455351,0.3892402064905477,1.9276910133587155,999,3.502286290322581,0.1805289478243628,0.963963963963964,0.8688688688688688,0.1011011011011011,0.019019019019019,3,3,475.658507201139,0.438092108865889,0.0438092108865889,0.0475658507201139,0.5097858623071609,0.8773734731526255,3.1823742689385215,0.0,0.0,0.0,0.0,0.0,0.0,0.0,0.0,0.0,0.0,0.0,0.0,47.0,7.0,0.09791666666666667,25.0,14.0,0.0,8.0,22.0,0.46808510638297873,0.0,0.1702127659574468,9.0,43.0,8.0,224.0,0.4666666666666667,5.413043478260869,1.0,4.0,0.06666666666666667
subject_26_task_4,26,4,,4,49,480.0,490.0,0.3088392430681052,22.0,0.3712121212121212,eye,中,5.333333333333333,2,94.0,0.0,94.0,94.0,-1.7053025658242404e-12,3.9897303761409626,2.4103432071883084,2.785359469635821,8.328995593837494,7.0214544629150994,0.8653616287105143,2.9902767253687688,4.4888413917329455,3.00383097766901,2.422557385974145,9.375331676840316,6.454734385756276,1.2399421351420852,3.8700142795875863,4.23148127291098,2.2079717089584703,2.3881421876183624,6.595527322386889,4.659871534624626,0.9245562179697634,2.7617816713687606,6.8542732465065805,8.377927710537298,20.888007899414134,34.008006678354235,23.31716391353173,0.4010879233137536,1.628111538549738,998,3.495157142857143,0.1701245466979196,0.9739478957915833,0.8827655310621243,0.0821643286573146,0.0180360721442885,3,3,475.658507201139,0.438092108865889,0.0438092108865889,0.0475658507201139,0.5097858623071609,0.8773734731526255,3.1823742689385215,0.0,0.0,0.0,0.0,0.0,0.0,0.0,0.0,0.0,0.0,0.0,0.0,47.0,7.0,0.09591836734693877,25.0,14.0,0.0,8.0,22.0,0.46808510638297873,0.0,0.1702127659574468,9.0,53.0,8.0,224.0,0.45714285714285713,5.413043478260869,1.0,2.0,0.03333333333333333
subject_26_task_4,26,4,,4,50,490.0,500.0,0.3151420847633726,22.0,0.3787878787878788,eye,中,5.333333333333333,2,94.0,0.0,94.0,94.0,-1.7053025658242404e-12,4.7348885288197335,1.9996989828094405,2.994893949711861,5.372825287259507,4.2205662712191,0.6677027689083387,1.7939951722752745,3.667090107936248,2.091767317289924,1.9605522374503217,5.334589628071732,3.5578774132927147,1.066927612196779,2.7209627604767683,4.868649351011991,2.1630327314392273,3.16038622923777,4.854859567921069,2.888091385912669,0.6844203760376822,1.5361602082072026,7.932701892037703,6.192242950577692,20.240977101010618,30.698064515406887,18.76309344954206,0.3059260884331774,1.5166295758456323,998,3.298102123356926,0.168208134174211,0.9799599198396792,0.9048096192384768,0.06312625250501,0.0170340681362725,9,6,149.230416176492,0.1069545656548103,0.010695456565481,0.0149230416176491,0.4460282495084691,1.117164832086356,3.2452698475361337,0.0,0.0,0.0,0.0,0.0,0.0,0.0,0.0,0.0,0.0,0.0,0.0,47.0,7.0,0.094,25.0,14.0,0.0,8.0,22.0,0.46808510638297873,0.0,0.1702127659574468,9.0,63.0,8.0,224.0,0.448,5.413043478260869,1.0,0.0,0.0
subject_26_task_4,26,4,,4,51,500.0,510.0,0.3214449264586401,22.0,0.3863636363636363,eye,中,5.333333333333333,2,99.0,0.0,99.0,99.0,-2.842170943040401e-13,4.678291066558476,1.6707515980571064,2.137404756670099,6.1306556241517365,4.326378444559541,0.7816730045365857,2.8682707872807365,4.579963644381073,2.4129631305107675,1.6963864788046787,6.632957949774543,4.0295282275405615,1.4224135600343906,3.910051177988821,5.665894126471177,2.016814432676114,1.692093609193179,4.084761968721165,2.6108425791036427,1.191904763258203,2.414028364937123,9.908441341478154,5.036359071403402,16.445950298994827,27.39924828313545,17.720156505928003,0.3062370358562511,1.6660179427156658,998,3.2683900709219857,0.1513325087935287,0.9739478957915833,0.9198396793587176,0.0571142284569138,0.0180360721442885,6,3,1865.6044798506716,1.333288890370321,0.1333288890370321,0.1865604479850671,0.4504794235006849,1.0635505804826113,3.2458975189089396,0.0,0.0,0.0,0.0,0.0,0.0,0.0,0.0,0.0,0.0,0.0,0.0,47.0,7.0,0.09215686274509804,25.0,14.0,0.0,8.0,22.0,0.46808510638297873,0.0,0.1702127659574468,9.0,73.0,8.0,224.0,0.4392156862745098,5.413043478260869,1.0,0.0,0.0
subject_26_task_4,26,4,,4,52,510.0,520.0,0.3277477681539075,22.0,0.3939393939393939,eye,中,5.333333333333333,1,96.0,,96.0,96.0,,4.449363807759948,2.513954000348144,2.5471481130269504,7.7173221998897485,5.715346164255793,0.9869681262314348,3.0297893398585,4.780997568346884,3.361284633460068,3.5232250806128653,7.551348207676142,5.236217232904807,0.95403630382745,2.1433056460765725,5.118058875595141,2.4738608815656917,3.0237446937159342,4.898219953907814,2.768833182495559,0.8181447615954374,1.6199184951320422,9.372651003592892,7.532172279602956,21.32742627218696,37.51321875147561,24.29183461902764,0.3531683656281416,1.7589191622430551,998,3.1736833667334667,0.1086840956249497,0.9849699398797596,0.9248496993987976,0.0551102204408817,0.0140280561122244,6,3,1865.6044798506716,1.333288890370321,0.1333288890370321,0.1865604479850671,0.4504794235006849,1.0635505804826113,3.2458975189089396,0.0,0.0,0.0,0.0,0.0,0.0,0.0,0.0,0.0,0.0,0.0,0.0,47.0,7.0,0.09038461538461538,25.0,14.0,0.0,8.0,22.0,0.46808510638297873,0.0,0.1702127659574468,9.0,83.0,8.0,224.0,0.4307692307692308,5.413043478260869,1.0,0.0,0.0
subject_26_task_4,26,4,,4,53,520.0,530.0,0.3340506098491749,22.0,0.4015151515151515,eye,中,5.333333333333333,3,94.0,2.6457513110645907,92.0,97.0,36.31578947368395,5.125411820542786,2.2838551584290574,2.878593726007967,6.390518781918242,3.5418506037428386,0.7933926687168554,2.220014142384939,4.9231857220342325,2.326794705694728,2.7421411626852064,6.391995567676858,3.1902995948384576,0.8485320658752098,2.3310235281314178,4.691181258887836,2.181588223335587,3.180301612032435,4.421890925239247,2.6646616952086015,0.6859689707044483,1.3903998628650034,8.662976741097614,6.341839374685239,22.757911524838388,36.32593747621484,22.37936574179909,0.2786652618700816,1.5961894146819258,999,3.3521911911911912,0.1610392180245744,0.986986986986987,0.925925925925926,0.068068068068068,0.004004004004004,6,3,1865.6044798506716,1.333288890370321,0.1333288890370321,0.1865604479850671,0.4504794235006849,1.0635505804826113,3.2458975189089396,0.0,0.0,0.0,0.0,0.0,0.0,0.0,0.0,0.0,0.0,0.0,0.0,47.0,7.0,0.08867924528301886,25.0,14.0,0.0,8.0,22.0,0.46808510638297873,0.0,0.1702127659574468,9.0,93.0,8.0,224.0,0.4226415094339623,5.413043478260869,1.0,0.0,0.0
subject_26_task_4,26,4,,4,54,530.0,540.0,0.3403534515444424,22.0,0.4090909090909091,eye,中,5.333333333333333,1,93.0,,93.0,93.0,,3.4451717774973094,1.9126409786898444,1.8544226989938544,6.369174115635278,4.014175328130203,1.0313942876818631,3.4345859329110735,3.060912155836221,2.076391278665481,1.6738951689412718,4.614649969034683,2.4405811185443027,1.2404547890408126,2.756833315884065,3.310183608532595,2.37824868488129,1.8782709732830432,3.332553358161111,2.0286144122198504,1.2661904052770043,1.7742665491636265,9.653563582992374,5.326493706793432,16.12986129733491,33.377243681024424,21.790141369370563,0.3302256360799279,2.06928274619071,998,3.2188396793587173,0.164539740876423,0.9729458917835672,0.9118236472945892,0.0511022044088176,0.0190380761523046,6,3,1865.6044798506716,1.333288890370321,0.1333288890370321,0.1865604479850671,0.4504794235006849,1.0635505804826113,3.2458975189089396,0.0,0.0,0.0,0.0,0.0,0.0,0.0,0.0,0.0,0.0,0.0,0.0,47.0,7.0,0.08703703703703704,25.0,14.0,0.0,8.0,22.0,0.46808510638297873,0.0,0.1702127659574468,9.0,103.0,8.0,224.0,0.4148148148148148,5.413043478260869,1.0,0.0,0.0
subject_26_task_4,26,4,,4,55,540.0,550.0,0.3466562932397098,22.0,0.4166666666666667,eye,中,5.333333333333333,2,90.0,0.0,90.0,90.0,-4.263256414560601e-13,4.857478842558652,2.3831993024159397,3.0827673450118187,8.004013138635887,5.883483377452826,0.7730714113966985,2.5963727530678127,5.175058418251621,3.528211194104173,3.465590899324829,7.565530921813072,4.350282111620725,1.0180691537456263,2.183042125164571,5.409891550002291,2.1236943271208384,2.8291617331722554,4.5645215911050645,2.631013685698824,0.7506443701044984,1.613383051801355,6.884102178633398,8.169379067159243,24.524329041463556,46.74500922650282,28.316456869680096,0.3331132547335824,1.9060667938140332,998,3.1186332665330663,0.1484678074367853,0.99498997995992,0.9468937875751504,0.0460921843687374,0.003006012024048,6,3,1865.6044798506716,1.333288890370321,0.1333288890370321,0.1865604479850671,0.4504794235006849,1.0635505804826113,3.2458975189089396,0.0,0.0,0.0,0.0,0.0,0.0,0.0,0.0,0.0,0.0,0.0,0.0,47.0,7.0,0.08545454545454545,25.0,14.0,0.0,8.0,22.0,0.46808510638297873,0.0,0.1702127659574468,9.0,113.0,8.0,224.0,0.4072727272727273,5.413043478260869,1.0,0.0,0.0
subject_26_task_4,26,4,,4,56,550.0,560.0,0.3529591349349773,22.0,0.4242424242424242,eye,中,5.333333333333333,2,92.0,0.0,92.0,92.0,-4.263256414560601e-13,4.34801346197056,1.8240087108205851,2.0652773860918336,7.3332022673813055,4.110901812279524,0.8831785614387585,3.550710580944322,4.677757381306568,2.113791412603041,1.847523705988727,6.9725048131478395,3.177988631057709,1.1441214019344976,3.7739731244294967,4.188120934807571,2.0569200888835817,2.073307123789779,3.7693605182201657,2.116037856690073,0.9920961855008515,1.8180425248962568,8.42814533704597,5.11991951164654,22.629515489643396,35.58932740295409,23.55302265864439,0.226249630222517,1.572695068051363,998,3.154342424242424,0.1396791025412746,0.9739478957915833,0.8997995991983968,0.0781563126252505,0.0200400801603206,6,3,1865.6044798506716,1.333288890370321,0.1333288890370321,0.1865604479850671,0.4504794235006849,1.0635505804826113,3.2458975189089396,0.0,0.0,0.0,0.0,0.0,0.0,0.0,0.0,0.0,0.0,0.0,0.0,47.0,7.0,0.08392857142857142,25.0,14.0,0.0,8.0,22.0,0.46808510638297873,0.0,0.1702127659574468,9.0,123.0,8.0,224.0,0.4,5.413043478260869,1.0,0.0,0.0
subject_26_task_4,26,4,,4,57,560.0,570.0,0.3592619766302448,22.0,0.4318181818181818,eye,中,5.333333333333333,3,93.33333333333331,2.8867513459481287,90.0,95.0,-35.714285714285346,5.088049196511769,2.5182410526608354,2.782120321686175,5.870135345291952,3.2948228376836974,0.905151740933545,2.1099502057963497,4.233439874677921,2.8433893926338243,2.197976398960386,6.179664265722454,2.6978285836540867,1.293639637795342,2.8115243951870243,5.8733822070486585,2.0862381723029495,2.1850087941315466,3.854778172371626,2.2254587214483292,0.9547962360179632,1.7641934360743594,8.944949588999043,7.465882363304019,22.264265097576487,29.670073664884494,21.617956067774347,0.3353302851265769,1.3326320691408828,998,3.224171342685371,0.0725413706222598,0.9919839679358716,0.9619238476953909,0.032064128256513,0.0040080160320641,6,3,1865.6044798506716,1.333288890370321,0.1333288890370321,0.1865604479850671,0.4504794235006849,1.0635505804826113,3.2458975189089396,0.0,0.0,0.0,0.0,0.0,0.0,0.0,0.0,0.0,0.0,0.0,0.0,47.0,7.0,0.0824561403508772,25.0,14.0,0.0,8.0,22.0,0.46808510638297873,0.0,0.1702127659574468,9.0,133.0,8.0,224.0,0.3929824561403509,5.413043478260869,1.0,0.0,0.0
subject_26_task_4,26,4,,4,58,570.0,580.0,0.3655648183255122,22.0,0.4393939393939394,eye,中,5.333333333333333,2,91.5,0.7071067811865476,91.0,92.0,60.0,4.129110245154725,1.9837061043552264,2.000974107481244,6.186966315786561,4.007680389320111,0.9913702016125764,3.091977198832671,3.6385287366029946,2.136882380962859,2.104862338672939,4.580267709266605,2.6435159933780352,1.0152124163664349,2.176041456542163,4.018519197617316,2.0846800805030483,2.15155268398043,3.8976968530885023,2.030022785964561,0.9689189095971076,1.8115739772998067,8.169616376731463,5.909137223346296,17.007575919257224,38.35562981757597,26.096769676889583,0.3474414726354705,2.2552085023561124,999,3.091441414141414,0.1035723693591175,0.9769769769769768,0.9049049049049048,0.069069069069069,0.019019019019019,6,3,1865.6044798506716,1.333288890370321,0.1333288890370321,0.1865604479850671,0.4504794235006849,1.0635505804826113,3.2458975189089396,0.0,0.0,0.0,0.0,0.0,0.0,0.0,0.0,0.0,0.0,0.0,0.0,47.0,7.0,0.08103448275862069,25.0,14.0,0.0,8.0,22.0,0.46808510638297873,0.0,0.1702127659574468,9.0,143.0,8.0,224.0,0.38620689655172413,5.413043478260869,1.0,0.0,0.0
subject_26_task_4,26,4,,4,59,580.0,590.0,0.3718676600207797,22.0,0.4469696969696969,eye,中,5.333333333333333,1,100.0,,100.0,100.0,,5.013709659807584,1.8905022910134737,2.570963203950104,5.174186599951195,3.1254598933504862,0.7353284123665597,2.0125479011140346,4.159193542202112,2.0898849567721007,1.7673939939861512,4.974158449242187,2.105913629064579,1.1824669337359288,2.814402711657717,5.2341851245890165,2.261652282116358,2.1908449012144864,3.450095539909899,1.6410347775838598,1.0323196684816072,1.5747785422862897,9.051350446085614,6.602019138883293,26.259651049074716,33.51514378600856,20.55263834963784,0.2514130567289439,1.276298139810563,998,3.2766302605210424,0.130905045582702,0.9729458917835672,0.9178356713426854,0.0541082164328657,0.0170340681362725,6,3,1718.408286390456,1.2280923969201043,0.1228092396920104,0.1718408286390456,0.4504794235006849,1.0635505804826113,3.2458975189089396,0.0,0.0,0.0,0.0,0.0,0.0,0.0,0.0,0.0,0.0,0.0,0.0,47.0,7.0,0.07966101694915254,25.0,14.0,0.0,8.0,22.0,0.46808510638297873,0.0,0.1702127659574468,9.0,153.0,8.0,224.0,0.37966101694915255,5.413043478260869,1.0,0.0,0.0
subject_26_task_4,26,4,,4,60,590.0,600.0,0.3781705017160471,22.0,0.4545454545454545,eye,中,5.333333333333333,2,97.0,0.0,97.0,97.0,0.0,5.271024264963683,2.7377813519451943,2.7285411770199177,8.666477755786241,5.778810555492339,1.0033864890891508,3.1762312508883124,4.292802059903675,2.8380398707911083,2.272283743316748,7.146188096851332,4.487781503846654,1.2489812855187497,3.144936506221873,5.654299473418241,2.513015653248136,2.468186908479239,4.836958292225384,2.7720136984215413,1.0181626215643926,1.9597212332698304,9.119297059566255,11.304488263755376,17.42370794124906,38.03155225324102,24.096654882302342,0.6487992281478168,2.1827473452539192,998,3.2089101917255296,0.1396224165349322,0.9909819639278558,0.9178356713426854,0.0701402805611222,0.0070140280561122,6,3,443.02486875886075,0.5153849101429278,0.0515384910142927,0.044302486875886,0.613075849232201,0.881081294646189,3.0986283597021873,0.0,0.0,0.0,0.0,0.0,0.0,0.0,0.0,0.0,0.0,0.0,0.0,47.0,7.0,0.07833333333333334,25.0,14.0,0.0,8.0,22.0,0.46808510638297873,0.0,0.1702127659574468,9.0,163.0,8.0,224.0,0.37333333333333335,5.413043478260869,1.0,0.0,0.0
subject_26_task_4,26,4,,4,61,600.0,610.0,0.3844733434113145,22.0,0.4621212121212121,eye,中,5.333333333333333,3,95.33333333333331,0.5773502691896257,95.0,96.0,6.393442622950473,5.893994745480828,1.855797081039802,2.1019409611111453,5.201050850108288,3.6035435591254066,0.8828968631253922,2.4744038706771603,4.485059126610824,2.0024787448977936,1.7557592103204795,4.228202571657696,2.236536098754854,1.1405201425839482,2.408190455048742,5.24117835019806,2.101635455134516,2.2146513316496503,4.582068822003611,3.0599803981179985,0.9489689980088416,2.068979778677178,5.065422777433593,8.201734232820463,21.36986905678952,34.92002120724365,25.855080332345153,0.3837989933875917,1.634077453373494,998,3.2343178137651822,0.2044669205204357,0.9649298597194388,0.8496993987975952,0.096192384769539,0.0240480961923847,6,3,823.4662988082921,0.9579645169942904,0.095796451699429,0.0823466298808292,0.613075849232201,0.881081294646189,3.0986283597021873,0.0,0.0,0.0,0.0,0.0,0.0,0.0,0.0,0.0,0.0,0.0,0.0,47.0,7.0,0.07704918032786885,25.0,14.0,0.0,8.0,22.0,0.46808510638297873,0.0,0.1702127659574468,9.0,173.0,8.0,224.0,0.36721311475409835,5.413043478260869,1.0,0.0,0.0
subject_26_task_4,26,4,,4,62,610.0,620.0,0.390776185106582,22.0,0.4696969696969697,eye,中,5.333333333333333,2,96.5,0.7071067811865476,96.0,97.0,12.0,4.341146462734126,1.5920257849072117,2.222811119855346,4.870418926926622,3.0693387769422373,0.7162218016125524,2.191107864910975,4.0643253957803145,1.7736109860817872,1.8218176087626217,4.234688076696581,2.0532790195370354,0.973539270644345,2.324430314170023,4.217961996376981,1.968113908707722,2.5831657935549384,3.5480025997039286,1.8031488703791492,0.761899957648175,1.3735094389048823,18.565485636019226,8.219808591532411,22.237843341986192,33.46729403883561,18.252107131826904,0.3696315539741657,1.5049703122805815,998,3.206689378757515,0.128843827570917,0.9899799599198396,0.9298597194388778,0.0541082164328657,0.0060120240480961,6,3,823.4662988082921,0.9579645169942904,0.095796451699429,0.0823466298808292,0.613075849232201,0.881081294646189,3.0986283597021873,0.0,0.0,0.0,0.0,0.0,0.0,0.0,0.0,0.0,0.0,0.0,0.0,47.0,7.0,0.07580645161290323,25.0,14.0,0.0,8.0,22.0,0.46808510638297873,0.0,0.1702127659574468,9.0,183.0,8.0,224.0,0.36129032258064514,5.413043478260869,1.0,0.0,0.0
subject_26_task_4,26,4,,4,63,620.0,630.0,0.3970790268018495,22.0,0.4772727272727273,eye,中,5.333333333333333,2,96.5,0.7071067811865476,96.0,97.0,-10.0,5.2927655101992,2.2840131200958593,2.660836173360313,8.996736496029394,7.245983478498052,0.8583817158541663,3.3811688919831573,7.499346773336189,4.536517980000991,3.254624363533486,8.390398100668188,6.487586914454543,1.3938683772021472,2.5779927768865116,4.519492368850197,2.4068029593652067,2.037864846448194,4.044120768842596,2.6291840517402973,1.1810415021192582,1.9844891950960912,10.121719204338492,5.744458126893316,21.436898287172895,34.296811998243676,23.48999098338392,0.2679705827745893,1.599896194813114,999,3.162573158425832,0.1321029153671451,0.978978978978979,0.901901901901902,0.07007007007007,0.013013013013013,6,3,823.4662988082921,0.9579645169942904,0.095796451699429,0.0823466298808292,0.613075849232201,0.881081294646189,3.0986283597021873,0.0,0.0,0.0,0.0,0.0,0.0,0.0,0.0,0.0,0.0,0.0,0.0,47.0,7.0,0.0746031746031746,25.0,14.0,0.0,8.0,22.0,0.46808510638297873,0.0,0.1702127659574468,9.0,193.0,8.0,224.0,0.35555555555555557,5.413043478260869,1.0,0.0,0.0
subject_26_task_4,26,4,,4,64,630.0,640.0,0.4033818684971169,22.0,0.4848484848484848,eye,中,5.333333333333333,1,93.0,,93.0,93.0,,4.327301852444446,2.0575031819999934,2.9120620841789986,7.313306522517457,5.857197406084183,0.7065450950301658,2.51138413643379,4.0685825325259035,2.479743290614491,2.2740583751360206,5.653740871910302,4.165741498162289,1.0904483885406713,2.4861898593839435,5.679827634949715,2.2296117178909625,2.192747798497073,3.7418060295545614,2.142309680107969,1.0168117461657726,1.7064461458445996,10.777289039939204,8.907210332431516,31.5676164112546,42.53445856841616,28.038384739357372,0.2821629044268253,1.3474079897033855,998,3.3580691382765533,0.1510688771600494,1.0,0.9418837675350702,0.0551102204408817,0.0,6,3,823.4662988082921,0.9579645169942904,0.095796451699429,0.0823466298808292,0.613075849232201,0.881081294646189,3.0986283597021873,0.0,0.0,0.0,0.0,0.0,0.0,0.0,0.0,0.0,0.0,0.0,0.0,47.0,7.0,0.0734375,25.0,14.0,0.0,8.0,22.0,0.46808510638297873,0.0,0.1702127659574468,9.0,203.0,8.0,224.0,0.35,5.413043478260869,1.0,0.0,0.0
subject_26_task_4,26,4,,4,65,640.0,650.0,0.4096847101923844,22.0,0.4924242424242424,eye,中,5.333333333333333,3,93.66666666666669,1.1547005383792517,93.0,95.0,14.285714285714532,5.400111157991375,1.9538978261374187,2.0321819987576544,6.030257156713449,4.5998307850900115,0.9614777747917786,2.96738046119883,6.334267834413158,2.4496024353735204,1.962678264866062,7.210896033353763,3.302925986746238,1.2480916914523874,3.6740081970825984,4.285663009030979,1.9362262541902384,2.232472537371331,4.078707600382508,1.9900022170480345,0.8673012643058471,1.826991164328078,7.925062211806107,8.06776150443752,16.892239693339878,31.42538617084774,22.24016190442454,0.4776016473184669,1.860344557106768,998,3.2585350701402804,0.1263423739642478,0.9839679358717436,0.8827655310621243,0.0911823647294589,0.0100200400801603,6,3,561.1099360079673,0.6527570218799061,0.0652757021879906,0.0561109936007967,0.613075849232201,0.881081294646189,3.098628359702187,0.0,0.0,0.0,0.0,0.0,0.0,0.0,0.0,0.0,0.0,0.0,0.0,47.0,7.0,0.07230769230769231,25.0,14.0,0.0,8.0,22.0,0.46808510638297873,0.0,0.1702127659574468,9.0,213.0,8.0,224.0,0.3446153846153846,5.413043478260869,1.0,0.0,0.0
subject_26_task_4,26,4,,4,66,650.0,660.0,0.4159875518876518,22.0,0.5,eye,中,5.333333333333333,2,97.0,0.0,97.0,97.0,0.0,7.769290075565501,2.530581388016135,11.950455061159404,7.5154917805837,4.173661390174638,0.2117560691258416,0.6288874977665131,9.936571265357736,3.265459348361405,18.31591105475781,6.289874688344576,3.5579294024824537,0.1782853901506121,0.3434104189270287,6.111936227915404,2.7656383910784013,3.1131293249437775,5.031112335840046,2.4427944961538635,0.8883788954473801,1.616094871333656,8.656007533302821,13.564896489470144,24.81530116731445,38.66238335824091,20.68823413420077,0.5466343687715219,1.5580058084954935,998,3.2823356713426852,0.1496385633753791,1.0,0.9308617234468938,0.064128256513026,0.0,6,1,113.83734323010005,0.4949449705656523,0.0494944970565652,0.01138373432301,1.0,-1.000088900581841e-12,3.1047,0.0,0.0,0.0,0.0,0.0,0.0,0.0,0.0,0.0,0.0,0.0,0.0,47.0,7.0,0.07121212121212121,25.0,14.0,0.0,8.0,22.0,0.46808510638297873,0.0,0.1702127659574468,9.0,223.0,8.0,224.0,0.3393939393939394,5.413043478260869,1.0,0.0,0.0
subject_26_task_4,26,4,,4,67,660.0,670.0,0.4222903935829193,22.0,0.5075757575757576,eye,中,5.333333333333333,2,96.0,0.0,96.0,96.0,-8.526512829121202e-13,4.910999776030207,2.165853248688181,2.2359193763379137,5.345028941010863,3.133715286591963,0.9686633926110118,2.3905284768206556,6.358155204750683,2.733607301113357,2.126249065062947,5.376201913961805,3.0768358202815436,1.2856477380896247,2.5284911360102793,4.790015229257077,2.3999686413709465,2.1403309576348604,4.340408252181739,2.712031513196532,1.1213072598935796,2.0279145319553944,12.49026918773263,8.864729174490227,19.911049246800573,30.565289953348497,22.5904474939619,0.4452165762140669,1.53509187660012,998,3.2100190380761524,0.149095294556378,0.9919839679358716,0.8967935871743486,0.095190380761523,0.0060120240480961,6,1,116.1626567699006,0.5050550294343504,0.050505502943435,0.01161626567699,1.0,-1.000088900581841e-12,3.1047,0.0,0.0,0.0,0.0,0.0,0.0,0.0,0.0,0.0,0.0,0.0,0.0,47.0,7.0,0.07014925373134329,25.0,14.0,0.0,8.0,22.0,0.46808510638297873,0.0,0.1702127659574468,9.0,233.0,8.0,224.0,0.33432835820895523,5.413043478260869,1.0,0.0,0.0
subject_26_task_4,26,4,,4,68,670.0,680.0,0.4285932352781867,22.0,0.5151515151515151,eye,中,5.333333333333333,2,95.0,0.0,95.0,95.0,0.0,9.054835192456377,2.409426145361787,2.277914378752043,4.777941232404828,3.5673142209172113,1.0577334108061571,2.0975069462542426,13.337475576770062,2.968409557410444,2.193196623675475,4.787096944683132,2.5199690352356288,1.3534625784877534,2.182703043131929,4.655416796452613,2.011814865627005,2.0723266293778155,3.897732944722316,2.4218725279619338,0.9708000838801274,1.8808487472327424,7.773370626041099,5.153505163931306,17.093673768524543,34.02368852316959,29.117296690845507,0.3014861073001591,1.990425755393738,998,3.1616503006012024,0.1725235348151235,0.9929859719438878,0.9168336673346692,0.0701402805611222,0.0060120240480961,6,1,341.0000000000053,1.0000000000000155,0.1000000000000015,0.0341000000000005,1.0,-1.000088900581841e-12,3.1000100000000006,0.0,0.0,0.0,0.0,0.0,0.0,0.0,0.0,0.0,0.0,0.0,0.0,47.0,7.0,0.06911764705882353,25.0,14.0,0.0,8.0,22.0,0.46808510638297873,0.0,0.1702127659574468,9.0,243.0,8.0,224.0,0.32941176470588235,5.413043478260869,1.0,0.0,0.0
subject_26_task_4,26,4,,4,69,680.0,690.0,0.4348960769734542,22.0,0.5227272727272727,eye,中,5.333333333333333,2,91.5,0.7071067811865476,91.0,92.0,30.0,6.51130255967613,1.6638324529354864,1.7359498240052949,5.505261139194234,3.4091015669662137,0.958456534818838,3.1713250366258525,6.356332419696113,1.91433477584338,1.482709321425714,4.22924047366583,2.1720067615569416,1.2911059154889726,2.8523732956633476,5.55324218762302,1.9098372623640336,1.8494026569468665,3.0388198199293894,1.584086084907609,1.0326779055876003,1.6431358571454109,10.164204823246603,5.455691574336932,14.103787864357136,28.13185991958734,16.896918384892874,0.3868245627917069,1.994631526661126,999,3.147313313313313,0.1728020254885886,0.991991991991992,0.921921921921922,0.064064064064064,0.007007007007007,6,1,107.04389418300968,0.1908090805401242,0.0190809080540124,0.0107043894183009,1.0,-1.000088900581841e-12,3.00686,2.0,1.0,0.2,2.0,0.0,0.0,0.0,0.0,0.0,0.0,0.0,1.0,49.0,7.0,0.07101449275362319,27.0,14.0,0.0,8.0,22.0,0.4489795918367347,0.0,0.16326530612244897,10.0,4.0,9.0,473.0,0.6855072463768116,10.375,1.0,2.0,0.03333333333333333
subject_26_task_4,26,4,,4,70,690.0,700.0,0.4411989186687216,22.0,0.5303030303030303,eye,中,5.333333333333333,2,90.0,0.0,90.0,90.0,-1.2789769243681805e-12,5.3244824187883495,2.1208629028515027,1.7140474197521995,5.853002233890264,4.291955229123729,1.237342023570221,3.414725967579377,4.197951904364317,2.0380432366048855,1.62186443404151,4.094036860288065,2.9738555006356884,1.2566051723116605,2.524278092766465,4.831652466880216,2.2383885876682177,1.6852261908056412,3.11057131821986,1.9557836725399056,1.3282422264029323,1.845788615908477,10.567838982415594,5.415148948647551,10.473423357652385,24.816573188688533,23.74889460820211,0.5170371485738695,2.3694805739478064,998,3.1515370741482966,0.0975799347162838,0.99498997995992,0.9288577154308616,0.0611222444889779,0.0050100200400801,6,1,206.40936016777655,0.3679311232937194,0.0367931123293719,0.0206409360167776,1.0,-1.000088900581841e-12,3.0068599999999996,0.0,0.0,0.0,0.0,0.0,0.0,0.0,0.0,0.0,0.0,0.0,0.0,49.0,7.0,0.07,27.0,14.0,0.0,8.0,22.0,0.4489795918367347,0.0,0.16326530612244897,10.0,14.0,9.0,473.0,0.6757142857142857,10.375,1.0,2.0,0.03333333333333333
subject_26_task_4,26,4,,4,71,700.0,710.0,0.4475017603639891,22.0,0.5378787878787878,eye,中,5.333333333333333,2,91.0,0.0,91.0,91.0,-8.526512829121202e-13,4.102607063374784,1.249553243819124,1.8830963286827307,3.206065229569127,1.9347541860931747,0.6635631033773058,1.702549774398341,2.979630289457528,1.6090659680815291,1.4942888904671343,2.6321236672798194,1.094411245456407,1.0768105005308002,1.7614556891050583,5.051941042078262,1.5576412272140574,2.316280911887182,2.56180674962622,1.311009168165359,0.6724750954084298,1.1060000263694254,10.016728255927088,6.075356975385637,17.509605840555547,27.03917072190373,19.257901289594447,0.3469728005706425,1.5442478242014972,998,3.2256392785571144,0.0772124304664486,0.9919839679358716,0.9529058116232464,0.0420841683366733,0.0050100200400801,6,1,206.40936016777655,0.3679311232937194,0.0367931123293719,0.0206409360167776,1.0,-1.000088900581841e-12,3.0068599999999996,0.0,0.0,0.0,0.0,0.0,0.0,0.0,0.0,0.0,0.0,0.0,0.0,49.0,7.0,0.06901408450704226,27.0,14.0,0.0,8.0,22.0,0.4489795918367347,0.0,0.16326530612244897,10.0,24.0,9.0,473.0,0.6661971830985915,10.375,1.0,2.0,0.03333333333333333
subject_26_task_4,26,4,,4,72,710.0,720.0,0.4538046020592565,22.0,0.5454545454545454,eye,中,5.333333333333333,2,90.0,0.0,90.0,90.0,-6.394884621840903e-13,3.5586475945305693,1.9462776567529576,1.6212903955210738,4.092667467205722,2.44938387839741,1.2004497541770949,2.5243272139969477,3.299392626213253,2.149456210730453,1.3914634310135767,3.0284615554762984,1.3893943227576908,1.54474502370841,2.176457884538361,3.1438447460739636,1.7693364306793606,1.9049365283324813,2.704134970219357,1.3524684012526604,0.9288164746508272,1.4195407195989191,4.775999912727452,4.548511469780121,11.887864979041469,24.91263810764991,20.351900369162237,0.3826180292087127,2.0956360247673884,998,3.040304609218437,0.1416651277628683,0.9929859719438878,0.9478957915831664,0.0470941883767535,0.0,6,1,41.13738548143895,0.0733286728724401,0.007332867287244,0.0041137385481438,1.0,-1.000088900581841e-12,3.00686,0.0,0.0,0.0,0.0,0.0,0.0,0.0,0.0,0.0,0.0,0.0,0.0,49.0,7.0,0.06805555555555555,27.0,14.0,0.0,8.0,22.0,0.4489795918367347,0.0,0.16326530612244897,10.0,34.0,9.0,473.0,0.6569444444444444,10.375,1.0,2.0,0.03333333333333333
subject_26_task_4,26,4,,4,73,720.0,730.0,0.460107443754524,22.0,0.553030303030303,eye,中,5.333333333333333,1,93.0,,93.0,93.0,,5.1802892527821385,1.476307073019427,1.28250380510962,5.3410461121930375,4.2904054182730444,1.1511132108440347,4.164546016092732,3.0787419213054186,1.6527338393032618,1.2272835879754502,3.292001931055678,1.8265866253609468,1.3466600999933864,2.682348206486021,4.698624596292257,1.7922519041239453,1.3700047758280487,2.4554798744390443,1.3167968179064091,1.3082085082810642,1.792314828212858,7.269514792652553,4.422263557891424,9.2647092883606,22.639381949598754,19.65664298942483,0.4773235101340073,2.443614931128056,998,3.0288636363636363,0.0866641448637421,0.9779559118236472,0.9208416833667334,0.0591182364729458,0.0190380761523046,6,2,72.97171058215852,0.2309231347536662,0.0230923134753666,0.0072971710582158,0.5237341772151898,0.6920201347473585,3.0007075158227843,0.0,0.0,0.0,0.0,0.0,0.0,0.0,0.0,0.0,0.0,0.0,0.0,49.0,7.0,0.06712328767123288,27.0,14.0,0.0,8.0,22.0,0.4489795918367347,0.0,0.16326530612244897,10.0,44.0,9.0,473.0,0.647945205479452,10.375,1.0,2.0,0.03333333333333333
subject_26_task_4,26,4,,4,74,730.0,740.0,0.4664102854497914,22.0,0.5606060606060606,eye,中,5.333333333333333,3,96.0,1.0,95.0,97.0,-12.55813953488324,4.1145952818815,1.6937206039660877,2.111845038284616,5.713884936174368,4.189197130040387,0.8020098886336104,2.705636461288643,4.411685230471361,2.4439531532948684,2.2110071684458332,4.441911485747126,2.241975622078232,1.1053574082316424,2.008999133580126,4.974730727321797,1.883839542734942,2.3330768097582224,3.3196457633954717,2.048688770792477,0.8074485738556395,1.422861754705576,7.822456703038554,3.7095850755061854,19.061260968223586,31.659883931385604,22.14041176373332,0.1946138338743861,1.6609543295254592,999,3.1741070707070707,0.0851513412138692,0.978978978978979,0.933933933933934,0.049049049049049,0.016016016016016,6,2,76.63485673404553,0.2425153694115364,0.0242515369411536,0.0076634856734045,0.5237341772151899,0.6920201347473584,3.0007075158227847,0.0,0.0,0.0,0.0,0.0,0.0,0.0,0.0,0.0,0.0,0.0,0.0,49.0,7.0,0.06621621621621622,27.0,14.0,0.0,8.0,22.0,0.4489795918367347,0.0,0.16326530612244897,10.0,54.0,9.0,473.0,0.6391891891891892,10.375,1.0,2.0,0.03333333333333333
subject_26_task_4,26,4,,4,75,740.0,750.0,0.4727131271450589,22.0,0.5681818181818182,eye,中,5.333333333333333,2,91.5,0.7071067811865476,91.0,92.0,30.0,4.376173655083317,1.747186976422509,1.424425513433236,4.981836687331069,3.447732014995825,1.2265906219352487,3.4974357313521764,4.088651867235993,1.6780168121953338,1.1321911531419628,3.2969206188174653,1.59401539301974,1.4820967356427763,2.911982318240277,4.435593042508891,1.8615022507205516,1.5609096662077055,3.0388637183458966,1.7922369427633171,1.1925752598118944,1.946854314592683,7.760283906537675,6.338367574861336,14.129508804135648,28.663751025744173,21.173760767051093,0.4485907941121154,2.028644549720965,998,3.105187374749499,0.1207105507904684,0.9909819639278558,0.9228456913827656,0.0601202404809619,0.0070140280561122,6,2,76.63485673404553,0.2425153694115364,0.0242515369411536,0.0076634856734045,0.5237341772151899,0.6920201347473584,3.0007075158227847,0.0,0.0,0.0,0.0,0.0,0.0,0.0,0.0,0.0,0.0,0.0,0.0,49.0,7.0,0.06533333333333333,27.0,14.0,0.0,8.0,22.0,0.4489795918367347,0.0,0.16326530612244897,10.0,64.0,9.0,473.0,0.6306666666666667,10.375,1.0,0.0,0.0
subject_26_task_4,26,4,,4,76,750.0,760.0,0.4790159688403264,22.0,0.5757575757575758,eye,中,5.333333333333333,2,94.0,0.0,94.0,94.0,-8.526512829121202e-13,5.375669882224412,2.0943045037423342,2.785517878608866,6.145014692683432,4.409994704366216,0.7518546263247338,2.2060582485840494,5.955998524457925,2.617338984069226,2.0570225651811693,4.445471854221222,2.7817576236932458,1.2723919651502256,2.1611196344993395,4.985818663302388,2.0988506252457775,3.073022187792091,4.509692091939374,2.4621648162962932,0.682992343362728,1.4675104234048837,9.300450496777946,8.460186586092568,24.59656656464148,53.03871031904951,32.08730794638324,0.3439580302339602,2.156346097316473,998,3.218772497472194,0.1236598189461425,0.9779559118236472,0.9328657314629258,0.0470941883767535,0.0200400801603206,6,2,76.63485673404553,0.2425153694115364,0.0242515369411536,0.0076634856734045,0.5237341772151899,0.6920201347473584,3.0007075158227847,0.0,0.0,0.0,0.0,0.0,0.0,0.0,0.0,0.0,0.0,0.0,0.0,49.0,7.0,0.06447368421052632,27.0,14.0,0.0,8.0,22.0,0.4489795918367347,0.0,0.16326530612244897,10.0,74.0,9.0,473.0,0.6223684210526316,10.375,1.0,0.0,0.0
subject_26_task_4,26,4,,4,77,760.0,770.0,0.4853188105355938,22.0,0.5833333333333334,eye,中,5.333333333333333,2,90.5,0.7071067811865476,90.0,91.0,59.99999999999872,6.134382125063338,2.266806272290446,2.894483009881707,7.966133254823529,5.952907671393271,0.7831472026443461,2.7521782741951877,6.610247514738062,3.173008544882364,2.927265118972564,8.232565691795054,5.362752898858517,1.0839498357415789,2.8123744714604424,4.507310959135763,2.6901569500549853,2.814626870387291,6.0780577957674105,3.63096622461914,0.9557774703134349,2.1594541925662325,25.71054011325107,11.72015230163826,27.0120688938554,52.91804250096427,31.045312176999555,0.4338857696421881,1.9590518115775224,998,3.5097207112970707,0.2204197528940656,0.8947895791583166,0.7314629258517034,0.1513026052104208,0.0811623246492986,6,2,76.63485673404553,0.2425153694115364,0.0242515369411536,0.0076634856734045,0.5237341772151899,0.6920201347473584,3.0007075158227847,0.0,0.0,0.0,0.0,0.0,0.0,0.0,0.0,0.0,0.0,0.0,0.0,49.0,7.0,0.06363636363636363,27.0,14.0,0.0,8.0,22.0,0.4489795918367347,0.0,0.16326530612244897,10.0,84.0,9.0,473.0,0.6142857142857143,10.375,1.0,0.0,0.0
subject_26_task_4,26,4,,4,78,770.0,780.0,0.4916216522308613,22.0,0.5909090909090909,eye,中,5.333333333333333,2,89.0,1.4142135623730951,88.0,90.0,29.999999999999787,5.672826740518691,2.209954459749359,2.3948595636088146,6.649927003420077,5.206824338984747,0.9227908363942552,2.7767502965390167,4.882583666585936,3.3578731991673543,3.3085027239153875,7.822696654285681,4.668561134202739,1.0149223015278466,2.3644220081004055,4.091853690073475,2.0209514552815566,2.596271061584562,4.819711584275838,2.4844584247356716,0.7784054158228474,1.8563976834276543,7.727938721390751,6.644488723064413,19.573769450318206,42.05661412356074,28.421382609864693,0.3394588221716484,2.1486211038864074,998,3.324125267665953,0.1286128330242523,0.8957915831663327,0.8086172344689379,0.095190380761523,0.0921843687374749,6,2,76.63485673404553,0.2425153694115364,0.0242515369411536,0.0076634856734045,0.5237341772151899,0.6920201347473584,3.0007075158227847,0.0,0.0,0.0,0.0,0.0,0.0,0.0,0.0,0.0,0.0,0.0,0.0,49.0,7.0,0.06282051282051282,27.0,14.0,0.0,8.0,22.0,0.4489795918367347,0.0,0.16326530612244897,10.0,94.0,9.0,473.0,0.6064102564102564,10.375,1.0,0.0,0.0
subject_26_task_4,26,4,,4,79,780.0,790.0,0.4979244939261287,22.0,0.5984848484848485,eye,中,5.333333333333333,1,92.0,,92.0,92.0,,6.769167151915353,2.6029097259324487,2.397366112590563,6.01042409206272,4.250858874328574,1.0857372648517911,2.507094790610823,6.1317081127963355,3.298698094520001,2.3956998937398257,4.75215322954896,3.1497217220860585,1.3769245902376124,1.983617915568955,4.62582812954002,2.11244347048926,1.947914168774798,3.3534917400683466,1.7421928582086283,1.0844643487643748,1.7215808549601703,11.620289681372546,9.592337935087247,22.5705011941767,37.85686570556928,23.995444340698185,0.4249944585883684,1.6772718239565074,999,3.2434094094094092,0.141054593502828,0.967967967967968,0.8778778778778779,0.095095095095095,0.017017017017017,6,2,76.63485673404553,0.2425153694115364,0.0242515369411536,0.0076634856734045,0.5237341772151899,0.6920201347473584,3.0007075158227847,0.0,0.0,0.0,0.0,0.0,0.0,0.0,0.0,0.0,0.0,0.0,0.0,49.0,7.0,0.0620253164556962,27.0,14.0,0.0,8.0,22.0,0.4489795918367347,0.0,0.16326530612244897,10.0,104.0,9.0,473.0,0.5987341772151898,10.375,1.0,0.0,0.0
subject_26_task_4,26,4,,4,80,790.0,800.0,0.5042273356213962,22.0,0.6060606060606061,eye,中,5.333333333333333,2,94.5,0.7071067811865476,94.0,95.0,14.999999999999789,4.2602090169055105,1.6649638211102675,1.984077203655039,3.984063795624035,2.4915899934907353,0.8391628198958665,2.008018532890076,4.163618388605845,1.818571441848046,1.3159681052555952,3.685147583882763,1.9119764253816944,1.3819266854456416,2.800331990695938,4.978437829808968,1.687201952102274,2.2794939595525023,3.3363115365993425,1.776822704215773,0.7401651340341766,1.4636193803533082,7.703827916936607,7.315029815030492,16.874542805955283,40.994404021754086,27.56766491091984,0.4334949929694632,2.4293638348107742,998,3.183076152304609,0.1421441419252861,0.9759519038076152,0.8977955911823647,0.0851703406813627,0.0120240480961923,6,2,76.63485673404553,0.2425153694115364,0.0242515369411536,0.0076634856734045,0.5237341772151899,0.6920201347473584,3.0007075158227847,0.0,0.0,0.0,0.0,0.0,0.0,0.0,0.0,0.0,0.0,0.0,0.0,49.0,7.0,0.06125,27.0,14.0,0.0,8.0,22.0,0.4489795918367347,0.0,0.16326530612244897,10.0,114.0,9.0,473.0,0.59125,10.375,1.0,0.0,0.0
subject_26_task_4,26,4,,4,81,800.0,810.0,0.5105301773166636,22.0,0.6136363636363636,eye,中,5.333333333333333,3,97.0,0.0,97.0,97.0,2.774490497426862e-13,4.152954797670951,1.7970864978438472,1.684128628024026,2.1951275532846903,1.6189464478525937,1.0670719967229307,1.303420366329272,3.381236572076603,1.509859600046658,1.2402998652352848,2.529628431096665,1.314305003344317,1.2173343256473206,2.0395297153537904,4.160619994585901,1.804506215095346,2.568473295118163,2.5907491364975552,1.4323333553830024,0.7025598508363428,1.0086727946215095,8.831953706099,7.490231652983266,13.0578441181396,22.24489011812066,24.396413322442683,0.573619319178274,1.7035652989009626,998,3.190689378757515,0.1858329501555236,0.9829659318637276,0.8927855711422845,0.0911823647294589,0.0060120240480961,6,2,22.58429227952324,0.0714692793655798,0.0071469279365579,0.0022584292279523,0.5237341772151899,0.6920201347473584,3.0007075158227847,0.0,0.0,0.0,0.0,0.0,0.0,0.0,0.0,0.0,0.0,0.0,0.0,49.0,7.0,0.06049382716049383,27.0,14.0,0.0,8.0,22.0,0.4489795918367347,0.0,0.16326530612244897,10.0,124.0,9.0,473.0,0.5839506172839506,10.375,1.0,0.0,0.0
subject_26_task_4,26,4,,4,82,810.0,820.0,0.5168330190119311,22.0,0.6212121212121212,eye,中,5.333333333333333,1,98.0,,98.0,98.0,,3.769930025764401,1.7890691322163912,1.620211360825594,3.663098705438353,2.7866199226505755,1.1042195947229714,2.260877064565074,3.810504236430782,2.0469163124817387,1.7064002964379383,3.438609975785589,1.825273637914992,1.1995522485284478,2.0151250459599592,3.5578643049213152,1.9369641522539975,1.5509648529455329,2.537171189568518,1.6214723996430664,1.248876883686558,1.6358663349140503,10.132651208337174,6.2914098671783565,16.187222352481665,22.92768727823965,24.45248742469543,0.3886651909871257,1.416406519845241,998,3.1699272727272727,0.1241536474435824,0.9799599198396792,0.8797595190380761,0.0831663326653306,0.0160320641282565,6,0,0.0,0.0,0.0,0.0,,,,0.0,0.0,0.0,0.0,0.0,0.0,0.0,0.0,0.0,0.0,0.0,0.0,49.0,7.0,0.05975609756097561,27.0,14.0,0.0,8.0,22.0,0.4489795918367347,0.0,0.16326530612244897,10.0,134.0,9.0,473.0,0.5768292682926829,10.375,1.0,0.0,0.0
subject_26_task_4,26,4,,4,83,820.0,830.0,0.5231358607071985,22.0,0.6287878787878788,eye,中,5.333333333333333,3,93.66666666666669,4.041451884327381,89.0,96.0,-55.714285714285715,4.271009473218083,2.442295949097572,2.336404861598518,4.4808057333575775,2.869096215073734,1.045322233847179,1.9178207540160257,3.820942054172251,3.183816190498449,2.6878757240337543,4.761688741969477,2.3226090309802903,1.1845101922050274,1.7715434904198273,3.7559602401990793,2.14425399015641,1.8739165833839548,2.789254701252446,1.7114292753830307,1.1442633088204357,1.4884625740466824,7.626326610656633,9.098615495074888,21.34374725272279,31.02471031079642,27.321381408094755,0.4262895070552426,1.453573730209846,998,3.091941883767535,0.0990361099928002,1.0,0.9308617234468938,0.0681362725450901,0.0,6,0,0.0,0.0,0.0,0.0,,,,2.0,1.0,0.2,2.0,0.0,0.0,0.0,0.0,0.0,0.0,0.0,1.0,51.0,7.0,0.06144578313253012,29.0,14.0,0.0,8.0,22.0,0.43137254901960786,0.0,0.1568627450980392,11.0,1.0,10.0,616.0,0.7421686746987952,12.82,1.0,2.0,0.03333333333333333
subject_26_task_4,26,4,,4,84,830.0,840.0,0.5294387024024659,22.0,0.6363636363636364,eye,中,5.333333333333333,1,89.0,,89.0,89.0,,4.638167597562141,1.8433542418456763,3.2153038044839404,4.494126297774603,2.738663322609602,0.5733063977578121,1.3977299101588052,4.030573854109494,3.022519722276334,2.07892198857445,3.623594372751045,2.36355642036296,1.4538879952628352,1.74301604036417,4.709420266969143,1.881902955440261,2.813004506679883,3.4542851262311114,1.9398604676097604,0.6690010453134406,1.2279699936592403,8.442932001163202,9.311884487831795,34.42720108281026,52.95564975581461,29.706016401536136,0.2704804397381373,1.5381921297765837,999,3.0654474474474473,0.1963222602016703,0.973973973973974,0.8808808808808809,0.091091091091091,0.015015015015015,12,4,73.63482520597061,0.1088950387547628,0.0108895038754762,0.007363482520597,0.4222123632061521,1.2745673157115367,3.173144538598048,0.0,0.0,0.0,0.0,0.0,0.0,0.0,0.0,0.0,0.0,0.0,0.0,51.0,7.0,0.060714285714285714,29.0,14.0,0.0,8.0,22.0,0.43137254901960786,0.0,0.1568627450980392,11.0,11.0,10.0,616.0,0.7333333333333333,12.82,1.0,2.0,0.03333333333333333
subject_26_task_4,26,4,,4,85,840.0,850.0,0.5357415440977334,22.0,0.6439393939393939,eye,中,5.333333333333333,3,92.66666666666669,1.5275252316519468,91.0,94.0,20.163934426229194,4.680517736861725,1.955214970628008,2.605549777415442,6.065300766568284,3.673543007124379,0.7504039982561647,2.327839145174466,4.515194275485452,2.6012895713460584,2.4551129673238847,4.949158870661533,2.446232387947726,1.059539665167224,2.0158579000363477,4.074395150919149,1.7324765121016568,2.2780556064242226,3.879069023627012,2.098835621009301,0.7605066826358375,1.702798216464891,6.16336640962047,6.787415301094661,29.75971776377305,56.19707634464754,34.670105922939015,0.2280739137034788,1.8883605278359556,998,3.111355711422846,0.1409818796641106,0.9859719438877756,0.8627254509018036,0.1012024048096192,0.0070140280561122,6,4,716.9895346248052,1.0603217016042668,0.1060321701604266,0.0716989534624805,0.422212363206152,1.2745673157115367,3.1731445385980477,2.0,1.0,0.2,2.0,0.0,0.0,0.0,0.0,0.0,0.0,0.0,1.0,53.0,8.0,0.06235294117647059,31.0,14.0,0.0,8.0,22.0,0.41509433962264153,0.0,0.1509433962264151,12.0,4.0,11.0,633.0,0.7447058823529412,12.653846153846153,1.0,4.0,0.06666666666666667
subject_26_task_4,26,4,,4,86,850.0,860.0,0.5420443857930008,22.0,0.6515151515151515,eye,中,5.333333333333333,2,93.0,1.4142135623730951,92.0,94.0,-24.00000000000017,4.775551666905972,2.3870077623876043,2.9897072508091176,6.762614921869835,5.8546370386046025,0.7984085270360829,2.2619655887845336,3.58689562063207,2.9639491489386223,2.281890446885031,6.163195423300326,4.187711810401302,1.2989007219801711,2.7009164404512047,4.2857639329844766,2.2054874218839657,2.5549712965943896,3.77424736299215,2.3791423143094272,0.8632141679336034,1.4772171288276217,7.988104857637026,7.254042595578458,26.27005346325916,44.916507798669585,39.366872440629486,0.2761335299802048,1.709798872754067,998,3.149216161616162,0.1586139463131457,0.9478957915831664,0.8877755511022044,0.0791583166332665,0.0190380761523046,6,4,716.9895346248052,1.0603217016042668,0.1060321701604266,0.0716989534624805,0.422212363206152,1.2745673157115367,3.1731445385980477,0.0,0.0,0.0,0.0,0.0,0.0,0.0,0.0,0.0,0.0,0.0,0.0,53.0,8.0,0.06162790697674419,31.0,14.0,0.0,8.0,22.0,0.41509433962264153,0.0,0.1509433962264151,12.0,14.0,11.0,633.0,0.736046511627907,12.653846153846153,1.0,4.0,0.06666666666666667
subject_26_task_4,26,4,,4,87,860.0,870.0,0.5483472274882684,22.0,0.6590909090909091,eye,中,5.333333333333333,2,94.0,2.8284271247461903,92.0,96.0,-40.0,4.865125365579491,2.155221882803481,2.1299748592876138,5.269154330279055,3.9497762214681984,1.01185320258865,2.4738105744785006,5.169079610449859,2.85752191435647,1.66466512565181,5.504634109586547,2.689139824080183,1.7165746253244716,3.3067516251541424,4.801242482648686,2.108779262426098,2.035967751359828,3.850094653047308,2.318929547564622,1.0357626052856874,1.891039114188238,5.729762872664053,7.176096499151536,19.511435129132796,42.5187077177115,32.28784314547402,0.3677892708382484,2.179168648349512,998,3.2132418032786885,0.1529625358335899,0.968937875751503,0.9168336673346692,0.0490981963927855,0.0290581162324649,6,4,716.9895346248052,1.0603217016042668,0.1060321701604266,0.0716989534624805,0.422212363206152,1.2745673157115367,3.1731445385980477,4.0,1.0,0.4,4.0,0.0,0.0,0.0,0.0,0.0,0.0,0.0,1.0,57.0,8.0,0.06551724137931035,35.0,14.0,0.0,8.0,22.0,0.38596491228070173,0.0,0.14035087719298245,13.0,4.0,12.0,652.0,0.7494252873563219,12.107142857142858,1.0,8.0,0.13333333333333333
subject_26_task_4,26,4,,4,88,870.0,880.0,0.5546500691835358,22.0,0.6666666666666666,eye,中,5.333333333333333,2,92.5,0.7071067811865476,92.0,93.0,-20.0,4.339684909705226,2.2284274829032302,2.4114301170277024,5.103465518049109,2.7113474204346666,0.9241103306986814,2.116364675887674,3.3607957992415702,2.3540559068542124,1.8777613359277303,4.108054029590595,1.9114517303449583,1.2536502173164423,2.1877402367329934,3.677383195901928,2.240353355714925,2.3160588506815003,3.6772608836424463,1.8768746635699192,0.9673127930474223,1.5877234218640053,6.491297563986355,6.764376273783587,24.999743865474557,46.43790459436897,23.619723609357973,0.2705778231242363,1.8575352149307895,998,3.184106885919836,0.1716559174504194,0.9278557114228456,0.812625250501002,0.1142284569138276,0.0591182364729458,6,4,716.9895346248052,1.0603217016042668,0.1060321701604266,0.0716989534624805,0.422212363206152,1.2745673157115367,3.1731445385980477,6.0,2.0,0.6,6.0,0.0,0.0,0.0,0.0,0.0,0.0,0.0,2.0,63.0,8.0,0.0715909090909091,41.0,14.0,0.0,8.0,22.0,0.3492063492063492,0.0,0.12698412698412698,15.0,4.0,13.0,658.0,0.7477272727272727,11.096774193548388,1.0,14.0,0.23333333333333334
subject_26_task_4,26,4,,4,89,880.0,890.0,0.5609529108788033,22.0,0.6742424242424242,eye,中,5.333333333333333,1,97.0,,97.0,97.0,,4.714999555914022,1.9896565055991624,3.182005438979986,6.005142118311913,4.238642815297315,0.6252838166854173,1.887219312936468,5.034711166576797,2.136413589650254,2.320840463021134,4.383492892647825,2.899150486498394,0.9205344459003426,1.8887523560932973,5.140374689308066,1.9480797119820144,2.753912214361463,3.717740399791513,2.259646247915206,0.707386278263669,1.349985079554734,8.673141820313978,6.895169094224478,34.92680209467728,38.32117400617367,32.9242460065269,0.1974177044761643,1.0971853049212794,998,3.268325252525252,0.1925043859064312,0.9549098196392786,0.8597194388777555,0.0971943887775551,0.0150300601202404,6,4,716.9895346248052,1.0603217016042668,0.1060321701604266,0.0716989534624805,0.422212363206152,1.2745673157115367,3.1731445385980477,0.0,0.0,0.0,0.0,0.0,0.0,0.0,0.0,0.0,0.0,0.0,0.0,63.0,8.0,0.07078651685393259,41.0,14.0,0.0,8.0,22.0,0.3492063492063492,0.0,0.12698412698412698,15.0,14.0,13.0,658.0,0.7393258426966293,11.096774193548388,1.0,12.0,0.2
subject_26_task_4,26,4,,4,90,890.0,900.0,0.5672557525740707,22.0,0.6818181818181818,eye,中,5.333333333333333,3,93.33333333333331,0.5773502691896257,93.0,94.0,10.714285714286438,6.190586536417121,2.2444969150635674,2.549691844256322,7.336964142818425,5.985842719700649,0.8803012489998485,2.8775885836346724,6.3235473007781735,3.000144466844016,2.5042064337595975,6.52962926672006,3.33469063141745,1.1980419930236583,2.6074644560820186,6.065842491150427,2.307443248243212,2.3059890945278805,3.9027748896562544,2.28118504299204,1.0006305986957102,1.6924515813702463,8.481954487415845,5.783181098298454,20.48063600243097,41.44163870955688,36.0861178407132,0.2823731205228204,2.023454677122231,999,3.172527527527527,0.1000920167477219,0.985985985985986,0.8968968968968969,0.0890890890890891,0.008008008008008,6,4,716.9895346248052,1.0603217016042668,0.1060321701604266,0.0716989534624805,0.422212363206152,1.2745673157115367,3.1731445385980477,0.0,0.0,0.0,0.0,0.0,0.0,0.0,0.0,0.0,0.0,0.0,0.0,63.0,8.0,0.07,41.0,14.0,0.0,8.0,22.0,0.3492063492063492,0.0,0.12698412698412698,15.0,24.0,13.0,658.0,0.7311111111111112,11.096774193548388,1.0,12.0,0.2
subject_26_task_4,26,4,,4,91,900.0,910.0,0.5735585942693382,22.0,0.6893939393939394,eye,中,5.333333333333333,1,94.0,,94.0,94.0,,21.55603693181032,3.5747867830153046,21.257900315560505,6.635480470116217,4.806030231081577,0.1681627409080758,0.312141856515299,30.723026927842557,5.072245227142215,34.100927653850825,6.396712091991799,3.6820445571344993,0.1487421479740723,0.1875817619075666,6.4080949732563575,2.32597341018743,4.116472136675451,3.568221182791002,2.1329453067034696,0.5650404844148744,0.8668153370941488,8.750040520361555,6.4578019300933915,21.85090108671299,31.224548720337015,31.33724720103713,0.2955393878021912,1.4289822006161528,998,3.26831928345627,0.1892201636015836,0.8767535070140281,0.7334669338677354,0.1382765531062124,0.1082164328657314,6,4,716.9895346248052,1.0603217016042668,0.1060321701604266,0.0716989534624805,0.422212363206152,1.2745673157115367,3.1731445385980477,0.0,0.0,0.0,0.0,0.0,0.0,0.0,0.0,0.0,0.0,0.0,0.0,63.0,8.0,0.06923076923076923,41.0,14.0,0.0,8.0,22.0,0.3492063492063492,0.0,0.12698412698412698,15.0,34.0,13.0,658.0,0.7230769230769231,11.096774193548388,1.0,10.0,0.16666666666666666
subject_26_task_4,26,4,,4,92,910.0,920.0,0.5798614359646056,22.0,0.696969696969697,eye,中,5.333333333333333,2,93.5,0.7071067811865476,93.0,94.0,11.99999999999983,37.09270442577045,9.745146102986382,4.393099600930429,39.5996510730031,21.12359115281154,2.2182848075928954,9.014057196567125,25.530230408043916,8.324463418248634,3.686876299623361,29.564550637224997,22.24058091283827,2.2578634979153036,8.018861560461145,8.329515977947809,3.3855599556165172,2.5420273967297886,9.76132422103706,9.225563536948924,1.331834566366947,3.8399760103272658,11.109050998030575,8.30039063262752,20.514811841088346,38.72805145717046,33.42960004263805,0.4046047654213908,1.8878092452012405,998,3.3956546448087437,0.1804824826711979,0.8416833667334669,0.6953907815631263,0.1543086172344689,0.1362725450901803,6,4,716.9895346248052,1.0603217016042668,0.1060321701604266,0.0716989534624805,0.422212363206152,1.2745673157115367,3.1731445385980477,0.0,0.0,0.0,0.0,0.0,0.0,0.0,0.0,0.0,0.0,0.0,0.0,63.0,8.0,0.06847826086956521,41.0,14.0,0.0,8.0,22.0,0.3492063492063492,0.0,0.12698412698412698,15.0,44.0,13.0,658.0,0.7152173913043478,11.096774193548388,1.0,10.0,0.16666666666666666
subject_26_task_4,26,4,,4,93,920.0,930.0,0.5861642776598731,22.0,0.7045454545454546,eye,中,5.333333333333333,3,92.0,1.7320508075688772,91.0,94.0,31.935483870967865,5.336383927720049,2.2813816529434523,2.568685801341214,6.7051057693376315,5.1047404362099,0.8881513074710232,2.610325391231822,5.8234082511304175,3.370559829727961,2.6023899609144583,5.653604239487588,3.8356373846823786,1.295178616714143,2.172466203912406,4.916784401888709,2.2990205237972168,2.306542888702659,4.274295718320745,2.5946683194924542,0.9967386841396766,1.8531178150885677,14.696906835494778,7.456230679407036,22.19695569876704,39.33874035337518,27.862608952127335,0.3359123107057966,1.7722583622383996,998,3.323712841253792,0.1693053455963098,0.9649298597194388,0.8877755511022044,0.0901803607214428,0.0160320641282565,6,4,716.9895346248052,1.0603217016042668,0.1060321701604266,0.0716989534624805,0.422212363206152,1.2745673157115367,3.1731445385980477,0.0,0.0,0.0,0.0,0.0,0.0,0.0,0.0,0.0,0.0,0.0,0.0,63.0,8.0,0.06774193548387097,41.0,14.0,0.0,8.0,22.0,0.3492063492063492,0.0,0.12698412698412698,15.0,54.0,13.0,658.0,0.7075268817204301,11.096774193548388,1.0,6.0,0.1
subject_26_task_4,26,4,,4,94,930.0,940.0,0.5924671193551405,22.0,0.7121212121212122,eye,中,5.333333333333333,1,95.0,,95.0,95.0,,4.15765674696386,1.6768867125756586,2.4628024946972125,4.5689074556513525,3.4145287219439036,0.6808855830649231,1.85516600112632,3.467347727373625,2.2093595717582475,1.95902458260971,3.955855141734941,2.125898952455086,1.1277855272316462,2.019298367591262,4.73317276173566,1.8844063898473211,2.8639208522905664,3.2783714985746144,1.717842644581438,0.6579813085058448,1.14471442042561,8.908316170989856,8.420928795962398,15.27837276744576,24.987344594576253,20.248219207460277,0.5511666015837242,1.6354715894756664,998,3.289080160320641,0.1623007275574307,0.9739478957915833,0.8837675350701403,0.0861723446893787,0.0150300601202404,12,5,235.52573392137435,0.3484726054066381,0.0348472605406638,0.0235525733921374,0.4220933844814608,1.2748744791520217,3.173223984744058,0.0,0.0,0.0,0.0,0.0,0.0,0.0,0.0,0.0,0.0,0.0,0.0,63.0,8.0,0.06702127659574468,41.0,14.0,0.0,8.0,22.0,0.3492063492063492,0.0,0.12698412698412698,15.0,64.0,13.0,658.0,0.7,11.096774193548388,1.0,0.0,0.0
subject_26_task_4,26,4,,4,95,940.0,950.0,0.5987699610504079,22.0,0.7196969696969697,eye,中,5.333333333333333,2,97.5,0.7071067811865476,97.0,98.0,-30.000000000000423,8.48483683306922,2.2122177655312916,3.1266720896383733,18.0319829584848,21.56912802238925,0.7075311072313802,5.767148726034253,5.999186788925151,2.575709753933953,3.826542378100111,20.794697350985135,26.98230164702382,0.6731167459885287,5.4343308648550135,4.988391771463723,2.031609765639602,2.1290948236093405,7.074207406438703,7.768486696121624,0.9542129092191032,3.322636140012861,8.64105908188555,6.30392952838713,21.01549607604045,41.70390510804928,28.407859744185895,0.2999657731408099,1.9844359113461745,999,3.101391304347826,0.1277231546556383,0.9039039039039038,0.8298298298298298,0.0980980980980981,0.06006006006006,6,2,132.74150117805453,0.5259171995960956,0.0525917199596095,0.0132741501178054,0.8969889064976228,0.3316490942250801,3.455070110935024,0.0,0.0,0.0,0.0,0.0,0.0,0.0,0.0,0.0,0.0,0.0,0.0,63.0,8.0,0.06631578947368422,41.0,14.0,0.0,8.0,22.0,0.3492063492063492,0.0,0.12698412698412698,15.0,74.0,13.0,658.0,0.6926315789473684,11.096774193548388,1.0,0.0,0.0
subject_26_task_4,26,4,,4,96,950.0,960.0,0.6050728027456754,22.0,0.7272727272727273,eye,中,5.333333333333333,3,94.66666666666669,0.5773502691896257,94.0,95.0,5.769230769230761,4.065721113489128,1.8428713747246404,1.7154832614982698,3.6595954321198385,2.829932950607056,1.0742578584620597,2.1332737627084852,4.214945578780713,2.1441945956617827,1.4824953874384306,4.931173796824833,4.326897165034779,1.446341495447542,3.3262658613361986,4.679456693847973,2.09404747403599,1.9728153843644736,2.9831002631646815,2.0742421406089013,1.0614513099564915,1.5121031024023883,5.709048991828941,8.810069359793614,14.783106419724286,29.420374692814573,20.6750197788942,0.5959552146657635,1.9901348104726209,998,3.1338717171717176,0.1537483555464789,0.9829659318637276,0.9238476953907816,0.065130260521042,0.0110220440881763,6,2,132.74150117805453,0.5259171995960956,0.0525917199596095,0.0132741501178054,0.8969889064976228,0.3316490942250801,3.455070110935024,0.0,0.0,0.0,0.0,0.0,0.0,0.0,0.0,0.0,0.0,0.0,0.0,63.0,8.0,0.065625,41.0,14.0,0.0,8.0,22.0,0.3492063492063492,0.0,0.12698412698412698,15.0,84.0,13.0,658.0,0.6854166666666667,11.096774193548388,1.0,0.0,0.0
subject_26_task_4,26,4,,4,97,960.0,970.0,0.6113756444409428,22.0,0.7348484848484849,eye,中,5.333333333333333,1,100.0,,100.0,100.0,,3.5221370765839515,1.980660245505886,1.5894407831297903,5.796022437793045,4.301337036086134,1.246136544707089,3.646579664566059,2.886040982824124,1.7839789366357677,1.8598042591547064,3.383986938392431,2.185377632745031,0.9592294069950126,1.8195392992219923,4.370276544286989,2.0633212788929782,1.639281894974543,2.638929683751024,1.5627176921731332,1.258673865195724,1.6098083507425094,7.722812421689544,6.934191791399113,12.45059162211504,21.95092077443314,21.41117844211306,0.5569367305472003,1.763042387113829,998,3.100645290581163,0.1432608580639715,0.9859719438877756,0.8947895791583166,0.0881763527054108,0.001002004008016,6,2,132.74150117805453,0.5259171995960956,0.0525917199596095,0.0132741501178054,0.8969889064976228,0.3316490942250801,3.455070110935024,0.0,0.0,0.0,0.0,0.0,0.0,0.0,0.0,0.0,0.0,0.0,0.0,63.0,8.0,0.06494845360824743,41.0,14.0,0.0,8.0,22.0,0.3492063492063492,0.0,0.12698412698412698,15.0,94.0,13.0,658.0,0.6783505154639176,11.096774193548388,1.0,0.0,0.0
subject_26_task_4,26,4,,4,98,970.0,980.0,0.6176784861362103,22.0,0.7424242424242424,eye,中,5.333333333333333,3,96.66666666666669,0.5773502691896257,96.0,97.0,-10.64516129032262,5.130301074368754,2.6274077624612695,2.5966962879264894,4.977525729372598,3.3733448113272324,1.0118271338383218,1.9168686582700996,4.700375887185467,3.100928691717476,2.0261856128585025,4.113591964443345,2.52338155061026,1.5304267644772915,2.030214773186535,3.9687954239759,2.4186912303566084,2.045022458655505,2.8844170201267376,1.6592870700156417,1.1827211090614482,1.410457380513606,8.33276537748957,8.086763036561917,18.864784343245955,25.454039191869096,27.852701910050683,0.428669784367674,1.3492886390181424,998,3.0011072144288575,0.1161768423747547,1.0,0.940881763527054,0.0591182364729458,0.0,6,2,132.74150117805453,0.5259171995960956,0.0525917199596095,0.0132741501178054,0.8969889064976228,0.3316490942250801,3.455070110935024,0.0,0.0,0.0,0.0,0.0,0.0,0.0,0.0,0.0,0.0,0.0,0.0,63.0,8.0,0.06428571428571428,41.0,14.0,0.0,8.0,22.0,0.3492063492063492,0.0,0.12698412698412698,15.0,104.0,13.0,658.0,0.6714285714285714,11.096774193548388,1.0,0.0,0.0
subject_26_task_4,26,4,,4,99,980.0,990.0,0.6239813278314778,22.0,0.75,eye,中,5.333333333333333,1,98.0,,98.0,98.0,,4.89128705935162,1.349941555382211,2.0470266429108745,4.201318989013815,2.429210463794612,0.659464575147196,2.052400736240313,3.9094531322153823,1.5445010279780045,1.796215708943272,3.193476105899849,1.1832619542514309,0.8598638906719319,1.7778912020419844,3.926310222950865,1.5974427537431894,3.196242983851856,2.9955837900525486,1.2104343785021872,0.499787644998779,0.9372202943227148,9.659829112640743,3.658159986893784,13.957023845064882,21.784855857085876,16.572424160845756,0.2621017222226275,1.5608525212048605,998,3.197633744855967,0.1701683712558503,0.9308617234468938,0.8476953907815631,0.0981963927855711,0.0440881763527054,6,2,132.74150117805453,0.5259171995960956,0.0525917199596095,0.0132741501178054,0.8969889064976228,0.3316490942250801,3.455070110935024,0.0,0.0,0.0,0.0,0.0,0.0,0.0,0.0,0.0,0.0,0.0,0.0,63.0,8.0,0.06363636363636363,41.0,14.0,0.0,8.0,22.0,0.3492063492063492,0.0,0.12698412698412698,15.0,114.0,13.0,658.0,0.6646464646464646,11.096774193548388,1.0,0.0,0.0
subject_26_task_4,26,4,,4,100,990.0,1000.0,0.6302841695267453,22.0,0.7575757575757576,eye,中,5.333333333333333,2,91.5,0.7071067811865476,91.0,92.0,30.0,3.771526445569698,1.5544508005976658,1.4976726242627396,4.281113570117548,2.7661438396490023,1.037910939557219,2.8585109327380644,2.925460688169867,1.765377368228813,1.404417083954799,2.642127934586864,1.1767285807508447,1.2570178676960837,1.881298628998948,4.018892599829721,1.7395619201332644,1.8474037076155363,2.53113355442017,1.174799534037421,0.9416252186581002,1.3701031041488658,5.5158011609874364,4.865168750871916,10.420336675279891,24.96326669204413,17.005578725967705,0.4668917044123468,2.39562957224447,999,3.1862301166489924,0.1015216765610666,0.8948948948948949,0.8148148148148148,0.083083083083083,0.0890890890890891,6,2,132.74150117805453,0.5259171995960956,0.0525917199596095,0.0132741501178054,0.8969889064976228,0.3316490942250801,3.455070110935024,0.0,0.0,0.0,0.0,0.0,0.0,0.0,0.0,0.0,0.0,0.0,0.0,63.0,8.0,0.063,41.0,14.0,0.0,8.0,22.0,0.3492063492063492,0.0,0.12698412698412698,15.0,124.0,13.0,658.0,0.658,11.096774193548388,1.0,0.0,0.0
subject_26_task_4,26,4,,4,101,1000.0,1010.0,0.6365870112220127,22.0,0.7651515151515151,eye,中,5.333333333333333,2,87.0,0.0,87.0,87.0,-2.131628207280301e-13,3.680327440891222,1.849855234420945,2.1585914618290127,3.808385103426961,2.3799670944748854,0.856973293526108,1.7642917480086988,2.9868926174556134,1.9843903134812884,1.5408441810524298,2.7659507431495545,1.258095283649774,1.2878591734862554,1.795087898674057,3.1510653989569883,1.9839048610399148,2.4435785018754044,3.410136137584223,1.354747155238019,0.8118850528097632,1.395550065188003,6.581399473875351,6.548954490862266,15.716173427576052,28.350354531894936,20.411704475333934,0.4167015922190882,1.8038967731261215,998,3.1022675350701405,0.1366435507002808,0.9579158316633266,0.8677354709418837,0.1052104208416833,0.0160320641282565,6,2,132.74150117805453,0.5259171995960956,0.0525917199596095,0.0132741501178054,0.8969889064976228,0.3316490942250801,3.455070110935024,4.0,1.0,0.4,4.0,0.0,0.0,0.0,0.0,0.0,0.0,0.0,1.0,67.0,8.0,0.06633663366336634,45.0,14.0,0.0,8.0,22.0,0.3283582089552239,0.0,0.11940298507462686,16.0,4.0,14.0,787.0,0.7792079207920792,12.393939393939394,1.0,4.0,0.06666666666666667
subject_26_task_4,26,4,,4,102,1010.0,1020.0,0.6428898529172802,22.0,0.7727272727272727,eye,中,5.333333333333333,2,88.0,0.0,88.0,88.0,0.0,5.2485586147769085,2.5155701250588782,2.403900348182621,6.48312176494446,4.730560979065542,1.0464535798918124,2.6969178526247073,5.610978891889509,2.910882553509577,2.6657551952133827,5.5878638819558555,2.6595803270943703,1.091954189468089,2.096165428839601,4.243980470532615,1.8927687508186533,2.7984811349115097,2.787075349708875,1.3803537440050513,0.6763557299729677,0.9959242944108696,8.547150404266368,5.824564453029951,11.870937951111271,18.990407151403367,18.27769698661913,0.4906574760155912,1.5997393996677087,998,3.151134515119917,0.145778858630965,0.9118236472945892,0.8166332665330661,0.1092184368737475,0.0691382765531062,6,2,132.74150117805453,0.5259171995960956,0.0525917199596095,0.0132741501178054,0.8969889064976228,0.3316490942250801,3.455070110935024,0.0,0.0,0.0,0.0,0.0,0.0,0.0,0.0,0.0,0.0,0.0,0.0,67.0,8.0,0.06568627450980392,45.0,14.0,0.0,8.0,22.0,0.3283582089552239,0.0,0.11940298507462686,16.0,14.0,14.0,787.0,0.7715686274509804,12.393939393939394,1.0,4.0,0.06666666666666667
subject_26_task_4,26,4,,4,103,1020.0,1030.0,0.6491926946125476,22.0,0.7803030303030303,eye,中,5.333333333333333,2,91.5,2.1213203435596424,90.0,93.0,29.999999999999787,5.35173230378699,2.2552675621197484,2.2884311779622606,6.471484369169696,5.108115348385498,0.9855081436741993,2.8279130399421692,5.615203126910825,2.0904448782418124,2.0213869678276835,4.616886142102209,2.552260375606598,1.0341636270111818,2.2840189511381985,6.165280206554792,2.2717136015555583,2.05496777736159,3.680001604700959,2.3675297883450037,1.105474074378067,1.7907831184709757,6.213404321354969,7.316555345222677,22.37844129124564,45.62121851302681,34.76478340234416,0.3269466023125071,2.038623598457398,998,3.3149927007299276,0.1762114849281085,0.934869739478958,0.8216432865731463,0.1032064128256513,0.0521042084168336,6,2,132.74150117805453,0.5259171995960956,0.0525917199596095,0.0132741501178054,0.8969889064976228,0.3316490942250801,3.455070110935024,0.0,0.0,0.0,0.0,0.0,0.0,0.0,0.0,0.0,0.0,0.0,0.0,67.0,8.0,0.06504854368932039,45.0,14.0,0.0,8.0,22.0,0.3283582089552239,0.0,0.11940298507462686,16.0,24.0,14.0,787.0,0.7640776699029126,12.393939393939394,1.0,4.0,0.06666666666666667
subject_26_task_4,26,4,,4,104,1030.0,1040.0,0.655495536307815,22.0,0.7878787878787878,eye,中,5.333333333333333,2,97.5,0.7071067811865476,97.0,98.0,60.0,5.201614234556671,2.8357776691262218,2.95994703821117,6.484137150405712,4.796616150348872,0.9580501382349094,2.190626070905772,5.1100049060512385,3.0077232890913765,2.6756320006803613,5.240214205555817,3.3610695258214576,1.124116951930075,1.9584958634906935,6.35778264053171,2.5033562161596024,2.399438117966386,3.360855943649608,2.3007398912676713,1.043309347057173,1.4006845679762978,9.453861313948948,8.221608418621358,23.598823716262277,43.31585157880093,34.80977965891928,0.3483906027466841,1.8355089261907311,998,3.4382575150300605,0.110933455337769,1.0,0.8887775551102205,0.1042084168336673,0.0,6,2,67.26011864692032,0.266482245035342,0.0266482245035342,0.006726011864692,0.8969889064976229,0.3316490942250801,3.4550701109350244,0.0,0.0,0.0,0.0,0.0,0.0,0.0,0.0,0.0,0.0,0.0,0.0,67.0,8.0,0.06442307692307692,45.0,14.0,0.0,8.0,22.0,0.3283582089552239,0.0,0.11940298507462686,16.0,34.0,14.0,787.0,0.7567307692307692,12.393939393939394,1.0,4.0,0.06666666666666667
subject_26_task_4,26,4,,4,105,1040.0,1050.0,0.6617983780030825,22.0,0.7954545454545454,eye,中,5.333333333333333,3,95.33333333333331,3.055050463303893,92.0,98.0,-40.327868852459304,3.6727093769972177,2.788918992600214,2.63906708064094,5.235207159797032,3.61023359957709,1.056782153458138,1.9837340241179384,3.011909666774295,2.308184983088734,1.7211532110484928,3.475634476786199,2.282506068551314,1.3410688649168154,2.0193637931099175,3.671849575027521,2.061805636134631,2.1540457971430764,3.437172348518435,1.9706561290439135,0.9571781801803916,1.595682112737425,5.938194612936379,7.224478115904023,32.80555443435757,37.94402779475505,31.50057028576272,0.2202211863347677,1.156634248345942,999,3.2686455566905006,0.1403016032896846,0.964964964964965,0.8628628628628628,0.0980980980980981,0.025025025025025,6,4,1213.331135629712,1.4459480239889313,0.1445948023988931,0.1213331135629712,0.4746015194398927,1.2156422096593835,3.2757468002383434,0.0,0.0,0.0,0.0,0.0,0.0,0.0,0.0,0.0,0.0,0.0,0.0,67.0,8.0,0.06380952380952382,45.0,14.0,0.0,8.0,22.0,0.3283582089552239,0.0,0.11940298507462686,16.0,44.0,14.0,787.0,0.7495238095238095,12.393939393939394,1.0,4.0,0.06666666666666667
subject_26_task_4,26,4,,4,106,1050.0,1060.0,0.6681012196983499,22.0,0.803030303030303,eye,中,5.333333333333333,1,90.0,,90.0,90.0,,3.526055256710059,1.957236365393384,2.315203123902442,5.403577267449573,4.108771670186621,0.8453842970349491,2.3339538598848524,3.9765053003369455,2.1009877723289687,1.5504834054273129,4.457107661071688,2.4851212701225314,1.355053375595424,2.874656797660669,3.3067199610270483,1.934100515550447,1.8606475238228768,3.118431854324045,1.9514465387062268,1.039477112557382,1.6759928005691969,7.717873566369192,6.34650346851663,24.678584453313036,35.974024235455566,29.25251288716988,0.2571664302919379,1.457702094036684,998,3.259204408817635,0.1686261980970192,0.9829659318637276,0.9448897795591182,0.0460921843687374,0.0060120240480961,6,4,1290.3659849300325,1.537751806858373,0.1537751806858373,0.1290365984930032,0.4746015194398926,1.2156422096593835,3.275746800238344,0.0,0.0,0.0,0.0,0.0,0.0,0.0,0.0,0.0,0.0,0.0,0.0,67.0,8.0,0.06320754716981132,45.0,14.0,0.0,8.0,22.0,0.3283582089552239,0.0,0.11940298507462686,16.0,54.0,14.0,787.0,0.7424528301886792,12.393939393939394,1.0,4.0,0.06666666666666667
subject_26_task_4,26,4,,4,107,1060.0,1070.0,0.6744040613936174,22.0,0.8106060606060606,eye,中,5.333333333333333,3,95.0,0.0,95.0,95.0,2.696320103866907e-13,4.441500211535951,1.8186349561099109,2.784213771259533,6.102432728324029,3.7392005868459344,0.6531951586774853,2.1917974802500124,5.010786244998753,2.360846931193724,2.202840831579526,4.7762757522921,2.046395089328689,1.0717283325009466,2.1682346195059936,4.76593090537745,2.0345425632984826,2.3971881173574134,3.807635929882615,2.1207756884832354,0.8487204439930646,1.5883759402578868,9.831125767391631,5.8619688384927855,29.07662310375946,51.25652350892803,35.85479410681715,0.2016041827682136,1.7628086771293887,998,3.1688677354709416,0.1266628476389117,0.9899799599198396,0.9438877755511024,0.0410821643286573,0.0040080160320641,6,4,1290.3659849300325,1.537751806858373,0.1537751806858373,0.1290365984930032,0.4746015194398926,1.2156422096593835,3.275746800238344,0.0,0.0,0.0,0.0,0.0,0.0,0.0,0.0,0.0,0.0,0.0,0.0,67.0,8.0,0.06261682242990654,45.0,14.0,0.0,8.0,22.0,0.3283582089552239,0.0,0.11940298507462686,16.0,64.0,14.0,787.0,0.7355140186915888,12.393939393939394,1.0,0.0,0.0
subject_26_task_4,26,4,,4,108,1070.0,1080.0,0.6807069030888848,22.0,0.8181818181818182,eye,中,5.333333333333333,2,96.0,0.0,96.0,96.0,-1.7053025658242404e-12,3.9420139520419895,2.030045156769488,2.7650223012297173,7.249688143720691,4.0603770892253985,0.7341876251293324,2.621927548467317,4.961920207848221,2.202927816552955,3.5693663453918436,6.164954484592287,2.3674138479045914,0.6171761605241219,1.7271845722844965,5.188615168595939,1.9021362243080864,2.4508763831912592,4.191873759920533,2.0226796933418703,0.7761045140234024,1.7103570741753773,8.232178924035345,7.185350941323492,32.728991253982564,49.46702278775821,32.405878469942756,0.2195408616649361,1.511412997849083,998,3.188102204408817,0.1330872654909472,0.9759519038076152,0.8937875751503006,0.0741482965931863,0.0140280561122244,6,4,1290.3659849300325,1.537751806858373,0.1537751806858373,0.1290365984930032,0.4746015194398926,1.2156422096593835,3.275746800238344,0.0,0.0,0.0,0.0,0.0,0.0,0.0,0.0,0.0,0.0,0.0,0.0,67.0,8.0,0.062037037037037036,45.0,14.0,0.0,8.0,22.0,0.3283582089552239,0.0,0.11940298507462686,16.0,74.0,14.0,787.0,0.7287037037037037,12.393939393939394,1.0,0.0,0.0
subject_26_task_4,26,4,,4,109,1080.0,1090.0,0.6870097447841523,22.0,0.8257575757575758,eye,中,5.333333333333333,1,101.0,,101.0,101.0,,3.5805754810449852,1.8432873237351488,2.226463986443434,6.150200726431462,5.359313294321928,0.8278990071066122,2.7623176318498768,4.153199413331778,2.159714095187935,1.6071108700590315,4.374037636422568,2.639004061236153,1.3438488503961186,2.72167758796996,3.122336062639725,2.175802258091317,2.186387642516657,3.522495634744931,2.325274351360265,0.995158505189338,1.6111029747178491,6.246376047388632,6.6713943839010055,21.314381260584486,39.23803637759982,37.66087490457543,0.3129996738980196,1.8409183873500736,998,3.2411022044088176,0.1699885463577731,0.9819639278557114,0.9188376753507014,0.064128256513026,0.0120240480961923,6,4,1290.3659849300325,1.537751806858373,0.1537751806858373,0.1290365984930032,0.4746015194398926,1.2156422096593835,3.275746800238344,0.0,0.0,0.0,0.0,0.0,0.0,0.0,0.0,0.0,0.0,0.0,0.0,67.0,8.0,0.061467889908256884,45.0,14.0,0.0,8.0,22.0,0.3283582089552239,0.0,0.11940298507462686,16.0,84.0,14.0,787.0,0.7220183486238532,12.393939393939394,1.0,0.0,0.0
subject_26_task_4,26,4,,4,110,1090.0,1100.0,0.6933125864794197,22.0,0.8333333333333334,eye,中,5.333333333333333,3,94.66666666666669,2.3094010767585034,92.0,96.0,-32.30769230769226,7.320682065954506,4.054676770380954,3.1569382775607866,6.0789150482345455,5.786032661886406,1.2843699856918986,1.9255729804547936,9.018114805988596,5.373790871954355,3.0750189101290157,5.359427472653784,2.9784696726201627,1.7475635204236488,1.7428925249857807,5.4317593876112475,2.7835204997855687,2.6179103607180876,4.6424647502279885,2.753665662021869,1.063260431507691,1.7733474835076362,14.8602543562314,7.496775713358661,29.5358878139519,47.106758665431805,40.554900696326925,0.2538192100600207,1.5948990246089687,998,3.25639378757515,0.1816537930875992,0.996993987975952,0.9328657314629258,0.06312625250501,0.0,6,4,338.20492465017367,0.4030447485775941,0.0403044748577594,0.0338204924650173,0.4746015194398927,1.2156422096593835,3.2757468002383434,0.0,0.0,0.0,0.0,0.0,0.0,0.0,0.0,0.0,0.0,0.0,0.0,67.0,8.0,0.060909090909090906,45.0,14.0,0.0,8.0,22.0,0.3283582089552239,0.0,0.11940298507462686,16.0,94.0,14.0,787.0,0.7154545454545455,12.393939393939394,1.0,0.0,0.0
subject_26_task_4,26,4,,4,111,1100.0,1110.0,0.6996154281746872,22.0,0.8409090909090909,eye,中,5.333333333333333,1,91.0,,91.0,91.0,,4.164817186025706,1.876867382986641,2.263039526667961,6.026396888227702,3.769027127434869,0.8293568719721349,2.6629658108980574,3.8212749769572114,2.3799045121445532,1.5606718366353811,4.188392772509604,2.371253543155837,1.5249230852242055,2.6837113826179304,4.215933840505162,1.9880144433691276,2.2813833716565077,3.629365570841547,1.9161470039030364,0.8714074399190673,1.5908617621799672,7.637840667263004,8.510543618376419,24.08800690437788,39.7029788893093,23.59243442936678,0.3533104109510059,1.6482467414974658,999,3.3127494908350306,0.1803759930061411,0.967967967967968,0.8638638638638638,0.0960960960960961,0.024024024024024,6,0,0.0,0.0,0.0,0.0,,,,0.0,0.0,0.0,0.0,0.0,0.0,0.0,0.0,0.0,0.0,0.0,0.0,67.0,8.0,0.06036036036036036,45.0,14.0,0.0,8.0,22.0,0.3283582089552239,0.0,0.11940298507462686,16.0,104.0,14.0,787.0,0.709009009009009,12.393939393939394,1.0,0.0,0.0
subject_26_task_4,26,4,,4,112,1110.0,1120.0,0.7059182698699547,22.0,0.8484848484848485,eye,中,5.333333333333333,3,95.33333333333331,0.5773502691896257,95.0,96.0,-3.488372093023138,3.830633366180349,1.7039749332313556,2.63441840980645,6.656368157622012,4.867085952412576,0.6468125666327038,2.526693608290968,3.661030149039276,2.1305553926591503,2.046797147154068,4.792972395383756,2.5698801232832356,1.0409216153254577,2.3416939006623387,3.7204438275462337,1.8174660815523045,2.7140852497230794,3.3564907943570015,1.7745819732223267,0.6696422235586529,1.2366932080337076,6.436284337882846,6.782892808117093,25.656810330171087,42.07068333368285,26.387765903957913,0.2643700725394052,1.6397472169098857,998,3.1649534883720927,0.1229604123962875,0.9809619238476954,0.8857715430861723,0.0711422845691382,0.0140280561122244,3,2,660.4035759393726,1.1766656141458751,0.1176665614145875,0.0660403575939372,0.8614699331848552,0.4022861306432423,3.1911335367483296,0.0,0.0,0.0,0.0,0.0,0.0,0.0,0.0,0.0,0.0,0.0,0.0,67.0,8.0,0.059821428571428574,45.0,14.0,0.0,8.0,22.0,0.3283582089552239,0.0,0.11940298507462686,16.0,114.0,14.0,787.0,0.7026785714285714,12.393939393939394,1.0,0.0,0.0
subject_26_task_4,26,4,,4,113,1120.0,1130.0,0.712221111565222,22.0,0.8560606060606061,eye,中,5.333333333333333,2,95.0,0.0,95.0,95.0,0.0,4.94773943742744,2.0861737607431396,2.816909319371293,5.112272356867485,3.1634093032376382,0.7405896052091423,1.8148515899008404,5.498569401417193,2.31046928277109,2.444158888258061,4.0827130791849875,1.875323722367952,0.945302408067975,1.6703959381686169,4.430710008948585,1.9083809138706869,2.6070380050401907,3.932963270221889,1.9145679481381983,0.7320111598608118,1.5085945285869575,13.494703778560025,6.764982949781495,34.692467491811264,55.687230345642575,38.56070126403782,0.1949986103288354,1.6051677603729648,998,3.211739041794087,0.176010844965904,0.9709418837675352,0.8937875751503006,0.0781563126252505,0.0200400801603206,3,2,886.0909377960214,1.5787811809283234,0.1578781180928323,0.0886090937796021,0.8614699331848553,0.4022861306432422,3.19113353674833,0.0,0.0,0.0,0.0,0.0,0.0,0.0,0.0,0.0,0.0,0.0,0.0,67.0,8.0,0.05929203539823009,45.0,14.0,0.0,8.0,22.0,0.3283582089552239,0.0,0.11940298507462686,16.0,124.0,14.0,787.0,0.6964601769911505,12.393939393939394,1.0,0.0,0.0
subject_26_task_4,26,4,,4,114,1130.0,1140.0,0.7185239532604896,22.0,0.8636363636363636,eye,中,5.333333333333333,2,95.0,0.0,95.0,95.0,0.0,13.401366654966315,2.772732868284266,3.360265399277554,7.799117764411455,5.287501853697829,0.8251529384793219,2.320982671811649,8.787193261324276,2.445346086172778,5.9638753733195555,6.452416971708392,3.714479066615249,0.4100263558679417,1.0819168020469396,4.762952249146525,1.9757179155691704,2.802882027402432,4.567865224032335,2.6137002699835445,0.7048880032243686,1.6297029911978134,7.950973481362439,8.352247466308478,35.91020395656223,56.785052732956785,34.50528006215154,0.232587023911408,1.5813068842952058,998,3.416469939879759,0.2283734175681391,0.966933867735471,0.8687374749498998,0.0891783567134268,0.0200400801603206,3,2,698.5054862646073,1.2445532049258037,0.1244553204925803,0.0698505486264607,0.8614699331848552,0.4022861306432423,3.1911335367483296,0.0,0.0,0.0,0.0,0.0,0.0,0.0,0.0,0.0,0.0,0.0,0.0,67.0,8.0,0.058771929824561406,45.0,14.0,0.0,8.0,22.0,0.3283582089552239,0.0,0.11940298507462686,16.0,134.0,14.0,787.0,0.6903508771929825,12.393939393939394,1.0,0.0,0.0
subject_26_task_4,26,4,,4,115,1140.0,1150.0,0.724826794955757,22.0,0.8712121212121212,eye,中,5.333333333333333,1,94.0,,94.0,94.0,,3.0894313153230852,1.6417985081682973,1.956371835824243,6.161427260670875,4.496612708284135,0.8392057573639051,3.1494152327514935,2.582641352719124,1.9441434788522192,1.8517548168972455,4.625527744275098,1.906156545139266,1.0498924917661496,2.4979158698911976,3.8404642545003016,2.0545651468095674,1.906200100741328,3.7268192007142895,2.1038822376064834,1.077832881243968,1.9551038735466,5.080317052757025,6.662696637094151,20.32328142589574,43.770482093027624,31.303903069384372,0.327835672668716,2.1537113606691327,998,3.126230769230769,0.247435373258041,0.9509018036072144,0.8777555110220441,0.0711422845691382,0.0390781563126252,3,0,0.0,0.0,0.0,0.0,,,,0.0,0.0,0.0,0.0,0.0,0.0,0.0,0.0,0.0,0.0,0.0,0.0,67.0,8.0,0.058260869565217394,45.0,14.0,0.0,8.0,22.0,0.3283582089552239,0.0,0.11940298507462686,16.0,144.0,14.0,787.0,0.6843478260869565,12.393939393939394,1.0,0.0,0.0
subject_26_task_4,26,4,,4,116,1150.0,1160.0,0.7311296366510245,22.0,0.8787878787878788,eye,中,5.333333333333333,2,95.0,5.656854249492381,91.0,99.0,-68.57142857142844,4.410432853586514,1.701574130481823,2.489942807254024,4.503214423379321,2.861919975452337,0.6833788011212855,1.808561389546769,4.083706144837509,2.448053711612929,2.2695294692685284,4.492965511597252,1.902334133783024,1.078661345781925,1.979690315739914,4.797864295130591,1.6602811170948848,2.3725741684319814,2.985781542131927,1.556075887114507,0.6997804912426209,1.2584565666519123,13.086009957479304,6.634705330143326,18.61004463724875,32.642958591135496,20.15946749740511,0.3565120589159522,1.7540505263377666,999,3.3280330330330328,0.1583716548882849,0.987987987987988,0.911911911911912,0.072072072072072,0.0,3,0,0.0,0.0,0.0,0.0,,,,0.0,0.0,0.0,0.0,0.0,0.0,0.0,0.0,0.0,0.0,0.0,0.0,67.0,8.0,0.05775862068965517,45.0,14.0,0.0,8.0,22.0,0.3283582089552239,0.0,0.11940298507462686,16.0,154.0,14.0,787.0,0.678448275862069,12.393939393939394,1.0,0.0,0.0
subject_26_task_4,26,4,,4,117,1160.0,1170.0,0.7374324783462919,22.0,0.8863636363636364,eye,中,5.333333333333333,2,92.0,1.4142135623730951,91.0,93.0,30.0,10.309399987864651,1.6993089668448806,2.0256103746022376,4.915119524540306,3.4118689967189737,0.8389120573982883,2.4264881273159316,12.366173949114437,1.950749210513664,1.8220329663316992,3.43238169153666,1.6757511729584886,1.070644300383384,1.8838197524203293,9.173173404629637,2.0307759370959566,1.9080283408351328,2.5185748984671794,1.4055348046182408,1.06433216616012,1.3199882017291285,10.36408975358838,5.734316085380306,21.15791809998051,26.69627865856081,18.494189035296184,0.2710245903346033,1.261763020936611,998,3.113125250501002,0.1812653932001456,0.9779559118236472,0.93687374749499,0.0511022044088176,0.0110220440881763,3,2,1228.5409533616453,1.449178358433082,0.1449178358433082,0.1228540953361645,0.8463580064877616,0.4289748198362522,3.177133335299321,0.0,0.0,0.0,0.0,0.0,0.0,0.0,0.0,0.0,0.0,0.0,0.0,67.0,8.0,0.05726495726495726,45.0,14.0,0.0,8.0,22.0,0.3283582089552239,0.0,0.11940298507462686,16.0,164.0,14.0,787.0,0.6726495726495727,12.393939393939394,1.0,0.0,0.0
subject_26_task_4,26,4,,4,118,1170.0,1180.0,0.7437353200415594,22.0,0.8939393939393939,eye,中,5.333333333333333,2,90.0,2.8284271247461903,88.0,92.0,59.99999999999979,5.048110814670495,1.962941508308938,2.237880921578248,5.627985892834357,3.752251130995132,0.877142965642957,2.5148728149776907,5.69890691712163,2.298850426821374,1.5666898586441589,3.5660208152103596,1.9976412695527408,1.4673296148165789,2.2761498043374435,3.927887786161562,1.88220142949476,1.727481223545749,3.010505697713052,1.628446887666794,1.0895640449459931,1.7427139911447636,9.176501365078098,7.271103481501096,18.222294265871746,38.99090482985166,30.74734278786147,0.3990223939649046,2.1397363175545427,998,3.211095190380761,0.0853217284691344,1.0,0.9458917835671342,0.0490981963927855,0.0,3,2,1454.9277041232249,1.716222594070451,0.1716222594070451,0.1454927704123224,0.8463580064877617,0.4289748198362521,3.1771333352993216,0.0,0.0,0.0,0.0,0.0,0.0,0.0,0.0,0.0,0.0,0.0,0.0,67.0,8.0,0.05677966101694915,45.0,14.0,0.0,8.0,22.0,0.3283582089552239,0.0,0.11940298507462686,16.0,174.0,14.0,787.0,0.6669491525423729,12.393939393939394,1.0,0.0,0.0
subject_26_task_4,26,4,,4,119,1180.0,1190.0,0.7500381617368268,22.0,0.9015151515151516,eye,中,5.333333333333333,3,90.33333333333331,0.5773502691896257,90.0,91.0,6.3934426229507215,3.532624079025277,1.3320127235785373,1.889693197874013,4.499601075951612,2.623692796142268,0.704883059894119,2.3811278365259816,3.407864405883251,1.5011265860201704,1.7770233296990474,2.474981158535789,1.3387571587750469,0.8447421938317476,1.3927679604268033,3.6227173493952094,1.4377874721297443,1.9517326760680285,2.3159526504467154,1.1940168360761996,0.7366723372313052,1.1866136581329605,5.895164365284638,4.127005937186516,14.352792746540686,23.44022165609918,15.813646911090292,0.2875402724798077,1.633147086426699,998,3.164523046092184,0.1414793418930387,0.9869739478957916,0.9268537074148296,0.0601202404809619,0.0080160320641282,3,2,1454.9277041232249,1.716222594070451,0.1716222594070451,0.1454927704123224,0.8463580064877617,0.4289748198362521,3.1771333352993216,0.0,0.0,0.0,0.0,0.0,0.0,0.0,0.0,0.0,0.0,0.0,0.0,67.0,8.0,0.05630252100840336,45.0,14.0,0.0,8.0,22.0,0.3283582089552239,0.0,0.11940298507462686,16.0,184.0,14.0,787.0,0.661344537815126,12.393939393939394,1.0,0.0,0.0
subject_26_task_4,26,4,,4,120,1190.0,1200.0,0.7563410034320943,22.0,0.9090909090909092,eye,中,5.333333333333333,1,93.0,,93.0,93.0,,6.717263741766478,2.5419239938915714,2.472530887426183,5.2918339948797355,3.2979490757184364,1.0280656176302103,2.14024990417343,7.786070362694137,2.8446765283839266,1.91299626424278,3.6388240485224546,1.8421882104724272,1.4870267033741085,1.9021595162198643,3.781389747928317,2.2764559891946696,2.453589777926354,3.148247178403463,1.660468648851116,0.9278062737604864,1.283118802795224,7.478307627615247,6.350786295189015,28.214510614133232,45.15837868623137,26.467525359917953,0.2250893656120257,1.6005373725536325,998,3.1885010020040077,0.0915965571779778,1.0,0.969939879759519,0.0300601202404809,0.0,3,2,1454.9277041232249,1.716222594070451,0.1716222594070451,0.1454927704123224,0.8463580064877617,0.4289748198362521,3.1771333352993216,0.0,0.0,0.0,0.0,0.0,0.0,0.0,0.0,0.0,0.0,0.0,0.0,67.0,8.0,0.05583333333333333,45.0,14.0,0.0,8.0,22.0,0.3283582089552239,0.0,0.11940298507462686,16.0,194.0,14.0,787.0,0.6558333333333334,12.393939393939394,1.0,0.0,0.0
subject_26_task_4,26,4,,4,121,1200.0,1210.0,0.7626438451273617,22.0,0.9166666666666666,eye,中,5.333333333333333,3,93.33333333333331,0.5773502691896257,93.0,94.0,-7.164179104477664,3.7711093009236247,2.308914820277593,3.043295460846848,7.0203988920130715,3.897064380260306,0.7586890099836375,2.3068410485715796,4.286271119533535,3.236992798970354,2.2871027594065367,4.5890470099102965,2.614241725452669,1.4153246003735738,2.006489210437171,3.559537751521373,2.071719288979681,2.996859200901959,4.7200417593177315,2.3696962536060147,0.6912968378214631,1.574996168621185,6.581278186730645,6.637547315775946,28.869509119695223,74.48399263707272,34.74906895010436,0.2299154893232219,2.5800228306015285,999,3.3826207951070337,0.1926894639732695,0.92992992992993,0.8878878878878879,0.066066066066066,0.037037037037037,3,2,1188.675934268685,1.402153859355571,0.1402153859355571,0.1188675934268685,0.8463580064877618,0.4289748198362519,3.177133335299322,0.0,0.0,0.0,0.0,0.0,0.0,0.0,0.0,0.0,0.0,0.0,0.0,67.0,8.0,0.05537190082644628,45.0,14.0,0.0,8.0,22.0,0.3283582089552239,0.0,0.11940298507462686,16.0,204.0,14.0,787.0,0.6504132231404959,12.393939393939394,1.0,0.0,0.0
subject_26_task_4,26,4,,4,122,1210.0,1220.0,0.7689466868226291,22.0,0.9242424242424242,eye,中,5.333333333333333,1,96.0,,96.0,96.0,,4.679213775206021,1.6304063937853208,2.566904877433904,5.892966353015849,3.8409129685030936,0.635164321092885,2.2957478498022716,3.659660316649104,1.7198450476399767,1.8252791853187569,3.92301883975801,2.3854633675448103,0.9422367062930336,2.149270572585265,4.200884944373064,1.8514860609382051,2.3374888520327333,3.86022698903875,2.1192764526748213,0.7920833758535836,1.6514418820358476,9.377463487677716,6.1525282953704705,28.02703111602956,47.7947253357957,29.71083424696752,0.2195212282706476,1.7053081768785834,998,3.342715746421268,0.2012939996276219,0.968937875751503,0.8857715430861723,0.0851703406813627,0.0200400801603206,3,1,230.40570652174205,0.5605978260869636,0.0560597826086963,0.0230405706521742,1.0,-1.000088900581841e-12,3.55151,0.0,0.0,0.0,0.0,0.0,0.0,0.0,0.0,0.0,0.0,0.0,0.0,67.0,8.0,0.05491803278688524,45.0,14.0,0.0,8.0,22.0,0.3283582089552239,0.0,0.11940298507462686,16.0,214.0,14.0,787.0,0.6450819672131147,12.393939393939394,1.0,0.0,0.0
subject_26_task_4,26,4,,4,123,1220.0,1230.0,0.7752495285178966,22.0,0.9318181818181818,eye,中,5.333333333333333,3,96.66666666666669,2.081665999466133,95.0,99.0,-40.71428571428557,4.9854314412654235,2.8013713411248733,3.2551186457959775,7.009866007182047,4.414106086068217,0.8606049873920497,2.153490170392212,4.48980292652164,2.511364228011749,1.9066439800669064,5.177923673475943,3.507567783268948,1.3171647430075657,2.71572654759293,3.4963644586753655,2.068527478278778,2.530683350486695,5.79622786284556,2.7430159651354504,0.8173790205246199,2.290380525770181,9.127345011882383,10.4546305940757,30.441158027838128,64.53694579981018,36.57325152729744,0.343437348359581,2.120055542591113,998,3.4468858921161822,0.224589570158593,0.9238476953907816,0.8156312625250501,0.1172344689378757,0.0410821643286573,3,1,180.5942934782651,0.4394021739130537,0.0439402173913053,0.0180594293478265,1.0,-1.000088900581841e-12,3.55151,0.0,0.0,0.0,0.0,0.0,0.0,0.0,0.0,0.0,0.0,0.0,0.0,67.0,8.0,0.05447154471544716,45.0,14.0,0.0,8.0,22.0,0.3283582089552239,0.0,0.11940298507462686,16.0,224.0,14.0,787.0,0.6398373983739838,12.393939393939394,1.0,0.0,0.0
subject_26_task_4,26,4,,4,124,1230.0,1240.0,0.781552370213164,22.0,0.9393939393939394,eye,中,5.333333333333333,1,91.0,,91.0,91.0,,3.917371280671885,1.7330243517581314,2.016815243668775,5.3663119472839815,3.483467915437097,0.8592876106021483,2.6607850987491344,3.1495989955870693,1.7687999968597217,1.6572544206854982,3.431865352500965,1.8645007431829672,1.0673074542942442,2.0708138169161896,4.008107029329282,1.7247794271867165,1.7816460535506835,2.996442265944136,1.6928849109204664,0.9680819732681266,1.6818392519504404,7.911661535673425,4.664674780346762,23.222240502531108,38.90788630487896,21.36130729158309,0.2008710046663385,1.675457899966121,998,3.2663415132924336,0.189267747868933,0.940881763527054,0.8587174348697395,0.0841683366733467,0.0310621242484969,8,4,1015.81241673328,1.614108713029576,0.1614108713029576,0.1015812416733279,0.4721927966101695,1.1312681319723374,3.330839613347457,0.0,0.0,0.0,0.0,0.0,0.0,0.0,0.0,0.0,0.0,0.0,0.0,67.0,8.0,0.05403225806451613,45.0,14.0,0.0,8.0,22.0,0.3283582089552239,0.0,0.11940298507462686,16.0,234.0,14.0,787.0,0.6346774193548387,12.393939393939394,1.0,0.0,0.0
subject_26_task_4,26,4,,4,125,1240.0,1250.0,0.7878552119084316,22.0,0.946969696969697,eye,中,5.333333333333333,2,90.0,1.4142135623730951,89.0,91.0,29.999999999999787,6.094511386350847,2.516429493771808,2.277306008964845,6.571160953503467,5.628186101480966,1.1050027900798702,2.8854975693365006,4.854778647275504,2.9740849243334964,1.898091195972878,5.819694150255798,3.9519767541716697,1.566881997368473,3.0660772056702363,4.771357294842962,2.6124762516848232,1.8087610425350968,3.869986304476269,2.5269438422973187,1.444345709714793,2.1395785366165505,25.199551351164683,8.80711963166621,25.998722228291015,39.10982484954608,28.758402505315185,0.3387520184389128,1.5042979614970449,998,3.176696392785571,0.104510469915602,1.0,0.968937875751503,0.0310621242484969,0.0,8,4,1257.6605382360776,1.9984012789768184,0.1998401278976818,0.1257660538236077,0.4721927966101695,1.1312681319723377,3.330839613347458,0.0,0.0,0.0,0.0,0.0,0.0,0.0,0.0,0.0,0.0,0.0,0.0,67.0,8.0,0.0536,45.0,14.0,0.0,8.0,22.0,0.3283582089552239,0.0,0.11940298507462686,16.0,244.0,14.0,787.0,0.6296,12.393939393939394,1.0,0.0,0.0
subject_26_task_4,26,4,,4,126,1250.0,1260.0,0.794158053603699,22.0,0.9545454545454546,eye,中,5.333333333333333,3,91.0,0.0,91.0,91.0,4.04448015580036e-13,4.757570290770079,2.4731720090991445,3.5074444621682535,9.418663455062273,7.481857584486606,0.705120789730271,2.6853350228786756,4.98042620174872,3.212739421997723,2.280095859782232,8.774022738255896,3.998327370411371,1.409036996499159,3.848093798606296,4.080384419501815,1.9588637875550023,2.5867449239009424,4.670702447269114,2.800405415951624,0.7572697908694208,1.8056293081365973,9.647111319125848,7.520730089718846,33.057352276368505,62.64611448217013,39.27508759623488,0.2275055191003649,1.8950735666435556,999,3.3619454545454546,0.2017222786638805,0.968968968968969,0.8518518518518519,0.1041041041041041,0.023023023023023,8,4,1257.6605382360776,1.9984012789768184,0.1998401278976818,0.1257660538236077,0.4721927966101695,1.1312681319723377,3.330839613347458,0.0,0.0,0.0,0.0,0.0,0.0,0.0,0.0,0.0,0.0,0.0,0.0,67.0,8.0,0.05317460317460317,45.0,14.0,0.0,8.0,22.0,0.3283582089552239,0.0,0.11940298507462686,16.0,254.0,14.0,787.0,0.6246031746031746,12.393939393939394,1.0,0.0,0.0
subject_26_task_4,26,4,,4,127,1260.0,1270.0,0.8004608952989665,22.0,0.9621212121212122,eye,中,5.333333333333333,2,94.5,0.7071067811865476,94.0,95.0,19.999999999999716,4.030505792016708,1.920511479864308,3.4065653046656466,6.6017326014823805,4.249807507778476,0.5637676979901037,1.9379439438429729,3.4393176620536896,1.927648250868264,1.735387249704148,5.049273574286804,2.3410750105497855,1.1107885293019717,2.909594717344854,3.6801996886302977,1.7777395740963748,2.8878094427349312,4.357565764479096,2.4277855746145764,0.6156014132333979,1.5089519758451293,6.8851966707590115,6.047731451451747,31.455353163647914,43.10837087407327,27.542811295252474,0.1922639819043883,1.370462148359931,998,3.328900101936799,0.2395781288141971,0.9418837675350702,0.842685370741483,0.1042084168336673,0.0350701402805611,11,4,244.8665067945504,0.3890887290167644,0.0389088729016764,0.024486650679455,0.4721927966101695,1.1312681319723374,3.330839613347458,0.0,0.0,0.0,0.0,0.0,0.0,0.0,0.0,0.0,0.0,0.0,0.0,67.0,8.0,0.05275590551181102,45.0,14.0,0.0,8.0,22.0,0.3283582089552239,0.0,0.11940298507462686,16.0,264.0,14.0,787.0,0.6196850393700788,12.393939393939394,1.0,0.0,0.0
subject_26_task_4,26,4,,4,128,1270.0,1280.0,0.8067637369942339,22.0,0.9696969696969696,eye,中,5.333333333333333,2,96.0,2.8284271247461903,94.0,98.0,59.999999999999574,6.377459893489791,2.5618081294928494,3.649153356755233,7.5597082161949425,5.12440859089463,0.7020280813220651,2.0716334659382225,6.303607358275123,3.547156238728137,2.7788103521657077,6.0712697268235445,3.1789841400822874,1.276501736062559,2.184844936284266,5.551654712243961,2.3916495612949538,3.0578950962694473,4.586358539090654,2.898470882275974,0.7821228282856086,1.4998416867491275,17.135822628765784,8.775442673370621,43.169662639445185,52.923395576709744,34.925730881337394,0.2032779997996158,1.22593952189824,998,3.2464918864097365,0.1495345008323462,0.9879759519038076,0.935871743486974,0.0470941883767535,0.0120240480961923,3,0,0.0,0.0,0.0,0.0,,,,0.0,0.0,0.0,0.0,0.0,0.0,0.0,0.0,0.0,0.0,0.0,0.0,67.0,8.0,0.05234375,45.0,14.0,0.0,8.0,22.0,0.3283582089552239,0.0,0.11940298507462686,16.0,274.0,14.0,787.0,0.61484375,12.393939393939394,1.0,0.0,0.0
subject_26_task_4,26,4,,4,129,1280.0,1290.0,0.8130665786895014,22.0,0.9772727272727272,eye,中,5.333333333333333,1,93.0,,93.0,93.0,,3.982863477325708,2.4482221696777184,3.0455703562334553,4.55699160087134,2.9857323126445228,0.8038632779134038,1.496268701047873,4.710729212131057,3.1706483425439074,2.2192824535310858,3.106270805961193,1.4070251768100668,1.428681751391811,1.3996734850126111,4.048191437171871,2.1232859901832306,2.822759465371967,3.795253927971911,1.94590179170161,0.7522022390609311,1.3445190688508752,8.126430331078852,7.423362523092048,31.53321957843976,50.76433439179298,26.572440095390277,0.2354140370800459,1.6098684203658713,998,3.3226111675126906,0.2279702012984108,0.9609218436873748,0.8777555110220441,0.0831663326653306,0.0250501002004008,3,0,0.0,0.0,0.0,0.0,,,,0.0,0.0,0.0,0.0,0.0,0.0,0.0,0.0,0.0,0.0,0.0,0.0,67.0,8.0,0.05193798449612403,45.0,14.0,0.0,8.0,22.0,0.3283582089552239,0.0,0.11940298507462686,16.0,284.0,14.0,787.0,0.610077519379845,12.393939393939394,1.0,0.0,0.0
subject_26_task_4,26,4,,4,130,1290.0,1300.0,0.8193694203847688,22.0,0.9848484848484848,eye,中,5.333333333333333,2,94.5,0.7071067811865476,94.0,95.0,-15.000000000000211,4.643210779942948,2.9248743153124095,3.239386316864005,6.363349011027384,3.8256965913632577,0.9029100049246152,1.9643686762212524,5.267998265252917,3.409800996316859,2.8221123887686717,4.6035878963461325,2.6187200377002093,1.208244225101398,1.6312560458850982,4.079178246628108,3.035624054723226,3.9552804283407097,4.6872952191013475,2.374545891887586,0.7674864297793188,1.1850727916826185,8.888002583894565,14.730337649904442,36.3780298031329,62.761188015892365,31.54654405726005,0.4049240085188961,1.725249782782006,998,3.2156367346938777,0.1861968838301551,0.9158316633266532,0.8857715430861723,0.0811623246492986,0.0250501002004008,3,1,702.1128211028939,0.8581537841958369,0.0858153784195836,0.0702112821102893,1.0,-1.000088900581841e-12,3.11402,0.0,0.0,0.0,0.0,0.0,0.0,0.0,0.0,0.0,0.0,0.0,0.0,67.0,8.0,0.05153846153846154,45.0,14.0,0.0,8.0,22.0,0.3283582089552239,0.0,0.11940298507462686,16.0,294.0,14.0,787.0,0.6053846153846154,12.393939393939394,1.0,0.0,0.0
subject_26_task_4,26,4,,4,131,1300.0,1310.0,0.8256722620800362,22.0,0.9924242424242424,eye,中,5.333333333333333,3,96.33333333333331,0.5773502691896257,96.0,97.0,-9.999999999999796,4.275331196200612,2.096260163434326,2.463703343384702,5.7089000562066,4.727450936102425,0.8508573765843201,2.317202706866306,3.0574350466862836,2.4046294216224706,1.8211470920454211,4.205969981295477,2.504771804260149,1.3203927525270414,2.3095168971615263,4.17125042163885,2.1473193725412347,2.5089073642387207,3.676095665150304,2.0962513233106206,0.8558783011077004,1.4652177746968127,8.62801129893124,6.706428914879865,20.233424337703095,38.93435507634008,24.531326605151435,0.3314529860564957,1.924259306112092,998,3.2225319148936173,0.2394351317096899,0.9679358717434868,0.8847695390781564,0.095190380761523,0.0180360721442885,3,1,1412.1335903115382,1.7259730172884966,0.1725973017288496,0.1412133590311538,1.0,-1.000088900581841e-12,3.11402,0.0,0.0,0.0,0.0,0.0,0.0,0.0,0.0,0.0,0.0,0.0,0.0,67.0,8.0,0.05114503816793893,45.0,14.0,0.0,8.0,22.0,0.3283582089552239,0.0,0.11940298507462686,16.0,304.0,14.0,787.0,0.600763358778626,12.393939393939394,1.0,0.0,0.0
subject_26_task_4,26,4,,4,132,1310.0,1320.0,0.8319751037753037,22.0,1.0,eye,中,5.333333333333333,2,93.5,2.1213203435596424,92.0,95.0,35.99999999999983,4.815107638851702,2.6268848899447472,3.5341685234961893,7.644469134953766,5.019214594242777,0.7432822946841515,2.1630177180661003,3.2641018912932673,2.6344557314248114,2.238944134677404,5.191330034012235,2.7507996769449687,1.176650944800994,2.318650989815886,4.137136448926292,2.0289739923712418,2.3370211168013135,4.670109009083699,2.8330885375218164,0.8681881296598224,1.9983169923067228,9.07667496624297,9.815580789397591,39.30410467579741,68.63492087163566,37.475613512717466,0.249734242017776,1.7462532587315112,999,3.153460141271443,0.1139583486536147,0.991991991991992,0.934934934934935,0.052052052052052,0.008008008008008,3,1,1412.1335903115382,1.7259730172884966,0.1725973017288496,0.1412133590311538,1.0,-1.000088900581841e-12,3.11402,0.0,0.0,0.0,0.0,0.0,0.0,0.0,0.0,0.0,0.0,0.0,0.0,67.0,8.0,0.05075757575757576,45.0,14.0,0.0,8.0,22.0,0.3283582089552239,0.0,0.11940298507462686,16.0,314.0,14.0,787.0,0.5962121212121212,12.393939393939394,1.0,0.0,0.0
subject_26_task_4,26,4,,4,133,1320.0,1330.0,0.8382779454705711,22.0,1.0075757575757576,eye,中,5.333333333333333,2,98.0,2.8284271247461903,96.0,100.0,47.99999999999983,3.4574680739587627,1.8738155273345851,2.937860137408729,5.440130196243263,3.8934399327759,0.6378164513261481,1.851732193433008,4.250898004292231,2.0405131460159027,2.258626174492416,4.252145064652312,2.2521450157823883,0.903431107396278,1.882624540826417,4.032344319143885,2.0961670241066432,2.7257145277955543,4.366596822127271,2.706840749916678,0.7690339552183173,1.6020007882699272,9.131236660419924,10.37641837687564,44.14899657960473,50.9764622781851,31.83361181015431,0.2350318054945143,1.154645999400458,998,3.292417695473251,0.2624425363333333,0.9308617234468938,0.814629258517034,0.1282565130260521,0.0450901803607214,3,1,1382.6199982740186,1.6899001812271566,0.1689900181227156,0.1382619998274018,1.0,-1.000088900581841e-12,3.11402,0.0,0.0,0.0,0.0,0.0,0.0,0.0,0.0,0.0,0.0,0.0,0.0,67.0,8.0,0.05037593984962406,45.0,14.0,0.0,8.0,22.0,0.3283582089552239,0.0,0.11940298507462686,16.0,324.0,14.0,787.0,0.5917293233082707,12.393939393939394,1.0,0.0,0.0
subject_26_task_4,26,4,,4,134,1330.0,1340.0,0.8445807871658386,22.0,1.0151515151515151,eye,中,5.333333333333333,1,100.0,,100.0,100.0,,16.317768618301017,5.979904748808397,5.807981797190527,36.895745022647645,51.796979798311504,1.029601151935606,6.3525930884451265,12.581996150865685,7.227498847858373,6.535618400624561,59.69199773000207,67.44961125441945,1.1058630423048712,9.13333583311684,7.255291766268218,3.0694185056291934,4.425118657190258,18.905107675176705,20.306240273972215,0.6936352996188648,4.272226157022546,12.09463643757652,10.194490496541052,51.733856959273815,93.97490931353424,59.088466039432184,0.1970564557861288,1.8165069228747748,998,3.2938448098663926,0.2850856588591041,0.9218436873747496,0.8637274549098196,0.096192384769539,0.0280561122244488,3,2,1000.9861998007772,1.6350541392432307,0.163505413924323,0.1000986199800777,0.975770591971929,0.1140714333245934,3.156492215735503,0.0,0.0,0.0,0.0,0.0,0.0,0.0,0.0,0.0,0.0,0.0,0.0,67.0,8.0,0.05,45.0,14.0,0.0,8.0,22.0,0.3283582089552239,0.0,0.11940298507462686,16.0,334.0,14.0,787.0,0.5873134328358209,12.393939393939394,1.0,0.0,0.0
subject_26_task_4,26,4,,4,135,1340.0,1350.0,0.850883628861106,22.0,1.0227272727272727,eye,中,5.333333333333333,3,96.33333333333331,1.1547005383792517,95.0,97.0,21.290322580645235,4.947382435403046,1.8108571229581671,3.4863333212015117,6.457433349506546,4.757577290818154,0.5194159468189011,1.8522134158076111,4.344856645852472,2.0415840392390523,2.2462981501257056,4.573275810110618,3.1706448846452986,0.9088660110078454,2.035916652406401,4.8321880018774195,1.836281871409516,3.4723220162553297,4.422127290069005,2.1913742592547507,0.5288339799169389,1.273536057245629,7.871673351806301,6.696787097350938,29.753423880486128,44.88222440202901,28.893870099746,0.2250761836436258,1.508472590660907,998,3.332824295010846,0.243130013823723,0.8226452905811623,0.8046092184368737,0.0871743486973948,0.0921843687374749,3,2,5399.062566347111,8.819062239715175,0.8819062239715174,0.5399062566347111,0.975770591971929,0.1140714333245934,3.1564922157355033,8.0,2.0,0.8,4.0,4.0,0.0,0.0,4.0,0.5,0.0,0.0,2.0,75.0,8.0,0.05555555555555555,49.0,18.0,0.0,8.0,26.0,0.3466666666666667,0.0,0.10666666666666667,18.0,1.0,15.0,1123.0,0.8318518518518518,15.68918918918919,1.0,8.0,0.13333333333333333
subject_26_task_4,26,4,,4,136,1350.0,1360.0,0.8571864705563735,22.0,1.0303030303030305,eye,中,5.333333333333333,1,100.0,,100.0,100.0,,4.518460555903527,1.8683845160906336,2.971928336773024,6.933756170718638,4.56299619179258,0.6286775131729323,2.3330832325006337,3.4705625983220543,1.883565930688528,1.9463287698799776,5.008156053086483,2.6602065333642875,0.9677532181804414,2.573129540388655,5.237803630136654,2.143252643730954,2.904334682115801,4.981163368202144,2.606163998791731,0.7379496092267158,1.715078981384259,9.53528272737853,8.696540768544102,34.24501798162582,69.44951564327033,36.97473453410705,0.2539505388261216,2.0280180807769908,998,3.1825744234800837,0.1605996541557137,0.8947895791583166,0.8206412825651302,0.0771543086172344,0.0881763527054108,3,2,5399.062566347111,8.819062239715175,0.8819062239715174,0.5399062566347111,0.975770591971929,0.1140714333245934,3.1564922157355033,0.0,0.0,0.0,0.0,0.0,0.0,0.0,0.0,0.0,0.0,0.0,0.0,75.0,8.0,0.05514705882352941,49.0,18.0,0.0,8.0,26.0,0.3466666666666667,0.0,0.10666666666666667,18.0,11.0,15.0,1123.0,0.825735294117647,15.68918918918919,1.0,8.0,0.13333333333333333
subject_26_task_4,26,4,,4,137,1360.0,1370.0,0.8634893122516409,22.0,1.0378787878787878,eye,中,5.333333333333333,2,96.5,0.7071067811865476,96.0,97.0,-30.0,3.9031991710487297,1.6309024331895583,2.2342578902602153,6.430624205107363,4.0545569007807645,0.729952634518665,2.878192456269412,2.725497988487069,1.335444203969662,1.496345525783087,3.7756271782401303,1.831305498879354,0.8924704762095506,2.5232321767823107,4.817170195660015,1.6837367318653715,2.182141610840269,3.906071804574302,1.6152952092061157,0.7715982883516993,1.790017561266432,8.802578391011243,6.149147662003048,20.138763702389053,43.51044692290873,22.86076130975209,0.3053388853891551,2.1605321739659273,999,3.229241985522233,0.215897604782728,0.924924924924925,0.8528528528528528,0.085085085085085,0.054054054054054,3,2,5399.062566347111,8.819062239715175,0.8819062239715174,0.5399062566347111,0.975770591971929,0.1140714333245934,3.1564922157355033,0.0,0.0,0.0,0.0,0.0,0.0,0.0,0.0,0.0,0.0,0.0,0.0,75.0,8.0,0.05474452554744526,49.0,18.0,0.0,8.0,26.0,0.3466666666666667,0.0,0.10666666666666667,18.0,21.0,15.0,1123.0,0.8197080291970803,15.68918918918919,1.0,8.0,0.13333333333333333
subject_26_task_4,26,4,,4,138,1370.0,1380.0,0.8697921539469085,22.0,1.0454545454545454,eye,中,5.333333333333333,2,93.0,1.4142135623730951,92.0,94.0,39.99999999999971,4.307925150554338,1.4615860087349193,1.89348176999376,4.871456511515361,3.659072354348619,0.7719039242399128,2.5727506801036775,3.330813653343419,1.493712661385916,1.4501983702916832,3.3460791160251886,1.6935652059647683,1.030005750927358,2.3073251112205986,5.157429953088026,1.5886706696580717,2.694228339146933,2.6293922565873156,1.1811709227353882,0.5896570259375598,0.975935193904112,7.366968249588555,4.730092848056029,7.872317633886638,18.815533925142063,15.56974855345885,0.6008513716081775,2.3900882561127883,998,3.1524034907597533,0.2000634545487323,0.8927855711422845,0.8046092184368737,0.0971943887775551,0.0851703406813627,3,2,5399.062566347111,8.819062239715175,0.8819062239715174,0.5399062566347111,0.975770591971929,0.1140714333245934,3.1564922157355033,0.0,0.0,0.0,0.0,0.0,0.0,0.0,0.0,0.0,0.0,0.0,0.0,75.0,8.0,0.05434782608695652,49.0,18.0,0.0,8.0,26.0,0.3466666666666667,0.0,0.10666666666666667,18.0,31.0,15.0,1123.0,0.813768115942029,15.68918918918919,1.0,8.0,0.13333333333333333
subject_26_task_4,26,4,,4,139,1380.0,1390.0,0.8760949956421759,22.0,1.053030303030303,eye,中,5.333333333333333,2,91.0,0.0,91.0,91.0,-8.526512829121202e-13,4.1733046590848515,1.7546506997324292,2.418850643711804,5.745943941790959,3.737763662005617,0.725406797767332,2.37548521514897,3.859641380785676,1.7398186088101468,1.7013011726602925,3.5252178628833035,2.1280827745911375,1.022639986834092,2.0720716117364377,4.151348182051894,1.9822225804181683,2.8671545124850164,3.5109879252726373,1.7121627499914571,0.6913553391652196,1.2245548365056889,7.683639784952663,5.6189573316666035,27.027229944547724,39.545003070249344,23.839360537788146,0.2078998603702682,1.4631541283137257,998,3.140495384615385,0.1498043958351375,0.8907815631262525,0.7965931863727455,0.1112224448897795,0.0861723446893787,3,2,5399.062566347111,8.819062239715175,0.8819062239715174,0.5399062566347111,0.975770591971929,0.1140714333245934,3.1564922157355033,0.0,0.0,0.0,0.0,0.0,0.0,0.0,0.0,0.0,0.0,0.0,0.0,75.0,8.0,0.0539568345323741,49.0,18.0,0.0,8.0,26.0,0.3466666666666667,0.0,0.10666666666666667,18.0,41.0,15.0,1123.0,0.8079136690647482,15.68918918918919,1.0,8.0,0.13333333333333333
subject_26_task_4,26,4,,4,140,1390.0,1400.0,0.8823978373374433,22.0,1.0606060606060606,eye,中,5.333333333333333,2,97.0,7.0710678118654755,92.0,102.0,-100.00000000000014,3.607874090698145,1.2977381036040028,1.9941465077674476,3.482605739461752,2.811465079396744,0.6507737012045766,1.7464141806515077,2.5908913371992313,1.5976651070749983,1.3494535650793285,2.826680427997307,1.583604320286003,1.18393485216446,2.094685212700252,3.640918214380834,1.4827272282182618,2.020847948722495,2.6359260941440255,1.3113833218714006,0.7337153837603599,1.304366365520157,5.003787770044685,5.510387467933358,20.12582021282723,30.8003846226171,21.428301500617945,0.2737969140965148,1.5303915217818758,998,3.1322464212678938,0.1510903110751734,0.9298597194388778,0.8376753507014028,0.1072144288577154,0.0430861723446893,3,2,5062.7009684636605,8.269634662180879,0.8269634662180879,0.506270096846366,0.975770591971929,0.1140714333245934,3.1564922157355033,0.0,0.0,0.0,0.0,0.0,0.0,0.0,0.0,0.0,0.0,0.0,0.0,75.0,8.0,0.05357142857142857,49.0,18.0,0.0,8.0,26.0,0.3466666666666667,0.0,0.10666666666666667,18.0,51.0,15.0,1123.0,0.8021428571428572,15.68918918918919,1.0,8.0,0.13333333333333333
subject_26_task_4,26,4,,4,141,1400.0,1410.0,0.8887006790327108,22.0,1.068181818181818,eye,中,5.333333333333333,2,93.5,2.1213203435596424,92.0,95.0,-45.0,5.558150386868919,1.583357542142268,1.9185240810983863,4.259948980246963,3.141048823550618,0.8252998008947431,2.220430289208605,4.304152789758221,1.834345608916092,1.440125317112459,2.7702516653097553,1.6378464857318242,1.273740269071909,1.9236184743035296,4.74078599087791,1.9510707222693924,2.462365872593063,2.6923068988294716,1.2457787432285392,0.7923561417031674,1.09338215282941,12.90407983814218,4.62583799705301,15.47350857545942,24.68433717644183,18.27096194667428,0.2989521073707529,1.5952643872631798,998,3.245733466933868,0.2015864738058305,0.87374749498998,0.9228456913827656,0.0721442885771543,0.003006012024048,0,0,0.0,0.0,,,,,,0.0,0.0,0.0,0.0,0.0,0.0,0.0,0.0,0.0,0.0,0.0,0.0,75.0,8.0,0.05319148936170213,49.0,18.0,0.0,8.0,26.0,0.3466666666666667,0.0,0.10666666666666667,18.0,61.0,15.0,1123.0,0.7964539007092198,15.68918918918919,1.0,0.0,0.0
subject_26_task_4,26,4,,4,142,1410.0,1420.0,0.8950035207279782,22.0,1.0757575757575757,eye,中,5.333333333333333,3,89.33333333333333,2.081665999466133,87.0,91.0,-22.500000000000018,4.481378787613379,1.747148455959892,2.1475181574223168,6.87927223480329,5.322322024472734,0.8135663253515901,3.2033592875696733,3.7459074681424305,1.7889000704466695,1.4487776976404672,4.3701605136220545,2.7096173017394847,1.2347650528857106,3.0164465678478205,3.0177190882939287,1.4339155111957518,2.319158045654926,3.281937479522198,1.618101531891602,0.6182914156636603,1.415141794959207,7.388511907517967,4.3071183228859065,18.05124683248688,32.68393859908394,24.78085606143614,0.2386050317108496,1.8106194493037764,999,3.0921920172599786,0.277468185129577,0.8178178178178178,0.7307307307307307,0.1211211211211211,0.1251251251251251,3,1,6368.648679033193,10.652051714446364,1.0652051714446364,0.6368648679033193,1.0,-1.000088900581841e-12,3.1603400000000006,0.0,0.0,0.0,0.0,0.0,0.0,0.0,0.0,0.0,0.0,0.0,0.0,75.0,8.0,0.0528169014084507,49.0,18.0,0.0,8.0,26.0,0.3466666666666667,0.0,0.10666666666666667,18.0,71.0,15.0,1123.0,0.7908450704225352,15.68918918918919,1.0,0.0,0.0
subject_26_task_4,26,4,,4,143,1420.0,1430.0,0.9013063624232456,22.0,1.0833333333333333,eye,中,5.333333333333333,1,90.0,,90.0,90.0,,4.763723427851906,1.4068731455857473,1.9976218492089504,5.40651499393884,4.096737270631251,0.704274007687122,2.7064757006336295,4.32448825838587,1.6864457971958104,1.2390934884869031,3.2453040013490244,1.6828497062434566,1.3610319260536052,2.6190953560025316,4.584628900228865,1.5670758336045123,2.4938201185312714,2.7707819084580976,1.392187384544803,0.628383668076043,1.111059249169079,7.528858078837634,4.093788771777677,8.988512875060609,22.10113881831042,20.262185882376215,0.4554467272485353,2.458820399493659,998,3.2023197916666666,0.1783249509676084,0.8957915831663327,0.8046092184368737,0.1002004008016032,0.0811623246492986,3,1,6463.008604661219,10.809875902624638,1.0809875902624635,0.6463008604661219,1.0,-1.000088900581841e-12,3.16034,0.0,0.0,0.0,0.0,0.0,0.0,0.0,0.0,0.0,0.0,0.0,0.0,75.0,8.0,0.05244755244755245,49.0,18.0,0.0,8.0,26.0,0.3466666666666667,0.0,0.10666666666666667,18.0,81.0,15.0,1123.0,0.7853146853146853,15.68918918918919,1.0,0.0,0.0
subject_26_task_4,26,4,,4,144,1430.0,1440.0,0.9076092041185132,22.0,1.0909090909090908,eye,中,5.333333333333333,3,91.33333333333331,0.5773502691896257,91.0,92.0,10.714285714286168,12.171407396809526,3.241391445755882,3.667611685495468,14.129096882232508,11.73180214030396,0.8837880680157102,3.8523971711917393,14.094712791925998,7.290762637923204,4.1403871660879314,18.725260130847616,14.523181733931606,1.7608891017822188,4.522586748461083,6.640592550046675,2.496078833562736,3.694486888368261,8.156686180285053,5.988518427596746,0.6756225990194745,2.207799466271108,10.279957608731625,9.32096607481206,23.435085808725265,56.145479049345,30.989703309747444,0.3977355214693395,2.3957872186856313,998,3.156705882352941,0.199604870985523,0.8777555110220441,0.8196392785571143,0.0841683366733467,0.0861723446893787,3,1,6463.008604661219,10.809875902624638,1.0809875902624635,0.6463008604661219,1.0,-1.000088900581841e-12,3.16034,0.0,0.0,0.0,0.0,0.0,0.0,0.0,0.0,0.0,0.0,0.0,0.0,75.0,8.0,0.052083333333333336,49.0,18.0,0.0,8.0,26.0,0.3466666666666667,0.0,0.10666666666666667,18.0,91.0,15.0,1123.0,0.7798611111111111,15.68918918918919,1.0,0.0,0.0
subject_26_task_4,26,4,,4,145,1440.0,1450.0,0.9139120458137806,22.0,1.0984848484848484,eye,中,5.333333333333333,2,95.0,0.0,95.0,95.0,0.0,5.924091189643737,1.5828124576633302,1.690035131569576,6.3205546120658855,3.786379742574748,0.9365559496939772,3.7398953986215866,7.643135752152471,1.804165399993881,1.6949576971562974,3.448947211881809,1.7336698706710836,1.0644309312384646,2.0348279002291645,3.5905878551089905,1.290344652168484,2.034206409138384,3.165410338580343,1.3598715459417856,0.6343233638296455,1.5560910261417844,6.27822561362116,4.143637316244848,15.29891044092636,42.01675151772415,20.19648094126852,0.2708452560883118,2.746388488249756,998,3.2494121338912136,0.1896944570509654,0.9028056112224448,0.814629258517034,0.095190380761523,0.0811623246492986,3,1,6463.008604661219,10.809875902624638,1.0809875902624635,0.6463008604661219,1.0,-1.000088900581841e-12,3.16034,0.0,0.0,0.0,0.0,0.0,0.0,0.0,0.0,0.0,0.0,0.0,0.0,75.0,8.0,0.05172413793103448,49.0,18.0,0.0,8.0,26.0,0.3466666666666667,0.0,0.10666666666666667,18.0,101.0,15.0,1123.0,0.7744827586206896,15.68918918918919,1.0,0.0,0.0
subject_26_task_4,26,4,,4,146,1450.0,1460.0,0.920214887509048,22.0,1.106060606060606,eye,中,5.333333333333333,1,95.0,,95.0,95.0,,3.356126979836856,1.28013747539969,1.633670952178874,2.552634861011308,1.5260227740351433,0.7835956645322817,1.5625146897585376,3.8330616794460215,1.3791012058083627,1.5286567771894095,2.395911352707422,0.9727217793574056,0.9021653692230246,1.567331129171159,3.9037014702967943,1.4176136218091295,2.0039433341656325,2.4940171038915366,1.187128885536786,0.70741202989124,1.2445547044023342,5.558315121023337,6.381680629333367,16.23557074123355,28.68872669893838,18.44967401953781,0.3930678342662623,1.7670291458296257,998,3.0625415384615384,0.2119812766994811,0.9048096192384768,0.872745490981964,0.0671342685370741,0.0490981963927855,3,1,4136.3255069832385,6.918320577679866,0.6918320577679866,0.4136325506983238,1.0,-1.000088900581841e-12,3.16034,0.0,0.0,0.0,0.0,0.0,0.0,0.0,0.0,0.0,0.0,0.0,0.0,75.0,8.0,0.05136986301369863,49.0,18.0,0.0,8.0,26.0,0.3466666666666667,0.0,0.10666666666666667,18.0,111.0,15.0,1123.0,0.7691780821917809,15.68918918918919,1.0,0.0,0.0
subject_26_task_4,26,4,,4,147,1460.0,1470.0,0.9265177292043156,22.0,1.1136363636363635,eye,中,5.333333333333333,4,96.5,1.0,95.0,97.0,14.400000000000157,3.504055349994127,1.3694469659691433,1.3736317921452528,3.3266771692137502,2.0253182158696372,0.9969534585614288,2.4218114259122907,3.051470239012824,1.5281376969386595,1.1122020940333848,2.1026548381999643,1.1498616651667015,1.373974842464907,1.890533069016906,3.5580874749680222,1.7295182613678628,1.8852527732737243,2.411179414469479,1.1246994897465157,0.9173932991301584,1.2789687667625005,7.133096744203827,5.178216527415338,7.725748052163937,15.48306556853075,15.30510414881701,0.6702543873359875,2.0040862663381875,999,3.36760681114551,0.2444092540513903,0.931931931931932,0.8928928928928929,0.052052052052052,0.044044044044044,3,1,2101.6222010480788,4.194854692710736,0.4194854692710736,0.2101622201048078,1.0,-1.000088900581841e-12,3.1046,0.0,0.0,0.0,0.0,0.0,0.0,0.0,0.0,0.0,0.0,0.0,0.0,75.0,8.0,0.05102040816326531,49.0,18.0,0.0,8.0,26.0,0.3466666666666667,0.0,0.10666666666666667,18.0,121.0,15.0,1123.0,0.7639455782312925,15.68918918918919,1.0,0.0,0.0
subject_26_task_4,26,4,,4,148,1470.0,1480.0,0.9328205708995828,22.0,1.121212121212121,eye,中,5.333333333333333,1,92.0,,92.0,92.0,,4.727551745984048,1.8311354917699465,1.5688637828720968,3.1830131231369707,2.4699910079564957,1.167173027869706,2.0288651939621385,3.3787807128454523,1.7531634714488584,1.393435330421421,2.5131704540141446,1.3134120884193288,1.2581591934507956,1.8035788236071768,4.3733092892411,1.7184893983503984,2.0888715153530333,2.410256634856359,1.0387056385413698,0.8226879373478182,1.1538558581229967,8.899570489422748,7.749725781708278,9.129304663871247,20.62880678343502,16.267015089231958,0.8488845609871493,2.2596251897554103,998,3.1874215885947046,0.1449969716099859,0.9458917835671342,0.9038076152304608,0.0731462925851703,0.0210420841683366,6,1,1205.2265110483663,2.255142978349728,0.2255142978349728,0.1205226511048366,1.0,-1.000088900581841e-12,3.0161071762708027,0.0,0.0,0.0,0.0,0.0,0.0,0.0,0.0,0.0,0.0,0.0,0.0,75.0,8.0,0.05067567567567568,49.0,18.0,0.0,8.0,26.0,0.3466666666666667,0.0,0.10666666666666667,18.0,131.0,15.0,1123.0,0.7587837837837837,15.68918918918919,1.0,0.0,0.0
subject_26_task_4,26,4,,4,149,1480.0,1490.0,0.9391234125948504,22.0,1.128787878787879,eye,中,5.333333333333333,3,95.0,1.0,94.0,96.0,-12.558139534883423,10.663402932492176,2.9099013890097982,2.144347327744823,4.472602888154895,3.065697966552795,1.3570102899655236,2.0857641998037053,14.382258345117735,3.596154321205797,2.4991289649416557,3.5521368745832103,1.7443649219230688,1.4389630833996403,1.4213499680942387,4.560273057700434,1.9774957183595876,1.825858684889189,2.4828206857692705,1.1138304261392418,1.083049709556028,1.3598098836000292,9.613593024485777,5.656516950885538,8.004796560776644,17.912612652676774,15.81564429170863,0.7066409380848437,2.2377349026517734,998,3.0958474758324384,0.2630553487316118,0.5981963927855711,0.7875751503006012,0.1002004008016032,0.0891783567134268,3,1,2575.806977502445,4.657878801993572,0.4657878801993572,0.2575806977502445,1.0,-1.000088900581841e-12,2.97159,0.0,0.0,0.0,0.0,0.0,0.0,0.0,0.0,0.0,0.0,0.0,0.0,75.0,8.0,0.050335570469798654,49.0,18.0,0.0,8.0,26.0,0.3466666666666667,0.0,0.10666666666666667,18.0,141.0,15.0,1123.0,0.7536912751677852,15.68918918918919,1.0,0.0,0.0
subject_26_task_4,26,4,,4,150,1490.0,1500.0,0.9454262542901178,22.0,1.1363636363636365,eye,中,5.333333333333333,1,93.0,,93.0,93.0,,5.827074708718303,2.56006356873529,2.411378858015236,3.342142557577598,2.292923674362799,1.0616596227614077,1.3859881646007532,9.731333975551085,5.979347967277124,4.486031294821677,3.864386010030311,1.4435530938683667,1.3328814656686,0.8614264493631721,5.019703271433993,2.0775378492512324,2.31548228185243,2.328691748902374,1.1826962729819372,0.8972376362081952,1.0057048447977657,9.069904688356797,8.010433150506685,15.895203631062133,24.77194410571555,19.436499202434053,0.5039528486978824,1.5584540268050828,998,2.9828542553191486,0.2172240222914289,0.875751503006012,0.7635270541082164,0.1282565130260521,0.0871743486973948,3,1,2152.3443104010416,3.892123526945826,0.3892123526945826,0.2152344310401041,1.0,-1.000088900581841e-12,2.97159,0.0,0.0,0.0,0.0,0.0,0.0,0.0,0.0,0.0,0.0,0.0,0.0,75.0,8.0,0.05,49.0,18.0,0.0,8.0,26.0,0.3466666666666667,0.0,0.10666666666666667,18.0,151.0,15.0,1123.0,0.7486666666666667,15.68918918918919,1.0,0.0,0.0
subject_26_task_4,26,4,,4,151,1500.0,1510.0,0.9517290959853852,22.0,1.143939393939394,eye,中,5.333333333333333,2,92.5,0.7071067811865476,92.0,93.0,-30.0,7.997575608212303,2.9798794058845894,3.18219380850061,8.112685867579945,5.267753540137456,0.9364229789915444,2.5494003055088874,5.826089303084743,3.402569953338769,2.570846027050267,5.966767774814454,3.724544446348974,1.3235214857432769,2.3209354866190077,4.8186205733045195,2.032314323167155,2.322731336846055,3.931568078041861,2.0811424386190307,0.8749674535871007,1.6926486570678383,13.857616560606209,9.513698642115292,20.725710951701704,52.14932671056611,34.87730130733903,0.4590288200142133,2.5161658788011003,998,3.1093295454545453,0.146964170108772,0.9168336673346692,0.8346693386773547,0.0911823647294589,0.064128256513026,3,2,1947.618340522274,4.505420844019603,0.4505420844019602,0.1947618340522274,0.9498014419555076,0.1990994709059775,3.079132723522381,0.0,0.0,0.0,0.0,0.0,0.0,0.0,0.0,0.0,0.0,0.0,0.0,75.0,8.0,0.04966887417218543,49.0,18.0,0.0,8.0,26.0,0.3466666666666667,0.0,0.10666666666666667,18.0,161.0,15.0,1123.0,0.7437086092715232,15.68918918918919,1.0,0.0,0.0
subject_26_task_4,26,4,,4,152,1510.0,1520.0,0.9580319376806528,22.0,1.1515151515151516,eye,中,5.333333333333333,2,89.0,1.4142135623730951,88.0,90.0,23.99999999999983,4.4554161061915405,2.0126391292088717,2.3852974209132976,6.003726247135579,4.843043308818738,0.8437686267393271,2.5169717597886954,4.402337480490441,2.4774542235536,1.8615009537481,4.935201459500144,3.162616048279683,1.330890654965977,2.6511946983229855,3.497827465543206,2.038429619502001,2.095968094914686,3.819367359718898,1.9504693752786273,0.9725480194320292,1.8222449897904391,9.897081730427322,7.5947413614717805,28.534326873417317,45.11626990400962,33.73674246274249,0.266161574273794,1.5811226283399769,998,3.2310939112487103,0.1783188957128792,0.87374749498998,0.7454909819639278,0.1482965931863727,0.0861723446893787,3,2,3779.5814875262304,8.743296805782235,0.8743296805782235,0.377958148752623,0.9498014419555076,0.1990994709059775,3.079132723522381,0.0,0.0,0.0,0.0,0.0,0.0,0.0,0.0,0.0,0.0,0.0,0.0,75.0,8.0,0.049342105263157895,49.0,18.0,0.0,8.0,26.0,0.3466666666666667,0.0,0.10666666666666667,18.0,171.0,15.0,1123.0,0.7388157894736842,15.68918918918919,1.0,0.0,0.0
subject_26_task_4,26,4,,4,153,1520.0,1530.0,0.9643347793759202,22.0,1.1590909090909092,eye,中,5.333333333333333,2,89.5,0.7071067811865476,89.0,90.0,9.999999999999716,4.135170038047805,1.7520019867439842,1.9048429744719937,5.371300541781898,4.778104382418142,0.919761896504684,2.8198127686985734,3.318920697972981,2.1286371980208414,1.8192684537877928,3.305366440580334,2.377592342337724,1.1700511783123213,1.8168656932946996,3.4213317905868754,1.9441350009336769,2.0822509231732167,2.6160247145633653,1.2551744864816976,0.9336698950628582,1.256344605469888,5.819020953622008,5.501384735993205,15.291591548078625,23.51085454052694,20.288930442129324,0.3597653467721906,1.537502127663164,999,3.1375785219399535,0.2217761334425984,0.6926926926926927,0.7397397397397397,0.076076076076076,0.1691691691691691,3,2,3779.5814875262304,8.743296805782235,0.8743296805782235,0.377958148752623,0.9498014419555076,0.1990994709059775,3.079132723522381,0.0,0.0,0.0,0.0,0.0,0.0,0.0,0.0,0.0,0.0,0.0,0.0,75.0,8.0,0.049019607843137254,49.0,18.0,0.0,8.0,26.0,0.3466666666666667,0.0,0.10666666666666667,18.0,181.0,15.0,1123.0,0.7339869281045751,15.68918918918919,1.0,0.0,0.0
subject_26_task_4,26,4,,4,154,1530.0,1540.0,0.9706376210711876,22.0,1.1666666666666667,eye,中,5.333333333333333,2,92.5,0.7071067811865476,92.0,93.0,29.999999999999147,4.355642988095931,1.933230240187762,2.478681846460207,6.566249337518599,4.129068631543475,0.779942872841304,2.6490892112256463,4.042367728034862,2.0547263795347774,1.5244727368507258,4.265695073998281,1.9639093040095088,1.3478275667818476,2.798144545904052,4.089953688219609,2.06853123750119,3.0063171229946146,3.753896378117462,1.8748826969416263,0.6880615560080071,1.2486694598533166,12.47663993969902,9.84898149219194,19.553919527835657,49.849780208849495,32.98475416692886,0.5036832374282602,2.5493497678502086,998,3.0645342323651454,0.1588704412505625,0.9248496993987976,0.8547094188376754,0.0771543086172344,0.064128256513026,3,2,3779.5814875262304,8.743296805782235,0.8743296805782235,0.377958148752623,0.9498014419555076,0.1990994709059775,3.079132723522381,0.0,0.0,0.0,0.0,0.0,0.0,0.0,0.0,0.0,0.0,0.0,0.0,75.0,8.0,0.048701298701298704,49.0,18.0,0.0,8.0,26.0,0.3466666666666667,0.0,0.10666666666666667,18.0,191.0,15.0,1123.0,0.7292207792207792,15.68918918918919,1.0,0.0,0.0
subject_26_task_4,26,4,,4,155,1540.0,1550.0,0.9769404627664552,22.0,1.1742424242424243,eye,中,5.333333333333333,3,95.66666666666669,0.5773502691896257,95.0,96.0,9.069767441860622,5.453720612795146,1.923050287420684,2.7789259946506792,5.785808613467075,4.354833246828964,0.6920120547011609,2.0820304767397633,4.600330281360179,2.1462085696982345,2.5935323391827816,4.599954520211573,3.023153610928618,0.8275233500171052,1.7736252795910816,4.06047345073021,1.6114764637269945,2.382158998835574,3.560585815546295,2.2887560330771315,0.6764772899351815,1.4946885649894694,13.859358855433053,6.572759829782562,16.88954557995241,28.609886520170317,22.812644906892825,0.3891614370954012,1.6939405731631845,998,3.031702845100105,0.2357357997887114,0.8056112224448898,0.7685370741482966,0.1322645290581162,0.0761523046092184,3,2,3779.5814875262304,8.743296805782235,0.8743296805782235,0.377958148752623,0.9498014419555076,0.1990994709059775,3.079132723522381,0.0,0.0,0.0,0.0,0.0,0.0,0.0,0.0,0.0,0.0,0.0,0.0,75.0,8.0,0.04838709677419355,49.0,18.0,0.0,8.0,26.0,0.3466666666666667,0.0,0.10666666666666667,18.0,201.0,15.0,1123.0,0.724516129032258,15.68918918918919,1.0,0.0,0.0
subject_26_task_4,26,4,,4,156,1550.0,1560.0,0.9832433044617226,22.0,1.181818181818182,eye,中,5.333333333333333,1,101.0,,101.0,101.0,,4.653486306086665,1.9305779737564288,1.875846439976799,6.0644748868819125,5.37527980810994,1.0291769798493244,3.232927150986261,3.840062077847461,2.3346365909735196,1.7459214247762018,4.667781563912634,3.2554590446539016,1.337194536846228,2.673534729382776,4.096414627035308,1.558620860639537,2.053237226985876,3.515367712593492,1.7552225807578408,0.7591041308595261,1.7121098655287892,7.857711407192366,6.318906134233654,10.307128088283902,29.68789386841517,27.896090310094063,0.6130617646458033,2.880326470587026,998,2.9901793770139635,0.1988069335348919,0.814629258517034,0.7785571142284569,0.0991983967935871,0.1122244488977955,3,2,3779.5814875262304,8.743296805782235,0.8743296805782235,0.377958148752623,0.9498014419555076,0.1990994709059775,3.079132723522381,0.0,0.0,0.0,0.0,0.0,0.0,0.0,0.0,0.0,0.0,0.0,0.0,75.0,8.0,0.04807692307692308,49.0,18.0,0.0,8.0,26.0,0.3466666666666667,0.0,0.10666666666666667,18.0,211.0,15.0,1123.0,0.7198717948717949,15.68918918918919,1.0,0.0,0.0
subject_26_task_4,26,4,,4,157,1560.0,1570.0,0.98954614615699,22.0,1.1893939393939394,eye,中,5.333333333333333,2,101.5,3.5355339059327378,99.0,104.0,-75.00000000000043,3.192285697477008,1.7028498136709365,2.296226533674714,8.010084782107265,6.171543817044707,0.7415861582898006,3.488368706065123,4.160403384175779,2.3325920158455524,1.3494473318282434,5.8045173762692395,3.722787462784009,1.728553579549737,4.301403425953073,4.123142428493497,2.1303222531050614,1.8135455069548212,3.3394528121650016,1.9202256040585377,1.1746726205300189,1.8413945497140445,8.561236993029087,5.668342160370734,22.30228746965571,28.364779772275757,22.58850148692898,0.2541596761355995,1.2718327575531712,998,3.185521097046413,0.2616483137792924,0.8637274549098196,0.7655310621242485,0.1302605210420841,0.0911823647294589,3,2,3779.5814875262304,8.743296805782235,0.8743296805782235,0.377958148752623,0.9498014419555076,0.1990994709059775,3.079132723522381,0.0,0.0,0.0,0.0,0.0,0.0,0.0,0.0,0.0,0.0,0.0,0.0,75.0,8.0,0.04777070063694268,49.0,18.0,0.0,8.0,26.0,0.3466666666666667,0.0,0.10666666666666667,18.0,221.0,15.0,1123.0,0.7152866242038216,15.68918918918919,1.0,0.0,0.0
subject_26_task_4,26,4,,4,158,1570.0,1580.0,0.9958489878522576,22.0,1.196969696969697,eye,中,5.333333333333333,2,93.0,0.0,93.0,93.0,-4.263256414560601e-13,5.628722063457933,2.58314849327149,3.1417160009602125,8.714088884294878,7.987941888694307,0.8222094207375823,2.7736717391487846,5.492849305147185,4.018244335813292,3.24149542643975,6.826908521698578,4.269772846032862,1.2396267176679847,2.1060984587588374,4.169404183075334,2.683741845191107,2.900362606942669,3.714292517120666,2.114349346393646,0.9253125242916068,1.2806303971198891,6.922273061573453,5.955353378354677,24.910398421977135,35.818965218843616,24.627588128776807,0.2390709806191049,1.4379121767575755,999,3.472101101101101,0.1295038349831365,0.994994994994995,0.937937937937938,0.049049049049049,0.003003003003003,3,2,1311.892734320356,3.0347983212870164,0.3034798321287016,0.1311892734320356,0.9498014419555076,0.1990994709059775,3.079132723522381,0.0,0.0,0.0,0.0,0.0,0.0,0.0,0.0,0.0,0.0,0.0,0.0,75.0,8.0,0.04746835443037975,49.0,18.0,0.0,8.0,26.0,0.3466666666666667,0.0,0.10666666666666667,18.0,231.0,15.0,1123.0,0.7107594936708861,15.68918918918919,1.0,0.0,0.0
subject_26_task_4,26,4,,4,159,1576.5859375,1586.5859375,1.0,22.0,1.201959043560606,eye,中,5.333333333333333,2,96.5,0.7071067811865476,96.0,97.0,30.0,7.529859410871904,4.738370526096529,4.247889435748762,11.938509415830598,9.873061450524704,1.1154646555110517,2.810456721250852,8.818856554317021,8.962646184991833,7.877429950298649,10.340546013056736,6.206791837047749,1.1377627273793836,1.3126801606994558,5.451530596210209,3.728791137716603,3.611304829170963,4.935075750407476,2.8716096030178484,1.0325329248300017,1.3665630523747303,10.583090765872551,10.24960701763032,38.44653921934782,55.72072054014404,34.32172365305713,0.2665937487676996,1.4493039340223155,998,3.437746963562753,0.1397468935839122,0.9789579158316634,0.8907815631262525,0.0841683366733467,0.0130260521042084,3,1,330.5346489826375,0.6532305315862401,0.065323053158624,0.0330534648982637,1.0,-1.000088900581841e-12,3.3243100000000005,0.0,0.0,0.0,0.0,0.0,0.0,0.0,0.0,0.0,0.0,0.0,0.0,75.0,8.0,0.047271312714505895,49.0,18.0,0.0,8.0,26.0,0.3466666666666667,0.0,0.10666666666666667,18.0,237.5859375,15.0,1123.0,0.7078091223785349,15.68918918918919,1.0,0.0,0.0
