sample_id,subject,task,repeat_id,label_task,window_id,window_start_sec,window_end_sec,progress_end_ratio,task_required_time_min,elapsed_required_ratio,anchor_source,task_difficulty,nasa_tlx_weighted_task_label,hr_n,hr_mean,hr_std,hr_min,hr_max,hr_slope_bpm_per_min,eeg_frontal_delta_power,eeg_frontal_theta_power,eeg_frontal_alpha_power,eeg_frontal_beta_power,eeg_frontal_gamma_power,eeg_frontal_theta_alpha,eeg_frontal_beta_alpha,eeg_central_delta_power,eeg_central_theta_power,eeg_central_alpha_power,eeg_central_beta_power,eeg_central_gamma_power,eeg_central_theta_alpha,eeg_central_beta_alpha,eeg_parietal_delta_power,eeg_parietal_theta_power,eeg_parietal_alpha_power,eeg_parietal_beta_power,eeg_parietal_gamma_power,eeg_parietal_theta_alpha,eeg_parietal_beta_alpha,eeg_occipital_delta_power,eeg_occipital_theta_power,eeg_occipital_alpha_power,eeg_occipital_beta_power,eeg_occipital_gamma_power,eeg_occipital_theta_alpha,eeg_occipital_beta_alpha,eye_n,eye_pupil_filtered_mean,eye_pupil_filtered_std,eye_valid_ratio,eye_fixation_ratio,eye_saccade_ratio,eye_eyes_not_found_ratio,eye_aoi_interval_n,eye_aoi_unique_hit_n,eye_aoi_total_fix_ms,eye_aoi_fixation_n,eye_aoi_fixation_density_per_sec,eye_aoi_coverage_ratio,eye_aoi_max_share,eye_aoi_entropy,eye_aoi_pupil_weighted_mean,log_action_count_win,log_unique_device_count_win,log_action_density_win,log_correct_action_count_win,log_error_action_count_win,log_duplicate_action_count_win,log_extra_action_count_win,log_disallowed_action_count_win,log_error_rate_win,log_duplicate_rate_win,log_extra_rate_win,log_unique_step_count_win,log_action_count_cum,log_unique_device_count_cum,log_action_density_cum,log_correct_action_count_cum,log_error_action_count_cum,log_duplicate_action_count_cum,log_extra_action_count_cum,log_disallowed_action_count_cum,log_error_rate_cum,log_duplicate_rate_cum,log_extra_rate_cum,log_unique_step_count_cum,log_time_since_last_action_sec,log_cum_gap_count,log_cum_idle_gap_total_sec,log_cum_idle_ratio,log_cum_mean_inter_action_sec,log_action_type_diversity_cum,log_recent_60s_action_count,log_recent_60s_action_density
subject_11_task_1,11,1,,1,1,0.0,10.0,0.0083645916380222,30.0,0.0055555555555555,eye,中,5.666666666666667,0,,,,,,12.898287857110851,3.1987392794450913,2.533966927090751,10.731316640906044,8.398365450900544,1.262344525986993,4.23498686039548,21.720161263636513,5.563379762028178,3.2734714645512626,7.950156597138843,5.177162769964664,1.6995351333514137,2.42866225755497,17.45653432431495,6.4423644956445685,6.247313656098374,17.63746318382332,10.063428793475923,1.0312215538203038,2.8232075664403924,20.113014935133556,10.455866204420085,12.6414940313313,34.339755176625765,28.505023229219784,0.8271068418420918,2.7164317043156787,984,3.0350971074380166,0.1160857868067967,0.823170731707317,0.8739837398373984,0.0995934959349593,0.0213414634146341,0,0,0.0,0.0,,,,,,0.0,0.0,0.0,0.0,0.0,0.0,0.0,0.0,0.0,0.0,0.0,0.0,0.0,0.0,0.0,0.0,0.0,0.0,0.0,0.0,0.0,0.0,0.0,0.0,,0.0,0.0,0.0,,0.0,0.0,0.0
subject_11_task_1,11,1,,1,2,10.0,20.0,0.0167291832760445,30.0,0.0111111111111111,eye,中,5.666666666666667,0,,,,,,7.142957722087995,3.100722034557437,2.02539910223079,10.0880434665277,6.055714457782466,1.5309190327685436,4.9807682127520705,11.66981965132758,5.43359722101257,3.260948636990093,5.942609413815609,2.5951189974957276,1.6662627431101968,1.8223560305140931,15.416678282713294,7.543900304442589,5.177551027443121,9.26776320802828,4.307766079520553,1.4570402617872538,1.7899897381803436,9.94418974821533,8.432515730442077,7.682052385988541,20.978196058747216,15.974813264951116,1.0976904747255205,2.7308061706282807,998,3.1106416490486257,0.125073707449916,0.939879759519038,0.8807615230460922,0.0671342685370741,0.0521042084168336,0,0,0.0,0.0,,,,,,0.0,0.0,0.0,0.0,0.0,0.0,0.0,0.0,0.0,0.0,0.0,0.0,0.0,0.0,0.0,0.0,0.0,0.0,0.0,0.0,0.0,0.0,0.0,0.0,,0.0,0.0,0.0,,0.0,0.0,0.0
subject_11_task_1,11,1,,1,3,20.0,30.0,0.0250937749140668,30.0,0.0166666666666666,eye,中,5.666666666666667,1,90.0,,90.0,90.0,,6.410695440958344,2.992448691154954,1.995935838891422,6.498215805533913,4.567612602852133,1.4992709849916883,3.2557237957825023,9.448671408505392,5.070048656026049,2.919793067689844,5.781525484057377,2.6295330630490006,1.7364410896548568,1.980114806091978,11.536990623429787,7.623483442425694,5.6216768345267445,9.693643617222817,4.885319139905365,1.3560871012016238,1.724333130941858,14.970108005898831,9.53049027172373,10.32237500701209,29.94469255432871,25.053823458518327,0.9232846380072004,2.9009498815909125,998,3.0035751503006014,0.0856049208348496,0.9919839679358716,0.9148296593186372,0.0781563126252505,0.0060120240480961,3,3,702.6860516801988,0.9309695963966096,0.0930969596396609,0.0702686051680198,0.5640820026497454,0.7720474563915315,2.986012458336239,1.0,1.0,0.1,1.0,0.0,0.0,0.0,0.0,0.0,0.0,0.0,1.0,1.0,1.0,0.03333333333333333,1.0,0.0,0.0,0.0,0.0,0.0,0.0,0.0,1.0,10.0,0.0,0.0,0.0,,1.0,1.0,0.03333333333333333
subject_11_task_1,11,1,,1,4,30.0,40.0,0.0334583665520891,30.0,0.0222222222222222,eye,中,5.666666666666667,2,85.5,4.949747468305833,82.0,89.0,-46.666666666666714,7.4044308633388916,2.5795013791409085,1.666275308365586,5.374352251054082,2.9983021074295686,1.548064336181688,3.2253687155249695,10.57681454051684,4.807768340002364,2.8507341112944133,4.821631005326277,2.0833728208256725,1.6865018455963028,1.691364686107801,16.06722393876129,6.403239975992639,3.890422434263395,6.999478597990235,2.509162925676955,1.6458983784379229,1.7991564454145204,17.223421094668776,9.044829916017305,10.89297068408564,29.622470951402715,23.81057071853564,0.8303363864947858,2.719411610524245,998,3.032467005076142,0.1347104587657507,0.9739478957915833,0.906813627254509,0.0681362725450901,0.0180360721442885,3,3,2124.844426006045,2.815148462039945,0.2815148462039945,0.2124844426006045,0.5640820026497455,0.7720474563915314,2.9860124583362384,1.0,1.0,0.1,1.0,0.0,0.0,0.0,0.0,0.0,0.0,0.0,1.0,2.0,2.0,0.05,2.0,0.0,0.0,0.0,0.0,0.0,0.0,0.0,2.0,4.0,1.0,16.0,0.4,16.0,1.0,2.0,0.05
subject_11_task_1,11,1,,1,5,40.0,50.0,0.0418229581901114,30.0,0.0277777777777777,eye,中,5.666666666666667,2,82.0,1.4142135623730951,81.0,83.0,19.999999999999716,7.210726176520118,2.728983793853582,2.415345656630556,6.361554560502839,3.777548690599847,1.129852278642617,2.633807108742069,9.750956274580012,6.70805434410481,3.150580886248689,5.244950238510447,1.9965777643669969,2.1291484289082665,1.664756572796792,13.712667608857853,5.943077324448911,5.284068306945019,8.318814382231954,2.829661600231012,1.1247162184935675,1.5743199934221652,8.451530360666785,11.01065865342512,8.091842892398953,26.160481864542692,23.533430594236908,1.3607108788243958,3.2329448572359776,998,2.955129763130793,0.1392204276464755,0.940881763527054,0.8657314629258517,0.0751503006012024,0.0370741482965931,3,3,2124.844426006045,2.815148462039945,0.2815148462039945,0.2124844426006045,0.5640820026497455,0.7720474563915314,2.9860124583362384,0.0,0.0,0.0,0.0,0.0,0.0,0.0,0.0,0.0,0.0,0.0,0.0,2.0,2.0,0.04,2.0,0.0,0.0,0.0,0.0,0.0,0.0,0.0,2.0,14.0,1.0,16.0,0.32,16.0,1.0,2.0,0.04
subject_11_task_1,11,1,,1,6,50.0,60.0,0.0501875498281337,30.0,0.0333333333333333,eye,中,5.666666666666667,2,84.5,0.7071067811865476,84.0,85.0,19.999999999999716,7.184573978040849,2.7919107331832063,1.6235514336265129,6.906880161959105,4.785328900137205,1.7196318363299026,4.254180076408954,9.71965774176356,5.23745672837208,2.398365621953396,4.4909682011473775,1.8545216244995872,2.1837607579224434,1.8725119139631512,12.618183060576747,6.240307823284317,3.943177893732853,6.220950417789061,2.0887649847191647,1.5825580259015049,1.577648938354118,16.064705251566163,8.460201343738513,5.576494598600522,21.67252180297652,20.111621237284897,1.5171181813502852,3.8864059526598407,999,2.9779499499499495,0.093076592124446,0.970970970970971,0.9369369369369368,0.042042042042042,0.02002002002002,3,3,2124.844426006045,2.815148462039945,0.2815148462039945,0.2124844426006045,0.5640820026497455,0.7720474563915314,2.9860124583362384,2.0,1.0,0.2,0.0,0.0,0.0,2.0,2.0,1.0,0.0,1.0,0.0,4.0,3.0,0.06666666666666667,2.0,0.0,0.0,2.0,2.0,0.5,0.0,0.5,2.0,9.0,2.0,31.0,0.5166666666666667,10.333333333333334,1.0,4.0,0.06666666666666667
subject_11_task_1,11,1,,1,7,60.0,70.0,0.058552141466156,30.0,0.0388888888888888,eye,中,5.666666666666667,2,84.0,0.0,84.0,84.0,0.0,7.348359777245147,2.298057963282682,1.6459408880145032,5.708734075680382,3.9696829535736335,1.396197141718028,3.4683712624496628,8.586800269987931,4.492199344104246,3.230114579991374,4.729316894400551,1.7707201747776748,1.3907244566278645,1.4641328588452676,15.442778961010111,6.581932916607118,3.9900243858131894,6.583893378597012,1.9083690653750325,1.6495971653731345,1.6500885062273063,10.43976035863902,6.926256296402758,7.925227534824838,21.11275842189445,19.170698027513595,0.8739504658973606,2.663993977349078,998,3.006983967935872,0.0800910323561796,0.9869739478957916,0.9519038076152304,0.0350701402805611,0.0130260521042084,3,3,2124.844426006045,2.815148462039945,0.2815148462039945,0.2124844426006045,0.5640820026497455,0.7720474563915314,2.9860124583362384,0.0,0.0,0.0,0.0,0.0,0.0,0.0,0.0,0.0,0.0,0.0,0.0,4.0,3.0,0.05714285714285714,2.0,0.0,0.0,2.0,2.0,0.5,0.0,0.5,2.0,19.0,2.0,31.0,0.44285714285714284,10.333333333333334,1.0,4.0,0.06666666666666667
subject_11_task_1,11,1,,1,8,70.0,80.0,0.0669167331041783,30.0,0.0444444444444444,eye,中,5.666666666666667,2,85.0,0.0,85.0,85.0,-2.131628207280301e-13,9.12521055219319,3.147159867199002,1.6207793543868665,5.17546405156117,3.411853936990981,1.941757129791155,3.1931947044815523,15.873381784218672,5.757234724818171,3.5109409418683213,4.583360871429396,1.9972578768900917,1.6397982250748149,1.3054508598456784,14.05844099838096,5.74317277236766,4.26818185064667,6.483626717778218,2.2610767637491147,1.3455782750909535,1.5190605613010344,17.12936945207328,9.286321183283023,6.441055268753267,21.400241928389175,20.705614096748583,1.4417390933334573,3.322474506965597,998,2.9751581632653057,0.0680035485817302,0.9739478957915833,0.9559118236472944,0.0200400801603206,0.0240480961923847,3,3,2124.844426006045,2.815148462039945,0.2815148462039945,0.2124844426006045,0.5640820026497455,0.7720474563915314,2.9860124583362384,0.0,0.0,0.0,0.0,0.0,0.0,0.0,0.0,0.0,0.0,0.0,0.0,4.0,3.0,0.05,2.0,0.0,0.0,2.0,2.0,0.5,0.0,0.5,2.0,29.0,2.0,31.0,0.3875,10.333333333333334,1.0,4.0,0.06666666666666667
subject_11_task_1,11,1,,1,9,80.0,90.0,0.0752813247422006,30.0,0.05,eye,中,5.666666666666667,2,87.5,3.5355339059327378,85.0,90.0,33.33333333333324,11.98168310608579,3.406685836859987,2.082953860234701,10.260593862081851,7.051337098821647,1.6355071045482168,4.925982307128837,20.65566900049624,6.016671127077295,3.0719463388712724,7.390638725432688,3.654455443088125,1.9585860113975837,2.4058489016928064,21.215406884301807,8.14622831588299,6.037787445408801,13.809287387620582,5.605578311136987,1.3492075349683716,2.2871436784548145,26.532874778510394,9.960282858294264,11.937856518857435,35.5793793595705,29.930829712833127,0.8343443266017372,2.980382558909812,998,3.0043245436105477,0.0848824337506658,0.9749498997995992,0.9308617234468938,0.0460921843687374,0.0200400801603206,3,3,2124.844426006045,2.815148462039945,0.2815148462039945,0.2124844426006045,0.5640820026497455,0.7720474563915314,2.9860124583362384,0.0,0.0,0.0,0.0,0.0,0.0,0.0,0.0,0.0,0.0,0.0,0.0,4.0,3.0,0.044444444444444446,2.0,0.0,0.0,2.0,2.0,0.5,0.0,0.5,2.0,39.0,2.0,31.0,0.34444444444444444,10.333333333333334,1.0,3.0,0.05
subject_11_task_1,11,1,,1,10,90.0,100.0,0.0836459163802229,30.0,0.0555555555555555,eye,中,5.666666666666667,2,92.5,3.5355339059327378,90.0,95.0,37.49999999999989,11.080839158112052,3.0629671200878974,1.8845229514986148,8.515978887455699,6.526286478473251,1.6253275756881376,4.518904309806151,21.187902346218493,5.398377437762373,2.7860578000588645,5.545784581416918,2.469638233194097,1.9376401443101128,1.9905490048698005,16.762337126605285,6.567097966222134,4.177875208657664,6.628382777508829,2.1306101741330985,1.57187508918729,1.5865439838349085,26.855293870216915,7.6592113676106495,9.613071012945612,23.222313167189736,21.286252555167383,0.7967496918826706,2.4157018226451252,998,3.044309183673469,0.1206977641594145,0.9659318637274548,0.9268537074148296,0.0480961923847695,0.0250501002004008,3,3,2124.844426006045,2.815148462039945,0.2815148462039945,0.2124844426006045,0.5640820026497455,0.7720474563915314,2.9860124583362384,0.0,0.0,0.0,0.0,0.0,0.0,0.0,0.0,0.0,0.0,0.0,0.0,4.0,3.0,0.04,2.0,0.0,0.0,2.0,2.0,0.5,0.0,0.5,2.0,49.0,2.0,31.0,0.31,10.333333333333334,1.0,2.0,0.03333333333333333
subject_11_task_1,11,1,,1,11,100.0,110.0,0.0920105080182452,30.0,0.0611111111111111,eye,中,5.666666666666667,2,91.5,4.949747468305833,88.0,95.0,-70.0,10.533296301189797,3.37256402149501,2.21115302320283,8.534472616275115,6.676367087506743,1.52525129925648,3.859738573820201,13.954622925912425,6.329171635448851,3.340419607077726,5.952488904106073,2.575303685128217,1.8947235317498787,1.7819584376447375,16.9039963880871,6.580314318628929,3.810172397490474,7.022361410307781,2.008216965373716,1.7270384728425876,1.8430560819066817,14.212069159730428,9.513195998339391,8.808505141445728,21.33945743998336,20.62041408628012,1.0800011858513832,2.4225969216475867,999,3.0624344344344347,0.1068310685609537,0.987987987987988,0.941941941941942,0.052052052052052,0.006006006006006,3,3,2124.844426006045,2.815148462039945,0.2815148462039945,0.2124844426006045,0.5640820026497455,0.7720474563915314,2.9860124583362384,0.0,0.0,0.0,0.0,0.0,0.0,0.0,0.0,0.0,0.0,0.0,0.0,4.0,3.0,0.03636363636363636,2.0,0.0,0.0,2.0,2.0,0.5,0.0,0.5,2.0,59.0,2.0,31.0,0.2818181818181818,10.333333333333334,1.0,2.0,0.03333333333333333
subject_11_task_1,11,1,,1,12,110.0,120.0,0.1003750996562675,30.0,0.0666666666666666,eye,中,5.666666666666667,2,85.5,0.7071067811865476,85.0,86.0,19.999999999999577,16.480857513703768,2.957899569593286,1.7486551381783677,7.625686611771595,5.343766891362131,1.6915282522056514,4.360886515173899,21.04263207586205,5.968502404135374,3.120648690169625,9.694428258371437,6.688740582677674,1.9125838877464136,3.1065426521447015,30.643818819923094,5.268283603271828,3.881636198375251,6.887194218151253,2.57079473910325,1.357232706526436,1.7743018320557826,100.50549319105949,10.042772031627718,6.940069574352608,19.04094242580393,16.916133889697193,1.4470708000884185,2.743624141200361,998,3.021302724520686,0.0655534725262228,0.9679358717434868,0.8967935871743486,0.0841683366733467,0.0180360721442885,3,3,2124.844426006045,2.815148462039945,0.2815148462039945,0.2124844426006045,0.5640820026497455,0.7720474563915314,2.9860124583362384,4.0,1.0,0.4,0.0,0.0,0.0,4.0,4.0,1.0,0.0,1.0,0.0,8.0,3.0,0.06666666666666667,2.0,0.0,0.0,6.0,6.0,0.75,0.0,0.75,2.0,5.0,3.0,90.0,0.75,13.571428571428571,1.0,4.0,0.06666666666666667
subject_11_task_1,11,1,,1,13,120.0,130.0,0.1087396912942898,30.0,0.0722222222222222,eye,中,5.666666666666667,1,85.0,,85.0,85.0,,9.26876171620608,2.87045071043119,2.159862900266553,7.6294400619261795,4.658184970735077,1.328996720151516,3.5323723839066896,14.651262612231456,6.109269413881346,3.1570950750949316,6.4051935752684415,3.7234645292535538,1.9350919970940832,2.0288250505334693,15.02385167720018,6.6410266924356165,5.10124042812336,7.5809975328810815,2.226775258942758,1.3018454601401157,1.4861086513559945,18.5886068867518,8.112990985717653,6.5302835156315195,15.062121607379742,11.226835750627586,1.2423642811675193,2.306503472831706,998,2.9332285136501515,0.0755935645403365,0.9819639278557114,0.9579158316633266,0.0270541082164328,0.0150300601202404,3,3,2124.844426006045,2.815148462039945,0.2815148462039945,0.2124844426006045,0.5640820026497455,0.7720474563915314,2.9860124583362384,0.0,0.0,0.0,0.0,0.0,0.0,0.0,0.0,0.0,0.0,0.0,0.0,8.0,3.0,0.06153846153846154,2.0,0.0,0.0,6.0,6.0,0.75,0.0,0.75,2.0,15.0,3.0,90.0,0.6923076923076923,13.571428571428571,1.0,4.0,0.06666666666666667
subject_11_task_1,11,1,,1,14,130.0,140.0,0.1171042829323121,30.0,0.0777777777777777,eye,中,5.666666666666667,3,85.0,1.0,84.0,86.0,14.516129032258018,7.991180637709402,3.561537151848169,1.5649763945779736,5.291145396715647,3.5518397321933315,2.2757769153499643,3.3809745725541807,9.771985827427622,6.1624413984468545,2.736522006584058,4.313627275450119,1.480321635153831,2.2519246633573755,1.5763174076698647,15.555243710880037,6.870305183489473,3.611370120885401,5.993891003671725,1.6204863759593915,1.902409598993159,1.6597276942088115,14.864850629576702,9.809176147273677,5.367919193914843,12.999455564041122,9.962931550659569,1.827370307361093,2.4216936012705834,998,3.0597685370741488,0.0867643688339955,0.9759519038076152,0.9218436873747496,0.064128256513026,0.0140280561122244,3,3,2124.844426006045,2.815148462039945,0.2815148462039945,0.2124844426006045,0.5640820026497455,0.7720474563915314,2.9860124583362384,2.0,1.0,0.2,2.0,0.0,0.0,0.0,0.0,0.0,0.0,0.0,1.0,10.0,4.0,0.07142857142857142,4.0,0.0,0.0,6.0,6.0,0.6,0.0,0.6,3.0,5.0,4.0,107.0,0.7642857142857142,12.777777777777779,1.0,6.0,0.1
subject_11_task_1,11,1,,1,15,140.0,150.0,0.1254688745703344,30.0,0.0833333333333333,eye,中,5.666666666666667,2,87.5,2.1213203435596424,86.0,89.0,-22.500000000000107,13.156283610342149,2.183126294752584,1.471580960643498,7.714530220385718,4.020039538715889,1.4835244224673434,5.242341690131871,22.470166242390988,4.9294676520840675,3.131725827749129,5.208330278944754,1.7039815253395094,1.574041893580139,1.6630862870547471,38.09108452841216,5.264442427647625,3.3960126039658594,7.359713978338714,1.7643676094368057,1.5501834184890289,2.1671633284705862,54.19230002140167,7.1783556037033245,3.662760978915264,7.624587360505427,2.841744980987062,1.9598209233487065,2.0816502644853085,998,2.956475708502024,0.0670712426278462,0.9799599198396792,0.966933867735471,0.0170340681362725,0.0160320641282565,3,3,2124.844426006045,2.815148462039945,0.2815148462039945,0.2124844426006045,0.5640820026497455,0.7720474563915314,2.9860124583362384,0.0,0.0,0.0,0.0,0.0,0.0,0.0,0.0,0.0,0.0,0.0,0.0,10.0,4.0,0.06666666666666667,4.0,0.0,0.0,6.0,6.0,0.6,0.0,0.6,3.0,15.0,4.0,107.0,0.7133333333333334,12.777777777777779,1.0,6.0,0.1
subject_11_task_1,11,1,,1,16,150.0,160.0,0.1338334662083567,30.0,0.0888888888888888,eye,中,5.666666666666667,1,89.0,,89.0,89.0,,6.505312830245072,2.7221196514106274,1.8960978901937575,7.023399186279048,4.027189618940561,1.435642993691882,3.704133221498044,8.548915936379926,5.711242597238413,3.3132222957896844,5.656667084173516,2.0487518690979623,1.7237728372454937,1.707300802412742,13.127411318886056,6.822764279160349,4.334873822652983,8.685134076820052,3.189612678036346,1.5739245381275606,2.003549453142945,23.682836147198874,10.017374646654224,8.172420533278576,18.689814492538893,14.163540889253424,1.225753692662154,2.2869374399460813,999,2.939079429735234,0.1044465136543927,0.9169169169169168,0.8938938938938938,0.067067067067067,0.036036036036036,3,3,2124.844426006045,2.815148462039945,0.2815148462039945,0.2124844426006045,0.5640820026497455,0.7720474563915314,2.9860124583362384,0.0,0.0,0.0,0.0,0.0,0.0,0.0,0.0,0.0,0.0,0.0,0.0,10.0,4.0,0.0625,4.0,0.0,0.0,6.0,6.0,0.6,0.0,0.6,3.0,25.0,4.0,107.0,0.66875,12.777777777777779,1.0,6.0,0.1
subject_11_task_1,11,1,,1,17,160.0,170.0,0.142198057846379,30.0,0.0944444444444444,eye,中,5.666666666666667,2,90.0,2.8284271247461903,88.0,92.0,47.99999999999983,7.28317605484366,2.34840469996377,1.84894556111018,7.0948536890781515,4.634729165977719,1.270131879141804,3.837243149991999,8.999692961509236,4.26721978479859,3.678511976142079,5.631059068002089,2.3100885905858863,1.1600396607309489,1.5307980793657183,12.708408831916705,4.708490823410663,4.142403231383282,7.70150723824287,2.6076093551426673,1.1366568053391426,1.8591882074384845,15.413308748984456,7.32399145656457,11.782084076118636,19.515817025825783,16.21773442546581,0.6216210484705103,1.6563977051719418,998,2.896910509885536,0.1262649921125299,0.9579158316633266,0.9208416833667334,0.0420841683366733,0.0370741482965931,3,3,356.33641024121215,0.4721003970840967,0.0472100397084096,0.0356336410241212,0.5640820026497455,0.7720474563915314,2.9860124583362384,0.0,0.0,0.0,0.0,0.0,0.0,0.0,0.0,0.0,0.0,0.0,0.0,10.0,4.0,0.058823529411764705,4.0,0.0,0.0,6.0,6.0,0.6,0.0,0.6,3.0,35.0,4.0,107.0,0.6294117647058823,12.777777777777779,1.0,6.0,0.1
subject_11_task_1,11,1,,1,18,170.0,180.0,0.1505626494844013,30.0,0.1,eye,中,5.666666666666667,2,91.5,0.7071067811865476,91.0,92.0,-20.00000000000057,11.054284885042312,2.693950839111918,1.8374483589784332,12.02521791527745,7.498513849418643,1.4661368990036132,6.544520207339658,9.933159013624746,4.527436456258002,2.7742691857861055,4.975060649589685,2.05424542982295,1.6319384144315203,1.7932869222205532,17.641796097466628,5.694459477523733,4.114162499519905,6.608591096773106,1.7231837885509615,1.3841114633144018,1.606302886078098,18.27468942167101,9.813138590907029,7.902031433927967,18.57933419942259,12.468042954752615,1.2418501081599824,2.3512098572084663,998,2.874762694300518,0.1230181591737949,0.9488977955911824,0.8947895791583166,0.0601202404809619,0.0420841683366733,3,3,679.4827586206892,1.2360224811193716,0.1236022481119371,0.0679482758620689,0.8516856657773466,0.4997138460023225,2.9568706487994176,0.0,0.0,0.0,0.0,0.0,0.0,0.0,0.0,0.0,0.0,0.0,0.0,10.0,4.0,0.05555555555555555,4.0,0.0,0.0,6.0,6.0,0.6,0.0,0.6,3.0,45.0,4.0,107.0,0.5944444444444444,12.777777777777779,1.0,2.0,0.03333333333333333
subject_11_task_1,11,1,,1,19,180.0,190.0,0.1589272411224236,30.0,0.1055555555555555,eye,中,5.666666666666667,3,87.66666666666667,1.1547005383792517,87.0,89.0,-16.153846153846672,6.9814631718359665,2.7377824361101637,2.0867640221902755,11.448442338412056,8.349786706659462,1.3119750997223811,5.486217999098781,7.743542058859151,4.7084004310702126,3.548935145942877,5.825859611712866,1.9697940727977492,1.3267079384228335,1.641579620966857,11.863145654011634,5.044545921481811,4.851562297432145,8.56781440753773,2.363211457782202,1.0397776246533637,1.7659908050799509,12.897601429129091,7.643073230307439,5.198686256118818,16.003590200703567,11.168786003279976,1.4701932091615637,3.0783912342983673,998,2.9769178356713426,0.0749643797895824,0.9769539078156312,0.9529058116232464,0.033066132264529,0.0120240480961923,3,3,2413.793103448276,4.3908436274222815,0.4390843627422282,0.2413793103448275,0.8516856657773466,0.4997138460023225,2.9568706487994176,0.0,0.0,0.0,0.0,0.0,0.0,0.0,0.0,0.0,0.0,0.0,0.0,10.0,4.0,0.05263157894736842,4.0,0.0,0.0,6.0,6.0,0.6,0.0,0.6,3.0,55.0,4.0,107.0,0.5631578947368421,12.777777777777779,1.0,2.0,0.03333333333333333
subject_11_task_1,11,1,,1,20,190.0,200.0,0.1672918327604459,30.0,0.1111111111111111,eye,中,5.666666666666667,2,88.0,1.4142135623730951,87.0,89.0,23.999999999999744,6.374974611641915,2.592333064248052,1.703233899540031,12.28318283310168,7.796698318826815,1.5220064989007842,7.211682926472302,8.079303311698459,4.4793247420854385,4.68217670236051,4.904479208325944,1.7616088844597833,0.9566757144870666,1.0474784528856762,12.309687434411488,5.264348654565213,4.2361825095190575,6.72973443391186,1.5888026689723511,1.2427105401468843,1.5886318445415375,8.947172613397116,7.729082458763539,4.9233208219185585,13.777091834711422,8.90184823750966,1.5698920989170089,2.798333144038876,998,2.956092037228542,0.1537815557298677,0.8847695390781564,0.875751503006012,0.0771543086172344,0.0370741482965931,3,3,2413.793103448276,4.3908436274222815,0.4390843627422282,0.2413793103448275,0.8516856657773466,0.4997138460023225,2.9568706487994176,0.0,0.0,0.0,0.0,0.0,0.0,0.0,0.0,0.0,0.0,0.0,0.0,10.0,4.0,0.05,4.0,0.0,0.0,6.0,6.0,0.6,0.0,0.6,3.0,65.0,4.0,107.0,0.535,12.777777777777779,1.0,0.0,0.0
subject_11_task_1,11,1,,1,21,200.0,210.0,0.1756564243984682,30.0,0.1166666666666666,eye,中,5.666666666666667,2,90.0,0.0,90.0,90.0,-4.263256414560601e-13,7.393166774063938,2.5654070366164348,1.8025391429389832,7.037142431525188,4.468615869361609,1.423218489687619,3.9040164309837673,11.495407372872256,4.659555453425209,2.9018019394126138,4.883914610096709,2.013949330279357,1.6057455163078431,1.6830627010626773,12.053003034422629,5.002647554805261,3.7776552556343193,7.039173686859463,1.7128957396983684,1.324273184363206,1.863371115286562,14.53696801694298,8.998897657113522,11.286106126635357,22.302382259287825,18.080754595009424,0.7973429946645645,1.9760918432845425,999,2.923903426791277,0.096719572451007,0.944944944944945,0.8998998998998999,0.056056056056056,0.043043043043043,3,3,2413.793103448276,4.3908436274222815,0.4390843627422282,0.2413793103448275,0.8516856657773466,0.4997138460023225,2.9568706487994176,0.0,0.0,0.0,0.0,0.0,0.0,0.0,0.0,0.0,0.0,0.0,0.0,10.0,4.0,0.047619047619047616,4.0,0.0,0.0,6.0,6.0,0.6,0.0,0.6,3.0,75.0,4.0,107.0,0.5095238095238095,12.777777777777779,1.0,0.0,0.0
subject_11_task_1,11,1,,1,22,210.0,220.0,0.1840210160364905,30.0,0.1222222222222222,eye,中,5.666666666666667,1,91.0,,91.0,91.0,,6.337050933947629,2.4232448963050626,2.829875046749715,7.848120753407047,4.679498326914734,0.8563080900297375,2.7733099955848206,8.272961781576521,4.485805396753805,5.068805596270217,6.378201482001329,2.1758332317448255,0.884982726513441,1.2583243450280686,10.088050180923206,5.010978885550305,7.414422081221742,7.731356561356761,1.7612475884076286,0.6758421399074976,1.0427456754772173,12.627449302471826,8.655951168581373,8.919867034487742,22.63192194293843,18.566375019674215,0.9704125784738756,2.537248801516261,998,2.9862734042553187,0.135732669410773,0.9198396793587176,0.8557114228456913,0.0611222444889779,0.0581162324649298,3,3,325.1379310344848,0.5914466366137852,0.0591446636613785,0.0325137931034484,0.8516856657773467,0.4997138460023224,2.9568706487994185,0.0,0.0,0.0,0.0,0.0,0.0,0.0,0.0,0.0,0.0,0.0,0.0,10.0,4.0,0.045454545454545456,4.0,0.0,0.0,6.0,6.0,0.6,0.0,0.6,3.0,85.0,4.0,107.0,0.4863636363636364,12.777777777777779,1.0,0.0,0.0
subject_11_task_1,11,1,,1,23,220.0,230.0,0.1923856076745128,30.0,0.1277777777777777,eye,中,5.666666666666667,3,84.66666666666667,0.5773502691896257,84.0,85.0,7.959183673469407,7.714834391006382,3.0052241219267852,2.2271983077784334,6.884432412574386,4.114294127201591,1.3493293845595682,3.091072936132665,9.6161677290173,5.890729295581003,3.4128736891288227,5.9865261709504916,2.1940231169296243,1.726032028183464,1.7541012988613196,15.80856075302921,6.791266395788098,4.810414240204023,7.188815022913461,1.6496813118375413,1.4117841118606165,1.4944274367956645,18.12115581161766,11.263603033966003,8.137845663539727,22.664934455856336,21.30289760537894,1.3841013334070364,2.7851270954182423,998,2.986152953586498,0.1327804947672418,0.9328657314629258,0.9018036072144288,0.0410821643286573,0.0511022044088176,3,0,0.0,0.0,0.0,0.0,,,,0.0,0.0,0.0,0.0,0.0,0.0,0.0,0.0,0.0,0.0,0.0,0.0,10.0,4.0,0.043478260869565216,4.0,0.0,0.0,6.0,6.0,0.6,0.0,0.6,3.0,95.0,4.0,107.0,0.4652173913043478,12.777777777777779,1.0,0.0,0.0
subject_11_task_1,11,1,,1,24,230.0,240.0,0.2007501993125351,30.0,0.1333333333333333,eye,中,5.666666666666667,2,85.5,0.7071067811865476,85.0,86.0,19.999999999999577,8.44320490445127,2.2493246459968805,1.7883576789264706,5.925746907160359,3.5260871601589883,1.2577599394697838,3.3135132736520094,9.069330218558491,4.9669251718594145,2.6517540775319883,5.455083775007506,1.7367606122975292,1.873071569473055,2.0571605116884,15.160104952678976,5.562009564433676,4.511837076812928,7.316219828642861,1.9087399656602464,1.2327593992739134,1.621561174325668,13.721360865668435,6.7916318196556125,5.807643443632636,20.74939322863397,15.43119049978039,1.169429887625384,3.5727732650982764,998,2.960792783505154,0.1707601693849723,0.9498997995991983,0.9018036072144288,0.0601202404809619,0.0350701402805611,3,3,569.0109097156605,0.6267502791856373,0.0626750279185637,0.056901090971566,0.7407407407407407,0.7238493950537233,2.9339207847996693,0.0,0.0,0.0,0.0,0.0,0.0,0.0,0.0,0.0,0.0,0.0,0.0,10.0,4.0,0.041666666666666664,4.0,0.0,0.0,6.0,6.0,0.6,0.0,0.6,3.0,105.0,4.0,107.0,0.44583333333333336,12.777777777777779,1.0,0.0,0.0
subject_11_task_1,11,1,,1,25,240.0,250.0,0.2091147909505574,30.0,0.1388888888888889,eye,中,5.666666666666667,2,85.5,0.7071067811865476,85.0,86.0,19.999999999999577,7.585762466037053,2.6501693337312924,1.7099456445381422,4.306234014656927,3.093027074478282,1.54985589290302,2.518345555843703,9.800885018627364,4.1216358450756845,3.162684031129549,3.92363874772408,1.432392751422958,1.3032082258320463,1.240604091051978,14.175056261089455,4.894834987199971,4.337147641858294,6.358551588362603,1.4105666813187945,1.1285838969278734,1.466067589444158,18.13047352242883,7.050220497867358,6.3214708016303005,15.946283056335115,13.118270175530895,1.1152816676854878,2.522558998804928,998,3.0179569138276556,0.0804756119557568,0.9839679358717436,0.9428857715430862,0.0470941883767535,0.0100200400801603,3,3,1247.830942358904,1.374452366635169,0.1374452366635168,0.1247830942358903,0.7407407407407407,0.7238493950537233,2.93392078479967,0.0,0.0,0.0,0.0,0.0,0.0,0.0,0.0,0.0,0.0,0.0,0.0,10.0,4.0,0.04,4.0,0.0,0.0,6.0,6.0,0.6,0.0,0.6,3.0,115.0,4.0,107.0,0.428,12.777777777777779,1.0,0.0,0.0
subject_11_task_1,11,1,,1,26,250.0,260.0,0.2174793825885797,30.0,0.1444444444444444,eye,中,5.666666666666667,2,82.0,0.0,82.0,82.0,-1.4210854715202006e-13,6.350486192707202,2.6554110259737955,1.838602205373346,8.433209654900532,5.41675682545907,1.4442553251667556,4.586750538128549,15.87347975696622,5.438071261317421,3.027957687497508,5.15276563957416,1.8013794459335788,1.7959535180333976,1.701729737126124,15.729053515237464,6.178256789263092,4.186354896918324,6.799887414932128,1.5413398529987772,1.475808177135449,1.6242978873906957,13.0355255717319,7.259468845001982,5.69916773944611,18.23489890070792,12.650441298781024,1.2737770104144217,3.199572241837566,998,2.9157581632653065,0.118308005442926,0.969939879759519,0.9458917835671342,0.0310621242484969,0.0230460921843687,3,3,1247.830942358904,1.374452366635169,0.1374452366635168,0.1247830942358903,0.7407407407407407,0.7238493950537233,2.93392078479967,0.0,0.0,0.0,0.0,0.0,0.0,0.0,0.0,0.0,0.0,0.0,0.0,10.0,4.0,0.038461538461538464,4.0,0.0,0.0,6.0,6.0,0.6,0.0,0.6,3.0,125.0,4.0,107.0,0.4115384615384615,12.777777777777779,1.0,0.0,0.0
subject_11_task_1,11,1,,1,27,260.0,270.0,0.225843974226602,30.0,0.15,eye,中,5.666666666666667,2,85.5,0.7071067811865476,85.0,86.0,59.99999999999872,9.474209244591588,1.9603934724032552,2.0572196370308324,12.195599946406396,9.09943779398014,0.952933482218104,5.928195379278122,10.284880377762748,3.307073460735737,3.1329788955730287,5.631982652735572,2.0915084225006724,1.0555683810729488,1.7976446188940798,17.088827795260883,4.972906238717318,4.759342436636614,8.548784475378486,1.7010913249014257,1.0448725438280562,1.7962112601042084,19.729366118635188,5.2486659505088165,6.066538687669298,17.912113498566985,12.855526274692076,0.865182968531484,2.9526084676546644,999,2.906617131062952,0.0975887652494779,0.94994994994995,0.915915915915916,0.044044044044044,0.038038038038038,3,3,1247.830942358904,1.374452366635169,0.1374452366635168,0.1247830942358903,0.7407407407407407,0.7238493950537233,2.93392078479967,0.0,0.0,0.0,0.0,0.0,0.0,0.0,0.0,0.0,0.0,0.0,0.0,10.0,4.0,0.037037037037037035,4.0,0.0,0.0,6.0,6.0,0.6,0.0,0.6,3.0,135.0,4.0,107.0,0.3962962962962963,12.777777777777779,1.0,0.0,0.0
subject_11_task_1,11,1,,1,28,270.0,280.0,0.2342085658646243,30.0,0.1555555555555555,eye,中,5.666666666666667,2,83.0,0.0,83.0,83.0,-1.2789769243681805e-12,8.507260090739173,2.5183463649878255,2.469261108066314,11.88854706973835,7.863282347472073,1.0198785202428229,4.8146172273568535,12.002367636273728,4.629221786106012,3.8680021770247226,6.374440970547021,3.3410829411767176,1.196799167695097,1.6479931186208012,14.639383025808367,5.183154196280343,4.420961010015008,7.586224175706304,2.453856015877955,1.1724044126466404,1.7159672203669925,24.387694230738088,9.392837029732243,8.624515143494715,26.095463191049475,25.97897543947937,1.0890858063849604,3.02573104190474,998,2.954745670995671,0.1327321255518187,0.9168336673346692,0.8807615230460922,0.0450901803607214,0.0741482965931863,3,3,1247.830942358904,1.374452366635169,0.1374452366635168,0.1247830942358903,0.7407407407407407,0.7238493950537233,2.93392078479967,1.0,1.0,0.1,1.0,0.0,0.0,0.0,0.0,0.0,0.0,0.0,1.0,11.0,4.0,0.039285714285714285,5.0,0.0,0.0,6.0,6.0,0.5454545454545454,0.0,0.5454545454545454,4.0,1.0,5.0,251.0,0.8964285714285715,25.9,1.0,1.0,0.016666666666666666
subject_11_task_1,11,1,,1,29,280.0,290.0,0.2425731575026466,30.0,0.1611111111111111,eye,中,5.666666666666667,1,80.0,,80.0,80.0,,5.621022704051022,2.427739722179528,2.0249502675515587,11.263243383282612,7.449947889744182,1.1989132578129915,5.562232102075974,8.460174654554276,4.326409491065579,3.3695694913025993,5.269707603110162,2.0892603549572777,1.2839650591070275,1.563911240504796,12.47259940018927,5.458856551747818,4.434397242520101,6.296665160746999,2.1234370990692177,1.2310256057812063,1.4199596509690589,12.1250009735124,6.699778542836536,7.420470794753201,16.947311430612046,12.845325902749368,0.9028778265084952,2.28385932636444,998,3.014546723952739,0.1895393473988297,0.9218436873747496,0.8597194388777555,0.0691382765531062,0.0671342685370741,3,3,1247.830942358904,1.374452366635169,0.1374452366635168,0.1247830942358903,0.7407407407407407,0.7238493950537233,2.93392078479967,2.0,1.0,0.2,0.0,0.0,2.0,0.0,2.0,1.0,1.0,0.0,1.0,13.0,4.0,0.04482758620689655,5.0,0.0,2.0,6.0,8.0,0.6153846153846154,0.15384615384615385,0.46153846153846156,4.0,7.0,5.0,251.0,0.8655172413793103,21.916666666666668,1.0,3.0,0.05
subject_11_task_1,11,1,,1,30,290.0,300.0,0.2509377491406689,30.0,0.1666666666666666,eye,中,5.666666666666667,2,82.0,0.0,82.0,82.0,-1.0658141036401505e-13,7.509655741104835,3.3368722619726032,1.5903509787116763,8.616035132238293,5.660534384805597,2.0981986408281785,5.417694111282301,10.1575881230618,5.581658456702674,2.7458563451937974,4.729700300446465,1.8844404342948593,2.032756908959391,1.7224864325932725,16.038840136611096,7.928613756863038,4.7435141614778455,8.289969531904577,2.718671327856428,1.6714641270076598,1.7476430447341238,14.435181488260191,13.667342482622225,8.27757542629419,16.15024293719241,15.96482366502409,1.6511287156873415,1.951083754053179,998,3.0881073271413833,0.1332421552664891,0.9569138276553106,0.9118236472945892,0.0460921843687374,0.0350701402805611,3,3,454.8343784898182,0.5009878876385165,0.0500987887638516,0.0454834378489818,0.7407407407407407,0.7238493950537233,2.93392078479967,0.0,0.0,0.0,0.0,0.0,0.0,0.0,0.0,0.0,0.0,0.0,0.0,13.0,4.0,0.043333333333333335,5.0,0.0,2.0,6.0,8.0,0.6153846153846154,0.15384615384615385,0.46153846153846156,4.0,17.0,5.0,251.0,0.8366666666666667,21.916666666666668,1.0,3.0,0.05
subject_11_task_1,11,1,,1,31,300.0,310.0,0.2593023407786912,30.0,0.1722222222222222,eye,中,5.666666666666667,3,83.33333333333333,0.5773502691896257,83.0,84.0,10.645161290322342,7.640113640430869,3.371078099016368,1.8631017256989728,11.445945125595811,7.877334121180689,1.809390250954576,6.143489090109495,10.09104665445841,6.008517060475254,2.921669663553135,4.883802632329043,1.921144899917195,2.0565353898250445,1.671579334670469,14.612837770043388,7.139208207610105,4.415018282503503,6.7068614589205,1.7853135983441508,1.6170280055016828,1.5191016276194045,18.96395801026877,10.475456815730457,6.5172023585012075,15.50705885910164,15.955418582627871,1.6073548494418004,2.379404229926025,998,2.9459765545361876,0.1126186923113236,0.9589178356713428,0.9078156312625252,0.0661322645290581,0.0230460921843687,9,3,852.5448843590731,0.6335483411140004,0.0633548341114,0.0852544884359073,0.6502353232598465,0.8850783498343417,3.01333387664107,0.0,0.0,0.0,0.0,0.0,0.0,0.0,0.0,0.0,0.0,0.0,0.0,13.0,4.0,0.041935483870967745,5.0,0.0,2.0,6.0,8.0,0.6153846153846154,0.15384615384615385,0.46153846153846156,4.0,27.0,5.0,251.0,0.8096774193548387,21.916666666666668,1.0,3.0,0.05
subject_11_task_1,11,1,,1,32,310.0,320.0,0.2676669324167135,30.0,0.1777777777777777,eye,中,5.666666666666667,1,80.0,,80.0,80.0,,6.84533299585885,3.2438739951275797,2.2151477064086524,12.89193991815108,9.212129825398266,1.464405279044244,5.8199008042910005,10.104910832143291,5.5445032357901445,3.429252528533572,5.289062571191337,1.931346045524688,1.6168255879834847,1.5423368583045307,14.872334970076809,6.728351915884684,4.839798150225056,7.156459209181756,1.760765439197184,1.3902133326721091,1.4786689417716674,15.794468383295744,11.853565702581411,7.022108946225202,19.13516994261086,12.988344788978544,1.6880350039219203,2.7249890437682747,999,2.9119744637385083,0.0641838199386388,0.963963963963964,0.90990990990991,0.06006006006006,0.03003003003003,9,3,1438.6515092120735,1.069099461886604,0.1069099461886604,0.1438651509212073,0.6502353232598465,0.8850783498343417,3.01333387664107,0.0,0.0,0.0,0.0,0.0,0.0,0.0,0.0,0.0,0.0,0.0,0.0,13.0,4.0,0.040625,5.0,0.0,2.0,6.0,8.0,0.6153846153846154,0.15384615384615385,0.46153846153846156,4.0,37.0,5.0,251.0,0.784375,21.916666666666668,1.0,3.0,0.05
subject_11_task_1,11,1,,1,33,320.0,330.0,0.2760315240547358,30.0,0.1833333333333333,eye,中,5.666666666666667,2,81.0,0.0,81.0,81.0,-1.2789769243681805e-12,8.527970190600685,2.704660165811374,2.2350142028703166,7.775829608530303,5.492165997443688,1.21013108656666,3.4790962842849926,19.4994537788105,7.610879899750107,6.184714567086221,6.174152151817012,1.8676532582674668,1.2305951741497732,0.9982921741731752,14.93056760552488,6.401855301347491,5.482918263685318,7.749514757117477,1.5236974842250488,1.167599988449311,1.4133923550245808,14.812593866333197,10.168136220761118,9.930295340822312,16.516731078689926,11.798412891080664,1.0239510378871683,1.663266852778439,998,2.985305102040817,0.1078807449560273,0.9549098196392786,0.9118236472945892,0.0511022044088176,0.0360721442885771,9,3,1438.6515092120735,1.069099461886604,0.1069099461886604,0.1438651509212073,0.6502353232598465,0.8850783498343417,3.01333387664107,0.0,0.0,0.0,0.0,0.0,0.0,0.0,0.0,0.0,0.0,0.0,0.0,13.0,4.0,0.03939393939393939,5.0,0.0,2.0,6.0,8.0,0.6153846153846154,0.15384615384615385,0.46153846153846156,4.0,47.0,5.0,251.0,0.7606060606060606,21.916666666666668,1.0,3.0,0.05
subject_11_task_1,11,1,,1,34,330.0,340.0,0.2843961156927581,30.0,0.1888888888888888,eye,中,5.666666666666667,3,85.33333333333333,3.7859388972001824,81.0,88.0,48.57142857142866,7.432925764869046,2.363636905511459,2.76145494323188,15.266540476744858,10.100219352265755,0.8559389720641855,5.528440909080197,10.371236494462616,4.226120964373883,6.087782372242168,6.079766959876491,1.88470715166648,0.6941971157910128,0.9986833608898008,18.08436879726891,5.988314219737002,8.048159820216457,9.6507772993412,1.9717026214048416,0.7440600526712633,1.1991284361797925,16.995975104726238,7.534751285512346,6.9778862460253945,17.377618295713855,12.352635605498753,1.0798042587472878,2.4903842916058068,998,2.9233106295149636,0.1003978423908173,0.934869739478958,0.8677354709418837,0.0901803607214428,0.0350701402805611,18,3,410.4919258869484,0.3933323336274406,0.039333233362744,0.0410491925886948,0.7382872908865128,0.7527586410043307,2.9998669904531208,0.0,0.0,0.0,0.0,0.0,0.0,0.0,0.0,0.0,0.0,0.0,0.0,13.0,4.0,0.03823529411764706,5.0,0.0,2.0,6.0,8.0,0.6153846153846154,0.15384615384615385,0.46153846153846156,4.0,57.0,5.0,251.0,0.7382352941176471,21.916666666666668,1.0,2.0,0.03333333333333333
subject_11_task_1,11,1,,1,35,340.0,350.0,0.2927607073307804,30.0,0.1944444444444444,eye,中,5.666666666666667,2,83.0,0.0,83.0,83.0,-1.2789769243681805e-12,5.051846956087965,2.3874421993823103,4.293879576304538,15.264686872766951,10.851792956951464,0.5560105161209542,3.554987186181004,8.082262696063774,3.60376370081223,9.499010345518167,6.225147714333942,1.9545561229664823,0.379383069364964,0.6553469769901975,12.329083755260578,5.111633822488638,13.51087887807627,8.211270398561487,1.9865172739784385,0.3783346641337408,0.6077524987575522,12.535689940266275,4.841061068300891,7.2789931932060385,15.903350174330058,10.94653445741506,0.6650728939847574,2.184828279434812,998,2.9829836567926455,0.08240466846592,0.9589178356713428,0.9128256513026052,0.0561122244488977,0.0310621242484969,9,1,460.31104084708994,0.7353211515129232,0.0735321151512923,0.0460311040847089,1.0,-1.000088900581841e-12,2.95984,0.0,0.0,0.0,0.0,0.0,0.0,0.0,0.0,0.0,0.0,0.0,0.0,13.0,4.0,0.037142857142857144,5.0,0.0,2.0,6.0,8.0,0.6153846153846154,0.15384615384615385,0.46153846153846156,4.0,67.0,5.0,251.0,0.7171428571428572,21.916666666666668,1.0,0.0,0.0
subject_11_task_1,11,1,,1,36,350.0,360.0,0.3011252989688027,30.0,0.2,eye,中,5.666666666666667,2,82.5,0.7071067811865476,82.0,83.0,15.0,6.383859241335364,2.645578811774475,2.3358066205231105,12.023080432144246,8.010546769337347,1.1326189370856352,5.1472927281333085,8.68501024729113,5.313311812218612,4.541520883816172,6.022850360355544,1.792551108105921,1.169941072197364,1.3261747582881604,13.045608439451565,5.691777376378662,5.540622923830718,8.314152311621168,1.7772230791965349,1.0272811296899154,1.5005807877416186,14.59421556613036,7.962037970161293,7.228428228044159,15.726227579219293,12.42890083821984,1.1014895242745784,2.1756081796878317,998,3.0033413111342355,0.0976088284191674,0.9519038076152304,0.9208416833667334,0.0420841683366733,0.0370741482965931,9,1,460.31104084708994,0.7353211515129232,0.0735321151512923,0.0460311040847089,1.0,-1.000088900581841e-12,2.95984,0.0,0.0,0.0,0.0,0.0,0.0,0.0,0.0,0.0,0.0,0.0,0.0,13.0,4.0,0.03611111111111111,5.0,0.0,2.0,6.0,8.0,0.6153846153846154,0.15384615384615385,0.46153846153846156,4.0,77.0,5.0,251.0,0.6972222222222222,21.916666666666668,1.0,0.0,0.0
subject_11_task_1,11,1,,1,37,360.0,370.0,0.3094898906068249,30.0,0.2055555555555555,eye,中,5.666666666666667,1,83.0,,83.0,83.0,,5.08011592654671,2.305116032943137,1.9121573630431437,5.004007536270152,3.01891702395477,1.205505403213578,2.6169433713899037,7.125721102951008,4.198229211400419,3.136734289324972,4.5532589557151155,1.5945230506156949,1.338407663565243,1.451592177001062,10.48478399224097,5.14798424227433,3.892566211222702,5.713923655333305,1.4979843985140484,1.322516808431445,1.4679066058939283,10.746158498821767,7.635530548083935,6.285113902339266,13.594970144524664,14.090878921470615,1.2148595342467945,2.16304276354717,999,2.973375916230367,0.0915690506318582,0.9169169169169168,0.8668668668668669,0.076076076076076,0.044044044044044,9,1,228.0380896356487,0.3642780984595027,0.0364278098459502,0.0228038089635648,1.0,-1.000088900581841e-12,2.95984,0.0,0.0,0.0,0.0,0.0,0.0,0.0,0.0,0.0,0.0,0.0,0.0,13.0,4.0,0.03513513513513514,5.0,0.0,2.0,6.0,8.0,0.6153846153846154,0.15384615384615385,0.46153846153846156,4.0,87.0,5.0,251.0,0.6783783783783783,21.916666666666668,1.0,0.0,0.0
subject_11_task_1,11,1,,1,38,370.0,380.0,0.3178544822448473,30.0,0.2111111111111111,eye,中,5.666666666666667,2,83.0,0.0,83.0,83.0,-4.263256414560601e-13,5.81188875596391,1.922591477422181,2.280429749626192,12.018141253449343,10.531192695590356,0.843082966154661,5.2701212372007324,8.395125231322016,3.564798049114002,2.7094449459912404,4.691181363972112,2.0609623320084025,1.3156931106455214,1.731417857710285,10.911765525662576,5.173080394355246,4.693159839581428,7.095627074359342,1.927811205504318,1.102259580150294,1.5119082487913271,13.426682734685553,6.115690041933747,7.166298460451725,17.00274139408236,15.188232989606206,0.853395944319663,2.3725974417496696,998,3.0895708460754334,0.210961274921556,0.8256513026052105,0.9308617234468938,0.0400801603206412,0.0170340681362725,0,0,0.0,0.0,,,,,,0.0,0.0,0.0,0.0,0.0,0.0,0.0,0.0,0.0,0.0,0.0,0.0,13.0,4.0,0.034210526315789476,5.0,0.0,2.0,6.0,8.0,0.6153846153846154,0.15384615384615385,0.46153846153846156,4.0,97.0,5.0,251.0,0.6605263157894737,21.916666666666668,1.0,0.0,0.0
subject_11_task_1,11,1,,1,39,380.0,390.0,0.3262190738828696,30.0,0.2166666666666666,eye,中,5.666666666666667,2,83.0,0.0,83.0,83.0,-2.557953848736361e-13,8.462672097543624,2.0872738513798255,2.0232282496570857,12.377456285058727,7.2087634839747965,1.0316551539519057,6.117676681885282,11.940666593514957,4.298266362769743,3.8282699073972055,5.3489292918982905,1.6803853746862865,1.1227699370058477,1.3972184358168631,15.923738890961722,5.244892945923985,5.176101042893779,6.547815181302657,1.5429495597565832,1.0132902936901993,1.2650091501386147,20.518352518449827,8.58228750776124,5.373974928399421,16.627128387302623,13.416953456432044,1.5970092198248085,3.0940092964398755,998,3.115148340248963,0.1645225944939104,0.8156312625250501,0.9018036072144288,0.0501002004008016,0.0480961923847695,9,1,1221.69401736637,1.2706126025651274,0.1270612602565127,0.122169401736637,1.0,-1.000088900581841e-12,2.94593,0.0,0.0,0.0,0.0,0.0,0.0,0.0,0.0,0.0,0.0,0.0,0.0,13.0,4.0,0.03333333333333333,5.0,0.0,2.0,6.0,8.0,0.6153846153846154,0.15384615384615385,0.46153846153846156,4.0,107.0,5.0,251.0,0.6435897435897436,21.916666666666668,1.0,0.0,0.0
subject_11_task_1,11,1,,1,40,390.0,400.0,0.3345836655208918,30.0,0.2222222222222222,eye,中,5.666666666666667,2,84.0,0.0,84.0,84.0,0.0,4.683849114785172,2.4164007319302874,1.8443994739646667,4.118201040063605,2.603555331381701,1.310128725387274,2.232814039580721,8.494963826577948,5.40730135388166,3.4495774436653845,4.576053120863622,1.6299459201376116,1.567525716464587,1.326554685492519,11.635366068146912,6.119151353587196,3.7276140686416066,5.402052082621285,1.5845827750554615,1.6415731996142773,1.4491983298555011,10.807208502627722,10.294723533770524,6.815264030208447,17.88351387385768,14.356556379600775,1.5105392084795952,2.624038304985626,998,3.013410041841004,0.1175476789244339,0.8917835671342685,0.8687374749498998,0.064128256513026,0.0420841683366733,9,1,701.3059826336295,0.729387397434872,0.0729387397434872,0.0701305982633629,1.0,-1.000088900581841e-12,2.94593,0.0,0.0,0.0,0.0,0.0,0.0,0.0,0.0,0.0,0.0,0.0,0.0,13.0,4.0,0.0325,5.0,0.0,2.0,6.0,8.0,0.6153846153846154,0.15384615384615385,0.46153846153846156,4.0,117.0,5.0,251.0,0.6275,21.916666666666668,1.0,0.0,0.0
subject_11_task_1,11,1,,1,41,400.0,410.0,0.3429482571589142,30.0,0.2277777777777777,eye,中,5.666666666666667,2,81.0,0.0,81.0,81.0,-6.394884621840903e-13,5.553867401155262,2.561423900350203,1.837062434223799,16.592426222322413,13.429997361822585,1.3943042177727965,9.03204263132902,9.06488673658862,5.0277632237817445,2.9931604618533836,6.208389937672628,2.204102399493604,1.6797506474706412,2.074192151338373,13.030928984925282,6.145484905427081,4.856236872775591,7.066001367119112,1.8250713498645867,1.2654829380088737,1.4550363897468876,12.323708352140962,9.86858610300337,6.701254931857552,16.61017388303191,14.053956580097156,1.4726474672808565,2.4786661680437905,998,3.053048106448311,0.1946150380937993,0.5340681362725451,0.8356713426853707,0.1022044088176352,0.0300601202404809,9,2,132.8703578450654,0.1714825009830915,0.0171482500983091,0.0132870357845065,0.9051408905140892,0.3136381593394576,2.9817769972036996,0.0,0.0,0.0,0.0,0.0,0.0,0.0,0.0,0.0,0.0,0.0,0.0,13.0,4.0,0.03170731707317073,5.0,0.0,2.0,6.0,8.0,0.6153846153846154,0.15384615384615385,0.46153846153846156,4.0,127.0,5.0,251.0,0.6121951219512195,21.916666666666668,1.0,0.0,0.0
subject_11_task_1,11,1,,1,42,410.0,420.0,0.3513128487969364,30.0,0.2333333333333333,eye,中,5.666666666666667,2,77.0,0.0,77.0,77.0,-3.410605131648481e-13,7.112270266065701,2.3028971351878167,2.7552197539355294,17.23772064394676,10.055377664099955,0.8358306563018723,6.256386852382487,11.300450711678367,4.434267531259517,4.007580337650317,5.748906663358302,1.975782355768972,1.1064700287104836,1.4345081518013787,15.62665962757314,5.724617065161979,7.46745772271286,8.728364974578806,2.252900694025187,0.7666085671633742,1.1688536177487552,14.99226411820564,7.492788973992671,6.268976501201963,14.525546280237805,11.82460115862905,1.1952172691277538,2.3170522775851516,999,2.970853853853854,0.0907730143982701,0.944944944944945,0.9229229229229228,0.055055055055055,0.019019019019019,9,2,731.2622886354699,0.943767204089658,0.0943767204089657,0.0731262288635469,0.905140890514089,0.3136381593394577,2.9817769972036996,0.0,0.0,0.0,0.0,0.0,0.0,0.0,0.0,0.0,0.0,0.0,0.0,13.0,4.0,0.030952380952380953,5.0,0.0,2.0,6.0,8.0,0.6153846153846154,0.15384615384615385,0.46153846153846156,4.0,137.0,5.0,251.0,0.5976190476190476,21.916666666666668,1.0,0.0,0.0
subject_11_task_1,11,1,,1,43,420.0,430.0,0.3596774404349587,30.0,0.2388888888888889,eye,中,5.666666666666667,3,77.33333333333333,0.5773502691896257,77.0,78.0,9.06976744186057,6.361922865341452,2.2699335998330468,2.3624570598746164,16.42614714900144,12.147523524414405,0.9608359188350792,6.952992893709244,10.12237536164836,3.671395349325475,5.339194796036068,6.743645094250954,2.11202454150929,0.6876309049542821,1.263045337708521,12.148842966546448,5.343810781873371,7.439671379460671,8.061013740196646,1.8870196411633449,0.7182858636238263,1.0835174470812472,18.315722926545405,8.204243703488565,6.478182537682106,17.375855339350448,12.566234397857215,1.266442193588457,2.6822114440707825,998,3.008856996935649,0.1184173150802228,0.9659318637274548,0.9218436873747496,0.0490981963927855,0.0260521042084168,9,2,731.2622886354699,0.943767204089658,0.0943767204089657,0.0731262288635469,0.905140890514089,0.3136381593394577,2.9817769972036996,0.0,0.0,0.0,0.0,0.0,0.0,0.0,0.0,0.0,0.0,0.0,0.0,13.0,4.0,0.030232558139534883,5.0,0.0,2.0,6.0,8.0,0.6153846153846154,0.15384615384615385,0.46153846153846156,4.0,147.0,5.0,251.0,0.5837209302325581,21.916666666666668,1.0,0.0,0.0
subject_11_task_1,11,1,,1,44,430.0,440.0,0.3680420320729811,30.0,0.2444444444444444,eye,中,5.666666666666667,1,79.0,,79.0,79.0,,8.27616599842212,2.3480186901128577,3.809208956059778,19.561709226910597,11.624275799750595,0.6164058515029939,5.13537310569203,10.304656017887496,4.202643487361109,7.531840932679863,6.32684625078448,2.2682696961717173,0.5579835693457469,0.8400132593524329,18.932962459222452,5.734398549526965,11.013166183341887,7.943719355101075,1.9127892982551875,0.52068573687743,0.7212929708730315,21.245527729732945,7.5519987287020705,7.896154365598645,17.585464817914474,12.488021516069736,0.9564147785159868,2.227092329214012,998,2.9801108764519535,0.1184303140206963,0.9298597194388778,0.8827655310621243,0.06312625250501,0.0511022044088176,9,2,731.2622886354699,0.943767204089658,0.0943767204089657,0.0731262288635469,0.905140890514089,0.3136381593394577,2.9817769972036996,0.0,0.0,0.0,0.0,0.0,0.0,0.0,0.0,0.0,0.0,0.0,0.0,13.0,4.0,0.029545454545454545,5.0,0.0,2.0,6.0,8.0,0.6153846153846154,0.15384615384615385,0.46153846153846156,4.0,157.0,5.0,251.0,0.5704545454545454,21.916666666666668,1.0,0.0,0.0
subject_11_task_1,11,1,,1,45,440.0,450.0,0.3764066237110033,30.0,0.25,eye,中,5.666666666666667,2,84.0,1.4142135623730951,83.0,85.0,-30.000000000000213,5.584083896152766,1.8675476669223765,2.173700294089537,15.92453698224099,10.94053631834016,0.8591560078454175,7.32600396914932,11.058029562601195,4.445137385596699,4.216411351174045,6.2813748101698,2.066802994150162,1.0542466129067236,1.4897443078984154,11.934147077465544,4.889607160608263,6.260127060493549,7.305019068288675,1.662679321350558,0.7810715522797658,1.1669122683450368,13.785912892801363,5.414889733239228,5.997390625818021,15.398938805369832,13.155323032053294,0.9028742783451192,2.5676064418881297,998,2.9712335135135137,0.1242399732515705,0.9028056112224448,0.843687374749499,0.0711422845691382,0.0811623246492986,9,2,731.2622886354699,0.943767204089658,0.0943767204089657,0.0731262288635469,0.905140890514089,0.3136381593394577,2.9817769972036996,0.0,0.0,0.0,0.0,0.0,0.0,0.0,0.0,0.0,0.0,0.0,0.0,13.0,4.0,0.028888888888888888,5.0,0.0,2.0,6.0,8.0,0.6153846153846154,0.15384615384615385,0.46153846153846156,4.0,167.0,5.0,251.0,0.5577777777777778,21.916666666666668,1.0,0.0,0.0
subject_11_task_1,11,1,,1,46,450.0,460.0,0.3847712153490256,30.0,0.2555555555555555,eye,中,5.666666666666667,3,85.0,1.0,84.0,86.0,16.15384615384628,6.231391214969172,2.317564693447926,2.4295878945937996,17.703651045075304,10.324134459446594,0.953892097752404,7.286688859649245,9.664383042235569,4.350635267851325,2.918290309320416,6.200662671685546,2.203804735543116,1.4908164735894491,2.12475868212354,12.752499095224252,4.836850556349225,6.585366596250989,7.731886376756551,1.928950500214811,0.734484631288836,1.1741011322222017,16.779679835295426,6.660614501808478,4.5744660426119,16.28975734844484,12.519051017055752,1.4560419598186465,3.5610183126736725,998,3.1087161616161616,0.0999065045306713,0.9809619238476954,0.969939879759519,0.0180360721442885,0.0120240480961923,9,2,731.2622886354699,0.943767204089658,0.0943767204089657,0.0731262288635469,0.905140890514089,0.3136381593394577,2.9817769972036996,0.0,0.0,0.0,0.0,0.0,0.0,0.0,0.0,0.0,0.0,0.0,0.0,13.0,4.0,0.02826086956521739,5.0,0.0,2.0,6.0,8.0,0.6153846153846154,0.15384615384615385,0.46153846153846156,4.0,177.0,5.0,251.0,0.5456521739130434,21.916666666666668,1.0,0.0,0.0
subject_11_task_1,11,1,,1,47,460.0,470.0,0.393135806987048,30.0,0.2611111111111111,eye,中,5.666666666666667,2,86.5,0.7071067811865476,86.0,87.0,-30.00000000000064,6.662253425486163,3.018448541275266,2.060181923760705,8.27304874959816,5.121711159132347,1.4651368922630477,4.015688446822376,8.83095054638896,4.802396237277223,3.661174755848396,5.509490123410675,2.029518844085053,1.3117090981810766,1.5048421588206795,13.893213856655535,6.531513485936358,5.432114160121698,6.851421310460161,1.6659484500893265,1.2023888477686246,1.2612808031093856,14.689314964735884,10.930755552006676,8.200960865499612,18.110720285385327,17.120734094893887,1.332862786602355,2.208365651587828,998,3.0129783057851243,0.1689012504811208,0.9458917835671342,0.9258517034068136,0.0350701402805611,0.0380761523046092,9,2,731.2622886354699,0.943767204089658,0.0943767204089657,0.0731262288635469,0.905140890514089,0.3136381593394577,2.9817769972036996,0.0,0.0,0.0,0.0,0.0,0.0,0.0,0.0,0.0,0.0,0.0,0.0,13.0,4.0,0.027659574468085105,5.0,0.0,2.0,6.0,8.0,0.6153846153846154,0.15384615384615385,0.46153846153846156,4.0,187.0,5.0,251.0,0.5340425531914894,21.916666666666668,1.0,0.0,0.0
subject_11_task_1,11,1,,1,48,470.0,480.0,0.4015003986250702,30.0,0.2666666666666666,eye,中,5.666666666666667,2,82.5,3.5355339059327378,80.0,85.0,-42.85714285714292,8.440237491822439,2.945330635811812,1.8858745566172008,4.709193545125116,2.8996355043924775,1.5617850219555522,2.4970873744499005,11.5061168500733,5.087541697036957,4.8059231518948495,5.531117276576211,2.280720758872792,1.0585982206209588,1.1508959052737735,18.489289443520107,6.834689197603724,5.686671072316026,8.087898106171188,1.9046313911264867,1.2018787636366914,1.422255306016356,22.48556964734529,10.063634271496554,14.393828608767512,26.669206926830583,26.424334998157963,0.69916313060492,1.8528223207122216,999,2.960548951048951,0.1350971146612573,0.7257257257257257,0.7627627627627628,0.07007007007007,0.1411411411411411,9,2,128.55591034211423,0.1659142744789601,0.016591427447896,0.0128555910342114,0.9051408905140892,0.3136381593394576,2.9817769972036996,0.0,0.0,0.0,0.0,0.0,0.0,0.0,0.0,0.0,0.0,0.0,0.0,13.0,4.0,0.027083333333333334,5.0,0.0,2.0,6.0,8.0,0.6153846153846154,0.15384615384615385,0.46153846153846156,4.0,197.0,5.0,251.0,0.5229166666666667,21.916666666666668,1.0,0.0,0.0
subject_11_task_1,11,1,,1,49,480.0,490.0,0.4098649902630925,30.0,0.2722222222222222,eye,中,5.666666666666667,2,78.0,2.8284271247461903,76.0,80.0,-34.285714285714285,7.540200635809321,2.605773660477039,4.028446123146756,5.420033087338143,3.113828352342998,0.6468433685893709,1.3454401329077157,10.852766855566008,4.673976083849356,6.672922466404717,5.7611037141915595,1.6056394712005089,0.7004391415276899,0.8633554103462506,13.496095899719922,5.152357193889413,14.20680171501401,8.030515708116212,1.5312673540724058,0.3626683399434165,0.5652585197715131,14.924247400924877,10.361828221053534,8.081231897694472,18.516037481489057,16.841246446426343,1.2822089939047168,2.291239468919531,998,3.0261598599766626,0.1278079618641507,0.4308617234468938,0.7134268537074149,0.0991983967935871,0.1462925851703407,9,0,0.0,0.0,0.0,0.0,,,,0.0,0.0,0.0,0.0,0.0,0.0,0.0,0.0,0.0,0.0,0.0,0.0,13.0,4.0,0.026530612244897958,5.0,0.0,2.0,6.0,8.0,0.6153846153846154,0.15384615384615385,0.46153846153846156,4.0,207.0,5.0,251.0,0.5122448979591837,21.916666666666668,1.0,0.0,0.0
subject_11_task_1,11,1,,1,50,490.0,500.0,0.4182295819011148,30.0,0.2777777777777778,eye,中,5.666666666666667,1,77.0,,77.0,77.0,,8.108667809857785,2.871338834354769,1.7092679624723202,8.80458441867659,6.303718993919366,1.6798646539900073,5.151084915873261,8.715255596077165,4.50278917548659,2.8848252786820514,5.249056069999893,2.182068291742286,1.5608533413655172,1.8195403752139727,13.865123030265124,5.856817453355741,3.761297743539614,6.210404188721762,1.968698129300764,1.557126782482291,1.6511333619862243,20.131778167756064,13.785356790139836,9.157322133176988,23.45131276220936,22.251134148964876,1.5053917061840023,2.56093565576832,998,2.960377960865088,0.1163727404948024,0.687374749498998,0.8857715430861723,0.065130260521042,0.0270541082164328,0,0,0.0,0.0,,,,,,0.0,0.0,0.0,0.0,0.0,0.0,0.0,0.0,0.0,0.0,0.0,0.0,13.0,4.0,0.026,5.0,0.0,2.0,6.0,8.0,0.6153846153846154,0.15384615384615385,0.46153846153846156,4.0,217.0,5.0,251.0,0.502,21.916666666666668,1.0,0.0,0.0
subject_11_task_1,11,1,,1,51,500.0,510.0,0.4265941735391371,30.0,0.2833333333333333,eye,中,5.666666666666667,3,78.33333333333333,0.5773502691896257,78.0,79.0,-10.645161290322616,6.308250394804559,2.71223555481716,1.8707425016345032,12.444013761592066,7.18763346966504,1.4498176806521623,6.651911607674223,8.767664482772906,4.488585861906929,3.1627555562142775,5.449100198676956,1.6432975970842607,1.419201004354453,1.722896411633963,12.864797109591514,5.309076912257999,3.575459498761086,7.471444701391613,1.6749475612417464,1.4848656275081902,2.0896460172407223,16.305389850491764,10.416858199966509,8.188838394754713,17.341634692637214,11.72538371944152,1.272080079958463,2.1177160735941793,998,3.107135193133048,0.1465931734506273,0.8967935871743486,0.8567134268537074,0.0581162324649298,0.0771543086172344,9,1,661.0000000000025,1.0000000000000038,0.1000000000000003,0.0661000000000002,1.0,-1.000088900581841e-12,2.96239,0.0,0.0,0.0,0.0,0.0,0.0,0.0,0.0,0.0,0.0,0.0,0.0,13.0,4.0,0.025490196078431372,5.0,0.0,2.0,6.0,8.0,0.6153846153846154,0.15384615384615385,0.46153846153846156,4.0,227.0,5.0,251.0,0.492156862745098,21.916666666666668,1.0,0.0,0.0
subject_11_task_1,11,1,,1,52,510.0,520.0,0.4349587651771594,30.0,0.2888888888888888,eye,中,5.666666666666667,1,79.0,,79.0,79.0,,6.217839133183733,2.7702020154398825,1.7976062906772436,10.4245055426294,6.954827501979279,1.5410504679510306,5.799103839752359,7.919338274793033,5.953325530688983,3.638429607693817,5.020886199255474,1.8066596252247171,1.6362349069774749,1.379959691576365,12.4904356054424,6.3951258633118835,4.635327225258134,6.571329921627331,1.8509194896309753,1.3796492787962231,1.417662573166317,15.214819361181872,13.45565309136036,6.09267205721719,15.926610796851003,15.233352145654363,2.2084978421612584,2.6140600786127712,998,2.9980794491525424,0.1178403445745655,0.8877755511022044,0.8657314629258517,0.0711422845691382,0.0601202404809619,3,2,551.5624989598831,0.7940721263459303,0.079407212634593,0.0551562498959883,0.579806123428352,0.6803545012408134,2.8811588185046553,0.0,0.0,0.0,0.0,0.0,0.0,0.0,0.0,0.0,0.0,0.0,0.0,13.0,4.0,0.025,5.0,0.0,2.0,6.0,8.0,0.6153846153846154,0.15384615384615385,0.46153846153846156,4.0,237.0,5.0,251.0,0.4826923076923077,21.916666666666668,1.0,0.0,0.0
subject_11_task_1,11,1,,1,53,520.0,530.0,0.4433233568151817,30.0,0.2944444444444444,eye,中,5.666666666666667,3,76.33333333333333,0.5773502691896257,76.0,77.0,2.307692307692255,5.546394680346272,3.5693134536589293,1.8205186586830695,11.436602968074595,6.996312596759874,1.9606025110673164,6.282057540870045,8.998928028337978,6.471386806821818,3.1778229436029997,5.364107748211777,1.7327647624736089,2.0364214500524036,1.6879819434275902,13.277225443402852,6.868341220365382,4.731449055025422,6.968507532747805,1.7802905363525794,1.4516358816270671,1.472806206239573,16.346457981545043,13.80887897287183,8.081704033172771,17.154319119445404,11.810112193579606,1.708659326819055,2.122611648364317,999,2.9255674846625768,0.1401593772084474,0.9409409409409408,0.8668668668668669,0.082082082082082,0.033033033033033,3,2,1733.9280067899283,2.496297159213833,0.2496297159213833,0.1733928006789928,0.579806123428352,0.6803545012408133,2.881158818504655,0.0,0.0,0.0,0.0,0.0,0.0,0.0,0.0,0.0,0.0,0.0,0.0,13.0,4.0,0.024528301886792454,5.0,0.0,2.0,6.0,8.0,0.6153846153846154,0.15384615384615385,0.46153846153846156,4.0,247.0,5.0,251.0,0.47358490566037736,21.916666666666668,1.0,0.0,0.0
subject_11_task_1,11,1,,1,54,530.0,540.0,0.451687948453204,30.0,0.3,eye,中,5.666666666666667,2,79.5,0.7071067811865476,79.0,80.0,-20.000000000000284,6.520192897941293,3.011784080912394,2.398599122531489,9.597112256713736,6.269198324999142,1.2556429511796652,4.001132230293203,8.33931716615145,4.612676821130155,5.653263623424894,5.798085689349051,1.874055177092705,0.8159316685705302,1.0256174266001097,12.716379014375075,6.374983213080621,5.9554926964756145,7.414765678258611,1.7109103555761442,1.0704375839220248,1.2450297659917502,15.043681876065255,11.629481967722908,8.434368528223635,18.384281508330226,13.631639988216042,1.3788207058782855,2.179686771666609,998,2.9169040667361834,0.0949754785083558,0.93687374749499,0.8707414829659319,0.0691382765531062,0.0531062124248497,3,2,1733.9280067899283,2.496297159213833,0.2496297159213833,0.1733928006789928,0.579806123428352,0.6803545012408133,2.881158818504655,0.0,0.0,0.0,0.0,0.0,0.0,0.0,0.0,0.0,0.0,0.0,0.0,13.0,4.0,0.024074074074074074,5.0,0.0,2.0,6.0,8.0,0.6153846153846154,0.15384615384615385,0.46153846153846156,4.0,257.0,5.0,251.0,0.4648148148148148,21.916666666666668,1.0,0.0,0.0
subject_11_task_1,11,1,,1,55,540.0,550.0,0.4600525400912263,30.0,0.3055555555555556,eye,中,5.666666666666667,2,77.5,0.7071067811865476,77.0,78.0,29.99999999999936,6.208835711744336,2.471951350485623,2.721445210911692,16.561938047457193,13.73575058243391,0.9083230265207184,6.085714303948413,10.184605518505462,4.429670148456023,6.93403316220781,5.976126234049144,2.348089443356257,0.6388302514327184,0.8618542908938632,15.781991199016309,4.886708813122672,5.8833936196628756,7.578895138118819,2.121726893534632,0.8305935534877038,1.2881842739179326,15.559817871232198,9.088548009930522,8.670709994793677,15.903747241683783,12.37012606231941,1.048189596398419,1.834192038625808,998,2.941172892209178,0.1709918901193995,0.8987975951903807,0.842685370741483,0.0791583166332665,0.0671342685370741,3,2,1733.9280067899283,2.496297159213833,0.2496297159213833,0.1733928006789928,0.579806123428352,0.6803545012408133,2.881158818504655,0.0,0.0,0.0,0.0,0.0,0.0,0.0,0.0,0.0,0.0,0.0,0.0,13.0,4.0,0.023636363636363636,5.0,0.0,2.0,6.0,8.0,0.6153846153846154,0.15384615384615385,0.46153846153846156,4.0,267.0,5.0,251.0,0.45636363636363636,21.916666666666668,1.0,0.0,0.0
subject_11_task_1,11,1,,1,56,550.0,560.0,0.4684171317292486,30.0,0.3111111111111111,eye,中,5.666666666666667,1,79.0,,79.0,79.0,,6.789369844769389,2.4758255599246755,3.919965882709918,19.12406115925537,10.541667885480551,0.6315936500480736,4.87862949103901,9.413262361084032,4.477694372836637,8.18442607598994,6.804830488020483,2.2670186846603104,0.5470993727920063,0.8314364898454301,12.998373974762584,5.675195353964588,10.47725321073769,10.021263715656668,1.761809075954606,0.5416682445116743,0.9564781449957038,18.35245090983237,7.5578651687810305,7.2046696927843525,17.31139843731964,14.81709064105697,1.0490231323651675,2.402802512189756,998,2.8753278350515465,0.1106480103596379,0.9569138276553106,0.9208416833667334,0.0470941883767535,0.032064128256513,3,2,1733.9280067899283,2.496297159213833,0.2496297159213833,0.1733928006789928,0.579806123428352,0.6803545012408133,2.881158818504655,0.0,0.0,0.0,0.0,0.0,0.0,0.0,0.0,0.0,0.0,0.0,0.0,13.0,4.0,0.023214285714285715,5.0,0.0,2.0,6.0,8.0,0.6153846153846154,0.15384615384615385,0.46153846153846156,4.0,277.0,5.0,251.0,0.44821428571428573,21.916666666666668,1.0,0.0,0.0
subject_11_task_1,11,1,,1,57,560.0,570.0,0.4767817233672709,30.0,0.3166666666666666,eye,中,5.666666666666667,2,81.5,0.7071067811865476,81.0,82.0,14.999999999999789,6.104297802931832,2.5561848252096926,3.2819772316902154,21.64598631023948,14.028000755789408,0.7788551366315419,6.595410260994351,10.47291593487864,4.466600106484932,5.664826267258159,6.992164159251288,2.512016467270658,0.7884796277515528,1.234312197651134,13.494759287166216,5.679693742236491,7.668486198827868,8.47882722504727,2.161674554876152,0.7406538389681963,1.1056715765287892,14.096444002122704,9.448463742997474,7.358767201359168,19.35854557838869,16.004076782648742,1.2839737260953623,2.6306778090239296,998,2.8296338797814204,0.0814425892872425,0.908817635270541,0.8406813627254509,0.0761523046092184,0.0831663326653306,3,2,1733.9280067899283,2.496297159213833,0.2496297159213833,0.1733928006789928,0.579806123428352,0.6803545012408133,2.881158818504655,0.0,0.0,0.0,0.0,0.0,0.0,0.0,0.0,0.0,0.0,0.0,0.0,13.0,4.0,0.02280701754385965,5.0,0.0,2.0,6.0,8.0,0.6153846153846154,0.15384615384615385,0.46153846153846156,4.0,287.0,5.0,251.0,0.44035087719298244,21.916666666666668,1.0,0.0,0.0
subject_11_task_1,11,1,,1,58,570.0,580.0,0.4851463150052932,30.0,0.3222222222222222,eye,中,5.666666666666667,3,83.0,0.0,83.0,83.0,1.8496603316179077e-13,7.390210791319065,2.630424183009242,2.0701007763944346,7.057450065041599,4.519131025613189,1.270674458463197,3.409230190876891,10.913445264416884,5.034280835543672,3.45207033579862,4.604956496442488,1.754451188611599,1.4583366924298242,1.3339694874372114,13.28991710608426,5.864128770456073,4.3365346724649765,5.8135276594566845,1.7687800146593644,1.352261474511117,1.3405929154377438,14.391555642218313,12.735086356991443,9.009634781770076,15.53729776084179,13.011672226094058,1.4134964030683437,1.7245202649367832,999,2.8827444561774027,0.130957742802763,0.9409409409409408,0.8988988988988988,0.049049049049049,0.052052052052052,3,2,1197.797467090485,1.7244420775849196,0.1724442077584919,0.1197797467090485,0.5798061234283521,0.6803545012408133,2.8811588185046553,0.0,0.0,0.0,0.0,0.0,0.0,0.0,0.0,0.0,0.0,0.0,0.0,13.0,4.0,0.022413793103448276,5.0,0.0,2.0,6.0,8.0,0.6153846153846154,0.15384615384615385,0.46153846153846156,4.0,297.0,5.0,251.0,0.43275862068965515,21.916666666666668,1.0,0.0,0.0
subject_11_task_1,11,1,,1,59,580.0,590.0,0.4935109066433155,30.0,0.3277777777777778,eye,中,5.666666666666667,1,82.0,,82.0,82.0,,6.547028555008736,2.807753552398664,2.0130369137954904,10.266082948231974,8.371486896090973,1.3947849307466356,5.099798656387148,12.91745641617347,6.224613615183393,3.468914410101396,5.235435226670843,2.2936538281852834,1.794398154378634,1.509243125579974,13.17171250031804,5.738415096838576,4.001693410004435,6.900812615036143,2.0849979568414545,1.4339966881251445,1.724473093761697,18.51786490256363,11.380204527884183,6.5298931465849535,18.64563827359507,14.674518848892872,1.7427857198300216,2.8554277773054353,998,3.082122002085506,0.1277325899536987,0.8947895791583166,0.8507014028056112,0.0731462925851703,0.0460921843687374,3,2,2.5105268670906504,0.0050277574107289,0.0005027757410728,0.000251052686709,0.6789052069425902,0.6276919292939521,2.9921347463284382,0.0,0.0,0.0,0.0,0.0,0.0,0.0,0.0,0.0,0.0,0.0,0.0,13.0,4.0,0.022033898305084745,5.0,0.0,2.0,6.0,8.0,0.6153846153846154,0.15384615384615385,0.46153846153846156,4.0,307.0,5.0,251.0,0.42542372881355933,21.916666666666668,1.0,0.0,0.0
subject_11_task_1,11,1,,1,60,590.0,600.0,0.5018754982813378,30.0,0.3333333333333333,eye,中,5.666666666666667,3,82.33333333333333,0.5773502691896257,82.0,83.0,-9.069767441860344,7.527500204023728,2.6464231468789468,2.013529570745322,5.980127162718848,3.5824115702817445,1.3143204774983044,2.9699723558096363,11.417026056571506,5.0597210593981545,3.05478013414765,4.829574936961551,1.7402325181674112,1.6563290440573482,1.5809893756262454,14.24778778295162,6.195237308085302,3.691589202174762,6.817221900433969,1.5629394976806554,1.6782033343351446,1.846690280819398,20.052320267051424,11.16790104637127,7.881956943268345,16.666319916197022,14.838646145660316,1.4168944497862697,2.114490098861938,998,2.9749575821845173,0.1544971100372405,0.9098196392785572,0.874749498997996,0.0551102204408817,0.064128256513026,3,2,2993.4894731329173,5.994972242589286,0.5994972242589286,0.2993489473132917,0.6789052069425902,0.627691929293952,2.992134746328438,0.0,0.0,0.0,0.0,0.0,0.0,0.0,0.0,0.0,0.0,0.0,0.0,13.0,4.0,0.021666666666666667,5.0,0.0,2.0,6.0,8.0,0.6153846153846154,0.15384615384615385,0.46153846153846156,4.0,317.0,5.0,251.0,0.41833333333333333,21.916666666666668,1.0,0.0,0.0
subject_11_task_1,11,1,,1,61,600.0,610.0,0.5102400899193601,30.0,0.3388888888888889,eye,中,5.666666666666667,1,81.0,,81.0,81.0,,4.707884852848327,2.1600879936550337,3.059248862006436,19.21011483451724,15.96637001738774,0.7060844315353673,6.279356698662988,8.644035584431718,4.65001831130677,7.266123629366281,7.434936092427901,2.603151738854907,0.6399586008299619,1.0232328090839742,13.437754175579542,5.563431135411756,8.308161209293296,8.607900928964565,2.3989207976731883,0.6696344708849228,1.0360777447765444,17.46623069772812,7.150979628238421,7.744933184786707,17.649190262803852,12.986801774613198,0.9233106932781572,2.278804715510261,998,2.972718079673136,0.1595955720423705,0.5430861723446894,0.8897795591182365,0.0721442885771543,0.0190380761523046,3,1,58.800887275661744,0.1003428110506173,0.0100342811050617,0.0058800887275661,1.0,-1.000088900581841e-12,2.79481,0.0,0.0,0.0,0.0,0.0,0.0,0.0,0.0,0.0,0.0,0.0,0.0,13.0,4.0,0.021311475409836064,5.0,0.0,2.0,6.0,8.0,0.6153846153846154,0.15384615384615385,0.46153846153846156,4.0,327.0,5.0,251.0,0.41147540983606556,21.916666666666668,1.0,0.0,0.0
subject_11_task_1,11,1,,1,62,610.0,620.0,0.5186046815573824,30.0,0.3444444444444444,eye,中,5.666666666666667,3,81.0,1.0,80.0,82.0,-9.402985074627018,8.527958386244356,2.1128853451771117,2.8227222220639794,19.39715056475745,13.660479445953266,0.7485275485705307,6.87178866313463,13.386999946211937,5.541162782342176,5.365019001998181,7.279248924724681,2.667580235807391,1.032831902417939,1.3567983490857258,14.512451957155058,4.769971343740051,7.008448572441869,7.936994184597731,2.216944870065138,0.6806030313893147,1.1324894664715133,15.903772834618158,6.992042307959278,7.362938267158438,16.91984614597993,13.46858392772758,0.9496266373910128,2.297974739439146,998,2.97270101010101,0.113605696583616,0.9759519038076152,0.9539078156312624,0.0270541082164328,0.0190380761523046,3,1,472.6759427303891,0.8066142367412784,0.0806614236741278,0.0472675942730389,1.0,-1.000088900581841e-12,2.79481,0.0,0.0,0.0,0.0,0.0,0.0,0.0,0.0,0.0,0.0,0.0,0.0,13.0,4.0,0.020967741935483872,5.0,0.0,2.0,6.0,8.0,0.6153846153846154,0.15384615384615385,0.46153846153846156,4.0,337.0,5.0,251.0,0.40483870967741936,21.916666666666668,1.0,0.0,0.0
subject_11_task_1,11,1,,1,63,620.0,630.0,0.5269692731954047,30.0,0.35,eye,中,5.666666666666667,1,81.0,,81.0,81.0,,7.286294590710365,2.6936185177890404,2.7494420161754305,15.574680095582297,10.468097983367556,0.9796964263810726,5.664669414358924,11.918876781869605,5.2709990308274675,4.523558206183127,7.179002779671168,2.9822807826753404,1.1652329406577957,1.5870256228511412,15.750251986242116,6.378106236544635,5.540504323888601,8.894560092609757,2.503054545467535,1.1511779187762037,1.6053701202361148,29.755518471572003,10.62429956457183,9.489221668985378,21.576882925264226,20.364442191905457,1.1196175972257394,2.2738306341589873,999,2.845583857442348,0.1320880648053155,0.9429429429429428,0.8818818818818819,0.071071071071071,0.045045045045045,3,1,472.6759427303891,0.8066142367412784,0.0806614236741278,0.0472675942730389,1.0,-1.000088900581841e-12,2.79481,0.0,0.0,0.0,0.0,0.0,0.0,0.0,0.0,0.0,0.0,0.0,0.0,13.0,4.0,0.020634920634920634,5.0,0.0,2.0,6.0,8.0,0.6153846153846154,0.15384615384615385,0.46153846153846156,4.0,347.0,5.0,251.0,0.3984126984126984,21.916666666666668,1.0,0.0,0.0
subject_11_task_1,11,1,,1,64,630.0,640.0,0.535333864833427,30.0,0.3555555555555555,eye,中,5.666666666666667,2,79.5,2.1213203435596424,78.0,81.0,29.999999999999787,5.83766134024282,2.826818118826313,1.984591963284121,5.189351318361475,3.781604156142918,1.424382528561926,2.614820282640916,10.231000979785144,6.846906321820955,2.743406954652736,4.74488287857499,1.9331316150707272,2.4957676476721065,1.7295585223066563,13.049265500352886,6.282522540307567,4.344415755065205,6.4953009999761635,1.8679491081453017,1.446114482248321,1.495091944734621,12.022852111420432,14.42916953120188,7.669146244980694,21.25724034318991,18.966125100225344,1.8814570840457616,2.7717870626215215,998,2.954333723653396,0.1639063792509446,0.7915831663326653,0.7905811623246493,0.0501002004008016,0.1442885771543086,3,1,167.8472272635633,0.2864287154668316,0.0286428715466831,0.0167847227263563,1.0,-1.000088900581841e-12,2.79481,0.0,0.0,0.0,0.0,0.0,0.0,0.0,0.0,0.0,0.0,0.0,0.0,13.0,4.0,0.0203125,5.0,0.0,2.0,6.0,8.0,0.6153846153846154,0.15384615384615385,0.46153846153846156,4.0,357.0,5.0,251.0,0.3921875,21.916666666666668,1.0,0.0,0.0
subject_11_task_1,11,1,,1,65,640.0,650.0,0.5436984564714493,30.0,0.3611111111111111,eye,中,5.666666666666667,3,81.33333333333333,2.3094010767585034,80.0,84.0,42.58064516129035,6.729769277084151,2.8890008671077876,2.144867756658938,10.1799882109806,7.787350052009606,1.3469365923090693,4.746207862641366,9.463579965818402,6.331880543207703,2.72836109806108,5.737836958316033,2.6525957973162653,2.3207633871145124,2.103034294981573,15.573473764885025,6.091781548608287,4.340139887521935,7.966593361944861,2.5541719313192957,1.4035910607679691,1.8355614262224855,13.326453645153554,10.969090002764382,10.502343633604992,28.211054397042307,27.34383393997319,1.0444421155356136,2.6861675242441763,998,3.322674273858921,0.1856323752344775,0.9208416833667334,0.908817635270541,0.0561122244488977,0.034068136272545,0,0,0.0,0.0,,,,,,0.0,0.0,0.0,0.0,0.0,0.0,0.0,0.0,0.0,0.0,0.0,0.0,13.0,4.0,0.02,5.0,0.0,2.0,6.0,8.0,0.6153846153846154,0.15384615384615385,0.46153846153846156,4.0,367.0,5.0,251.0,0.3861538461538462,21.916666666666668,1.0,0.0,0.0
subject_11_task_1,11,1,,1,66,650.0,660.0,0.5520630481094716,30.0,0.3666666666666666,eye,中,5.666666666666667,2,81.5,0.7071067811865476,81.0,82.0,-20.000000000000146,6.80250606914375,2.42393575057063,2.272791307349143,14.132723864731751,11.975791155216717,1.0665016813170467,6.218223300587757,9.742672738720117,4.833766549595711,3.012072287626875,6.649915800033562,3.157039003095383,1.6047976568995614,2.207754384697334,11.759590113476316,5.476002775488902,4.8840395590906915,8.10337944584317,2.3843279804849034,1.1212036080453909,1.659155161992966,14.600131477179678,8.768765094592625,9.705891335514853,30.38759825963532,20.94711581207913,0.9034476887771052,3.1308405595315065,998,3.307679089026915,0.1434109372029495,0.934869739478958,0.874749498997996,0.0781563126252505,0.0410821643286573,3,2,1973.6346400272073,3.069117916263516,0.3069117916263516,0.1973634640027207,0.9035863543590242,0.3171307188315121,3.0813743881815534,0.0,0.0,0.0,0.0,0.0,0.0,0.0,0.0,0.0,0.0,0.0,0.0,13.0,4.0,0.019696969696969695,5.0,0.0,2.0,6.0,8.0,0.6153846153846154,0.15384615384615385,0.46153846153846156,4.0,377.0,5.0,251.0,0.3803030303030303,21.916666666666668,1.0,0.0,0.0
subject_11_task_1,11,1,,1,67,660.0,670.0,0.5604276397474939,30.0,0.3722222222222222,eye,中,5.666666666666667,1,83.0,,83.0,83.0,,6.63220787801131,2.8183393622221495,2.6109450314446625,18.34173495562545,12.330904427625272,1.079432668355616,7.02494105955068,9.10768672898712,5.889716014839678,2.9208946664214364,6.1854965854499,2.3234797854410165,2.016408219901858,2.117671909418125,13.238194290362864,5.772886487182464,6.624880856614303,8.876830411186841,1.9950719796865477,0.8713947634875266,1.3399230270419404,21.190372974905145,8.849043496984232,8.150025038060969,23.027900135135315,21.085882586623477,1.0857688725689574,2.8255005386601915,998,3.013709445585216,0.1275781233888513,0.938877755511022,0.8557114228456913,0.1042084168336673,0.0380761523046092,3,2,2690.7084390282175,4.184209838123382,0.4184209838123382,0.2690708439028217,0.903586354359024,0.3171307188315122,3.0813743881815534,0.0,0.0,0.0,0.0,0.0,0.0,0.0,0.0,0.0,0.0,0.0,0.0,13.0,4.0,0.019402985074626865,5.0,0.0,2.0,6.0,8.0,0.6153846153846154,0.15384615384615385,0.46153846153846156,4.0,387.0,5.0,251.0,0.3746268656716418,21.916666666666668,1.0,0.0,0.0
subject_11_task_1,11,1,,1,68,670.0,680.0,0.5687922313855162,30.0,0.3777777777777777,eye,中,5.666666666666667,3,83.0,1.0,82.0,84.0,17.02702702702661,6.465150132336626,2.573288397898692,2.3473432396966434,18.322841971146335,13.014313156542928,1.0962556963894416,7.805778746492256,10.296939944720114,5.051644015934651,3.294039218118963,6.343559595842269,2.4741132746544707,1.5335713030215092,1.9257692989656363,13.209309674764157,5.5946553258952045,5.2254894208177305,7.644908007719848,2.008455924189901,1.0706471442859995,1.4630032504253938,15.32390036174762,6.389981048209116,6.592184333298458,19.77179803966735,17.87858382266973,0.969326815685664,2.999278697319794,998,3.0045270541082165,0.1716619183516705,0.9709418837675352,0.9238476953907816,0.0541082164328657,0.0200400801603206,3,2,2690.7084390282175,4.184209838123382,0.4184209838123382,0.2690708439028217,0.903586354359024,0.3171307188315122,3.0813743881815534,0.0,0.0,0.0,0.0,0.0,0.0,0.0,0.0,0.0,0.0,0.0,0.0,13.0,4.0,0.01911764705882353,5.0,0.0,2.0,6.0,8.0,0.6153846153846154,0.15384615384615385,0.46153846153846156,4.0,397.0,5.0,251.0,0.36911764705882355,21.916666666666668,1.0,0.0,0.0
subject_11_task_1,11,1,,1,69,680.0,690.0,0.5771568230235384,30.0,0.3833333333333333,eye,中,5.666666666666667,1,83.0,,83.0,83.0,,5.854543905098286,2.6900488282432393,2.011161890212266,9.188191860480032,4.71181674157411,1.3375595675986685,4.568598830952526,10.53570206992824,4.9421518420518895,3.1476336074672857,4.578272915037549,1.847155419334266,1.5701166204120391,1.4545126548961376,12.653620170374456,5.223964390804669,3.8362942657879775,5.574516752364168,1.6309148346124835,1.361721502282011,1.4530993626004232,15.321295733599705,8.893831512030566,6.429234542771429,16.521957969389536,15.943002685903346,1.3833422086040017,2.5698172713213028,999,2.9632693498452016,0.1347082426586288,0.94994994994995,0.915915915915916,0.042042042042042,0.037037037037037,3,2,2690.7084390282175,4.184209838123382,0.4184209838123382,0.2690708439028217,0.903586354359024,0.3171307188315122,3.0813743881815534,0.0,0.0,0.0,0.0,0.0,0.0,0.0,0.0,0.0,0.0,0.0,0.0,13.0,4.0,0.01884057971014493,5.0,0.0,2.0,6.0,8.0,0.6153846153846154,0.15384615384615385,0.46153846153846156,4.0,407.0,5.0,251.0,0.36376811594202896,21.916666666666668,1.0,0.0,0.0
subject_11_task_1,11,1,,1,70,690.0,700.0,0.5855214146615608,30.0,0.3888888888888889,eye,中,5.666666666666667,3,86.0,1.0,85.0,87.0,7.297297297297095,6.640594775274745,3.3769236489979537,2.5264883596790857,10.030328414564188,7.064082197952229,1.3366076420106248,3.970067139291407,9.39931436828539,5.0737590873937135,3.8415261140636456,4.932628188721334,2.1765540030073405,1.3207665226637195,1.2840282851815623,14.845380595028756,6.499532899461444,3.937027623433603,6.593642101769041,1.7806589023276058,1.6508730751025316,1.6747766925796987,46.8216547946348,13.198051424957129,9.88732738828266,19.87167099900512,18.10645837496884,1.3348451918966455,2.009812178623191,998,2.890781573498965,0.1604016103184587,0.9599198396793588,0.939879759519038,0.0240480961923847,0.032064128256513,3,2,243.24004288814987,0.3782525693663522,0.0378252569366352,0.0243240042888149,0.9035863543590242,0.3171307188315121,3.0813743881815534,0.0,0.0,0.0,0.0,0.0,0.0,0.0,0.0,0.0,0.0,0.0,0.0,13.0,4.0,0.018571428571428572,5.0,0.0,2.0,6.0,8.0,0.6153846153846154,0.15384615384615385,0.46153846153846156,4.0,417.0,5.0,251.0,0.3585714285714286,21.916666666666668,1.0,0.0,0.0
subject_11_task_1,11,1,,1,71,700.0,710.0,0.5938860062995831,30.0,0.3944444444444444,eye,中,5.666666666666667,2,88.5,0.7071067811865476,88.0,89.0,-8.571428571428694,8.335570672236365,3.396563841852452,2.2389422400056898,10.249087519102376,7.734613155360287,1.5170395114095576,4.577647129957373,9.568170046334355,5.4402710892624775,3.501298237067381,5.967841250885015,2.7973252925505663,1.5537868301727824,1.7044652716826436,12.520446265456318,6.061767887065281,4.8020231478370246,6.936045002400249,2.365655809522415,1.2623362487945695,1.4444005763538337,15.43137630333068,13.538948931155916,8.328744134917137,18.63883437334288,21.619570723076738,1.6255690788237445,2.23789254074958,998,2.899532440782698,0.1441764730800751,0.9328657314629258,0.8887775551102205,0.0661322645290581,0.0440881763527054,3,2,1540.4475853945803,2.8739693757361575,0.2873969375736157,0.154044758539458,0.5699626865671642,0.6833254275659677,2.9853664179104475,0.0,0.0,0.0,0.0,0.0,0.0,0.0,0.0,0.0,0.0,0.0,0.0,13.0,4.0,0.018309859154929577,5.0,0.0,2.0,6.0,8.0,0.6153846153846154,0.15384615384615385,0.46153846153846156,4.0,427.0,5.0,251.0,0.35352112676056335,21.916666666666668,1.0,0.0,0.0
subject_11_task_1,11,1,,1,72,710.0,720.0,0.6022505979376054,30.0,0.4,eye,中,5.666666666666667,1,81.0,,81.0,81.0,,6.438807645196243,2.8502622431844613,2.1145895957637624,11.442818650640104,8.19021092580809,1.3479032758387253,5.411366193025795,8.12505174669025,5.074471323678575,3.59019060879476,7.0601120417583205,2.039619109658317,1.4134267164667595,1.9665006154446003,14.259192690548366,6.315845109985373,5.5669269088707285,8.282830315844706,1.8337465085812172,1.1345299145065595,1.4878640318855754,40.6091933835107,10.557320055986,9.290858861207836,21.761704986142636,16.504185913190412,1.136312607230105,2.3422705383034477,998,3.1687888774459316,0.1956884904081563,0.9468937875751504,0.87374749498998,0.0751503006012024,0.0270541082164328,3,2,603.552414605429,1.1260306242638602,0.112603062426386,0.0603552414605429,0.5699626865671642,0.6833254275659677,2.9853664179104484,0.0,0.0,0.0,0.0,0.0,0.0,0.0,0.0,0.0,0.0,0.0,0.0,13.0,4.0,0.018055555555555554,5.0,0.0,2.0,6.0,8.0,0.6153846153846154,0.15384615384615385,0.46153846153846156,4.0,437.0,5.0,251.0,0.3486111111111111,21.916666666666668,1.0,0.0,0.0
subject_11_task_1,11,1,,1,73,720.0,730.0,0.6106151895756277,30.0,0.4055555555555555,eye,中,5.666666666666667,2,77.0,1.4142135623730951,76.0,78.0,-40.0,5.534905845849319,1.8573548528117592,2.6133261938704395,16.91556978275621,13.165477640152586,0.7107244618632714,6.472812243045551,8.8806238707241,3.4046767282852968,5.013839784430311,7.104803026434024,2.2056886251385426,0.679055748621642,1.417038304354453,11.674735608117704,4.433410909510615,7.332992697152833,8.071485405613293,2.088434443691838,0.6045841162820149,1.1007082290900403,24.745213361166872,5.106628334570473,5.529228478412119,19.412848692863804,14.9390472040297,0.9235697809393096,3.5109507173844943,998,3.0004248971193417,0.1862577185276142,0.782565130260521,0.8476953907815631,0.0841683366733467,0.0390781563126252,3,2,387.4162604616917,0.6205279131794313,0.0620527913179431,0.0387416260461691,0.5509877202349173,0.6879386360501581,3.0365459049652963,0.0,0.0,0.0,0.0,0.0,0.0,0.0,0.0,0.0,0.0,0.0,0.0,13.0,4.0,0.01780821917808219,5.0,0.0,2.0,6.0,8.0,0.6153846153846154,0.15384615384615385,0.46153846153846156,4.0,447.0,5.0,251.0,0.34383561643835614,21.916666666666668,1.0,0.0,0.0
subject_11_task_1,11,1,,1,74,730.0,740.0,0.6189797812136499,30.0,0.4111111111111111,eye,中,5.666666666666667,2,75.0,0.0,75.0,75.0,0.0,5.667694175051464,2.119229241715499,3.675827426273979,20.52807717775252,14.014985379900692,0.5765312121477004,5.584613965014378,8.659842339002921,4.421600146835943,6.825452504348213,7.92308539020931,2.4306672188322307,0.6478105508783666,1.160814669087777,77.88270220376114,14.914649653817502,16.265389506557092,12.674232787561712,3.229459396625382,0.9169561938744188,0.7792148342007014,15.82443523455081,7.2032121506786,7.774876378330167,17.362362637149236,15.231752643375197,0.926472885248068,2.233136810450252,999,2.996492431886983,0.1239027383839011,0.982982982982983,0.960960960960961,0.026026026026026,0.013013013013013,3,2,574.2052178178362,0.919709371838499,0.0919709371838499,0.0574205217817836,0.5509877202349173,0.6879386360501581,3.036545904965296,0.0,0.0,0.0,0.0,0.0,0.0,0.0,0.0,0.0,0.0,0.0,0.0,13.0,4.0,0.01756756756756757,5.0,0.0,2.0,6.0,8.0,0.6153846153846154,0.15384615384615385,0.46153846153846156,4.0,457.0,5.0,251.0,0.33918918918918917,21.916666666666668,1.0,0.0,0.0
subject_11_task_1,11,1,,1,75,740.0,750.0,0.6273443728516722,30.0,0.4166666666666667,eye,中,5.666666666666667,3,74.66666666666667,0.5773502691896257,74.0,75.0,-10.71428571428509,5.524113348595623,2.594632203102593,2.6457598302158765,17.442336028745697,9.809222415346106,0.9806756355851424,6.592562117523161,8.36605697324392,4.377350670326227,4.717572032903942,6.0215386377239,2.3750183692760283,0.92788210541254,1.2764062945356427,56.564250055136434,15.263377905194268,9.580673696765531,9.668192939046444,2.833930143371483,1.5931424436621024,1.0091349778784824,14.830381880140507,7.5816709072848285,6.308475265382235,23.21689083789153,18.32899509922944,1.2018230377931822,3.6802697737905454,998,2.8635103519668736,0.0845261795082411,0.9519038076152304,0.908817635270541,0.0531062124248497,0.0380761523046092,3,2,574.2052178178362,0.919709371838499,0.0919709371838499,0.0574205217817836,0.5509877202349173,0.6879386360501581,3.036545904965296,0.0,0.0,0.0,0.0,0.0,0.0,0.0,0.0,0.0,0.0,0.0,0.0,13.0,4.0,0.017333333333333333,5.0,0.0,2.0,6.0,8.0,0.6153846153846154,0.15384615384615385,0.46153846153846156,4.0,467.0,5.0,251.0,0.33466666666666667,21.916666666666668,1.0,0.0,0.0
subject_11_task_1,11,1,,1,76,750.0,760.0,0.6357089644896946,30.0,0.4222222222222222,eye,中,5.666666666666667,1,77.0,,77.0,77.0,,6.08725641371396,3.3960950100223775,2.523959620395767,8.080925404233135,5.406713535570958,1.3455425287231244,3.201685692168884,14.544703294734582,4.872384020378008,4.031001692771586,4.955105498951476,1.8494609457819091,1.208727852710951,1.2292491734342357,10.513675116008656,5.979726069941223,4.895451168243279,6.375656146796124,1.634577007019021,1.2214862051390931,1.3023633425566397,11.244390298242598,11.908876224452284,9.045438389810046,20.309928481267967,17.87323508894788,1.316561532038954,2.2453227368335957,998,2.9671972860125257,0.0982230402464707,0.9428857715430862,0.9168336673346692,0.0350701402805611,0.0470941883767535,3,2,337.173303902631,0.5400533431435627,0.0540053343143562,0.0337173303902631,0.5509877202349173,0.687938636050158,3.036545904965296,0.0,0.0,0.0,0.0,0.0,0.0,0.0,0.0,0.0,0.0,0.0,0.0,13.0,4.0,0.017105263157894738,5.0,0.0,2.0,6.0,8.0,0.6153846153846154,0.15384615384615385,0.46153846153846156,4.0,477.0,5.0,251.0,0.33026315789473687,21.916666666666668,1.0,0.0,0.0
subject_11_task_1,11,1,,1,77,760.0,770.0,0.6440735561277169,30.0,0.4277777777777777,eye,中,5.666666666666667,3,84.0,1.7320508075688772,82.0,85.0,27.2093023255814,6.59683107220262,3.801093905462012,2.365290177260095,17.459199367068003,10.881935461185853,1.607030689936371,7.381419639298715,8.881394189272262,5.698318504509654,3.317401471208583,5.660663393797488,2.2011010834697204,1.717705425154244,1.7063546401983167,16.425181862865415,7.74365156630628,4.67320149072071,8.336627932774345,2.6024064172992407,1.657033530799469,1.7839222103579049,24.398212842430993,15.423160635914869,10.088664915736704,24.760513360090584,16.211075257571878,1.5287613142802676,2.4542903909384624,998,2.9312708757637473,0.125469052464938,0.9589178356713428,0.8977955911823647,0.0771543086172344,0.0160320641282565,3,3,778.0990039127503,1.233469518742966,0.1233469518742966,0.077809900391275,0.5144652663760403,1.0255432915787142,2.9731353258223403,0.0,0.0,0.0,0.0,0.0,0.0,0.0,0.0,0.0,0.0,0.0,0.0,13.0,4.0,0.016883116883116882,5.0,0.0,2.0,6.0,8.0,0.6153846153846154,0.15384615384615385,0.46153846153846156,4.0,487.0,5.0,251.0,0.32597402597402597,21.916666666666668,1.0,0.0,0.0
subject_11_task_1,11,1,,1,78,770.0,780.0,0.6524381477657392,30.0,0.4333333333333333,eye,中,5.666666666666667,2,82.5,0.7071067811865476,82.0,83.0,20.0,7.319075562253291,2.955571042819093,2.386267991372688,17.895684286055587,11.814311047637842,1.2385746502507946,7.499444467576833,9.049812456281373,4.759614184522364,4.017750549816323,6.623558850847377,2.8132755197972883,1.1846465143884943,1.6485739392531928,14.4624569798687,5.820143599052615,5.098889716320875,9.25002311881904,2.585873690346157,1.141453124672044,1.8141249631681449,24.69019141133211,11.305904415707458,8.21640726808914,21.818923956299972,19.26564473437041,1.376015580388438,2.6555309692400777,998,2.96738304392237,0.0918998596907251,0.9609218436873748,0.8837675350701403,0.0751503006012024,0.0290581162324649,3,3,2180.1597195650297,3.456064776528383,0.3456064776528383,0.2180159719565029,0.5144652663760403,1.0255432915787142,2.9731353258223403,0.0,0.0,0.0,0.0,0.0,0.0,0.0,0.0,0.0,0.0,0.0,0.0,13.0,4.0,0.016666666666666666,5.0,0.0,2.0,6.0,8.0,0.6153846153846154,0.15384615384615385,0.46153846153846156,4.0,497.0,5.0,251.0,0.3217948717948718,21.916666666666668,1.0,0.0,0.0
subject_11_task_1,11,1,,1,79,780.0,790.0,0.6608027394037614,30.0,0.4388888888888889,eye,中,5.666666666666667,2,82.5,0.7071067811865476,82.0,83.0,12.0,7.03485632962855,2.730113368168229,2.216267733076082,13.848105606244314,10.98415161893614,1.2318517873194643,6.248390210068958,9.966462081884751,4.660590874325117,3.6742088818685104,5.478007967307108,1.957578078252004,1.2684610549291864,1.4909353668867296,15.586131060621772,6.931417820329662,4.826435090004914,7.286195979323868,2.1116843312725213,1.4361361317557064,1.5096434207543543,16.365148948403444,9.50654271029866,7.60468444583876,19.779546716061585,15.354747592919074,1.2500903591733628,2.600968765625093,999,2.9020367346938776,0.0971961080988947,0.955955955955956,0.914914914914915,0.047047047047047,0.038038038038038,3,3,2180.1597195650297,3.456064776528383,0.3456064776528383,0.2180159719565029,0.5144652663760403,1.0255432915787142,2.9731353258223403,0.0,0.0,0.0,0.0,0.0,0.0,0.0,0.0,0.0,0.0,0.0,0.0,13.0,4.0,0.016455696202531647,5.0,0.0,2.0,6.0,8.0,0.6153846153846154,0.15384615384615385,0.46153846153846156,4.0,507.0,5.0,251.0,0.31772151898734174,21.916666666666668,1.0,0.0,0.0
subject_11_task_1,11,1,,1,80,790.0,800.0,0.6691673310417837,30.0,0.4444444444444444,eye,中,5.666666666666667,1,80.0,,80.0,80.0,,6.613440150348445,2.6225639542956714,2.2468552034615943,12.440194148173008,8.97742914504436,1.167215381861388,5.53671377176738,11.364291335244864,6.043756648473024,3.2055940195370467,5.106038405557409,2.00446349755164,1.8853780646077776,1.5928524867583904,15.765194516905638,6.578720396485478,4.910895217429895,7.088120555290176,2.2744790247575093,1.3396173416887591,1.4433459158592523,16.085297975181454,11.13363711496581,8.022665145297422,20.110520659617105,15.52768290090784,1.387772880124745,2.5067132050756373,998,2.947073145245559,0.1004429670173879,0.9148296593186372,0.9008016032064128,0.0541082164328657,0.0440881763527054,3,3,2180.1597195650297,3.456064776528383,0.3456064776528383,0.2180159719565029,0.5144652663760403,1.0255432915787142,2.9731353258223403,0.0,0.0,0.0,0.0,0.0,0.0,0.0,0.0,0.0,0.0,0.0,0.0,13.0,4.0,0.01625,5.0,0.0,2.0,6.0,8.0,0.6153846153846154,0.15384615384615385,0.46153846153846156,4.0,517.0,5.0,251.0,0.31375,21.916666666666668,1.0,0.0,0.0
subject_11_task_1,11,1,,1,81,800.0,810.0,0.677531922679806,30.0,0.45,eye,中,5.666666666666667,2,83.5,2.1213203435596424,82.0,85.0,-36.00000000000034,8.65743888133314,2.3625524466673724,1.97085713640274,13.176301116111343,8.98264352007855,1.1987436344470734,6.685568868863358,11.04646961763258,4.000223917689678,3.749703265888268,5.372153351770312,1.9986689747708235,1.066810793824792,1.432687594413608,17.5570193193678,5.701365652240506,4.703372272834838,7.14158535190842,2.219067985966573,1.2121867718551125,1.518396788014403,14.67358380189402,6.941923282502657,9.730086107630257,24.87021818469007,16.438763503531312,0.7134493164514605,2.556012136951907,998,2.9664169215086647,0.1020944164811948,0.9649298597194388,0.8977955911823647,0.0711422845691382,0.0270541082164328,3,3,2180.1597195650297,3.456064776528383,0.3456064776528383,0.2180159719565029,0.5144652663760403,1.0255432915787142,2.9731353258223403,0.0,0.0,0.0,0.0,0.0,0.0,0.0,0.0,0.0,0.0,0.0,0.0,13.0,4.0,0.016049382716049384,5.0,0.0,2.0,6.0,8.0,0.6153846153846154,0.15384615384615385,0.46153846153846156,4.0,527.0,5.0,251.0,0.30987654320987656,21.916666666666668,1.0,0.0,0.0
subject_11_task_1,11,1,,1,82,810.0,820.0,0.6858965143178284,30.0,0.4555555555555555,eye,中,5.666666666666667,2,83.0,0.0,83.0,83.0,-6.394884621840903e-13,5.368464614376182,3.133912955500469,1.9835831226259444,12.159214082033806,8.561362247392209,1.5799251968587396,6.129924147538101,8.173886702035507,5.595254837610646,3.1396663659433197,4.909781911386519,2.142868357956528,1.7821176473728728,1.5637909698444548,12.36366581737584,6.777459921002816,4.248558251861966,6.958030607597019,2.6199545038914613,1.5952376122023366,1.63773925061463,12.836264541176211,13.75788008181192,8.508676451810446,29.48690355864434,25.721564591546525,1.6169236378572798,3.46551002681154,998,2.981197368421052,0.0718674516808702,0.9889779559118236,0.9659318637274548,0.0240480961923847,0.0100200400801603,3,3,2180.1597195650297,3.456064776528383,0.3456064776528383,0.2180159719565029,0.5144652663760403,1.0255432915787142,2.9731353258223403,0.0,0.0,0.0,0.0,0.0,0.0,0.0,0.0,0.0,0.0,0.0,0.0,13.0,4.0,0.015853658536585366,5.0,0.0,2.0,6.0,8.0,0.6153846153846154,0.15384615384615385,0.46153846153846156,4.0,537.0,5.0,251.0,0.30609756097560975,21.916666666666668,1.0,0.0,0.0
subject_11_task_1,11,1,,1,83,820.0,830.0,0.6942611059558507,30.0,0.4611111111111111,eye,中,5.666666666666667,2,86.0,0.0,86.0,86.0,-4.263256414560601e-13,7.60574626471913,2.613706768382873,1.8287394074848595,11.735652884689996,9.29463870087215,1.429239594053267,6.417345651686109,9.36994915978982,5.221677323888561,3.155295306228366,5.326860796705237,2.137505115918731,1.654893383063474,1.6882289230394154,16.25210704726042,6.854246602589107,4.262096571122438,8.012845481861284,2.819679433136576,1.6081866021125883,1.880024384278809,18.314256388342745,8.168872692858338,8.503529513457694,27.08271149170659,23.872844787438467,0.9606449510089042,3.1848788728075164,998,3.0240552147239264,0.1099314526274015,0.9589178356713428,0.8927855711422845,0.0711422845691382,0.033066132264529,3,3,2180.1597195650297,3.456064776528383,0.3456064776528383,0.2180159719565029,0.5144652663760403,1.0255432915787142,2.9731353258223403,0.0,0.0,0.0,0.0,0.0,0.0,0.0,0.0,0.0,0.0,0.0,0.0,13.0,4.0,0.01566265060240964,5.0,0.0,2.0,6.0,8.0,0.6153846153846154,0.15384615384615385,0.46153846153846156,4.0,547.0,5.0,251.0,0.3024096385542169,21.916666666666668,1.0,0.0,0.0
subject_11_task_1,11,1,,1,84,830.0,840.0,0.7026256975938729,30.0,0.4666666666666667,eye,中,5.666666666666667,3,90.0,3.4641016151377544,86.0,92.0,-54.418604651162696,6.964007314177112,3.626449647204192,2.3450777542637433,15.712409500394378,10.31505770364774,1.546409128912975,6.700165686117056,9.908627605274893,5.046028174872109,3.782558233050248,6.413641880076383,2.8048579404710794,1.334025245343811,1.695583117276805,13.376856263523084,7.97553365095216,5.010136227033039,8.253216720649204,3.0023303579735776,1.5918795995843025,1.6473038549565928,15.27379296179114,12.233889169633564,11.580725698508282,29.65044521539996,23.335088816867977,1.056400910282282,2.5603270457583887,999,2.9782014242115973,0.0906113324155667,0.977977977977978,0.934934934934935,0.045045045045045,0.02002002002002,3,3,2180.1597195650297,3.456064776528383,0.3456064776528383,0.2180159719565029,0.5144652663760403,1.0255432915787142,2.9731353258223403,0.0,0.0,0.0,0.0,0.0,0.0,0.0,0.0,0.0,0.0,0.0,0.0,13.0,4.0,0.015476190476190477,5.0,0.0,2.0,6.0,8.0,0.6153846153846154,0.15384615384615385,0.46153846153846156,4.0,557.0,5.0,251.0,0.2988095238095238,21.916666666666668,1.0,0.0,0.0
subject_11_task_1,11,1,,1,85,840.0,850.0,0.7109902892318952,30.0,0.4722222222222222,eye,中,5.666666666666667,1,88.0,,88.0,88.0,,6.802535333839933,2.813239035660846,2.545837196202034,13.140869273388535,9.522963755431576,1.105034933049816,5.161708412852373,8.166302708788539,5.59731510248174,3.538409816281604,5.212773087694016,2.4010752300502265,1.5818730427228382,1.4731965369607596,11.37388863617249,6.646817230675366,4.393180868823496,7.836943419703829,2.8602683882501436,1.5129851078622674,1.7838881789090966,17.112181477783025,10.557020032528614,13.352447002115367,23.21345723353662,18.017533104895016,0.7906430956704875,1.738517084535817,998,3.0304303797468353,0.1259766341832933,0.9078156312625252,0.8336673346693386,0.0811623246492986,0.0581162324649298,3,3,1623.7829591320294,2.574077045558332,0.2574077045558332,0.1623782959132029,0.5144652663760403,1.0255432915787142,2.9731353258223407,0.0,0.0,0.0,0.0,0.0,0.0,0.0,0.0,0.0,0.0,0.0,0.0,13.0,4.0,0.015294117647058824,5.0,0.0,2.0,6.0,8.0,0.6153846153846154,0.15384615384615385,0.46153846153846156,4.0,567.0,5.0,251.0,0.2952941176470588,21.916666666666668,1.0,0.0,0.0
subject_11_task_1,11,1,,1,86,850.0,860.0,0.7193548808699175,30.0,0.4777777777777778,eye,中,5.666666666666667,3,92.0,1.0,91.0,93.0,5.5102040816327795,5.372775779512216,3.117285550057161,2.2099976032011868,13.757903563827815,9.48421525037176,1.4105379777524487,6.225302481730958,10.256680985130728,4.78747516667953,3.260991967108456,5.306312289918,2.313187260041475,1.4681039435140395,1.6272080224175294,12.170204551101484,6.312920127225452,4.266909487861769,6.671088523654637,2.0891040176872533,1.4795064543047003,1.5634473950366472,13.282758677889737,10.257292932452795,10.492832338808885,23.785146884735443,21.253535423361978,0.9775523520484628,2.2667994795612514,998,2.9970771637122,0.115218963232612,0.9458917835671342,0.8917835671342685,0.0571142284569138,0.0390781563126252,9,0,0.0,0.0,0.0,0.0,,,,0.0,0.0,0.0,0.0,0.0,0.0,0.0,0.0,0.0,0.0,0.0,0.0,13.0,4.0,0.015116279069767442,5.0,0.0,2.0,6.0,8.0,0.6153846153846154,0.15384615384615385,0.46153846153846156,4.0,577.0,5.0,251.0,0.29186046511627906,21.916666666666668,1.0,0.0,0.0
subject_11_task_1,11,1,,1,87,860.0,870.0,0.7277194725079398,30.0,0.4833333333333333,eye,中,5.666666666666667,1,93.0,,93.0,93.0,,7.878264007319569,2.910557044967036,1.8488075792519412,5.794397695305055,3.871127605814127,1.5742887889634771,3.134126969367773,9.777979587891275,4.936456077548126,2.5002315073190804,4.029560384821184,1.4823372967281438,1.9743995958363605,1.6116749081135908,14.068544365710569,6.971336815031563,4.006340895738944,5.685517390190725,1.8093078686934068,1.740075793961049,1.419129709166216,14.486047371967237,9.623368803498607,9.120604086251122,23.00997414961671,19.974398410982527,1.0551240589431328,2.522856373549111,998,2.949130964467005,0.1365395059778173,0.968937875751503,0.9278557114228456,0.0460921843687374,0.0230460921843687,9,1,404.5360628421789,1.0816472268507458,0.1081647226850745,0.0404536062842178,1.0,-1.000088900581841e-12,2.90878,0.0,0.0,0.0,0.0,0.0,0.0,0.0,0.0,0.0,0.0,0.0,0.0,13.0,4.0,0.014942528735632184,5.0,0.0,2.0,6.0,8.0,0.6153846153846154,0.15384615384615385,0.46153846153846156,4.0,587.0,5.0,251.0,0.2885057471264368,21.916666666666668,1.0,0.0,0.0
subject_11_task_1,11,1,,1,88,870.0,880.0,0.7360840641459622,30.0,0.4888888888888889,eye,中,5.666666666666667,2,89.0,1.4142135623730951,88.0,90.0,29.999999999999787,7.6554560069349185,3.0401722931119224,1.952596504683428,10.437332406651768,6.853238672690307,1.5569895192477676,5.345360591201078,10.291821652398994,4.689825959762944,3.2009343738930554,5.206174600377164,2.222556587796467,1.4651428026807878,1.6264546511290343,13.948453017115442,6.413458408404275,3.8617105073270457,6.648248321135229,2.103238335271013,1.66078176917603,1.7215812289712356,16.662628944005558,8.974884256053713,11.402961109591862,28.495662653462187,25.537305949545,0.7870661111440854,2.498970432293451,998,2.9621022044088177,0.1540468202972114,0.9579158316633266,0.8637274549098196,0.094188376753507,0.0180360721442885,9,1,445.13211140204714,1.1901928112354203,0.119019281123542,0.0445132111402047,1.0,-1.000088900581841e-12,2.90878,0.0,0.0,0.0,0.0,0.0,0.0,0.0,0.0,0.0,0.0,0.0,0.0,13.0,4.0,0.014772727272727272,5.0,0.0,2.0,6.0,8.0,0.6153846153846154,0.15384615384615385,0.46153846153846156,4.0,597.0,5.0,251.0,0.2852272727272727,21.916666666666668,1.0,0.0,0.0
subject_11_task_1,11,1,,1,89,880.0,890.0,0.7444486557839844,30.0,0.4944444444444444,eye,中,5.666666666666667,2,88.0,0.0,88.0,88.0,0.0,7.348667481485506,3.3805059998801568,1.9891290322416904,10.751890974524242,8.01680859897217,1.6994905534461104,5.405326049867752,8.87745489405039,5.134340394607351,3.0586702740832448,4.7837038967935985,2.129785618076687,1.678618463098718,1.5639815567329782,18.30102739391504,6.900927460264855,5.016964152585593,7.859838440569297,2.475089441433445,1.375518590601913,1.5666523023726555,11.52458231090838,8.779775583256784,7.694833821800747,26.70644670673976,24.202129420433607,1.1409961263077857,3.470698305540523,999,3.01320207253886,0.0758704097974767,0.937937937937938,0.9009009009009008,0.056056056056056,0.041041041041041,9,1,272.33182575577473,0.7281599619138363,0.0728159961913836,0.0272331825755774,1.0,-1.000088900581841e-12,2.90878,0.0,0.0,0.0,0.0,0.0,0.0,0.0,0.0,0.0,0.0,0.0,0.0,13.0,4.0,0.014606741573033709,5.0,0.0,2.0,6.0,8.0,0.6153846153846154,0.15384615384615385,0.46153846153846156,4.0,607.0,5.0,251.0,0.28202247191011237,21.916666666666668,1.0,0.0,0.0
subject_11_task_1,11,1,,1,90,890.0,900.0,0.7528132474220067,30.0,0.5,eye,中,5.666666666666667,3,89.66666666666667,1.1547005383792517,89.0,91.0,16.153846153846025,5.23768253078054,3.156574149058849,2.5487346930387123,14.867341496491743,9.362346184636062,1.2384867509671804,5.833224437638997,8.555777981431072,5.012176949071482,3.483287500633121,5.5306084772018655,2.0279214786498474,1.438921406332515,1.5877553822923385,11.275401564675873,6.725404388392294,5.81035488670223,8.069753994980333,2.0823866273406275,1.1574859917393816,1.3888573335596142,11.267939393284768,8.080114461657926,9.694202972864874,30.19763724023248,24.298711005259833,0.833499616654927,3.1150201130262016,998,2.970422649140546,0.0936485555474981,0.9468937875751504,0.9268537074148296,0.0601202404809619,0.0130260521042084,12,3,570.6289617486467,1.5817850637523123,0.1581785063752312,0.0570628961748646,0.465003465003465,1.0414817626947166,2.8063885169785165,0.0,0.0,0.0,0.0,0.0,0.0,0.0,0.0,0.0,0.0,0.0,0.0,13.0,4.0,0.014444444444444444,5.0,0.0,2.0,6.0,8.0,0.6153846153846154,0.15384615384615385,0.46153846153846156,4.0,617.0,5.0,251.0,0.2788888888888889,21.916666666666668,1.0,0.0,0.0
subject_11_task_1,11,1,,1,91,900.0,910.0,0.761177839060029,30.0,0.5055555555555555,eye,中,5.666666666666667,1,81.0,,81.0,81.0,,6.42583861310823,3.837942114109401,2.403449576407113,12.876645715838896,8.78851601654675,1.5968473613025378,5.357568489158003,10.260528855058237,4.793958134319368,3.749877708358358,5.644978057165383,2.138419788150347,1.278430526849926,1.5053765739034386,15.012148722607227,7.411215878344044,5.462619738279592,7.684900877629343,2.2390968593641194,1.3567145863018,1.4068160051077692,18.501821567162835,12.68796132113017,11.157668122851511,23.928809825843945,22.085362776036305,1.1371517042297157,2.144606701183058,998,2.9702757575757572,0.1272395482831582,0.9719438877755512,0.9128256513026052,0.064128256513026,0.0200400801603206,12,6,1070.993259216451,2.907834215537165,0.2907834215537165,0.107099325921645,0.3787657411143112,1.5183729342504102,2.8384655940962986,0.0,0.0,0.0,0.0,0.0,0.0,0.0,0.0,0.0,0.0,0.0,0.0,13.0,4.0,0.014285714285714285,5.0,0.0,2.0,6.0,8.0,0.6153846153846154,0.15384615384615385,0.46153846153846156,4.0,627.0,5.0,251.0,0.27582417582417584,21.916666666666668,1.0,0.0,0.0
subject_11_task_1,11,1,,1,92,910.0,920.0,0.7695424306980513,30.0,0.5111111111111111,eye,中,5.666666666666667,2,80.0,0.0,80.0,80.0,-1.0658141036401505e-13,6.518588020617323,3.40220087248563,2.436584370339031,10.99298209442387,7.976695560569149,1.3962992268608545,4.511636136324015,9.858177825224423,5.147088302973235,3.46434923174045,4.647812413795908,2.1680298577187767,1.4857302075135757,1.341611974685618,14.070675361968584,7.937273682328504,4.573228460345552,6.63496118202515,1.9810438766444352,1.7355952695459185,1.450826530875699,19.927271330846093,11.192013311308193,11.885282737079969,22.72331752576448,21.19611938229191,0.9416699256460346,1.911886997426807,998,2.9491260162601627,0.1139269294026514,0.7675350701402806,0.8967935871743486,0.0801603206412825,0.0230460921843687,9,3,688.4652373140239,1.6971205521298862,0.1697120552129886,0.0688465237314023,0.5061626951520131,1.0270547288195906,2.9793517091207886,0.0,0.0,0.0,0.0,0.0,0.0,0.0,0.0,0.0,0.0,0.0,0.0,13.0,4.0,0.014130434782608696,5.0,0.0,2.0,6.0,8.0,0.6153846153846154,0.15384615384615385,0.46153846153846156,4.0,637.0,5.0,251.0,0.2728260869565217,21.916666666666668,1.0,0.0,0.0
subject_11_task_1,11,1,,1,93,920.0,930.0,0.7779070223360736,30.0,0.5166666666666667,eye,中,5.666666666666667,2,79.5,0.7071067811865476,79.0,80.0,-12.00000000000017,6.031824445549238,3.520386266655835,2.4872918004905253,15.90923934696785,11.031180701466374,1.4153491222708854,6.396209461161874,8.958718226306152,5.25419504399668,3.8398475867020383,5.774290898815134,2.6784397723223123,1.3683342698790275,1.5037812747600607,11.879751780057646,6.9053250067494565,4.01878443252959,6.977311382405377,2.257021693275518,1.7182621070329362,1.7361745820274237,13.905005677153955,12.789741049867745,13.512746952337418,28.557599086752305,25.630651619259883,0.946494528091151,2.113382215139642,998,2.974933875890132,0.1171085745369407,0.8977955911823647,0.9078156312625252,0.0591182364729458,0.032064128256513,9,3,688.4652373140239,1.6971205521298862,0.1697120552129886,0.0688465237314023,0.5061626951520131,1.0270547288195906,2.9793517091207886,0.0,0.0,0.0,0.0,0.0,0.0,0.0,0.0,0.0,0.0,0.0,0.0,13.0,4.0,0.013978494623655914,5.0,0.0,2.0,6.0,8.0,0.6153846153846154,0.15384615384615385,0.46153846153846156,4.0,647.0,5.0,251.0,0.2698924731182796,21.916666666666668,1.0,0.0,0.0
subject_11_task_1,11,1,,1,94,930.0,940.0,0.786271613974096,30.0,0.5222222222222223,eye,中,5.666666666666667,3,79.33333333333333,0.5773502691896257,79.0,80.0,10.714285714286031,6.803865767194789,2.7508194747453523,2.262100458754672,14.390099380097215,9.878770780486292,1.216046557127586,6.361388294850189,9.695142290205164,5.463032535547427,2.5415160627923523,5.377009927880177,2.205174037778098,2.1495172175088353,2.115670251547606,12.582856785722178,6.57656745962171,3.763336203673629,7.51850113219462,1.9142852424838617,1.747536521770739,1.9978287150787484,13.652552460998043,8.802642224096038,8.318217336257296,24.31392124769907,20.67004139906612,1.0582366230955806,2.922972587133542,998,2.9531582733812947,0.0952570467992628,0.969939879759519,0.908817635270541,0.0581162324649298,0.0250501002004008,9,3,688.4652373140239,1.6971205521298862,0.1697120552129886,0.0688465237314023,0.5061626951520131,1.0270547288195906,2.9793517091207886,0.0,0.0,0.0,0.0,0.0,0.0,0.0,0.0,0.0,0.0,0.0,0.0,13.0,4.0,0.013829787234042552,5.0,0.0,2.0,6.0,8.0,0.6153846153846154,0.15384615384615385,0.46153846153846156,4.0,657.0,5.0,251.0,0.2670212765957447,21.916666666666668,1.0,0.0,0.0
subject_11_task_1,11,1,,1,95,940.0,950.0,0.7946362056121182,30.0,0.5277777777777778,eye,中,5.666666666666667,1,77.0,,77.0,77.0,,6.813833268540723,2.996687928923734,2.269241911727741,12.826694412594286,7.931208616404323,1.3205678572374573,5.6524138507685056,8.120652975408305,5.459417563830226,3.0012129428802896,6.134644257478924,2.3577818610543404,1.819070378455311,2.044054978515271,15.071528189631207,6.576312660804702,4.915475707239726,7.798901995870549,1.9329106348476608,1.3378791906384204,1.5866016760868105,15.38151149046932,13.35783851595044,8.442496932346984,26.3920867412811,22.237233312237105,1.582214198357666,3.126099654257641,999,3.012094853683148,0.0919002153400593,0.980980980980981,0.937937937937938,0.048048048048048,0.011011011011011,9,3,169.98206709283602,0.4190190643208776,0.0419019064320877,0.0169982067092836,0.5061626951520132,1.0270547288195906,2.9793517091207886,0.0,0.0,0.0,0.0,0.0,0.0,0.0,0.0,0.0,0.0,0.0,0.0,13.0,4.0,0.01368421052631579,5.0,0.0,2.0,6.0,8.0,0.6153846153846154,0.15384615384615385,0.46153846153846156,4.0,667.0,5.0,251.0,0.26421052631578945,21.916666666666668,1.0,0.0,0.0
subject_11_task_1,11,1,,1,96,950.0,960.0,0.8030007972501405,30.0,0.5333333333333333,eye,中,5.666666666666667,2,78.0,0.0,78.0,78.0,-2.842170943040401e-13,7.323546580390827,3.107547473444992,2.3011476971352938,11.474027458289004,7.449301713108645,1.3504337323995277,4.98621947325374,10.035961039700627,5.340282323513304,3.399211185814071,4.897081139398732,2.014706770781124,1.5710357584724086,1.4406522195019014,13.676543503560852,7.686423081293366,4.425977086281682,6.23782896099894,2.0813510032964455,1.736661291157028,1.4093676581230152,17.086997895449972,11.614033996058298,12.677253945659468,22.204472174975724,21.439639020039603,0.916131683236873,1.751520658192562,998,2.903890641430073,0.1030489031924507,0.93687374749499,0.87374749498998,0.0671342685370741,0.0511022044088176,5,2,1135.394952251021,1.510838259815065,0.1510838259815065,0.1135394952251021,0.6200931470392548,0.6640185081804137,2.9042622355289422,0.0,0.0,0.0,0.0,0.0,0.0,0.0,0.0,0.0,0.0,0.0,0.0,13.0,4.0,0.013541666666666667,5.0,0.0,2.0,6.0,8.0,0.6153846153846154,0.15384615384615385,0.46153846153846156,4.0,677.0,5.0,251.0,0.26145833333333335,21.916666666666668,1.0,0.0,0.0
subject_11_task_1,11,1,,1,97,960.0,970.0,0.8113653888881628,30.0,0.5388888888888889,eye,中,5.666666666666667,2,79.5,0.7071067811865476,79.0,80.0,-15.000000000000211,8.44663641170177,2.982517321176621,2.185216384513532,9.277224749639537,6.2886408900766755,1.3648613209719191,4.245449016118744,10.125237065461729,5.152925679057488,3.686324027673188,5.411678737826829,2.410045243642649,1.3978493589751038,1.4680420649952162,14.682771837929977,6.71138121231302,4.644728785718193,7.259434433345835,2.006562815210163,1.4449457701275166,1.562940435977112,21.996052733544825,10.137016196922822,15.246557569079634,29.490001771952777,29.750643093977477,0.6648724573395454,1.934207222734604,998,3.007901940755873,0.1345184115780785,0.938877755511022,0.8557114228456913,0.0971943887775551,0.032064128256513,5,2,367.605047748974,0.4891617401849288,0.0489161740184928,0.0367605047748974,0.6200931470392548,0.6640185081804137,2.904262235528942,0.0,0.0,0.0,0.0,0.0,0.0,0.0,0.0,0.0,0.0,0.0,0.0,13.0,4.0,0.013402061855670102,5.0,0.0,2.0,6.0,8.0,0.6153846153846154,0.15384615384615385,0.46153846153846156,4.0,687.0,5.0,251.0,0.25876288659793817,21.916666666666668,1.0,0.0,0.0
subject_11_task_1,11,1,,1,98,970.0,980.0,0.8197299805261851,30.0,0.5444444444444444,eye,中,5.666666666666667,3,80.33333333333333,0.5773502691896257,80.0,81.0,9.069767441860687,7.127221964227284,4.25042389526239,3.0803128807027713,9.76782095538799,6.256057415578436,1.3798675848450366,3.171048310248103,9.42318480065847,6.696572735554445,4.540381079487153,5.3909441004570295,2.267503402524764,1.4748922212297737,1.1873329586392227,13.730819635012365,8.06573528830028,5.913286273278705,8.545420645343004,2.025133143215118,1.364002166569913,1.445122094622501,32.95450803083565,17.669122412102187,14.906838381469491,32.41581799365837,24.60521759098044,1.1853031447678708,2.1745602363244294,998,2.9625812757201646,0.143614308470803,0.9579158316633266,0.9228456913827656,0.0420841683366733,0.032064128256513,5,3,1387.7478715559473,2.090768921364893,0.2090768921364892,0.1387747871555947,0.4225988700564971,1.0373013546974996,2.8732057514124296,0.0,0.0,0.0,0.0,0.0,0.0,0.0,0.0,0.0,0.0,0.0,0.0,13.0,4.0,0.013265306122448979,5.0,0.0,2.0,6.0,8.0,0.6153846153846154,0.15384615384615385,0.46153846153846156,4.0,697.0,5.0,251.0,0.25612244897959185,21.916666666666668,1.0,0.0,0.0
subject_11_task_1,11,1,,1,99,980.0,990.0,0.8280945721642073,30.0,0.55,eye,中,5.666666666666667,2,81.0,0.0,81.0,81.0,-6.394884621840903e-13,7.799730721547984,3.985101222943553,1.9382610787682495,10.64413624782504,8.901726636029919,2.056018802934461,5.4915905625001304,9.18373491741166,5.024174410797368,3.110510161540573,5.500868638945181,2.259100835131648,1.6152252041861184,1.7684779516105844,15.908615880143062,6.093646469530189,3.806320363696528,7.282554741919094,2.0940020951977427,1.600928426216944,1.9132795051561564,12.99170036989797,13.712577673334346,12.545906387094451,28.707489056748425,24.630118373851634,1.0929921880686124,2.288195700733017,998,2.970645161290322,0.1823806173455209,0.8797595190380761,0.8396793587174348,0.0881763527054108,0.0621242484969939,5,3,1267.252128444058,1.9092310786351157,0.1909231078635115,0.1267252128444058,0.4225988700564971,1.0373013546974996,2.873205751412429,1.0,0.0,0.1,0.0,0.0,0.0,0.0,0.0,0.0,0.0,0.0,0.0,14.0,4.0,0.014141414141414142,5.0,0.0,2.0,6.0,8.0,0.5714285714285714,0.14285714285714285,0.42857142857142855,4.0,7.0,6.0,951.0,0.9606060606060606,74.07692307692308,2.0,1.0,0.016666666666666666
subject_11_task_1,11,1,,1,100,990.0,1000.0,0.8364591638022297,30.0,0.5555555555555556,eye,中,5.666666666666667,1,83.0,,83.0,83.0,,7.013604900742973,2.7052165274517663,2.2002874368513643,15.397162116750597,10.467230283590796,1.229483240300168,6.997795769258269,10.134251815586614,4.477990313214042,3.7265512438251744,5.1787239046742535,2.313923408506706,1.2016446360784625,1.3896827296432062,16.435537119463024,7.068477540427487,5.451023026063759,6.7237999356253075,1.9940003305615437,1.296724946240359,1.2334932183327492,16.46073224796454,7.890473799056573,10.23386495850516,23.783332013183315,21.651734281851095,0.7710160170228706,2.3239833737905116,999,3.004094224924012,0.1342144232064309,0.970970970970971,0.9169169169169168,0.056056056056056,0.016016016016016,2,1,440.99999999998073,0.9999999999999564,0.0999999999999956,0.044099999999998,1.0,-1.000088900581841e-12,2.8770899999999995,0.0,0.0,0.0,0.0,0.0,0.0,0.0,0.0,0.0,0.0,0.0,0.0,14.0,4.0,0.014,5.0,0.0,2.0,6.0,8.0,0.5714285714285714,0.14285714285714285,0.42857142857142855,4.0,17.0,6.0,951.0,0.951,74.07692307692308,2.0,1.0,0.016666666666666666
subject_11_task_1,11,1,,1,101,1000.0,1010.0,0.844823755440252,30.0,0.5611111111111111,eye,中,5.666666666666667,2,84.5,0.7071067811865476,84.0,85.0,11.99999999999983,6.276389483681481,3.1637440488035304,2.017416310117916,10.542687960962944,9.724099041092394,1.5682157584116154,5.225836585184906,9.08075104698004,4.374164163737454,2.7030412698041704,5.232853302110974,2.1619976188539543,1.6182380241846448,1.935913210267072,12.71294702818935,5.936945922397619,4.5043065219646445,6.953855711232084,2.0746853437882193,1.3180599263053927,1.543823822229358,35.95497311419483,11.445776391620496,12.727476808743928,27.07149827660687,28.910692626409137,0.8992965820025782,2.1270121865795453,998,3.015613981762918,0.0989701326012612,0.9619238476953909,0.9188376753507014,0.0691382765531062,0.0120240480961923,2,1,420.9999999999851,0.9999999999999646,0.0999999999999964,0.0420999999999985,1.0,-1.000088900581841e-12,2.87662,0.0,0.0,0.0,0.0,0.0,0.0,0.0,0.0,0.0,0.0,0.0,0.0,14.0,4.0,0.013861386138613862,5.0,0.0,2.0,6.0,8.0,0.5714285714285714,0.14285714285714285,0.42857142857142855,4.0,27.0,6.0,951.0,0.9415841584158415,74.07692307692308,2.0,1.0,0.016666666666666666
subject_11_task_1,11,1,,1,102,1010.0,1020.0,0.8531883470782743,30.0,0.5666666666666667,eye,中,5.666666666666667,3,84.33333333333333,0.5773502691896257,84.0,85.0,8.076923076923064,6.249431858346664,4.125933756721697,2.359115781480207,14.572177507538884,10.24104262861381,1.7489322860334202,6.176965803007641,8.366356386939207,4.969802394509419,3.5043635952272645,5.5690799295309,1.946372586707153,1.4181754431184013,1.5891843920293136,11.771787384523195,7.087744244118772,4.10371104694859,7.017163124616433,1.9512500882414456,1.727154802819031,1.7099554633200134,15.669013624129514,11.43392898314175,9.281429812928224,23.910054769317387,21.34196461166761,1.2319146094511515,2.576117608088008,998,2.961476842105263,0.1167795694927987,0.8977955911823647,0.8897795591182365,0.0571142284569138,0.0521042084168336,4,3,1234.1507067778202,1.4270387821674544,0.1427038782167454,0.123415070677782,0.5328579687801117,0.9845910403881412,2.9829714935440355,0.0,0.0,0.0,0.0,0.0,0.0,0.0,0.0,0.0,0.0,0.0,0.0,14.0,4.0,0.013725490196078431,5.0,0.0,2.0,6.0,8.0,0.5714285714285714,0.14285714285714285,0.42857142857142855,4.0,37.0,6.0,951.0,0.9323529411764706,74.07692307692308,2.0,1.0,0.016666666666666666
subject_11_task_1,11,1,,1,103,1020.0,1030.0,0.8615529387162966,30.0,0.5722222222222222,eye,中,5.666666666666667,1,84.0,,84.0,84.0,,7.959165610385788,3.387651170897773,2.3489662377817218,15.95697275320083,11.549828380244517,1.442188106584685,6.7931894875892365,9.550729511239512,4.995730373719,3.0935945231441626,5.627659438310868,2.327810116901966,1.6148626900986394,1.8191328553915391,13.724780427059672,5.874513433620108,4.696301005137547,7.627405770604296,2.3993812727166635,1.2508809437882384,1.624130515113969,20.53616086296213,11.87868034854242,10.43077754358444,28.496257019386302,24.218881071815904,1.138810630262988,2.7319398674083724,998,3.0026022267206476,0.0919470943597282,0.969939879759519,0.9018036072144288,0.0711422845691382,0.0180360721442885,4,3,1880.7538963392533,2.1747009786154403,0.217470097861544,0.1880753896339253,0.5328579687801118,0.9845910403881412,2.9829714935440355,0.0,0.0,0.0,0.0,0.0,0.0,0.0,0.0,0.0,0.0,0.0,0.0,14.0,4.0,0.013592233009708738,5.0,0.0,2.0,6.0,8.0,0.5714285714285714,0.14285714285714285,0.42857142857142855,4.0,47.0,6.0,951.0,0.9233009708737864,74.07692307692308,2.0,1.0,0.016666666666666666
subject_11_task_1,11,1,,1,104,1030.0,1040.0,0.8699175303543188,30.0,0.5777777777777777,eye,中,5.666666666666667,2,88.0,0.0,88.0,88.0,0.0,8.024481613298208,3.2537205721885973,2.0167327345753465,11.272927732230867,8.47313355504263,1.6133623044868746,5.589698396304632,10.908051321179512,4.64430241449731,3.131049633440995,5.695877184176172,2.3643813050284423,1.4833052676310543,1.8191590204580868,14.788914093021123,6.945234929204284,4.061007352450028,8.241076152635031,2.2128384219243564,1.7102246626109123,2.029318205411065,21.412061647866693,11.3032059757524,14.389511954209908,34.284565976396514,26.863139758819145,0.7855169801256148,2.382607977636514,998,2.9658721649484536,0.0855361054397583,0.93186372745491,0.905811623246493,0.0601202404809619,0.034068136272545,4,3,1880.7538963392533,2.1747009786154403,0.217470097861544,0.1880753896339253,0.5328579687801118,0.9845910403881412,2.9829714935440355,0.0,0.0,0.0,0.0,0.0,0.0,0.0,0.0,0.0,0.0,0.0,0.0,14.0,4.0,0.013461538461538462,5.0,0.0,2.0,6.0,8.0,0.5714285714285714,0.14285714285714285,0.42857142857142855,4.0,57.0,6.0,951.0,0.9144230769230769,74.07692307692308,2.0,1.0,0.016666666666666666
subject_11_task_1,11,1,,1,105,1040.0,1050.0,0.8782821219923411,30.0,0.5833333333333334,eye,中,5.666666666666667,3,84.33333333333333,1.1547005383792517,83.0,85.0,-15.91836734693852,6.614140095829375,3.3228022122121423,2.154398663437452,12.013927951538182,9.619944142778994,1.5423339554576418,5.576464632766413,7.249101368042445,5.235795337358099,3.4437446174641053,5.79669784391528,2.6185410841069334,1.5203785178511928,1.683254273420494,13.13976107630404,8.559170932246536,5.34860686258969,10.680957398436885,3.103000490653196,1.6002617414476328,1.9969606428065976,16.679936100551586,12.57279104135615,10.699897924036994,26.442056429873674,25.885419098911523,1.1750384097694762,2.4712438022864123,999,3.053965079365079,0.1243430612156456,0.8368368368368369,0.8378378378378378,0.085085085085085,0.071071071071071,4,3,193.341500543679,0.2235592606016715,0.0223559260601671,0.0193341500543679,0.5328579687801118,0.9845910403881412,2.982971493544036,2.0,1.0,0.2,2.0,0.0,0.0,0.0,0.0,0.0,0.0,0.0,1.0,16.0,5.0,0.015238095238095238,7.0,0.0,2.0,6.0,8.0,0.5,0.125,0.375,5.0,1.0,7.0,1017.0,0.9685714285714285,68.6,2.0,2.0,0.03333333333333333
subject_11_task_1,11,1,,1,106,1050.0,1060.0,0.8866467136303635,30.0,0.5888888888888889,eye,中,5.666666666666667,2,81.5,0.7071067811865476,81.0,82.0,-20.000000000000146,5.23304366364274,3.5978734402874,2.993092573686726,21.774799897532255,13.417563643066606,1.202058857757192,7.275017180878994,8.70895550727885,5.3734301318341915,5.187248463393684,6.356275905889304,2.7537200482772963,1.0358921824844882,1.2253656154598005,11.083387847424218,6.31404587859425,5.957267066418933,7.388023269174479,2.267795456603853,1.0598896789748569,1.2401698944841175,16.344394848701505,12.11267419781693,8.580200387611344,25.710467262692244,21.108536083439187,1.4117006189396233,2.996487972450469,998,3.0189261954261952,0.1658830429346921,0.9448897795591182,0.8837675350701403,0.0701402805611222,0.0360721442885771,1,1,184.52200440088123,0.2791558311662348,0.0279155831166234,0.0184522004400881,1.0,-1.000088900581841e-12,2.9793799999999995,3.0,1.0,0.3,3.0,0.0,0.0,0.0,0.0,0.0,0.0,0.0,2.0,19.0,5.0,0.017924528301886792,10.0,0.0,2.0,6.0,8.0,0.42105263157894735,0.10526315789473684,0.3157894736842105,6.0,6.0,7.0,1017.0,0.9594339622641509,57.44444444444444,2.0,5.0,0.08333333333333333
subject_11_task_1,11,1,,1,107,1060.0,1070.0,0.8950113052683858,30.0,0.5944444444444444,eye,中,5.666666666666667,2,83.5,0.7071067811865476,83.0,84.0,11.999999999999917,9.040794908091176,2.9081858499134845,2.0029050322132527,14.684827655759465,10.244485634290063,1.4519838949627468,7.3317643221118765,9.491089741415248,5.3467791945629415,3.220655834149492,4.566013323802154,2.0944723279304833,1.6601523012392645,1.417727804190522,15.23180832248054,6.253041735885573,3.5105853521287536,6.527462301639158,1.9573442854694705,1.781196327300188,1.859365788580251,24.182283137981457,12.3071015726452,5.083420890231918,19.03952305631637,16.08413501100104,2.4210274613093703,3.7454154333161536,998,3.0340090180360724,0.0681277114987716,0.9478957915831664,0.9488977955911824,0.0400801603206412,0.0060120240480961,1,1,220.37740881509637,0.3334000133360005,0.0333400013336,0.0220377408815096,1.0,-1.000088900581841e-12,2.97938,3.0,1.0,0.3,1.0,0.0,0.0,2.0,2.0,0.6666666666666666,0.0,0.6666666666666666,1.0,22.0,5.0,0.020560747663551402,11.0,0.0,2.0,8.0,10.0,0.45454545454545453,0.09090909090909091,0.36363636363636365,6.0,5.0,8.0,1025.0,0.9579439252336449,49.76190476190476,2.0,8.0,0.13333333333333333
subject_11_task_1,11,1,,1,108,1070.0,1080.0,0.903375896906408,30.0,0.6,eye,中,5.666666666666667,1,82.0,,82.0,82.0,,7.527934149108077,4.009266093757811,2.2403206269556604,15.05277790686288,9.580691222963932,1.789594777425205,6.719028395198006,9.21612522388248,5.268187935527051,3.805756415254784,4.729485755128197,2.025566920556878,1.3842682927394767,1.2427189864729091,13.1371051896204,7.042338200196862,4.60342417939017,6.910919965027309,2.105127950997592,1.529804320819678,1.5012563899646592,19.221733842759207,10.348699548359598,12.37349847460912,24.247034646328256,18.996222155960965,0.8363600294286627,1.9595941031620177,998,2.9698086172344684,0.0800704958070583,0.9589178356713428,0.940881763527054,0.0470941883767535,0.0120240480961923,1,1,220.37740881509637,0.3334000133360005,0.0333400013336,0.0220377408815096,1.0,-1.000088900581841e-12,2.97938,4.0,1.0,0.4,0.0,0.0,0.0,0.0,0.0,0.0,0.0,0.0,1.0,26.0,5.0,0.024074074074074074,11.0,0.0,2.0,8.0,10.0,0.38461538461538464,0.07692307692307693,0.3076923076923077,6.0,2.0,8.0,1025.0,0.9490740740740741,42.32,2.0,12.0,0.2
subject_11_task_1,11,1,,1,109,1080.0,1090.0,0.9117404885444303,30.0,0.6055555555555555,eye,中,5.666666666666667,3,81.33333333333333,0.5773502691896257,81.0,82.0,7.95918367346936,7.477150419836115,2.8279558984465827,2.5077399281572017,10.476267784179838,7.47567251617648,1.1276910602626524,4.1775734662717845,9.647173418553754,4.391379162611881,3.826765004833027,5.775765046380854,2.264883270582601,1.1475434621843184,1.50930748010038,15.559672047945377,6.25110785768465,5.380273596454462,8.666527077919984,2.224501385386026,1.1618568731902514,1.610796722982847,16.63220553405763,10.851003907188137,12.402648246917911,32.34600591709172,21.449488937066977,0.8748941106093722,2.607991879889828,998,3.0987533129459734,0.1232985521445891,0.9599198396793588,0.9028056112224448,0.0711422845691382,0.0250501002004008,1,1,35.7231779689292,0.0540441421617688,0.0054044142161768,0.0035723177968929,1.0,-1.000088900581841e-12,2.97938,0.0,0.0,0.0,0.0,0.0,0.0,0.0,0.0,0.0,0.0,0.0,0.0,26.0,5.0,0.023853211009174313,11.0,0.0,2.0,8.0,10.0,0.38461538461538464,0.07692307692307693,0.3076923076923077,6.0,12.0,8.0,1025.0,0.9403669724770642,42.32,2.0,12.0,0.2
subject_11_task_1,11,1,,1,110,1090.0,1100.0,0.9201050801824526,30.0,0.6111111111111112,eye,中,5.666666666666667,2,84.0,1.4142135623730951,83.0,85.0,-40.00000000000029,7.734780017657155,3.046724310615463,2.192790097341309,14.240182863921415,10.009982988704593,1.3894281601825562,6.494093019294097,8.954425576440252,4.284904927066152,3.313485925122599,5.623053977324196,2.123143184040485,1.2931713077693578,1.6970206315622551,13.80404376611948,5.808548129144128,4.955257071204107,7.645417885511897,2.1586944745154337,1.172199150453495,1.5428902629372752,20.364229101850395,9.9950866162782,10.229250385922242,24.925430368662223,21.294277585755864,0.9771084135386592,2.436682007800419,999,3.0623196544276454,0.1656965164039998,0.7477477477477478,0.8608608608608609,0.059059059059059,0.076076076076076,4,1,1271.9999999999882,0.9999999999999908,0.099999999999999,0.1271999999999988,1.0,-1.000088900581841e-12,2.82859,10.0,1.0,1.0,8.0,0.0,0.0,2.0,2.0,0.2,0.0,0.2,2.0,36.0,6.0,0.03272727272727273,19.0,0.0,2.0,10.0,12.0,0.3333333333333333,0.05555555555555555,0.2777777777777778,8.0,6.0,9.0,1038.0,0.9436363636363636,30.685714285714287,2.0,22.0,0.36666666666666664
subject_11_task_1,11,1,,1,111,1100.0,1110.0,0.9284696718204748,30.0,0.6166666666666667,eye,中,5.666666666666667,1,82.0,,82.0,82.0,,6.071433284147644,3.037237093394219,2.582699598725145,16.82850251077431,10.692257580954204,1.1759931719869552,6.515857484579734,10.583102968754089,3.600390962240459,4.520227401639603,6.128075764601519,2.696955397760474,0.7965066007374992,1.3557007690318208,13.080486969822402,5.480064719825676,5.455302962515033,9.670602156252412,2.8169997752589935,1.0045390251432027,1.7726975426849658,18.34667810690587,7.672226645072573,12.466323279131808,31.441645566948356,26.631759731983266,0.615436201459304,2.5221266016404837,998,3.0001714922049,0.1191893540012986,0.7695390781563126,0.7805611222444889,0.0981963927855711,0.1022044088176352,5,1,447.4083484573411,0.6569872958257579,0.0656987295825757,0.0447408348457341,1.0,-1.000088900581841e-12,2.99101,0.0,0.0,0.0,0.0,0.0,0.0,0.0,0.0,0.0,0.0,0.0,0.0,36.0,6.0,0.032432432432432434,19.0,0.0,2.0,10.0,12.0,0.3333333333333333,0.05555555555555555,0.2777777777777778,8.0,16.0,9.0,1038.0,0.9351351351351351,30.685714285714287,2.0,20.0,0.3333333333333333
subject_11_task_1,11,1,,1,112,1110.0,1120.0,0.9368342634584972,30.0,0.6222222222222222,eye,中,5.666666666666667,3,81.0,0.0,81.0,81.0,0.0,7.6037127204681,3.1490802013422976,2.06046880114765,9.232226123675057,6.904804735277513,1.5283319017440629,4.480643491681526,7.024379279504406,5.312031685152621,3.4636173545033593,5.578935814943056,2.3342208312288544,1.5336658589742809,1.610725217001636,11.87878797554708,7.042072638415967,4.838496699620965,7.763197054482685,2.444170025767236,1.4554257397690535,1.6044646790997776,14.038383884445476,12.424988967302667,12.97543836767175,33.542164236591944,25.03272362679777,0.9575775873792036,2.5850505613869745,998,3.009452012383901,0.1100372683794589,0.8677354709418837,0.8567134268537074,0.0821643286573146,0.0480961923847695,8,4,265.09799833383613,0.4042920672023719,0.0404292067202371,0.0265097998333836,0.8811520758768594,0.4783645767572392,2.995088879578723,0.0,0.0,0.0,0.0,0.0,0.0,0.0,0.0,0.0,0.0,0.0,0.0,36.0,6.0,0.03214285714285714,19.0,0.0,2.0,10.0,12.0,0.3333333333333333,0.05555555555555555,0.2777777777777778,8.0,26.0,9.0,1038.0,0.9267857142857143,30.685714285714287,2.0,17.0,0.2833333333333333
subject_11_task_1,11,1,,1,113,1120.0,1130.0,0.9451988550965196,30.0,0.6277777777777778,eye,中,5.666666666666667,2,81.0,0.0,81.0,81.0,-4.263256414560601e-13,7.245627791063997,2.4448615780740837,2.485506965229384,15.320878904707447,10.335354731994284,0.9836470435513146,6.1640860874809515,9.14344309531259,5.040620472079638,3.4838025630133487,6.391546365980706,2.569493445734013,1.4468731740410985,1.8346465536934091,13.51984423086746,5.954844530602898,5.124633007363302,8.488165753397144,2.676055216475397,1.1620040931802746,1.6563460722359955,15.199048297049112,10.132244089788374,12.934250650015132,30.280099586274773,24.967711045298277,0.7833653733760386,2.341078768737124,998,3.015078288100209,0.1319811072591315,0.6212424849699398,0.8476953907815631,0.0841683366733467,0.0561122244488977,3,3,1500.3022281509889,2.91806490610084,0.291806490610084,0.1500302228150989,0.5268130036121145,0.957032434309166,3.0253301583773275,0.0,0.0,0.0,0.0,0.0,0.0,0.0,0.0,0.0,0.0,0.0,0.0,36.0,6.0,0.03185840707964602,19.0,0.0,2.0,10.0,12.0,0.3333333333333333,0.05555555555555555,0.2777777777777778,8.0,36.0,9.0,1038.0,0.9185840707964602,30.685714285714287,2.0,14.0,0.23333333333333334
subject_11_task_1,11,1,,1,114,1130.0,1140.0,0.953563446734542,30.0,0.6333333333333333,eye,中,5.666666666666667,2,86.0,0.0,86.0,86.0,-4.263256414560601e-13,7.355712205994018,2.1883330483945365,2.2344841719693256,16.754919772535246,12.86846612448316,0.9793459608469212,7.498338982535095,12.978730920536629,4.555542043736666,5.076185059864314,7.288053629606384,2.461092038513296,0.897434193200678,1.435734423323249,15.972838079069035,5.537721575734388,6.008459951092989,9.334859050261846,3.058680256006883,0.9216540712278576,1.553619251229886,18.23648082457823,7.3244304537045934,10.29254573161299,25.505262518245164,23.86593230708009,0.7116247665733471,2.4780324696452065,998,2.9897523219814244,0.1518277030128038,0.9178356713426854,0.8697394789579158,0.0811623246492986,0.0360721442885771,3,3,1500.3022281509889,2.91806490610084,0.291806490610084,0.1500302228150989,0.5268130036121145,0.957032434309166,3.0253301583773275,0.0,0.0,0.0,0.0,0.0,0.0,0.0,0.0,0.0,0.0,0.0,0.0,36.0,6.0,0.031578947368421054,19.0,0.0,2.0,10.0,12.0,0.3333333333333333,0.05555555555555555,0.2777777777777778,8.0,46.0,9.0,1038.0,0.9105263157894737,30.685714285714287,2.0,10.0,0.16666666666666666
subject_11_task_1,11,1,,1,115,1140.0,1150.0,0.961928038372564,30.0,0.6388888888888888,eye,中,5.666666666666667,2,86.5,0.7071067811865476,86.0,87.0,19.999999999999716,7.773059425669457,2.5088575206941783,2.3643181087187273,18.155669837744465,12.965508765676397,1.0611336568638727,7.679030064014269,9.882119813265776,4.905988658384214,4.148458776316404,6.576554179535036,2.312348311815642,1.182605136729948,1.585300598159648,11.831462711219904,5.8121112299838344,5.327557381835369,9.424145663360592,3.4762583468963144,1.090952347092606,1.768943061128312,18.05464734740639,7.25136176017902,8.478928125997047,26.61908347781963,19.811153508181572,0.8552215153169875,3.139439688868628,998,3.0097151639344264,0.130768038185349,0.937875751503006,0.9168336673346692,0.0541082164328657,0.0290581162324649,3,3,1500.3022281509889,2.91806490610084,0.291806490610084,0.1500302228150989,0.5268130036121145,0.957032434309166,3.0253301583773275,0.0,0.0,0.0,0.0,0.0,0.0,0.0,0.0,0.0,0.0,0.0,0.0,36.0,6.0,0.03130434782608696,19.0,0.0,2.0,10.0,12.0,0.3333333333333333,0.05555555555555555,0.2777777777777778,8.0,56.0,9.0,1038.0,0.9026086956521739,30.685714285714287,2.0,10.0,0.16666666666666666
subject_11_task_1,11,1,,1,116,1150.0,1160.0,0.9702926300105864,30.0,0.6444444444444445,eye,中,5.666666666666667,2,82.5,0.7071067811865476,82.0,83.0,60.0,6.165762273845646,2.205827862108671,2.420460553478274,20.715649852730564,12.898805569881342,0.9113256809489544,8.558557098962657,6.916762491399926,3.820508576806231,5.323966133292848,5.377161427448054,2.236135039437863,0.7176057249716697,1.0099916665176651,12.443514482430157,4.806099944107292,6.106593899803823,9.061080771773478,2.638719592946419,0.7870344782975809,1.4838191175713469,12.867501320957707,7.031797994419076,8.775455283239738,21.614865387824775,19.796945867152605,0.8013029258834151,2.4631047267834703,999,2.9660880880880884,0.1007957231426808,0.983983983983984,0.927927927927928,0.06006006006006,0.01001001001001,3,3,1500.3022281509889,2.91806490610084,0.291806490610084,0.1500302228150989,0.5268130036121145,0.957032434309166,3.0253301583773275,0.0,0.0,0.0,0.0,0.0,0.0,0.0,0.0,0.0,0.0,0.0,0.0,36.0,6.0,0.03103448275862069,19.0,0.0,2.0,10.0,12.0,0.3333333333333333,0.05555555555555555,0.2777777777777778,8.0,66.0,9.0,1038.0,0.8948275862068965,30.685714285714287,2.0,0.0,0.0
subject_11_task_1,11,1,,1,117,1160.0,1170.0,0.9786572216486088,30.0,0.65,eye,中,5.666666666666667,1,85.0,,85.0,85.0,,8.249041137538152,2.683747667712394,2.2868072369692407,14.413064419749524,9.88509899789833,1.1735784391120032,6.3027019447653565,12.02987423467566,3.888651231567391,3.260870079915404,5.037143858728196,2.119843874866933,1.1925195227858552,1.5447238728563122,15.761920710055998,5.69326231971287,5.344037869580013,8.787344920184998,2.76848670615044,1.0653484235433204,1.6443268432294238,16.795792850003455,5.381341282433284,7.787785997694278,26.609990636097127,21.79770882313942,0.6909975805738027,3.416887757826874,998,3.0774767801857585,0.0985783120308175,0.9529058116232464,0.9108216432865732,0.0561122244488977,0.033066132264529,3,3,1500.3022281509889,2.91806490610084,0.291806490610084,0.1500302228150989,0.5268130036121145,0.957032434309166,3.0253301583773275,0.0,0.0,0.0,0.0,0.0,0.0,0.0,0.0,0.0,0.0,0.0,0.0,36.0,6.0,0.03076923076923077,19.0,0.0,2.0,10.0,12.0,0.3333333333333333,0.05555555555555555,0.2777777777777778,8.0,76.0,9.0,1038.0,0.8871794871794871,30.685714285714287,2.0,0.0,0.0
subject_11_task_1,11,1,,1,118,1170.0,1180.0,0.9870218132866312,30.0,0.6555555555555556,eye,中,5.666666666666667,3,83.33333333333333,0.5773502691896257,83.0,84.0,6.923076923077063,7.662150990806146,2.9066769779894126,1.906372761552399,14.870748064788412,10.6848218199693,1.524715961437911,7.800545813862159,10.399733162758071,4.464408017204375,3.259224576833812,4.398982360757861,1.84794790614372,1.3697761267931234,1.3497021322265776,12.666687752027098,6.318812646928851,4.5729984222651225,7.718836539556143,2.8227566747741526,1.3817657614233294,1.6879158545024835,19.402656281535617,7.6586077641737615,8.01705999663879,22.401114884052703,17.919938712953144,0.955288817519725,2.794180771186012,998,3.087612640163099,0.1180013870692515,0.93687374749499,0.9228456913827656,0.0480961923847695,0.0260521042084168,3,3,1500.3022281509889,2.91806490610084,0.291806490610084,0.1500302228150989,0.5268130036121145,0.957032434309166,3.0253301583773275,0.0,0.0,0.0,0.0,0.0,0.0,0.0,0.0,0.0,0.0,0.0,0.0,36.0,6.0,0.030508474576271188,19.0,0.0,2.0,10.0,12.0,0.3333333333333333,0.05555555555555555,0.2777777777777778,8.0,86.0,9.0,1038.0,0.8796610169491526,30.685714285714287,2.0,0.0,0.0
subject_11_task_1,11,1,,1,119,1180.0,1190.0,0.9953864049246534,30.0,0.6611111111111111,eye,中,5.666666666666667,1,82.0,,82.0,82.0,,7.288539631880907,2.8555080525949923,2.5419108851458736,16.37899600727399,14.326786009383827,1.1233706379250672,6.443576013222054,9.23592243359248,5.487485101559528,4.660530040135083,6.8278392611053205,2.6882165911798155,1.17743798544435,1.4650349214158094,12.623838805621094,5.7959481674173015,6.281786313149155,9.587105170010576,3.5257989931899316,0.9226592371162184,1.5261749910121372,13.739173816314889,10.861343314270169,8.787792313895158,30.380031968060138,21.55278133387031,1.2359581253526364,3.4570721385874776,998,3.0844623983739834,0.0819837254570486,0.9138276553106212,0.9008016032064128,0.0701402805611222,0.0290581162324649,3,3,1500.3022281509889,2.91806490610084,0.291806490610084,0.1500302228150989,0.5268130036121145,0.957032434309166,3.0253301583773275,0.0,0.0,0.0,0.0,0.0,0.0,0.0,0.0,0.0,0.0,0.0,0.0,36.0,6.0,0.030252100840336135,19.0,0.0,2.0,10.0,12.0,0.3333333333333333,0.05555555555555555,0.2777777777777778,8.0,96.0,9.0,1038.0,0.8722689075630252,30.685714285714287,2.0,0.0,0.0
subject_11_task_1,11,1,,1,120,1185.515625,1195.515625,1.0,30.0,0.6641753472222223,eye,中,5.666666666666667,2,91.5,0.7071067811865476,91.0,92.0,20.0,6.62979469611414,2.4415623526774506,2.509927482980417,18.25176996590794,14.487903863428244,0.9727621093571254,7.271831592614322,10.405134872984942,5.486262731619767,4.700177251910051,6.506176126182631,2.383449655494954,1.1672459223511769,1.384240588700918,11.260202806659462,5.314833383376109,6.4420565051501075,9.55615008909625,3.2698849886868144,0.8250212302743947,1.4834005385479896,14.53568404103575,7.824657400120906,9.123951977541376,23.709848904592704,19.01816215214849,0.8575951977149063,2.5986380641803617,998,3.14526244813278,0.1212425655860526,0.8937875751503006,0.87374749498998,0.0751503006012024,0.0470941883767535,3,3,1500.3022281509889,2.91806490610084,0.291806490610084,0.1500302228150989,0.5268130036121145,0.957032434309166,3.0253301583773275,0.0,0.0,0.0,0.0,0.0,0.0,0.0,0.0,0.0,0.0,0.0,0.0,36.0,6.0,0.03011252989688027,19.0,0.0,2.0,10.0,12.0,0.3333333333333333,0.05555555555555555,0.2777777777777778,8.0,101.515625,9.0,1038.0,0.8682446120267144,30.685714285714287,2.0,0.0,0.0
