sample_id,subject,task,repeat_id,label_task,window_id,window_start_sec,window_end_sec,progress_end_ratio,task_required_time_min,elapsed_required_ratio,anchor_source,task_difficulty,nasa_tlx_weighted_task_label,hr_n,hr_mean,hr_std,hr_min,hr_max,hr_slope_bpm_per_min,eeg_frontal_delta_power,eeg_frontal_theta_power,eeg_frontal_alpha_power,eeg_frontal_beta_power,eeg_frontal_gamma_power,eeg_frontal_theta_alpha,eeg_frontal_beta_alpha,eeg_central_delta_power,eeg_central_theta_power,eeg_central_alpha_power,eeg_central_beta_power,eeg_central_gamma_power,eeg_central_theta_alpha,eeg_central_beta_alpha,eeg_parietal_delta_power,eeg_parietal_theta_power,eeg_parietal_alpha_power,eeg_parietal_beta_power,eeg_parietal_gamma_power,eeg_parietal_theta_alpha,eeg_parietal_beta_alpha,eeg_occipital_delta_power,eeg_occipital_theta_power,eeg_occipital_alpha_power,eeg_occipital_beta_power,eeg_occipital_gamma_power,eeg_occipital_theta_alpha,eeg_occipital_beta_alpha,eye_n,eye_pupil_filtered_mean,eye_pupil_filtered_std,eye_valid_ratio,eye_fixation_ratio,eye_saccade_ratio,eye_eyes_not_found_ratio,eye_aoi_interval_n,eye_aoi_unique_hit_n,eye_aoi_total_fix_ms,eye_aoi_fixation_n,eye_aoi_fixation_density_per_sec,eye_aoi_coverage_ratio,eye_aoi_max_share,eye_aoi_entropy,eye_aoi_pupil_weighted_mean,log_action_count_win,log_unique_device_count_win,log_action_density_win,log_correct_action_count_win,log_error_action_count_win,log_duplicate_action_count_win,log_extra_action_count_win,log_disallowed_action_count_win,log_error_rate_win,log_duplicate_rate_win,log_extra_rate_win,log_unique_step_count_win,log_action_count_cum,log_unique_device_count_cum,log_action_density_cum,log_correct_action_count_cum,log_error_action_count_cum,log_duplicate_action_count_cum,log_extra_action_count_cum,log_disallowed_action_count_cum,log_error_rate_cum,log_duplicate_rate_cum,log_extra_rate_cum,log_unique_step_count_cum,log_time_since_last_action_sec,log_cum_gap_count,log_cum_idle_gap_total_sec,log_cum_idle_ratio,log_cum_mean_inter_action_sec,log_action_type_diversity_cum,log_recent_60s_action_count,log_recent_60s_action_density,blink_count_raw,blink_total_ms_raw,blink_count,blink_rate_per_min,blink_duration_mean_ms,blink_duration_std_ms,blink_duration_median_ms,blink_total_duration_ratio,eeg_frontal_delta_power_z_within_subject,eeg_frontal_theta_power_z_within_subject,eeg_frontal_alpha_power_z_within_subject,eeg_frontal_beta_power_z_within_subject,eeg_frontal_gamma_power_z_within_subject,eeg_frontal_theta_alpha_z_within_subject,eeg_frontal_beta_alpha_z_within_subject,eeg_central_delta_power_z_within_subject,eeg_central_theta_power_z_within_subject,eeg_central_alpha_power_z_within_subject,eeg_central_beta_power_z_within_subject,eeg_central_gamma_power_z_within_subject,eeg_central_theta_alpha_z_within_subject,eeg_central_beta_alpha_z_within_subject,eeg_parietal_delta_power_z_within_subject,eeg_parietal_theta_power_z_within_subject,eeg_parietal_alpha_power_z_within_subject,eeg_parietal_beta_power_z_within_subject,eeg_parietal_gamma_power_z_within_subject,eeg_parietal_theta_alpha_z_within_subject,eeg_parietal_beta_alpha_z_within_subject,eeg_occipital_delta_power_z_within_subject,eeg_occipital_theta_power_z_within_subject,eeg_occipital_alpha_power_z_within_subject,eeg_occipital_beta_power_z_within_subject,eeg_occipital_gamma_power_z_within_subject,eeg_occipital_theta_alpha_z_within_subject,eeg_occipital_beta_alpha_z_within_subject
subject_12_task_5_6,12,5_6,,5_6,1,0.0,30.0,0.0439630893229226,18.0,0.0277777777777777,eye,高,7.666666666666667,5,75.6,1.6733200530681511,74.0,78.0,2.542955326460389,16.135563024215482,4.331629044900105,4.184674414293834,7.753122674618402,5.843394881753703,1.0351173391421589,1.8527421507717812,2.9602987043003317,2.1236655538843237,2.5244573449105108,3.735860368018546,2.28772023761717,0.8412364574770049,1.4798667030561288,7.78480744712392,3.389339020435248,5.098720615900431,8.850081875672938,5.909479120687327,0.6647430357069471,1.735745600195044,26.98859092479417,9.950737769784965,16.34893208203438,39.462102343078506,32.60981470073349,0.6086475691412098,2.413741897334253,2982,3.053331321260899,0.135173682372359,0.9855801475519784,0.8849765258215962,0.0992622401073105,0.0070422535211267,12,0,0.0,0.0,0.0,0.0,,,,0.0,0.0,0.0,0.0,0.0,0.0,0.0,0.0,0.0,0.0,0.0,0.0,0.0,0.0,0.0,0.0,0.0,0.0,0.0,0.0,0.0,0.0,0.0,0.0,,0.0,0.0,0.0,,0.0,0.0,0.0,5,210.0,3,6.0,63.333333333333336,5.773502691896258,60.0,0.006333333333333333,0.998558701272458,-0.7452804124611359,-1.2301452050896895,-0.8727466262167451,-0.5787045858204596,0.37048439319727205,-0.0375398303217471,-1.1013108300232726,-2.0825148504794946,-1.3124657872151568,-0.8629514186550827,-0.6518074175943102,0.9809244425770723,0.475188237009617,0.869603720696012,-1.2358526307989215,-1.12934111939192,0.3005009530662329,0.20926422878887527,1.3566516795848222,2.1410239523590406,2.6781569937268346,0.027058909909258126,-0.6163465804376782,0.49742363735310574,0.48937321181719806,0.7695442338055354,1.550149521878783
subject_12_task_5_6,12,5_6,,5_6,2,5.0,35.0,0.051290270876743,18.0,0.0324074074074074,eye,高,7.666666666666667,6,75.33333333333333,1.632993161855452,74.0,78.0,-6.780740151213609,18.91038235648064,4.619900356802861,4.323288661683289,7.344950296807473,5.311396825071628,1.0686078858782668,1.6989266439469457,2.915459043311286,2.3773863865307665,2.768099399876394,3.4217158297630212,1.8878515529829112,0.8588515234087785,1.236124623962497,8.550723537616369,3.593621995799782,5.564379842967817,8.207160788172818,5.437613933445672,0.6458261472464626,1.474946179050826,32.65279220717022,8.727640661410168,17.021975539415713,37.447232173625785,31.13315034215252,0.5127278347451878,2.199934554418422,2994,3.054985637942552,0.1283942105334466,0.9896459585838344,0.8987975951903807,0.0895123580494322,0.0046760187040748,12,0,0.0,0.0,0.0,0.0,,,,0.0,0.0,0.0,0.0,0.0,0.0,0.0,0.0,0.0,0.0,0.0,0.0,0.0,0.0,0.0,0.0,0.0,0.0,0.0,0.0,0.0,0.0,0.0,0.0,,0.0,0.0,0.0,,0.0,0.0,0.0,3,140.0,2,4.0,65.0,7.0710678118654755,65.0,0.004333333333333333,1.553392798984446,-0.5831170038499544,-1.1577012955400254,-0.9635879711550757,-0.6775201247888333,0.4745008909709374,-0.24910193168378536,-1.1171940074514966,-1.7772083100306288,-1.2365146306330932,-0.9416423396253365,-0.7405074512073465,1.069987440868408,0.07527121824967192,1.5404816613720025,-0.897036468867217,-1.043654419648522,-0.015051628961579041,0.012010624070450497,1.2446415219322644,1.4862801919191329,3.852087962289022,-0.5685506415392377,-0.5069852067891981,0.3641976283463522,0.38236052538973203,-0.019480609090648707,1.1567050898655333
subject_12_task_5_6,12,5_6,,5_6,3,10.0,40.0,0.0586174524305635,18.0,0.037037037037037,eye,高,7.666666666666667,7,74.71428571428571,2.2146697055682827,71.0,78.0,-10.11759172154276,19.52959220804731,5.095797161443932,3.8287930699015953,6.851896277812477,5.031340733104808,1.3309147473918983,1.7895708001760928,3.0038680398020783,2.402659587156061,2.600321047088823,3.4043216087135604,1.79615210533112,0.9239857477775472,1.3091928062209288,9.660543417348345,3.816730810862038,5.334802976869178,8.010693862797677,5.131121137406043,0.7154398817371045,1.50159132352792,35.14238765025425,9.907818594864452,15.759889062892285,37.954658032557035,31.106402061348515,0.6286731178960564,2.4083074367524464,2994,3.018539412157649,0.1169678305676098,0.9866399465597864,0.8937875751503006,0.0931863727454909,0.0060120240480961,12,0,0.0,0.0,0.0,0.0,,,,0.0,0.0,0.0,0.0,0.0,0.0,0.0,0.0,0.0,0.0,0.0,0.0,0.0,0.0,0.0,0.0,0.0,0.0,0.0,0.0,0.0,0.0,0.0,0.0,,0.0,0.0,0.0,,0.0,0.0,0.0,4,180.0,2,4.0,65.0,7.0710678118654755,65.0,0.004333333333333333,1.6772058109861718,-0.3154072290604367,-1.4161393320218785,-1.0733202623330487,-0.7295389119281552,1.2891857419421275,-0.12442745273241537,-1.085877629349139,-1.7467966431269064,-1.288816602661009,-0.9459994654297293,-0.7608484891569681,1.3993106086687266,0.1951569996611583,2.512590335779338,-0.5269964678459284,-1.0858992262580938,-0.11147970822438528,-0.11611242987309893,1.6568364445469517,1.5531735232611141,4.368067717267229,0.006158631143238019,-0.7120589048127881,0.39774932963070664,0.380422098847831,0.9342721238450018,1.5401491251302533
subject_12_task_5_6,12,5_6,,5_6,4,15.0,45.0,0.0659446339843839,18.0,0.0416666666666666,eye,高,7.666666666666667,6,74.66666666666667,2.503331114069145,71.0,78.0,-5.754884547069237,20.537688343627693,5.203442449692982,3.933882622673023,7.520647292477402,5.395048708622385,1.3227243791420775,1.9117619954220235,2.9835250447895247,2.4573480275109816,2.7715415774236796,3.702020199144926,1.9619306086079369,0.8866358157957852,1.335726019519499,9.555466391649473,3.7291714505056808,5.585415924206512,7.683351457505006,4.759505705027884,0.6676622656414729,1.3756095448874806,36.13339717320926,9.417929780494203,14.664766157757802,35.068670070043304,29.86423423266713,0.6422147942340034,2.3913555588127564,2995,3.000130217028381,0.1145380941950317,0.9863105175292154,0.8884808013355593,0.0958263772954924,0.0060100166944908,6,0,0.0,0.0,0.0,0.0,,,,0.0,0.0,0.0,0.0,0.0,0.0,0.0,0.0,0.0,0.0,0.0,0.0,0.0,0.0,0.0,0.0,0.0,0.0,0.0,0.0,0.0,0.0,0.0,0.0,,0.0,0.0,0.0,,0.0,0.0,0.0,4,180.0,2,4.0,65.0,7.0710678118654755,65.0,0.004333333333333333,1.878777892918833,-0.2548527231396821,-1.3612164204239248,-0.9244854932415077,-0.6619822748757319,1.2637477152793837,0.043637696014955395,-1.0930835580309994,-1.6809891240787103,-1.2354415918840407,-0.8714281347210105,-0.7240750198205982,1.2104667552788317,0.2386910648498358,2.4205517175961204,-0.6722191735765327,-1.0397835366677863,-0.27214288012147647,-0.27145867195144857,1.3739369432725228,1.2368929765787042,4.5734588591316125,-0.23240170473590419,-0.8900030537469412,0.20692380443487154,0.29040318861374975,1.0456644156645956,1.5089545838362954
subject_12_task_5_6,12,5_6,,5_6,5,20.0,50.0,0.0732718155382043,18.0,0.0462962962962962,eye,高,7.666666666666667,6,74.66666666666667,2.503331114069145,71.0,78.0,-5.754884547069237,16.41945721863307,5.150462710881617,4.08829875627496,6.971649759158451,4.452714120160291,1.2598058551803206,1.7052691534487188,2.6665462318597446,2.3818442316212978,3.0088366271111404,3.2541180280742505,1.591375756549955,0.7916163377431915,1.081520345356408,8.522734837596907,3.819132448910111,5.816189994481118,7.4988742718449,4.54076893776338,0.6566381862583616,1.289310404054966,32.288541170921405,9.421337511837786,15.003623202385365,36.68707623820773,31.383561531655413,0.6279374911481332,2.4452144487589504,2995,2.997236060100167,0.1187405997481913,0.9906510851419033,0.896160267111853,0.0921535893155258,0.0036727879799666,12,1,38.79324055666031,0.0566600397614318,0.0018886679920477,0.0012931080185553,1.0,-1.000088900581841e-12,2.95228,0.0,0.0,0.0,0.0,0.0,0.0,0.0,0.0,0.0,0.0,0.0,0.0,0.0,0.0,0.0,0.0,0.0,0.0,0.0,0.0,0.0,0.0,0.0,0.0,,0.0,0.0,0.0,,0.0,0.0,0.0,3,110.0,1,2.0,60.0,,60.0,0.002,1.0553242634025053,-0.28465581029488024,-1.2805139773032146,-1.04666836745261,-0.8370154335082454,1.0683324370768827,-0.2403782687332619,-1.2053643071647064,-1.7718441101411244,-1.1614690033771649,-0.9836243694282926,-0.8062725739078349,0.7300416666518872,-0.1783939774259913,1.515965919159064,-0.5230132001049667,-0.9973184306014558,-0.3626862662260109,-0.362897110289308,1.308661468806624,1.020236728863461,3.7765953110808392,-0.23074224750792904,-0.8349429064941638,0.31393506402140087,0.4005076242510829,0.9282209417512952,1.6080647456986337
subject_12_task_5_6,12,5_6,,5_6,6,25.0,55.0,0.0805989970920248,18.0,0.0509259259259259,eye,高,7.666666666666667,6,74.5,2.258317958127243,71.0,77.0,8.74221668742199,20.69593995211883,6.276661010731936,4.484000784401242,6.656080006231667,4.04479862526933,1.3997903462833745,1.4844065213785345,2.8302282863482184,2.5530455088550643,3.0776852662004544,3.0685528264071635,1.3840824227791533,0.8295343051782932,0.9970326921035154,9.009110726203824,4.136318364914592,5.861036097782696,6.874138680843856,4.143778232367779,0.7057315969235224,1.1728538378128108,30.26503153397864,11.031669748137062,14.758842428642646,33.13054477898333,31.440245973749892,0.7474617200823136,2.2447929056201943,2995,3.015049081803005,0.1206818744660561,0.9903171953255424,0.8931552587646077,0.0981636060100167,0.0036727879799666,12,1,889.5222001325384,1.2992047713717698,0.0433068257123923,0.0296507400044179,1.0,-1.000088900581841e-12,2.95228,0.0,0.0,0.0,0.0,0.0,0.0,0.0,0.0,0.0,0.0,0.0,0.0,0.0,0.0,0.0,0.0,0.0,0.0,0.0,0.0,0.0,0.0,0.0,0.0,,0.0,0.0,0.0,,0.0,0.0,0.0,3,110.0,1,2.0,60.0,,60.0,0.002,1.9104208137345011,0.34887290912709323,-1.0737083821059368,-1.116900412382913,-0.9127833596781144,1.5031027805383053,-0.544158840131245,-1.1473845843944612,-1.5658347370538757,-1.140006642256189,-1.0301071021866015,-0.8522549835832666,0.9217575467946856,-0.317016124806384,1.9419902037948236,0.003059589307164962,-0.9890662273487376,-0.6693132110530673,-0.5288509670184943,1.5993520165567572,0.7278694767630686,3.3572139173824382,0.5534385459694744,-0.8747168042501811,0.0787722731860329,0.4046155004870892,1.911413676290293,1.2392526219986093
subject_12_task_5_6,12,5_6,,5_6,7,30.0,60.0,0.0879261786458452,18.0,0.0555555555555555,eye,高,7.666666666666667,6,75.16666666666667,2.6394443859772205,71.0,78.0,11.677852348993328,21.758645276880113,6.266334334818841,4.15808197207492,6.2823032154523695,3.8403070385311375,1.5070252046262291,1.5108656485474343,2.785374118937064,2.2731834034106897,2.6881519610332822,2.8973798486741984,1.3646694610799732,0.845630543348046,1.0778333556561632,9.66723691095742,4.2596164706437065,5.230249506867905,6.5092235696111,3.8461154299360105,0.8144193627952838,1.2445340439425994,35.38885862817984,12.601779533729225,14.882247537216024,34.544754785968564,31.136505351193136,0.846765886820251,2.321205496655161,2995,3.009814023372287,0.1309392402590556,0.989983305509182,0.8851419031719533,0.1041736227045075,0.0026711185308848,12,1,1740.2511597084167,2.541749502982108,0.0847249834327369,0.0580083719902805,1.0,-1.000088900581841e-12,2.9522800000000005,0.0,0.0,0.0,0.0,0.0,0.0,0.0,0.0,0.0,0.0,0.0,0.0,0.0,0.0,0.0,0.0,0.0,0.0,0.0,0.0,0.0,0.0,0.0,0.0,,0.0,0.0,0.0,,0.0,0.0,0.0,2,80.0,0,0.0,,,,0.0,2.12291217961969,0.3430637671953583,-1.2440432026988315,-1.200086801827552,-0.9507664803008805,1.8361577913140152,-0.5077662249807288,-1.1632729003110482,-1.9025975102354638,-1.2614368487893897,-1.0729846875739735,-0.8565612231599435,1.0031412463029445,-0.18444336345979992,2.518453272025393,0.2075572518365152,-1.105138277629523,-0.8484174709836313,-0.6532828224674642,2.2429110149422904,0.907824506972176,4.4191499262874,1.3180322799568456,-0.854664975440592,0.17228179949920072,0.382603660214744,2.728278475309034,1.3798656994935599
subject_12_task_5_6,12,5_6,,5_6,8,35.0,65.0,0.0952533601996657,18.0,0.0601851851851851,eye,高,7.666666666666667,5,76.2,2.9495762407505253,71.0,78.0,14.275436793422251,21.741518336806273,6.29372649035492,4.708777884094402,6.273098780797512,3.621350556906629,1.3365944721271,1.332213779288076,3.1297663944076644,2.3615302983542867,3.267244969557367,2.826608751685917,1.239286664523843,0.7227894817676366,0.8651352371869606,9.722128094506266,4.1782849338671415,5.979761984305108,6.289927788010675,3.6373513519919136,0.6987376662873461,1.0518692557529294,32.88898862611398,13.37379846608082,16.101650033913078,35.138247347111246,31.759557363490988,0.8305855883038761,2.182276181205252,2995,2.990748914858097,0.1108868199336351,0.992320534223706,0.8898163606010017,0.097829716193656,0.0026711185308848,6,1,2054.0000000000005,3.000000000000001,0.1,0.0684666666666666,1.0,-1.000088900581841e-12,2.95228,0.0,0.0,0.0,0.0,0.0,0.0,0.0,0.0,0.0,0.0,0.0,0.0,0.0,0.0,0.0,0.0,0.0,0.0,0.0,0.0,0.0,0.0,0.0,0.0,,0.0,0.0,0.0,,0.0,0.0,0.0,2,80.0,0,0.0,,,,0.0,2.119487592572908,0.3584728805116243,-0.9562332149735441,-1.202135306990808,-0.9914363708589106,1.3068260952014898,-0.7534889460052604,-1.0412817100220393,-1.7962882073166315,-1.0809147144963183,-1.0907123324058983,-0.884373999444732,0.38204829666444456,-0.5334253601275862,2.5665333223568068,0.07266378317878806,-0.9672192869277706,-0.9560501983232962,-0.7405523817051584,1.557939747577872,0.42413452265313084,3.9010407231529944,1.6939810471145678,-0.6565269048499741,0.21152435045607593,0.42775574181851744,2.5951811770806357,1.1242104686594285
subject_12_task_5_6,12,5_6,,5_6,9,40.0,70.0,0.1025805417534861,18.0,0.0648148148148148,eye,高,7.666666666666667,5,77.6,0.5477225575051661,77.0,78.0,3.0455075845973743,20.269926901135584,5.666619300124076,4.861648428440355,6.196574130117238,3.661870126400203,1.165575706168856,1.2745829364928256,2.7541767293932033,2.117804440045997,3.2619440933121973,2.7053644451848,1.3028324420360338,0.6492460874446091,0.8293718003111933,8.677101135401667,4.116100883389472,6.0227407183891515,6.027771370203245,3.407793418018165,0.683426545463237,1.0008352761723136,32.907685998390264,13.251986888272128,16.743955464216615,35.92618621418929,32.482375002033514,0.7914490047822245,2.145621223788303,2995,3.0032180300500833,0.1353208224631744,0.993322203672788,0.8904841402337229,0.0971619365609348,0.0013355592654424,12,2,2827.020527019284,3.894596142829863,0.1298198714276621,0.0942340175673094,0.810734323322835,0.4851564347517028,2.9402610026537133,0.0,0.0,0.0,0.0,0.0,0.0,0.0,0.0,0.0,0.0,0.0,0.0,0.0,0.0,0.0,0.0,0.0,0.0,0.0,0.0,0.0,0.0,0.0,0.0,,0.0,0.0,0.0,,0.0,0.0,0.0,1,40.0,0,0.0,,,,0.0,1.8252381267006506,0.005701601048618907,-0.8763385425572898,-1.219166352124274,-0.9839100969412095,0.7756680574208874,-0.8327560007822096,-1.1743236902254415,-2.0895676272282215,-1.0825671701110742,-1.1210831489540827,-0.8702780904178641,0.010207780807155446,-0.5921038087120516,1.651177785402074,-0.030472375273058776,-0.9593107012738289,-1.0847193867239346,-0.8365143877873031,1.4672799616977423,0.29601238359996024,3.9049158369160177,1.6346626669768922,-0.552160086646028,0.26362396074045674,0.4801377586580953,2.2732480852189343,1.056758674419327
subject_12_task_5_6,12,5_6,,5_6,10,45.0,75.0,0.1099077233073065,18.0,0.0694444444444444,eye,高,7.666666666666667,6,77.66666666666667,0.5163977794943223,77.0,78.0,0.6270783847981539,18.68073908083204,5.3617605129246435,5.544003154385099,6.740242364638713,5.26013935448013,0.9671279693778116,1.2157717405531117,3.170937492991882,2.149856371834112,3.620058050470885,2.999302880912379,1.6924631551455145,0.5938734522653486,0.828523421198243,8.838247223474378,3.919421999356206,6.747037157681468,6.163638600010476,3.7265603229096143,0.5809100954622674,0.9135326300957456,25.674670913213205,12.438218613728326,17.318828762121118,35.05383611230082,32.27818135911243,0.718190518803014,2.024030411858383,2994,3.014522044088176,0.1335978039460537,0.9936539746158984,0.8877755511022044,0.1025384101536406,0.0013360053440213,12,2,4889.508592705746,6.281458850486918,0.2093819616828972,0.1629836197568582,0.5986016792353884,0.6735745653193923,2.926789877137929,0.0,0.0,0.0,0.0,0.0,0.0,0.0,0.0,0.0,0.0,0.0,0.0,0.0,0.0,0.0,0.0,0.0,0.0,0.0,0.0,0.0,0.0,0.0,0.0,,0.0,0.0,0.0,,0.0,0.0,0.0,1,40.0,0,0.0,,,,0.0,1.5074748834796177,-0.16579288361244085,-0.5197197607358237,-1.0981695470757573,-0.6870409012635513,0.15931984624464163,-0.9136465459129396,-1.026698016717851,-2.0509989992331814,-0.9709313967295429,-1.0474537096380159,-0.7838490733992074,-0.2697601132364126,-0.5934957770044816,1.7923281764908712,-0.35667667351303395,-0.8260317541138881,-1.0180342895756322,-0.7032603933099099,0.8602623884548836,0.07683680975189769,2.4058412134582623,1.2383832925385982,-0.4587501695846871,0.20594296258323874,0.46534000847646684,1.670632098482465,0.8330094463274279
subject_12_task_5_6,12,5_6,,5_6,11,50.0,80.0,0.117234904861127,18.0,0.074074074074074,eye,高,7.666666666666667,7,77.85714285714286,0.6900655593423543,77.0,79.0,2.278688524590062,14.792919866162473,4.879512907667736,5.415714212142043,6.733152281898544,5.219472710919048,0.9009915805246624,1.2432621106192794,2.7818563012523136,2.043948490519311,3.3873157694558493,2.997216046532482,1.7267887393791046,0.6034124450250642,0.8848351469204674,7.566461356237761,3.762064484521729,6.7073526728566595,6.29917019099034,3.851245465055194,0.5608866370999196,0.9391440257020994,23.58624653723917,12.599782682725158,18.67878772979499,37.24126289011011,34.41079698897676,0.674550343683543,1.9937730129405375,2994,3.013064128256513,0.1365165154848497,0.9936539746158984,0.894121576486306,0.096192384769539,0.0013360053440213,12,2,6913.203417835547,8.611661518382542,0.2870553839460847,0.2304401139278515,0.5096017115337026,0.6929627834948215,2.9211380844071697,0.0,0.0,0.0,0.0,0.0,0.0,0.0,0.0,0.0,0.0,0.0,0.0,0.0,0.0,0.0,0.0,0.0,0.0,0.0,0.0,0.0,0.0,0.0,0.0,,0.0,0.0,0.0,,0.0,0.0,0.0,1,40.0,0,0.0,,,,0.0,0.7300928604570135,-0.4370752215837625,-0.5867673601212319,-1.0997474898441908,-0.6945944933322619,-0.04608962640767977,-0.8758355307658019,-1.1645189873958879,-2.1784397320781217,-1.0434847390953135,-1.047976446465396,-0.77623487255702,-0.2215303025079053,-0.5011029593350762,0.6783509481969038,-0.6176640080287465,-0.833334159688604,-0.9515139275723786,-0.6511383160555665,0.7417000396520642,0.14113488754611683,1.9730059506853186,1.3170598767660453,-0.237773382455594,0.3505786537658572,0.6198889595246891,1.3116529735462041,0.7773303243240431
subject_12_task_5_6,12,5_6,,5_6,12,55.0,85.0,0.1245620864149474,18.0,0.0787037037037037,eye,高,7.666666666666667,7,77.85714285714286,0.6900655593423543,77.0,79.0,-0.8264947245019217,9.86351076416718,4.139246108765788,5.9233266761189345,7.301593876483433,5.69866272224245,0.6988042927725022,1.2326846509954037,2.482785200999641,2.1013565475379976,3.996535660949328,3.2449909089569515,1.9676597116809933,0.525794519506138,0.8119509455812396,6.842887204902237,3.5178721868971183,7.593311452000881,6.499867005986072,4.103309964144019,0.4632856441006563,0.8559989995238928,19.947404677870612,10.653384222805272,18.9089236177515,37.03219309940281,34.725904545843555,0.5634051116904394,1.9584506155938657,2994,2.9954492317969272,0.1363976747884006,0.9943219772879092,0.8964595858383434,0.0908483633934535,0.0013360053440213,12,2,8124.962523946131,9.75597949442926,0.3251993164809753,0.2708320841315377,0.5929634376991174,0.675761792493138,2.9146248577191973,0.0,0.0,0.0,0.0,0.0,0.0,0.0,0.0,0.0,0.0,0.0,0.0,0.0,0.0,0.0,0.0,0.0,0.0,0.0,0.0,0.0,0.0,0.0,0.0,,0.0,0.0,0.0,,0.0,0.0,0.0,1,40.0,0,0.0,,,,0.0,-0.25555842845993515,-0.8535030187144147,-0.3214740578872691,-0.9732372167876934,-0.6055877410660959,-0.6740523088938858,-0.890384061218246,-1.2704564375056875,-2.1093596526086906,-0.8535710750597337,-0.9859106463539835,-0.7228041735286024,-0.6139719314319217,-0.6206868761649919,0.04456097746754478,-1.022672290813035,-0.6703074666030772,-0.8530097730066762,-0.5457679000741231,0.16378773469080507,-0.06760287292494595,1.2188397522303753,0.3692254769338439,-0.20037910047169374,0.3367546693513299,0.6427245524459644,0.39738491636051276,0.7123306831897412
subject_12_task_5_6,12,5_6,,5_6,13,60.0,90.0,0.1318892679687678,18.0,0.0833333333333333,eye,高,7.666666666666667,7,77.0,2.309401076758503,72.0,79.0,-10.138734739178698,7.947310344660808,4.024354574837465,5.887470902261288,7.947820955667819,5.941179289597501,0.683545556597447,1.3499550295212808,2.56182664246894,2.16157909077735,3.966828594469821,3.4804252869460215,1.980652755279962,0.5449136606988314,0.8773823229463716,6.068396638440918,3.5130297338574996,7.547604843828301,6.633216350905176,4.205930555224163,0.4654496103793926,0.8788505079633543,16.104829965552558,9.583983675462608,18.58181071921147,38.28910431895995,36.30239306572539,0.5157723227453749,2.0605690638842526,2994,3.008026386105544,0.129692961470908,0.995991983967936,0.9008016032064128,0.0888443553774215,0.0,12,2,9336.721630056714,10.900297470475977,0.3633432490158659,0.3112240543352238,0.6689059117624505,0.6349507471808109,2.9098022590829182,0.0,0.0,0.0,0.0,0.0,0.0,0.0,0.0,0.0,0.0,0.0,0.0,0.0,0.0,0.0,0.0,0.0,0.0,0.0,0.0,0.0,0.0,0.0,0.0,,0.0,0.0,0.0,,0.0,0.0,0.0,0,0.0,0,0.0,,,,0.0,-0.6387088982688128,-0.9181338091992793,-0.3402133468643857,-0.8294152920324837,-0.5605417018730044,-0.7214436014245144,-0.7290871398570616,-1.2424582499336145,-2.0368928545863927,-0.8628317343416247,-0.9269360477984955,-0.7199220188406996,-0.5173042240289545,-0.5133310947319113,-0.6338274814646592,-1.0307038037195333,-0.6787180127345,-0.7875604808321796,-0.5028694577727901,0.1766009520728491,-0.010233563968145688,0.422449011696551,-0.15153871747087325,-0.25353096686329435,0.41986338176176413,0.756971416097996,0.005563003479514498,0.9002472174759489
subject_12_task_5_6,12,5_6,,5_6,14,65.0,95.0,0.1392164495225883,18.0,0.0879629629629629,eye,高,7.666666666666667,6,76.83333333333333,2.48327740429189,72.0,79.0,-13.416149068323197,6.006855547290936,3.9305430039001825,5.817411217748676,8.367454316706468,6.558986181598208,0.6756515667842531,1.4383467153186142,2.448758199717963,2.23371656112065,3.656113418669028,3.707276859377051,2.1725124534250893,0.6109538477977012,1.0139939424326307,5.160231440880256,3.5203947787175727,7.515766072021631,6.729401274783861,4.320016483563863,0.4684013239611964,0.895371304840752,11.39498349135093,8.467821714291654,17.927997657604738,34.505713363659474,33.680862647541474,0.4723238967347675,1.9246830584576056,2995,2.9812901502504174,0.1338764009622807,0.9959933222036728,0.908848080133556,0.0824707846410684,0.0,6,2,11085.46085545159,12.82890968111514,0.4276303227038379,0.3695153618483863,0.6921652586506192,0.6173572258698383,2.9083252135169544,0.0,0.0,0.0,0.0,0.0,0.0,0.0,0.0,0.0,0.0,0.0,0.0,0.0,0.0,0.0,0.0,0.0,0.0,0.0,0.0,0.0,0.0,0.0,0.0,,0.0,0.0,0.0,,0.0,0.0,0.0,0,0.0,0,0.0,,,,0.0,-1.026709109356693,-0.9709063310639984,-0.3768286122032342,-0.7360232327702065,-0.44578767176964096,-0.7459611221535547,-0.6075107710224632,-1.2825095370783923,-1.9500886246084161,-0.9596917652298637,-0.8701113795827844,-0.6773631430687064,-0.18340044566518254,-0.2891871479990792,-1.4293036505857037,-1.0184884136338355,-0.6845767160982841,-0.7403518860727771,-0.4551781653843801,0.1940785570359314,0.03124232821563987,-0.5536876680577688,-0.6950742392907732,-0.35976763515337656,0.16970032652935665,0.5669912009116777,-0.35183881506146475,0.6501922310825048
subject_12_task_5_6,12,5_6,,5_6,15,70.0,100.0,0.1465436310764087,18.0,0.0925925925925925,eye,高,7.666666666666667,6,74.83333333333333,4.956477243634502,66.0,79.0,-27.58474576271182,6.02210745768309,4.234659238550421,5.7309387651516355,9.336988356379628,6.781460741860308,0.7389119674948011,1.6292249383566009,2.2009669165867813,2.298460827268648,3.787656226826813,4.00588031006155,2.4959698145804405,0.606829313333494,1.057614543180852,4.892186813252842,3.657777278072199,7.073666739721405,7.151354290507918,4.694167220780393,0.5170977673477815,1.0109826421918164,12.405175614541315,9.109752708553057,19.660396203119845,41.413809818012936,37.66896147795098,0.4633554997791682,2.1064585570987178,2995,2.953797662771285,0.1111169642946322,0.9979966611018364,0.920534223706177,0.0737896494156928,0.0,6,2,12374.92839411877,14.321176245942333,0.477372541531411,0.4124976131372923,0.6921652586506192,0.6173572258698383,2.908325213516954,0.0,0.0,0.0,0.0,0.0,0.0,0.0,0.0,0.0,0.0,0.0,0.0,0.0,0.0,0.0,0.0,0.0,0.0,0.0,0.0,0.0,0.0,0.0,0.0,,0.0,0.0,0.0,,0.0,0.0,0.0,0,0.0,0,0.0,,,,0.0,-1.0236594405575692,-0.799829560020209,-0.42202167606539936,-0.5202472985932022,-0.40446431860523424,-0.5494840272432016,-0.34497158493015434,-1.3702825672112768,-1.872180761444926,-0.9186855915582646,-0.7953133879648425,-0.6056128912751564,-0.2042543787336726,-0.21761714797029788,-1.66408815247066,-0.7906308985136573,-0.765928121893759,-0.5332528093822444,-0.29877209089637086,0.48241859309652013,0.3214876111024609,-0.3443208467725415,-0.38247417758270513,-0.07827394768585498,0.6264732414299723,0.85600553724365,-0.4256118300044235,0.9846922386193471
subject_12_task_5_6,12,5_6,,5_6,16,75.0,105.0,0.1538708126302292,18.0,0.0972222222222222,eye,高,7.666666666666667,5,71.6,6.58027355054484,64.0,79.0,-39.92761116856252,5.538265654415304,4.00290881263895,5.741335066803409,8.766414913738167,5.75258388818564,0.697208709483601,1.5268948444458277,2.2973039932324633,2.3113846094614225,3.920366649286508,3.725519470792834,2.265533948934021,0.5895837854559052,0.9502987358263708,4.793884004185612,3.627742865610449,7.549308611213929,6.990457368735765,4.466406477022434,0.4805397490601603,0.9259731889026191,11.103016581960969,8.777487753716638,20.516326203630793,39.60982703637593,35.712437380209856,0.4278294109090192,1.9306491154038168,2995,2.9423995983935742,0.1089728789316752,0.994991652754591,0.9202003338898164,0.0697829716193656,0.0023372287145242,6,2,12374.92839411877,14.321176245942333,0.477372541531411,0.4124976131372923,0.6921652586506192,0.6173572258698383,2.908325213516954,0.0,0.0,0.0,0.0,0.0,0.0,0.0,0.0,0.0,0.0,0.0,0.0,0.0,0.0,0.0,0.0,0.0,0.0,0.0,0.0,0.0,0.0,0.0,0.0,,0.0,0.0,0.0,,0.0,0.0,0.0,1,70.0,1,2.0,70.0,,70.0,0.0023333333333333335,-1.1204051735968006,-0.9301978535726899,-0.4165882610254861,-0.6472320279215859,-0.5955721987016929,-0.679007945686723,-0.48571922570600856,-1.3361578917001575,-1.8566293572120347,-0.877315434514894,-0.8655417381649134,-0.6567288446216449,-0.2914489669256133,-0.39369432718617814,-1.750193127843727,-0.8404448604358632,-0.6784044997706868,-0.61222274845042,-0.3939828183124596,0.2659522645871935,0.10806915765914991,-0.6141991117090946,-0.5442766864408414,0.06080426424271966,0.5071913988784593,0.7142177988570115,-0.7178454028555976,0.6611708619122459
subject_12_task_5_6,12,5_6,,5_6,17,80.0,110.0,0.1611979941840496,18.0,0.1018518518518518,eye,高,7.666666666666667,5,69.0,5.385164807134504,64.0,77.0,-30.543710021322003,5.532847470441285,3.98385197023977,5.205594936393334,9.003675818300776,5.79344900965089,0.7653019527869678,1.7296151406930098,2.440559990090034,2.2665782305497233,3.420618287566865,3.825829492263505,2.3032464728924213,0.6626223799329486,1.1184613922487308,4.709419550734227,3.537461520270442,7.009427340527852,7.409340419232936,4.444743195246508,0.5046719722476002,1.057053602138483,11.21600447262942,9.40276916777257,20.966427379897556,40.69813877398715,35.451663777400974,0.4484678766391965,1.9411098532222135,2995,2.949072623828648,0.1043987315978171,0.994991652754591,0.9198664440734556,0.0701168614357262,0.0023372287145242,6,2,12374.92839411877,14.321176245942333,0.477372541531411,0.4124976131372923,0.6921652586506192,0.6173572258698383,2.908325213516954,0.0,0.0,0.0,0.0,0.0,0.0,0.0,0.0,0.0,0.0,0.0,0.0,0.0,0.0,0.0,0.0,0.0,0.0,0.0,0.0,0.0,0.0,0.0,0.0,,0.0,0.0,0.0,,0.0,0.0,0.0,1,70.0,1,2.0,70.0,,70.0,0.0023333333333333335,-1.1214885570018052,-0.9409180410947128,-0.696581914495376,-0.5944281126068266,-0.5879817405188542,-0.46752078346521375,-0.20689212466716864,-1.2854135201871402,-1.9105456257063698,-1.0331032605448187,-0.8404148076891955,-0.6483633429675153,0.07783924580692574,-0.11778337872270384,-1.8241768700515129,-0.9901821494465979,-0.7777489165659921,-0.40663044369957624,-0.4030387108340328,0.4088433182284019,0.437149959700529,-0.5907818676325258,-0.23978444293468448,0.13394022950244988,0.5791520797974338,0.6953197441814288,-0.5480757273773598,0.6804205237492524
subject_12_task_5_6,12,5_6,,5_6,18,85.0,115.0,0.16852517573787,18.0,0.1064814814814814,eye,高,7.666666666666667,6,66.33333333333333,2.875181153713043,64.0,72.0,-14.208074534161485,7.133666583668644,4.407442640739419,5.4108985545289645,8.824241679065485,5.741799639857106,0.8145491171795034,1.630827410667222,2.337339235317172,2.3257107860362294,3.399277241450821,3.710383071589446,2.1797637603677154,0.6841780239859486,1.0915211699548943,5.2266501300263215,3.812090605861652,7.231474330185873,7.980492794808335,4.72577843486332,0.527152615331716,1.1035775597648023,14.760515500504304,10.84565044442357,23.316898541481905,45.16331881724909,38.2220609916017,0.465141211860944,1.9369350832359344,2995,2.9569200133868816,0.1060280137499777,0.994991652754591,0.933889816360601,0.0594323873121869,0.0023372287145242,6,2,10321.51527592133,11.944815734198972,0.3981605244732991,0.3440505091973777,0.6921652586506191,0.6173572258698383,2.9083252135169544,0.0,0.0,0.0,0.0,0.0,0.0,0.0,0.0,0.0,0.0,0.0,0.0,0.0,0.0,0.0,0.0,0.0,0.0,0.0,0.0,0.0,0.0,0.0,0.0,,0.0,0.0,0.0,,0.0,0.0,0.0,1,70.0,1,2.0,70.0,,70.0,0.0023333333333333335,-0.8013995991515099,-0.7026324256072761,-0.5892841653639413,-0.6343623154634829,-0.5975753099867209,-0.31456664969848575,-0.3427675002028871,-1.3219765433271475,-1.8393904282589328,-1.0397559590512884,-0.869333296025834,-0.675754637090956,0.1868260811044359,-0.16198523924897992,-1.371126476937267,-0.5346925396600464,-0.73688969457317,-0.12630271709642296,-0.2855576684384799,0.5419550813623161,0.5539495708084025,0.1438338454388558,0.4628530370291628,0.5158631976747164,0.8743959747536895,0.8960882171522836,-0.4109227651977615,0.6727381870079734
subject_12_task_5_6,12,5_6,,5_6,19,90.0,120.0,0.1758523572916905,18.0,0.1111111111111111,eye,高,7.666666666666667,5,65.2,0.8366600265340756,64.0,66.0,-1.3785557986872452,10.288776734464143,4.5306545515799925,5.192754236457133,8.946791443266873,5.760604788230371,0.8724954706639705,1.7229375849242987,2.441132184209774,2.1264073532743315,3.276795477513043,3.654361157729737,2.240379603349225,0.648928920912754,1.1152240604602066,6.759978981646475,3.811745701922317,7.13115041205951,8.243604557422302,4.6952212952466095,0.5345204464452555,1.1559992541289716,21.349525448864952,11.671645561214984,23.467782657315684,47.757502899629195,39.066839935643806,0.4973476076392989,2.035024083740677,2995,2.9425957161981255,0.092878077805523,0.9969949916527546,0.9398998330550918,0.0554257095158597,0.0023372287145242,12,3,8733.193838795847,10.603359766676354,0.3534453255558784,0.2911064612931949,0.6590304995650121,0.6901391258085172,2.9111289185686604,0.0,0.0,0.0,0.0,0.0,0.0,0.0,0.0,0.0,0.0,0.0,0.0,0.0,0.0,0.0,0.0,0.0,0.0,0.0,0.0,0.0,0.0,0.0,0.0,,0.0,0.0,0.0,,0.0,0.0,0.0,1,70.0,1,2.0,70.0,,70.0,0.0023333333333333335,-0.1705251226249515,-0.6333211115138903,-0.7032928444484776,-0.607088090143204,-0.5940823632577917,-0.13459416983118466,-0.21607661951787,-1.285210836658167,-2.079215597211102,-1.0779375103954854,-0.8833663778060141,-0.6623086546558469,0.00860416476654065,-0.12309499369873775,-0.028059638254431994,-0.5352645845343297,-0.7553504593339442,0.0028353648065298095,-0.2983314565929203,0.5855812795242863,0.6855556040811827,1.5094355331140794,0.8650864963695194,0.5403800308574056,1.0459270228401394,0.9573086723721667,-0.14599661074916548,0.8532398038562239
subject_12_task_5_6,12,5_6,,5_6,20,95.0,125.0,0.1831795388455109,18.0,0.1157407407407407,eye,高,7.666666666666667,7,65.57142857142857,0.9759000729485332,64.0,67.0,2.9183467741935365,10.829957501190464,4.605494107175674,5.227283164769488,9.059580853803336,5.80967773787745,0.881049287365087,1.733133746199656,2.320580328288323,2.183954195677646,3.3405583741444125,3.6744302825255337,2.085525281756877,0.6537692059450998,1.0999449406318584,6.904166517998986,4.04643713442009,7.48568126417084,8.42563857195502,4.746294954747498,0.5405569635709434,1.1255673698375528,25.5592374871522,12.418141158095615,23.796536161894696,47.38813970721782,40.42344502829427,0.5218465861422613,1.991388132492168,2994,2.9627254770672917,0.0930916675669394,0.996993987975952,0.9258517034068136,0.0691382765531062,0.0023380093520374,12,3,7396.619166497287,9.816936036567425,0.3272312012189141,0.2465539722165762,0.5931498283852558,0.7896162859849157,2.91670342629691,0.0,0.0,0.0,0.0,0.0,0.0,0.0,0.0,0.0,0.0,0.0,0.0,0.0,0.0,0.0,0.0,0.0,0.0,0.0,0.0,0.0,0.0,0.0,0.0,,0.0,0.0,0.0,,0.0,0.0,0.0,1,70.0,1,2.0,70.0,,70.0,0.0023333333333333335,-0.06231427843980404,-0.5912210587745608,-0.6852470042364031,-0.5819860932788306,-0.5849673488188538,-0.10802732806360146,-0.2020525373575624,-1.327912910551408,-2.0099685149567454,-1.0580605406873895,-0.8783392080770163,-0.696658890266141,0.03307698248037069,-0.14816403419330787,0.09823649086478123,-0.14601408406920688,-0.690112669747014,0.09217961625430433,-0.2769811563056643,0.621324538059276,0.6091555635028046,2.381917121268621,1.2286062075780135,0.5937984757709002,1.0215042164752373,1.0556207597074465,0.05552920441425279,0.7729417101603209
subject_12_task_5_6,12,5_6,,5_6,21,100.0,130.0,0.1905067203993314,18.0,0.1203703703703703,eye,高,7.666666666666667,7,65.57142857142857,0.9759000729485332,64.0,67.0,4.441598360655591,10.656599101914388,4.6370882394080075,4.640224962807816,8.919021534226673,5.646193199805526,0.9993240147999398,1.922109726514152,2.5017546663911663,2.2465526486478415,2.670225688185449,3.5486473152508196,1.8209664117229392,0.8413343705694352,1.3289690571669626,7.086604978357721,4.1498706917407215,6.510441417739061,8.42382962693264,4.691329389924673,0.6374177149391944,1.2938953116113068,23.288643953080182,12.831965404016003,21.445441731592677,49.54907963558892,40.701272934991685,0.5983539795831018,2.310471393209632,2994,2.9725855373284236,0.0926284067290317,0.996993987975952,0.9191716766867069,0.0758183032732131,0.0023380093520374,12,3,6060.044494198725,9.0305123064585,0.3010170768819499,0.2020014831399575,0.4982085004472242,0.8849848142057809,2.9247369079971306,0.0,0.0,0.0,0.0,0.0,0.0,0.0,0.0,0.0,0.0,0.0,0.0,0.0,0.0,0.0,0.0,0.0,0.0,0.0,0.0,0.0,0.0,0.0,0.0,,0.0,0.0,0.0,,0.0,0.0,0.0,1,70.0,1,2.0,70.0,,70.0,0.0023333333333333335,-0.09697785091989684,-0.5734481762040055,-0.9920610012406899,-0.6132684590832979,-0.6153336491082305,0.25931582162718064,0.05787025149242779,-1.2637370427135244,-1.9346427448398966,-1.2670250513523227,-0.9098469261235658,-0.75534410760468,0.9814194979812126,0.22760465642192723,0.2580372054663939,0.025536975649710154,-0.8695681149344121,0.09129176658868272,-0.29995838812915526,1.1948537447132277,1.0317472590691543,1.9113264883125027,1.4301255078882433,0.21177423401463383,1.1643885604518118,1.0757547261619365,0.6848703349976921,1.3601129951397148
subject_12_task_5_6,12,5_6,,5_6,22,105.0,135.0,0.1978339019531518,18.0,0.125,eye,高,7.666666666666667,6,65.83333333333333,0.752772652709081,65.0,67.0,2.8790786948176175,11.175701160366977,4.912536860259028,4.884654844712985,9.003804518767957,5.465180636769158,1.0057080830544702,1.8432836720312848,2.5446218833560277,2.3742511857602353,2.9000182693582985,3.507198734731914,1.6924089906827495,0.8187021477921922,1.2093712552741849,7.097544261418104,4.196923059859351,6.495688946218529,8.335373526520236,4.7397554219282405,0.6461089954596108,1.2832162370355928,25.607792573161557,13.019987327791904,23.143687537894163,50.74531359649077,43.90975652872536,0.5625718592369394,2.192620061664904,2994,2.978680026720107,0.1005695764858001,1.0,0.920507682030728,0.0784903139612558,0.0,12,3,4723.469821900164,8.24408857634957,0.2748029525449856,0.1574489940633388,0.5371155331618822,0.9480452743212466,2.9373167713090687,0.0,0.0,0.0,0.0,0.0,0.0,0.0,0.0,0.0,0.0,0.0,0.0,0.0,0.0,0.0,0.0,0.0,0.0,0.0,0.0,0.0,0.0,0.0,0.0,,0.0,0.0,0.0,,0.0,0.0,0.0,0,0.0,0,0.0,,,,0.0,0.006818284155630097,-0.4184980115149905,-0.864314708276867,-0.5943994695036464,-0.6489556778954046,0.2791437577494758,-0.050549283525359145,-1.2485525476060926,-1.7809809497893725,-1.1953912264098283,-0.9202294939442719,-0.7838610883177356,0.8669894057893422,0.03137593563207575,0.26761909541899004,0.10357628728252638,-0.8722827408328698,0.04787656148197448,-0.2797148744451894,1.2463163149624528,1.004937163344844,2.391980379317896,1.5216862293680387,0.48771851685857887,1.2434852083974124,1.308270969090586,0.39053067629869986,1.143245091683872
subject_12_task_5_6,12,5_6,,5_6,23,110.0,140.0,0.2051610835069722,18.0,0.1296296296296296,eye,高,7.666666666666667,7,66.57142857142857,1.511857892036909,65.0,69.0,7.745689655172455,11.412728974393476,4.932302092972372,4.750588097771107,9.362792395097744,5.714663544453545,1.038250842098165,1.9708701748927893,2.6761834933422155,2.3653655701330347,2.8686880200268416,3.568268590397722,1.7014636847847775,0.8245461178141298,1.2438677770071125,7.222797061786732,4.184726869385011,6.277322208971306,8.469381152337064,4.99031237347922,0.6666420378110209,1.349202871924107,23.46262495798698,12.953765984093383,21.76553765729533,50.143493710799625,42.91874450656755,0.5951502870296231,2.3038022078904463,2994,2.973050768203073,0.1007988842343561,0.997995991983968,0.9091516366065464,0.0848363393453573,0.0,12,3,3184.0749474890245,7.010502195913698,0.2336834065304566,0.1061358315829674,0.7150565302831623,0.7700239651821466,2.9598166356057987,0.0,0.0,0.0,0.0,0.0,0.0,0.0,0.0,0.0,0.0,0.0,0.0,0.0,0.0,0.0,0.0,0.0,0.0,0.0,0.0,0.0,0.0,0.0,0.0,,0.0,0.0,0.0,,0.0,0.0,0.0,0,0.0,0,0.0,,,,0.0,0.05421276198661793,-0.4073793279122658,-0.9343819594576713,-0.5145044465301452,-0.6026156815804137,0.38021657242430706,0.12493672050642228,-1.2019505807744542,-1.7916731603524654,-1.2051578846046205,-0.9049319394728521,-0.7818525497597831,0.8965369246061533,0.08797570773675417,0.37732999171466525,0.08334813836639546,-0.9124647536886799,0.11364894499849598,-0.17497465792360176,1.3678959984115768,1.170598334202235,1.9473848272414438,1.4894385324791124,0.2637859276879149,1.2036920431964457,1.2364531195185042,0.6585171238507586,1.3478404801076604
subject_12_task_5_6,12,5_6,,5_6,24,115.0,145.0,0.2124882650607927,18.0,0.1342592592592592,eye,高,7.666666666666667,5,67.2,1.3038404810405295,66.0,69.0,7.972742759795655,11.181985992701662,5.043473039863012,4.922198212073082,9.301472569678117,5.698928305248329,1.0246383470483715,1.8896989046202215,2.8171632385982943,2.4751214771086603,2.981373239354301,3.7019920682025673,1.798715845316562,0.830195107555442,1.2417070158596903,6.642701967559525,4.282358301482531,6.4965129610742025,8.467809553538,4.779634348172653,0.6591779816559374,1.3034391841092925,23.015971203287307,12.529663215779047,22.388813637142736,48.43365745153761,43.2123562703569,0.5596394440030761,2.163297182088596,2994,2.971761523046092,0.0972286026772384,0.997995991983968,0.905811623246493,0.0881763527054108,0.0,6,3,3175.000000000002,7.000000000000005,0.2333333333333335,0.1058333333333333,0.7162204724409449,0.7670007162585255,2.9599638110236226,0.0,0.0,0.0,0.0,0.0,0.0,0.0,0.0,0.0,0.0,0.0,0.0,0.0,0.0,0.0,0.0,0.0,0.0,0.0,0.0,0.0,0.0,0.0,0.0,,0.0,0.0,0.0,,0.0,0.0,0.0,0,0.0,0,0.0,,,,0.0,0.008074956702609881,-0.34484150697085947,-0.8446934329718615,-0.528151561610242,-0.6055384105703598,0.33793825215089396,0.013291510842050373,-1.1520125067949218,-1.6596020335827906,-1.1700302349924776,-0.8714351813173774,-0.7602797929033673,0.9250986095653199,0.0844304636839313,-0.13078441799981555,0.24527600850902181,-0.8721311125402944,0.1128775874110746,-0.2630443037680141,1.3237000351904122,1.0557074003189875,1.8548138452571012,1.2829139173245465,0.3650606917030346,1.0906352992284767,1.2577309294874526,0.36640896157779923,1.089285655386891
subject_12_task_5_6,12,5_6,,5_6,25,120.0,150.0,0.2198154466146131,18.0,0.1388888888888889,eye,高,7.666666666666667,7,67.14285714285714,1.0690449676496976,66.0,69.0,2.111197511664017,11.629679553717862,5.2482021218880615,4.974503045548064,9.21584402934406,5.741514892701705,1.0550203857217344,1.8526160191200984,2.895375481700581,2.4601094760721622,3.289285643474475,3.807826317364796,1.769254527929938,0.7479160348851754,1.1576453765634611,6.959221786930028,4.079154953300395,6.484935495361179,8.59082316458646,4.9841108143095925,0.6290201276818107,1.324735330171236,23.508485565717898,12.353927900266465,23.88987659696372,52.23882366406221,41.93003958683514,0.5171197871250864,2.1866510466069755,2995,2.988070328198259,0.0974201992391298,0.992320534223706,0.9025041736227044,0.0854757929883138,0.0030050083472454,12,3,2834.0372790766796,6.295268215460593,0.2098422738486864,0.0944679093025559,0.729558526339357,0.7461961914287789,2.964613956974675,0.0,0.0,0.0,0.0,0.0,0.0,0.0,0.0,0.0,0.0,0.0,0.0,0.0,0.0,0.0,0.0,0.0,0.0,0.0,0.0,0.0,0.0,0.0,0.0,,0.0,0.0,0.0,,0.0,0.0,0.0,1,90.0,1,2.0,90.0,,90.0,0.003,0.09759273182028512,-0.22967373129493804,-0.81735737844187,-0.5472087349808882,-0.5976282001115574,0.4323002009995834,-0.037713315283238354,-1.1243080392130531,-1.677666226632538,-1.07404391923855,-0.8449244720017918,-0.7668149879383775,0.5090898965109691,-0.05349270618657698,0.14646026616120134,-0.091749523843274,-0.8742615005379487,0.17325399027855606,-0.17756709308126728,1.1451301829041327,1.1091719313915613,1.9568896426546813,1.197336384903437,0.6089651608996907,1.3422381646576143,1.1648024638161538,0.016647092454579578,1.1322610173900822
subject_12_task_5_6,12,5_6,,5_6,26,125.0,155.0,0.2271426281684335,18.0,0.1435185185185185,eye,高,7.666666666666667,5,67.4,1.140175425099138,66.0,69.0,0.339462517680287,13.427666373123488,4.979468693097563,5.241678917279402,8.527338654524037,5.232991755399596,0.9499759088032934,1.6268334610144333,2.9522336910434084,2.397305015097954,3.71571896811772,3.6049224022155992,1.6720834996632048,0.6451793140621618,0.9701816615161704,7.686242859876635,3.935476049233485,6.408534183359748,8.217442999036685,4.883870431123908,0.614099252127304,1.2822656108122052,24.515016568828884,11.730393037851782,24.842362300316335,50.041108352186235,40.57491895751848,0.4721931391243903,2.0143458076669716,2995,2.986234092431346,0.0980950439353942,0.989983305509182,0.9041736227045076,0.082804674457429,0.0043405676126878,12,3,2247.022642349525,5.050069024768592,0.168335634158953,0.0749007547449841,0.7505846858079366,0.7115567575366728,2.9719444649381077,0.0,0.0,0.0,0.0,0.0,0.0,0.0,0.0,0.0,0.0,0.0,0.0,0.0,0.0,0.0,0.0,0.0,0.0,0.0,0.0,0.0,0.0,0.0,0.0,,0.0,0.0,0.0,,0.0,0.0,0.0,2,130.0,1,2.0,90.0,,90.0,0.003,0.4571060100518497,-0.3808463489681738,-0.6777233577688256,-0.7004399618986776,-0.6920834095982076,0.1060481787313843,-0.3482608889952175,-1.1041676320974896,-1.7532398896415626,-0.9411107759176061,-0.8957504263227714,-0.7883697477999956,-0.010354108215288212,-0.36107164506391876,0.7832694497009707,-0.3300500221576118,-0.888320228253272,-0.01000500932173557,-0.2194705380828292,1.0567811065396109,1.0025505913749262,2.165497680481029,0.89369465672636,0.7637324998535003,1.1969221813385515,1.066597954352805,-0.35291441231613785,0.8151880116498402
subject_12_task_5_6,12,5_6,,5_6,27,130.0,160.0,0.234469809722254,18.0,0.1481481481481481,eye,高,7.666666666666667,5,68.0,1.0,67.0,69.0,-0.5882352941176326,14.02864728752733,5.356972725835264,4.876441959917306,8.256484788819568,4.9770523544948695,1.098541266330607,1.6931370980491645,2.8883126688271332,2.328535067241336,3.289237054927368,3.5621322771187245,1.5900486721212896,0.7079255852821937,1.0829661157387704,7.658185771617045,3.9562457209136217,6.157303379006272,8.067517163622274,4.7647146194024455,0.642528957465812,1.31023545000706,26.053741216635615,13.501042696490291,24.442357131638698,53.6226866798954,41.33128102699565,0.5523625493146184,2.1938426965574886,2995,2.996875083724046,0.095483567664175,0.9889816360601,0.9015025041736228,0.0838063439065108,0.0043405676126878,17,4,2241.0065846632237,4.753715304769311,0.1584571768256437,0.0747002194887741,0.57365475628111,1.0584539599232434,2.9890301153845065,0.0,0.0,0.0,0.0,0.0,0.0,0.0,0.0,0.0,0.0,0.0,0.0,0.0,0.0,0.0,0.0,0.0,0.0,0.0,0.0,0.0,0.0,0.0,0.0,,0.0,0.0,0.0,,0.0,0.0,0.0,2,130.0,1,2.0,90.0,,90.0,0.003,0.5772740871256032,-0.1684861931512698,-0.8686070050247497,-0.7607202032376373,-0.7396226619055843,0.5674693762486711,-0.25706503320294116,-1.1268098402422517,-1.835991923236732,-1.0740590658697422,-0.9064690412985523,-0.8065669516322062,0.3068954024083002,-0.17602184626474143,0.7586938051537259,-0.2956022154782339,-0.9345496107021103,-0.08359022125131835,-0.2692811916777752,1.225118292839248,1.07276960341488,2.484405223857123,1.7559449569951975,0.6987365263642382,1.4337411058429432,1.1214109093051212,0.30655005220439563,1.145494962452164
subject_12_task_5_6,12,5_6,,5_6,28,135.0,165.0,0.2417969912760744,18.0,0.1527777777777778,eye,高,7.666666666666667,6,68.16666666666667,0.9831920802501752,67.0,69.0,1.1079545454544382,13.9531911192393,5.375070385359959,4.988477253832944,8.49342119386643,4.970010877335117,1.077497222470038,1.7026079826946048,2.8588418947612086,2.426089991991375,3.508783918365266,3.670016688634886,1.581257725746739,0.6914332852738578,1.0459511825238694,7.278580129692015,4.016986137664945,6.437321799721531,7.916936718195504,4.513424371800518,0.6240151203624331,1.229849456731832,25.322059354199126,12.981511061090297,23.17923334930043,50.460999422071005,40.651853572100215,0.560049198584995,2.176991734870902,2995,3.006605157401206,0.085532764262223,0.9839732888146911,0.9125208681135224,0.0717863105175292,0.0043405676126878,17,4,1515.093191275323,3.153276327221184,0.1051092109073728,0.0505031063758441,0.50534848746919,0.9981568806474536,3.0029564004165805,0.0,0.0,0.0,0.0,0.0,0.0,0.0,0.0,0.0,0.0,0.0,0.0,0.0,0.0,0.0,0.0,0.0,0.0,0.0,0.0,0.0,0.0,0.0,0.0,,0.0,0.0,0.0,,0.0,0.0,0.0,2,130.0,1,2.0,90.0,,90.0,0.003,0.5621863822930451,-0.15830558191722785,-0.8100540434666879,-0.7079885073430171,-0.7409305752558962,0.5021098060207009,-0.24403851657462358,-1.1372490256221441,-1.7186024433563485,-1.0056191645382266,-0.8794447812312478,-0.8085169849028191,0.223509186702281,-0.23675367310377998,0.4261912575705942,-0.19486041435118512,-0.8830229728868209,-0.1574967228129215,-0.37432794763750354,1.1154946717540433,0.8709584671293621,2.3327608957994275,1.5029495061801241,0.49349427876549024,1.2246859610135061,1.0721733444120363,0.36977955623864095,1.114486125434503
subject_12_task_5_6,12,5_6,,5_6,29,140.0,170.0,0.2491241728298949,18.0,0.1574074074074074,eye,高,7.666666666666667,5,68.8,2.0493901531919194,67.0,72.0,15.023696682464244,12.951929963816294,5.547570569930583,4.695918055709991,8.414197119913416,4.795417466231943,1.1813601736906434,1.7918108919473563,2.898185495385217,2.4001366981576076,3.04230071738464,3.508069956263113,1.5047874359458635,0.7889215830777312,1.1530976987964812,7.3001799936837,4.048627996694089,5.771974671242999,7.569636218577651,4.219541002158993,0.7014285798697404,1.311446541214209,25.020622648444785,12.45159851301056,22.86456652546023,51.75225493371627,40.5007689477199,0.5445805630797949,2.263426025421865,2995,3.0116509433962264,0.0834571194755458,0.9762938230383972,0.9115191986644408,0.0684474123539232,0.0103505843071786,22,4,999.5310588282312,2.02077081715659,0.067359027238553,0.033317701960941,0.601281965869639,0.7114247946373433,3.0248428059879533,0.0,0.0,0.0,0.0,0.0,0.0,0.0,0.0,0.0,0.0,0.0,0.0,0.0,0.0,0.0,0.0,0.0,0.0,0.0,0.0,0.0,0.0,0.0,0.0,,0.0,0.0,0.0,,0.0,0.0,0.0,4,311.0,3,6.0,90.33333333333333,10.503967504392488,90.0,0.009033333333333334,0.36198097674338386,-0.06126776802103731,-0.9629541420200037,-0.7256203262034282,-0.7733602839771767,0.824692190821144,-0.12134636856765679,-1.1233126716089197,-1.7498324778434338,-1.1510371575261078,-0.9200112592901223,-0.8254798468031959,0.7164167996718238,-0.06095425628746402,0.4451109179008868,-0.14238040120516715,-1.0054545630050207,-0.3279555419816768,-0.4971798883951085,1.5738731107851989,1.07581007953145,2.270286794632255,1.2448988796946394,0.44236474809497506,1.3100655656315043,1.0612243623777171,0.24253631712667909,1.2735409543684155
subject_12_task_5_6,12,5_6,,5_6,30,145.0,175.0,0.2564513543837153,18.0,0.162037037037037,eye,高,7.666666666666667,6,69.33333333333333,2.250925735484551,67.0,72.0,14.680851063829772,11.776594176696006,5.467335902193111,4.317113306093826,8.276458637001953,5.092628042848359,1.2664332655980295,1.9171279626409872,2.6348737660525825,2.408424750509219,3.001570882972955,3.670822703838722,1.670123676685998,0.8023880975696817,1.2229671885019406,6.650443693860044,3.9711090747631728,5.34639553057024,7.3698728548320815,4.26277023355039,0.7427638026510954,1.3784750515916318,22.801038562735403,12.450347569670596,20.12974850161513,48.723689652887295,43.53389783610447,0.6185048744484628,2.4204817883828955,2995,2.993020552560647,0.1000892351202387,0.9762938230383972,0.91118530884808,0.0687813021702838,0.0103505843071786,22,4,1326.990714828889,3.018468675476217,0.1006156225158739,0.0442330238276296,0.4529044501095078,1.180323958831452,2.9980740399367165,0.0,0.0,0.0,0.0,0.0,0.0,0.0,0.0,0.0,0.0,0.0,0.0,0.0,0.0,0.0,0.0,0.0,0.0,0.0,0.0,0.0,0.0,0.0,0.0,,0.0,0.0,0.0,,0.0,0.0,0.0,4,311.0,3,6.0,90.33333333333333,10.503967504392488,90.0,0.009033333333333334,0.12696878572511153,-0.10640277338530062,-1.1609287192009077,-0.75627489696235,-0.7181551512768455,1.088916156607969,0.05101819570655388,-1.2165833793634773,-1.739859325208957,-1.1637339722504647,-0.8792428802876309,-0.7888044814278936,0.7845044333958309,0.053683307030244064,-0.12400331826546955,-0.27095040836728257,-1.0837660618956095,-0.42600154863791934,-0.4791087910738456,1.818626090643102,1.2440869060238322,1.8102680972654477,1.2442897099104069,-0.002009909271120395,1.1098126304804237,1.2810327898924856,0.8506293079084679,1.5625521483241633
subject_12_task_5_6,12,5_6,,5_6,31,150.0,180.0,0.2637785359375357,18.0,0.1666666666666666,eye,高,7.666666666666667,6,70.66666666666667,1.3662601021279464,69.0,72.0,5.938037865748718,9.490653835938616,5.806268256963855,4.405493400756697,9.291941374448411,5.591232955003636,1.3179609475675431,2.1091715567778193,2.573677103813166,2.5131334233675133,2.7869805552988036,3.963729357823878,2.2144957388040267,0.9017405660004936,1.4222307185774068,5.38788528374606,4.071502341158296,5.770644987181923,7.619976038404706,4.350423020222793,0.7055541192019511,1.3204721578490135,18.477353302658013,12.646133012683878,21.66324044263676,47.00856251284131,42.74539425330764,0.5837599894701923,2.169969106760264,2994,2.969061827956989,0.1130366500001025,0.9792919171676688,0.9138276553106212,0.0708082832331329,0.0073480293921175,22,4,1521.2464631918915,3.675491578200819,0.1225163859400273,0.0507082154397297,0.395070762392425,1.2559971965276624,2.9751596276541608,0.0,0.0,0.0,0.0,0.0,0.0,0.0,0.0,0.0,0.0,0.0,0.0,0.0,0.0,0.0,0.0,0.0,0.0,0.0,0.0,0.0,0.0,0.0,0.0,,0.0,0.0,0.0,,0.0,0.0,0.0,3,221.0,2,4.0,90.5,14.849242404917497,90.5,0.006033333333333333,-0.33011237687159006,0.08425936907852831,-1.114738665116793,-0.5302727894066445,-0.6255421943157145,1.2489532279372775,0.3151602654328198,-1.2382605602993726,-1.6138616200465066,-1.2306287601000339,-0.8058718947903142,-0.6680502887057708,1.2868374226883943,0.3806226569844683,-1.2298980718484964,-0.10444186235122432,-1.0056992402974962,-0.30324821718850903,-0.4424673337207054,1.5983011403719902,1.0984691258967911,0.914165050766451,1.3396310193574017,0.24716387484306254,0.9964060461397766,1.2238905651462624,0.5648218295616256,1.1015632113261795
subject_12_task_5_6,12,5_6,,5_6,32,155.0,185.0,0.2711057174913562,18.0,0.1712962962962963,eye,高,7.666666666666667,6,70.66666666666667,1.3662601021279464,69.0,72.0,5.938037865748718,8.068311310490738,5.913764954071824,4.19739226415856,9.900910426609038,5.946183322123806,1.4089140547023289,2.358824194524942,2.4431329440593275,2.525766416458618,2.9602777635906405,4.132172532095215,2.2607764217095405,0.8532193997211309,1.3958732463953436,4.888541035234717,4.223653911180504,5.737447725060877,7.585495390468653,4.317215364533512,0.7361555370224641,1.3221027456748058,16.362501909500715,11.947118139892495,19.00104681787713,45.6938292763381,42.8592414380208,0.6287610495571252,2.4048058885548915,2994,2.961659274193549,0.1096033313976186,0.981629926519706,0.9181696726786908,0.0678022712090848,0.0060120240480961,22,4,1709.8073625318032,4.317949649664318,0.1439316549888106,0.0569935787510601,0.4341369043547486,1.2084708704822118,2.9570967149605174,0.0,0.0,0.0,0.0,0.0,0.0,0.0,0.0,0.0,0.0,0.0,0.0,0.0,0.0,0.0,0.0,0.0,0.0,0.0,0.0,0.0,0.0,0.0,0.0,,0.0,0.0,0.0,,0.0,0.0,0.0,2,181.0,2,4.0,90.5,14.849242404917497,90.5,0.006033333333333333,-0.6145143639011558,0.14473028691773537,-1.223498480221085,-0.3947428742742778,-0.5596122319907533,1.531439618510095,0.6585394067342548,-1.2845021242597954,-1.5986601272249286,-1.1766063812293135,-0.7636781053067521,-0.6577841731355853,1.0415110318494245,0.33737693701565763,-1.667281546733194,0.1479110852931706,-1.0118079216385347,-0.3201716899097419,-0.4563491159883269,1.7794974106585915,1.1025627592342533,0.475852670862327,0.999232916877772,-0.18541020121245277,0.9094740618048103,1.2321409796751723,0.9349954397038006,1.5337056390321337
subject_12_task_5_6,12,5_6,,5_6,33,160.0,190.0,0.2784328990451766,18.0,0.1759259259259259,eye,高,7.666666666666667,6,70.83333333333333,1.1690451944500122,69.0,72.0,0.3217158176943332,10.483940445555778,8.048624885804877,4.570767027150925,10.012112633651109,6.209025576256593,1.7608915173306894,2.190466627193622,2.3727560226175353,2.960182928073067,3.1664058148828693,4.242981931883481,2.415734582801853,0.9348716182112524,1.3399994125643797,5.744710714471352,5.266802666800807,5.698257779054284,7.512167594977583,4.4591127891957445,0.9242829775375512,1.3183270898327708,22.194188523599497,12.897616055727658,23.251771250875027,44.80257288281371,42.21896789582549,0.5546939162857232,1.9268455895000975,2994,2.964447244623656,0.1031955893093767,0.982631930527722,0.9258517034068136,0.0617902471609886,0.0060120240480961,11,3,1297.7569024669172,3.8217611501388657,0.1273920383379622,0.0432585634155639,0.7611262946005386,0.6861805011179183,2.918198934647772,0.0,0.0,0.0,0.0,0.0,0.0,0.0,0.0,0.0,0.0,0.0,0.0,0.0,0.0,0.0,0.0,0.0,0.0,0.0,0.0,0.0,0.0,0.0,0.0,,0.0,0.0,0.0,,0.0,0.0,0.0,2,181.0,2,4.0,90.5,14.849242404917497,90.5,0.006033333333333333,-0.13150150754106227,1.3456689483203321,-1.0283617748119422,-0.36999411958884515,-0.5107908149205869,2.6246275932047705,0.42697575323749365,-1.3094311514972057,-1.0759194405754782,-1.1123495602882656,-0.7359211569608696,-0.6234109035456595,1.4543503265779276,0.24570258544099988,-0.9173490692653382,1.8780388997741073,-1.019019326333713,-0.35616176031104946,-0.3970317955508856,2.893432417194404,1.093083876599871,1.6844957211263047,1.4620952958556417,0.5052808052828734,0.8505429534330692,1.1857408675572143,0.3257276121683817,0.6541716818633848
subject_12_task_5_6,12,5_6,,5_6,34,165.0,195.0,0.2857600805989971,18.0,0.1805555555555555,eye,高,7.666666666666667,6,71.0,0.8944271909999159,70.0,72.0,-5.756630265210575,11.046584580663277,8.547983340643578,4.708057438297768,9.81303139233416,6.112228723874484,1.815607275966914,2.0843057929816022,2.4545923598041304,2.894588237915539,3.292819704550723,4.257247785663217,2.3938909578151155,0.879060652460011,1.2928882136424418,6.2232922751914455,5.394141267071811,6.293906995485666,7.353065211226969,4.425504420921822,0.8570417819870525,1.168283105629141,23.00523266417464,13.414790016241186,23.167126366972784,46.91809933999493,43.21942615171065,0.5790441940768883,2.0252015116938153,2994,2.9619368279569893,0.0958393651226427,0.9876419505678022,0.924181696726787,0.0647962591850367,0.0060120240480961,11,3,1512.0000000000002,4.0,0.1333333333333333,0.0504,0.794973544973545,0.6243668674701957,2.9235863359788357,0.0,0.0,0.0,0.0,0.0,0.0,0.0,0.0,0.0,0.0,0.0,0.0,0.0,0.0,0.0,0.0,0.0,0.0,0.0,0.0,0.0,0.0,0.0,0.0,,0.0,0.0,0.0,,0.0,0.0,0.0,2,181.0,2,4.0,90.5,14.849242404917497,90.5,0.006033333333333333,-0.018998993447477904,1.6265767799771051,-0.9566097412766457,-0.41430090930894964,-0.5287702661957188,2.7945663413301665,0.28095920632445176,-1.2804429514319062,-1.154850633236811,-1.072942237403654,-0.7323476643940776,-0.6282563199161021,1.1721662026811996,0.16840542652150658,-0.49815195892004605,2.0892379766065647,-0.9094129605752607,-0.4342509208245105,-0.4110810875308436,2.4952857066457446,0.7163945342008118,1.8525882351502179,1.713942633677908,0.49152704142952297,0.9904244957336358,1.2582432781413575,0.5260302321623893,0.835164483209224
subject_12_task_5_6,12,5_6,,5_6,35,170.0,200.0,0.2930872621528175,18.0,0.1851851851851851,eye,高,7.666666666666667,6,70.83333333333333,0.7527726527090811,70.0,72.0,-2.8722350610763,9.857931019503582,7.8253636994558144,4.922459910329767,9.84891689021958,6.161048018798432,1.589726242977482,2.0008120065237422,2.4807323034360755,2.9451528400253166,3.422364389613062,4.10785694101665,2.3690339715003454,0.8605608593181687,1.2002979441593276,5.712574080127208,5.081302740231377,6.190639281231381,7.875249970615902,4.620879287896862,0.8208042028287349,1.2721222498768228,20.78330103515894,13.322642999808153,26.777749360540856,50.994609832577886,45.21132221169984,0.4975266151172557,1.904365043752426,2995,2.9545382303839736,0.095735127060623,0.9973288814691152,0.942237061769616,0.0560934891485809,0.0,11,3,1504.4689411717693,3.9792291828434103,0.132640972761447,0.0501489647057256,0.7950372207877514,0.6242442031534973,2.92359647113494,0.0,0.0,0.0,0.0,0.0,0.0,0.0,0.0,0.0,0.0,0.0,0.0,0.0,0.0,0.0,0.0,0.0,0.0,0.0,0.0,0.0,0.0,0.0,0.0,,0.0,0.0,0.0,,0.0,0.0,0.0,0,0.0,0,0.0,,,,0.0,-0.25667411644721905,1.2200761699409375,-0.8445566617149838,-0.40631436472899474,-0.5197023666435051,2.0930145228366555,0.166119543677083,-1.2711836182096639,-1.0940053980297284,-1.032558943719312,-0.7697689839403062,-0.6337701688529238,1.0786299620923985,0.016489004557932726,-0.9454980523415321,1.570375605528889,-0.9284154179736049,-0.17795702671465446,-0.32940861449359693,2.280716753461452,0.9770854187407468,1.39208299896709,1.6690699553360195,1.0782093514243596,1.2599690211501287,1.4025943943750876,-0.14452411556283642,0.6128033853754459
subject_12_task_5_6,12,5_6,,5_6,36,175.0,205.0,0.3004144437066379,18.0,0.1898148148148148,eye,高,7.666666666666667,6,70.83333333333333,0.752772652709081,70.0,72.0,1.5300117693213209,9.7034247648377,7.509562466841462,5.1713902059450065,9.371700704609706,5.732372028483219,1.452136111912132,1.8122207629654483,2.3690447872200044,2.69763362296624,3.4598478069826903,3.954252619944276,2.2043406794452594,0.7796971929001779,1.142897850004782,5.682341622610011,4.83830818431023,6.680747128782446,7.414268815053628,4.458080966816652,0.7242166319191312,1.1097963554272208,20.797063952422295,12.978091573406994,28.30780477691515,52.12044484575148,42.82690757715432,0.4584633699321874,1.841204051550313,2995,2.9577547866980183,0.1053570079511811,0.9879799666110184,0.9298831385642736,0.0604340567612687,0.0060100166944908,16,5,2251.3256375170213,5.560303173649826,0.1853434391216608,0.075044187917234,0.4497020826731601,1.110618829909089,2.9291306939413313,0.0,0.0,0.0,0.0,0.0,0.0,0.0,0.0,0.0,0.0,0.0,0.0,0.0,0.0,0.0,0.0,0.0,0.0,0.0,0.0,0.0,0.0,0.0,0.0,,0.0,0.0,0.0,,0.0,0.0,0.0,1,180.0,1,2.0,180.0,,180.0,0.006,-0.28756814165513156,1.042426149943001,-0.7144583193053896,-0.5125218458908425,-0.5993264338628214,1.6656806941474047,-0.09327406759976428,-1.3107457513179153,-1.3918494302547977,-1.0208741428245316,-0.8082457486719723,-0.6703029134825496,0.6697776414759892,-0.0776895411252192,-0.9719791370092677,1.1673538526853802,-0.8382298884406232,-0.4042115340437715,-0.39746312782376386,1.708805095396667,0.5695620197914378,1.394935424929332,1.501284323987075,1.3268247420917485,1.334410793071306,1.2297977706082053,-0.46585393459579977,0.49657566202669057
subject_12_task_5_6,12,5_6,,5_6,37,180.0,210.0,0.3077416252604584,18.0,0.1944444444444444,eye,高,7.666666666666667,5,71.0,1.0,70.0,72.0,7.274247491638731,12.026007631194648,7.462007907213529,5.134570091625643,8.358051592387707,5.0939720101213295,1.4532877678277056,1.6277996878491312,2.4415360176460914,2.8649452033966,3.390025403402326,3.6342023999205346,1.7160883074588371,0.8451102462303851,1.072028072790589,6.64163783890522,4.985773311648713,6.646612422381957,7.297563511556304,4.36934069397018,0.7501224676286982,1.0979372720729614,24.761195793496768,14.066818465966575,30.13679904398156,52.27660388375782,46.03313593051056,0.4667655130008168,1.7346435435118872,2995,2.984134699361774,0.1047563144245403,0.9906510851419033,0.928881469115192,0.0624373956594323,0.0060100166944908,16,5,2932.5496291704603,6.983833466204171,0.2327944488734723,0.097751654305682,0.6693833858679781,0.9185405922845418,2.9318835120137816,0.0,0.0,0.0,0.0,0.0,0.0,0.0,0.0,0.0,0.0,0.0,0.0,0.0,0.0,0.0,0.0,0.0,0.0,0.0,0.0,0.0,0.0,0.0,0.0,,0.0,0.0,0.0,,0.0,0.0,0.0,1,180.0,1,2.0,180.0,,180.0,0.006,0.17683981241679103,1.015674929249661,-0.7337016011584148,-0.7381158685526217,-0.7179055171874604,1.6692575606561002,-0.34693191388886574,-1.2850677901234921,-1.1905205946782307,-1.0426400580234119,-0.8884159999526584,-0.7786084734602011,1.0005105878949263,-0.19396831469223264,-0.13171650501179505,1.4119340404099674,-0.8445110704040689,-0.46149175174220414,-0.43455918656246184,1.8621980145340422,0.5397894811996273,2.216519422337813,2.0314598363705274,1.6240140591379575,1.3447362451621323,1.4621505780683093,-0.39756144847003916,0.3004849291806884
subject_12_task_5_6,12,5_6,,5_6,38,185.0,215.0,0.3150688068142788,18.0,0.199074074074074,eye,高,7.666666666666667,6,71.0,0.8944271909999159,70.0,72.0,4.223300970873857,12.913421470094384,5.315520143194281,5.294469377586074,8.731941148221031,5.623684466901179,1.0039759915691129,1.6492570880072246,2.3101562523721566,2.538992541643683,3.3895698295852448,3.81904951539664,1.9891586914019628,0.7490604027338654,1.126706251059577,6.56951471153959,4.030723633518291,7.231593602200096,7.655726356579317,4.77674674262291,0.5573769566215679,1.058649970906853,25.36495564369889,11.835910971116824,29.64380313576578,52.51834311552659,47.89926945823763,0.3992710016629609,1.7716466026642266,2995,2.998453812562983,0.1161439768271907,0.9903171953255424,0.9285475792988314,0.0597662771285475,0.0060100166944908,16,5,2605.0899731698028,5.986135607884544,0.1995378535961514,0.0868363324389934,0.7535248379968547,0.7641544316769396,2.9338341108886405,0.0,0.0,0.0,0.0,0.0,0.0,0.0,0.0,0.0,0.0,0.0,0.0,0.0,0.0,0.0,0.0,0.0,0.0,0.0,0.0,0.0,0.0,0.0,0.0,,0.0,0.0,0.0,,0.0,0.0,0.0,1,180.0,1,2.0,180.0,,180.0,0.006,0.3542810789085933,-0.191804823272418,-0.6501335002789483,-0.6549043825318135,-0.619514515082272,0.27376414745078187,-0.31741881237575226,-1.3316053436262743,-1.5827449085900334,-1.0427820752064496,-0.8421131425600589,-0.718035207372525,0.5148758999325456,-0.10425572125793087,-0.19489028574677927,-0.17207591353178198,-0.7368677471389167,-0.28570157666349744,-0.264251408295096,0.7209186165067377,0.4411576852003237,2.341651343043396,0.9450785480555397,1.5439082217893136,1.360720378312339,1.5973877840548776,-0.9527636343396767,0.36857729398163036
subject_12_task_5_6,12,5_6,,5_6,39,190.0,220.0,0.3223959883680993,18.0,0.2037037037037037,eye,高,7.666666666666667,6,71.33333333333333,0.816496580927726,70.0,72.0,3.327483327483297,9.575992678790447,14.415647989775891,5.300053721237694,10.700691169439008,7.949831844193611,2.7199060137846076,2.0189778693299982,2.314329035770949,4.254703840315829,4.07546330261829,4.742873488654704,3.646187701023354,1.04398040772012,1.1637630218894708,5.679249184649591,7.552131531344366,7.103494897508842,8.059871981927003,5.497948285982674,1.063157169859143,1.1346347253312672,18.454821553230794,17.34554635357964,25.496630378775205,50.21361884179321,46.92792524935118,0.6803074012485597,1.9694217665560148,2995,2.9775080917060017,0.1253651762725784,0.9853088480801336,0.9202003338898164,0.0617696160267111,0.0096828046744574,15,3,2455.3493305954207,5.681761885091503,0.1893920628363834,0.081844977686514,0.83440947952774,0.549287590818836,2.9292804640766557,0.0,0.0,0.0,0.0,0.0,0.0,0.0,0.0,0.0,0.0,0.0,0.0,0.0,0.0,0.0,0.0,0.0,0.0,0.0,0.0,0.0,0.0,0.0,0.0,,0.0,0.0,0.0,,0.0,0.0,0.0,2,291.0,2,4.0,145.5,48.79036790187178,145.5,0.0097,-0.3130485993049156,4.927357887226549,-0.6472149569544982,-0.21674661023481034,-0.1874461946816468,5.603179422212755,0.1911053736995569,-1.3301272535241042,0.4817993211561999,-0.828966760866555,-0.6107019594347143,-0.3504682172601885,2.0060119536893968,-0.043455249832277665,-0.9746878520190552,5.668400545205757,-0.760439394834001,-0.08734255862353733,0.03723216795218008,3.7157304504204616,0.63191939636391,0.9094952452440384,3.6280964673390623,0.8700431028463674,1.208328814078755,1.5269952451988644,1.3590098753285547,0.7325195981258088
subject_12_task_5_6,12,5_6,,5_6,40,195.0,225.0,0.3297231699219197,18.0,0.2083333333333333,eye,高,7.666666666666667,6,71.66666666666667,0.5163977794943223,71.0,72.0,1.317011397213969,9.681466477239873,15.204083009008352,6.020775438829141,10.23110042169648,7.247831002715104,2.525269903101566,1.6992994549695613,2.273446115108249,4.384506361620724,5.439994378560551,4.688113958620061,3.555699778770325,0.8059762669793209,0.8617865446876728,5.7527603311215625,7.852775411322174,8.632360193180103,8.08420169074395,5.692687044068139,0.9096904248187152,0.9364995794696772,17.445249696394832,17.12620353292998,25.656004750793773,45.99424345519043,45.106897632255574,0.667531975429655,1.7927282093197854,2995,2.9736557653405264,0.1264760640778517,0.9853088480801336,0.918864774624374,0.0631051752921535,0.0096828046744574,10,3,2453.843360433611,6.18102981029812,0.2060343270099373,0.0817947786811203,0.8819506490307079,0.4431015957238838,2.9195267334866095,0.0,0.0,0.0,0.0,0.0,0.0,0.0,0.0,0.0,0.0,0.0,0.0,0.0,0.0,0.0,0.0,0.0,0.0,0.0,0.0,0.0,0.0,0.0,0.0,,0.0,0.0,0.0,,0.0,0.0,0.0,2,291.0,2,4.0,145.5,48.79036790187178,145.5,0.0097,-0.29195877226123146,5.370882112177134,-0.2705444493913254,-0.3212570019578076,-0.31783876028533203,4.998669536690049,-0.24858915709438523,-1.344608867977619,0.637992875732623,-0.4035980230084922,-0.6244188232524112,-0.37054051112525765,0.8026464674499463,-0.53891968891168,-0.9102982835349427,6.167037327544407,-0.47911044455567403,-0.07540127595846875,0.11863872865926373,2.8070273969393864,0.13449593619070024,0.7002569769261079,3.5212834611386112,0.8959394993675202,0.9293378638027364,1.3950268285227312,1.253920673266386,0.4073712878800922
subject_12_task_5_6,12,5_6,,5_6,41,200.0,230.0,0.3370503514757401,18.0,0.2129629629629629,eye,高,7.666666666666667,6,71.33333333333333,1.2110601416389968,69.0,72.0,-4.793152639087053,9.556364267058608,15.788693562990712,5.494744739728074,11.900064963799522,9.09502307001713,2.873417112324688,2.165717522373648,2.400601507285265,4.422793104188101,4.995671716465956,5.385058705223013,4.446147931682378,0.8853250083688203,1.077944871251972,5.726133308409604,8.070293987444384,7.755314278956148,8.42848788576075,6.221264244497822,1.040614692990963,1.086801589541154,17.677071353697265,17.981078434086044,21.355641042193437,44.259263994406666,44.883335413124094,0.8419826123954746,2.0724858554684156,2994,2.973467790893761,0.1244952727343838,0.9843019372077488,0.9138276553106212,0.0668002672010688,0.0096860387441549,10,3,2666.580487804885,6.85853658536587,0.2286178861788623,0.0888860162601628,0.8548666511783615,0.5040339137241796,2.913493712217529,0.0,0.0,0.0,0.0,0.0,0.0,0.0,0.0,0.0,0.0,0.0,0.0,0.0,0.0,0.0,0.0,0.0,0.0,0.0,0.0,0.0,0.0,0.0,0.0,,0.0,0.0,0.0,,0.0,0.0,0.0,2,291.0,2,4.0,145.5,48.79036790187178,145.5,0.0097,-0.3169733636980856,5.699747442265307,-0.5454636665981647,0.050181615403147896,0.025266402254079015,6.079961332205033,0.3929351501108802,-1.299567678763536,0.6840639562835494,-0.5421078549274173,-0.4498392355246849,-0.17301871427285578,1.2038392217753968,-0.18426039552588025,-0.9336213111943379,6.527805565715326,-0.6404970671005911,0.09357809010418526,0.3395996322728882,3.5822525587915908,0.5118330592721846,0.7483030489358541,3.9375804607273905,0.19718271449300923,0.8146186164917827,1.3788254530957955,2.6889318030595426,0.9221762832989924
subject_12_task_5_6,12,5_6,,5_6,42,205.0,235.0,0.3443775330295606,18.0,0.2175925925925926,eye,高,7.666666666666667,6,70.83333333333333,1.4719601443879746,69.0,72.0,-7.211843496651303,12.013616199680904,15.956212385123791,5.737895446951688,12.287472212989195,9.13792992991243,2.7808475307093095,2.1414597610901107,2.485355125472147,4.4975836483593366,5.286861799688225,5.531878514416257,4.615759222822596,0.8507095170568988,1.0463444523445802,6.440725303397318,8.201495760219455,7.948891055294697,9.520636530577534,7.163782613939862,1.03177860951516,1.1977314149042095,21.68918802481152,18.22268173059332,24.33877364638326,52.1202748290774,46.7691006995726,0.7487099389373387,2.141450328859214,2994,2.9879798860207845,0.1082341135582811,0.9936539746158984,0.9268537074148296,0.0614562458249833,0.0036740146960587,10,3,1805.0012628302488,4.957271511307578,0.1652423837102526,0.0601667087610083,0.7659534204013835,0.6378542613192504,2.8936880906359397,0.0,0.0,0.0,0.0,0.0,0.0,0.0,0.0,0.0,0.0,0.0,0.0,0.0,0.0,0.0,0.0,0.0,0.0,0.0,0.0,0.0,0.0,0.0,0.0,,0.0,0.0,0.0,,0.0,0.0,0.0,1,111.0,1,2.0,111.0,,111.0,0.0037,0.17436210561860604,5.793983053239994,-0.41838590819463467,0.1364015495985737,0.03323610145267657,5.7924544200045265,0.35957035447081426,-1.2695461146916072,0.7740606745704822,-0.45133443073734625,-0.4130619416514559,-0.13539504479484127,1.0288208905634502,-0.23610842015914385,-0.3076989523721457,6.745411957099436,-0.6048766946323444,0.6296163870748801,0.7336001877547703,3.5299325852809735,0.7903252840037175,1.579832116301536,4.0552336135930585,0.6819054701960278,1.3343995513331062,1.5154853569540012,1.9216813828491957,1.0490834684886854
subject_12_task_5_6,12,5_6,,5_6,43,210.0,240.0,0.351704714583381,18.0,0.2222222222222222,eye,高,7.666666666666667,6,70.33333333333333,1.505545305418162,69.0,72.0,-7.7781940801797775,14.337585951139976,16.851125489364467,6.053548614752604,12.896285105087046,10.199943521567656,2.78367723822321,2.1303678099914114,2.6345839288403967,4.485600113176205,5.23271920978114,5.831706701695441,5.073475245587756,0.8572216343639459,1.1144696414809832,7.086048584893516,8.203296346741125,7.547952972917757,9.83090994295327,7.296466985470081,1.086823987400923,1.302460412541893,26.849584232937644,19.331594559330743,23.662684385817425,54.98512714528118,49.23764400437943,0.8169654061276926,2.3237062308212724,2994,2.9830759663865547,0.1014948175678907,0.990313961255845,0.9215096860387442,0.0624582498329993,0.0063460253841015,11,5,1046.9084197158977,3.1861728832580267,0.1062057627752675,0.0348969473238632,0.4881038210951362,1.047275961982523,2.865979689211085,0.0,0.0,0.0,0.0,0.0,0.0,0.0,0.0,0.0,0.0,0.0,0.0,0.0,0.0,0.0,0.0,0.0,0.0,0.0,0.0,0.0,0.0,0.0,0.0,,0.0,0.0,0.0,,0.0,0.0,0.0,2,191.0,2,4.0,95.5,21.920310216782973,95.5,0.006366666666666666,0.6390473718511152,6.2974051885769855,-0.253416217359131,0.27189671032104057,0.2304989375345467,5.801243057217261,0.3443141782172839,-1.2166860459707822,0.7596406853605011,-0.46821243779719995,-0.3379571624283023,-0.03386314653771875,1.0617466085163052,-0.12433279798016865,0.25754985168690625,6.748398343083924,-0.6786539529435066,0.7819019137332746,0.7890661794867071,3.8558657570025447,1.0532501687276012,2.649347237104043,4.595239037526566,0.5720491905849876,1.5238275582926084,1.6943787182482157,2.4831431051505053,1.3844675055876994
subject_12_task_5_6,12,5_6,,5_6,44,215.0,245.0,0.3590318961372015,18.0,0.2268518518518518,eye,高,7.666666666666667,6,69.83333333333333,1.7224014243685084,68.0,72.0,-9.793778399161171,13.648719147119165,15.892078438524829,5.986302322920384,12.15503066295834,8.387273434008192,2.6547403691385845,2.030473906474636,2.752264809925544,4.21868819251788,5.304151048011421,5.804618059264361,4.21488571967138,0.7953559682467015,1.094353838479123,7.094238339363054,8.097862123844784,8.077771482382373,10.563997766126777,8.05375732867687,1.0024871515004143,1.3077861622066018,26.105575211907365,18.84771346759413,25.62385227668703,57.905395799621864,48.40985704431512,0.7355534704179536,2.2598239786257697,2994,2.980471596638655,0.0885087607127329,0.9893119572478288,0.9251837007348028,0.0607882431529726,0.0063460253841015,11,5,1379.739700540445,3.776822893594402,0.1258940964531467,0.0459913233513481,0.3703597133574117,1.4162718799613856,2.913794327847042,0.0,0.0,0.0,0.0,0.0,0.0,0.0,0.0,0.0,0.0,0.0,0.0,0.0,0.0,0.0,0.0,0.0,0.0,0.0,0.0,0.0,0.0,0.0,0.0,,0.0,0.0,0.0,,0.0,0.0,0.0,2,191.0,2,4.0,95.5,21.920310216782973,95.5,0.006366666666666666,0.501306226974262,5.757905306482856,-0.28856112038887705,0.10692584476267956,-0.1061939684342449,5.400784932070422,0.20691734107437632,-1.175000933439674,0.4384610870958576,-0.4459448094473555,-0.34474267024764155,-0.22431797017123378,0.7489494985291196,-0.15733757087937741,0.26472338633563414,6.573529053686489,-0.5811612009478083,1.1417092990455584,1.1056359414757206,3.3564928128279883,1.0666206024016267,2.4951480504694366,4.359604272281632,0.8907151134887958,1.7169197703585635,1.6343896585330924,1.8134577668024967,1.266912532554424
subject_12_task_5_6,12,5_6,,5_6,45,220.0,250.0,0.3663590776910219,18.0,0.2314814814814814,eye,高,7.666666666666667,6,69.16666666666667,1.4719601443879742,68.0,72.0,-8.265874489416992,14.308057894684772,7.326364595638005,5.818920663451954,12.14383221713888,8.821570895060214,1.2590590281895666,2.0869561417829683,2.8815663382221093,2.7975369018065805,4.547118912815011,5.561733202579287,4.033838049410938,0.6152328442351408,1.2231334410245611,7.373764217996355,4.933030193508237,7.694041557849626,10.91708299504386,8.249506292038006,0.6411494084634172,1.4189009655018068,27.294986611234208,14.49746983344168,26.42949170410994,58.12872639859771,50.055809744786224,0.548533811991066,2.199388737754588,2994,2.992413596784997,0.1115228773098785,0.9876419505678022,0.9211756847027388,0.065130260521042,0.0070140280561122,11,5,1554.4647483026613,3.863949868700424,0.1287983289566808,0.0518154916100887,0.2735560542388717,1.541935853061819,2.95310527145453,0.0,0.0,0.0,0.0,0.0,0.0,0.0,0.0,0.0,0.0,0.0,0.0,0.0,0.0,0.0,0.0,0.0,0.0,0.0,0.0,0.0,0.0,0.0,0.0,,0.0,0.0,0.0,,0.0,0.0,0.0,5,212.0,2,4.0,70.5,13.435028842544403,70.5,0.0047,0.633143141485552,0.9393704866909933,-0.3760397311895013,0.10443355979985444,-0.025525745783013785,1.0660129070723956,0.2846045693527575,-1.1291995364091167,-1.2716341364450627,-0.6819363596171639,-0.4055835595033071,-0.26447849049892963,-0.16176554211884414,0.05395608394859538,0.5095644964141337,1.3244562619765072,-0.6517719585893315,1.3150073255481431,1.1874647978670796,1.2169497453759348,1.3455772190645625,2.741658865749812,2.2411734118963142,1.0216217191203927,1.7316866991868969,1.7536705358607056,0.275055293756316,1.1557006878447378
subject_12_task_5_6,12,5_6,,5_6,46,225.0,255.0,0.3736862592448423,18.0,0.2361111111111111,eye,高,7.666666666666667,7,68.71428571428571,0.4879500364742665,68.0,69.0,-0.6360424028268606,14.047997868932542,5.997035991988712,5.673004298468264,12.68604698011146,8.768454925530422,1.057118182266835,2.2362131795910587,2.6982445185704855,2.597556825654767,3.839449100372915,5.586599093708828,3.9432349388906274,0.6765441493683231,1.4550522607960128,7.286769766892774,4.505164181699703,7.355582145098251,10.436025301832911,7.912459678858262,0.6124823423665982,1.4187898518389146,26.206198942395176,12.8619253339552,27.534912439992123,57.574309603670905,51.22722118195679,0.467113355162675,2.090956698306006,2995,2.9779380649481086,0.1134258073733834,0.9876460767946578,0.9282136894824708,0.0580968280467445,0.0070116861435726,11,5,1674.558901755935,3.777093103969048,0.1259031034656349,0.0558186300585311,0.3513856306399663,1.5430172726462832,2.989057768859363,0.0,0.0,0.0,0.0,0.0,0.0,0.0,0.0,0.0,0.0,0.0,0.0,0.0,0.0,0.0,0.0,0.0,0.0,0.0,0.0,0.0,0.0,0.0,0.0,,0.0,0.0,0.0,,0.0,0.0,0.0,5,212.0,2,4.0,70.5,13.435028842544403,70.5,0.0047,0.5811432984466154,0.1915733642189853,-0.4522999435830677,0.22510688555994027,-0.035391727605670546,0.43881563508259275,0.48989682637930504,-1.1941360886435983,-1.512273521755967,-0.9025400675472893,-0.3993548347112241,-0.28457633576017527,0.14822868018301896,0.43447422567534816,0.433364689501755,0.6148135730382651,-0.7140524168944283,1.078899037690764,1.0465693446625757,1.0472071051077718,1.3452982653109111,2.516002767225255,1.444715044818982,1.2012391402687201,1.6950278920665964,1.8385617869260085,-0.3947001383461008,0.9561659965143271
subject_12_task_5_6,12,5_6,,5_6,47,230.0,260.0,0.3810134407986628,18.0,0.2407407407407407,eye,高,7.666666666666667,6,68.66666666666667,0.5163977794943223,68.0,69.0,-0.2371541501976757,13.690261362081673,6.076410854882337,6.053230125884603,12.522154231228866,8.51759441461888,1.0038294808747827,2.068673083761029,2.854148787599893,2.630190146200201,4.184272151326904,5.565251085233128,3.6100760754991,0.6285896450034023,1.3300404189694717,7.544894537032707,4.429701176092055,7.48489790893827,10.5439820647025,7.741704820503591,0.591818516429225,1.4087008524339597,25.131366353593933,12.75884059957346,28.020293146568047,56.8923986103909,49.2538192509355,0.4553428664302242,2.030399836033091,2995,2.984209574824238,0.1193133441032412,0.985642737896494,0.9161936560934892,0.0684474123539232,0.008347245409015,11,5,1794.653055209209,3.690236339237673,0.1230078779745891,0.0598217685069736,0.4267712144251052,1.446700751193645,3.020198545438456,0.0,0.0,0.0,0.0,0.0,0.0,0.0,0.0,0.0,0.0,0.0,0.0,0.0,0.0,0.0,0.0,0.0,0.0,0.0,0.0,0.0,0.0,0.0,0.0,,0.0,0.0,0.0,,0.0,0.0,0.0,7,252.0,2,4.0,70.5,13.435028842544403,70.5,0.0047,0.5096127271804809,0.23622469715917546,-0.2535826690708455,0.1886315174471296,-0.08198760569253283,0.27330910772178935,0.25945754578997476,-1.13891142565124,-1.473005298901879,-0.7950475021123992,-0.4047023554962813,-0.35847860297156875,-0.09423262861122973,0.22936248100300063,0.6594602323145474,0.4896534323941965,-0.6902568161972593,1.1318853775903037,0.9751887634195828,0.9248530295004087,1.319969568719122,2.2932389212546638,1.3945160442769242,1.2801075999966303,1.6499389917940779,1.695550925444477,-0.4915228420515695,0.8447303462857416
subject_12_task_5_6,12,5_6,,5_6,48,235.0,265.0,0.3883406223524832,18.0,0.2453703703703703,eye,高,7.666666666666667,6,69.66666666666667,2.6583202716502514,68.0,75.0,12.410841654778933,11.55428269344747,5.180844930848936,5.5414637737809045,12.797192817474729,8.440320222623598,0.9349235404843366,2.3093524274261,2.8026421785414573,2.5752867128840187,3.752012858120986,5.553029229152265,3.5251177889242116,0.6863747034634967,1.4800133792540442,7.338296864167463,4.321915648978182,7.638376569687394,10.086694292873688,7.603811468337739,0.5658159963112501,1.3205285443640404,21.935813455244578,11.20950927300646,25.614569544935826,49.738053726646434,46.97549843437549,0.4376223950725206,1.9417876080014,2995,2.9841124874455978,0.1203797354681949,0.985642737896494,0.917195325542571,0.067779632721202,0.008347245409015,11,5,1914.7472086624828,3.6033795745062975,0.1201126524835432,0.0638249069554161,0.4927003354183947,1.2555202221018718,3.0474329836933833,4.0,1.0,0.1333333333333333,4.0,0.0,0.0,0.0,0.0,0.0,0.0,0.0,1.0,4.0,1.0,0.0150943396226415,4.0,0.0,0.0,0.0,0.0,0.0,0.0,0.0,1.0,2.0,0.0,0.0,0.0,0.3333333333333333,1.0,4.0,0.0666666666666666,7,252.0,2,4.0,70.5,13.435028842544403,70.5,0.0047,0.08251688581762293,-0.26756467375911136,-0.5210469162214038,0.24984309481673908,-0.09634083656330407,0.05929783308685931,0.5904945702832496,-1.157156180235829,-1.5390715225922562,-0.9297967894098325,-0.40776384151258993,-0.37732429698181924,0.19793264529858878,0.47542889429789276,0.47849808379619896,0.3108843570792283,-0.6620149621628154,0.9074436227065056,0.9175452637148851,0.7708876253134472,1.098610685715923,1.6309463362924779,0.6400407616987079,0.8892067825119646,1.176883789344952,1.5304428359135573,-0.637289427177125,0.681667715920039
subject_12_task_5_6,12,5_6,,5_6,49,240.0,270.0,0.3956678039063037,18.0,0.25,eye,高,7.666666666666667,6,70.66666666666667,3.3862466931200785,68.0,75.0,19.36005389019875,10.028857758786792,5.164008126102211,5.836551328339883,13.122468952359224,8.52001515578224,0.8847704467238933,2.2483258030546107,2.737028460786195,2.6898450392638353,3.982137658706223,5.5372471492884925,3.4167421472577284,0.6754776629539604,1.3905212787363852,6.760610620534201,4.536202464481475,8.27320325155584,9.710998692462866,6.599122413916813,0.5483006190653429,1.1737894497680372,17.641681081812266,11.377933990081532,24.60379613061724,45.755038356033594,42.75342972725333,0.462446279821133,1.8596739345883095,2995,2.9767115191986644,0.1202335468818393,0.9889816360601,0.9115191986644408,0.0754590984974958,0.0056761268781302,6,3,1996.9876849472848,3.5439000620182513,0.118130002067275,0.0665662561649094,0.5332741792369121,1.010868177980558,3.0641934960070984,12.0,3.0,0.4,4.0,0.0,8.0,0.0,8.0,0.6666666666666666,0.6666666666666666,0.0,1.0,12.0,3.0,0.0444444444444444,4.0,0.0,8.0,0.0,8.0,0.6666666666666666,0.6666666666666666,0.0,1.0,2.0,0.0,0.0,0.0,0.5454545454545454,1.0,12.0,0.2,6,172.0,1,2.0,61.0,,61.0,0.002033333333333333,-0.2224967622453384,-0.2770360069619479,-0.36682542373917826,0.32223535645806106,-0.08153796712758747,-0.09646997824752902,0.5065568636268788,-1.1803979777393123,-1.4012215638725807,-0.8580594008661635,-0.41171713768066204,-0.4013644967475096,0.14283645070922593,0.3285957575056228,-0.02750637582593789,0.6662925170193044,-0.5451994882787611,0.7230481827823146,0.49755552307699297,0.667176057168596,0.7302183550205043,0.7409682573067317,0.7220582642363585,0.7249683996483521,0.9135212910141355,1.2244728895239378,-0.4330909701319896,0.5305636090360524
subject_12_task_5_6,12,5_6,,5_6,50,245.0,275.0,0.4029949854601241,18.0,0.2546296296296296,eye,高,7.666666666666667,6,71.66666666666667,3.32665998663324,68.0,75.0,16.60969459232287,9.431530405105288,5.248774611560289,5.762388174805165,12.82933973569483,8.293383490631214,0.9108679339773492,2.2263928334068903,2.8166184344050453,2.760996816760379,3.2932723193929063,5.508164221183879,3.4615689690082543,0.838374889468403,1.6725504868662893,6.774188851989106,4.58686419808514,7.389883189841177,10.054811334849337,7.125718391509935,0.6206950881700906,1.3606184396353678,17.097921914848197,11.643433346742292,25.20640564997664,50.95150953169295,44.79319331305383,0.4619235883301387,2.0213714814884827,2995,2.971453756260434,0.1194110160884409,0.989983305509182,0.9101836393989984,0.07779632721202,0.0056761268781302,11,5,2392.851347361131,3.696957753818564,0.1232319251272854,0.0797617115787043,0.4047742963820255,1.4855994614957138,3.021210410827107,12.0,3.0,0.4,4.0,0.0,8.0,0.0,8.0,0.6666666666666666,0.6666666666666666,0.0,1.0,12.0,3.0,0.0436363636363636,4.0,0.0,8.0,0.0,8.0,0.6666666666666666,0.6666666666666666,0.0,1.0,7.0,0.0,0.0,0.0,0.5454545454545454,1.0,12.0,0.2,6,172.0,1,2.0,61.0,,61.0,0.002033333333333333,-0.34193429803907305,-0.22935168441476017,-0.4055852834777791,0.2569975948404748,-0.12363347830082053,-0.015415188482910529,0.47638965068738137,-1.1522054882197172,-1.3156034346568055,-1.072801142629376,-0.419002199549865,-0.3914208808835316,0.9664561557339929,0.7913319437970858,-0.015612989501292768,0.7503181883008682,-0.7077406267463365,0.8917951241226628,0.717688216945909,1.0958361888036008,1.1992574151849882,0.6282717457041418,0.8513480415138975,0.8228851152601578,1.2571191695016475,1.3722929271140603,-0.43739057098224043,0.8281165304206056
subject_12_task_5_6,12,5_6,,5_6,51,250.0,280.0,0.4103221670139445,18.0,0.2592592592592592,eye,高,7.666666666666667,6,72.66666666666667,2.875181153713043,69.0,75.0,12.794117647058844,10.471790583247346,4.980184999790689,5.74163684172087,13.114157815436664,8.203773683688535,0.867380702938718,2.2840451559291095,3.043887265549043,2.6428280828384705,3.109275124648391,5.625274348387784,3.4454938776017543,0.8499820623423705,1.8091915713068047,7.126168781319949,4.244849120714965,7.940241945528998,10.175614697579196,7.0696864039732805,0.5345994681062786,1.2815245136590447,18.86469846742663,11.483715912507032,25.352702378554824,54.63878448025511,43.64506980791304,0.4529582582967881,2.1551463691883437,2995,2.959132888146911,0.0957307777072768,0.996661101836394,0.918864774624374,0.0747913188647746,0.0013355592654424,11,5,3121.8820332061587,3.978831956029087,0.1326277318676362,0.1040627344402052,0.2850548172441788,1.5340770586386043,2.970574730056832,12.0,3.0,0.4,4.0,0.0,8.0,0.0,8.0,0.6666666666666666,0.6666666666666666,0.0,1.0,12.0,3.0,0.0428571428571428,4.0,0.0,8.0,0.0,8.0,0.6666666666666666,0.6666666666666666,0.0,1.0,12.0,0.0,0.0,0.0,0.5454545454545454,1.0,12.0,0.2,2,40.0,0,0.0,,,,0.0,-0.13393091179554417,-0.3804433996278404,-0.4164305445191631,0.32038566035647514,-0.14027797776594633,-0.15047985333162558,0.5556862492747566,-1.071701954309257,-1.4577978574269461,-1.1301590554521768,-0.389666964833408,-0.39498670437229355,1.025142828940065,1.0155242348154345,0.29269176225935056,0.18306467326588102,-0.6064682311647751,0.9510867133521765,0.6942651888862387,0.5860491804017295,1.0006900476099794,0.9944440630712462,0.7735707099250985,0.8466565538234838,1.5009269011139281,1.2890893338793032,-0.5111383577710481,1.0742866758932428
subject_12_task_5_6,12,5_6,,5_6,52,255.0,285.0,0.417649348567765,18.0,0.2638888888888889,eye,高,7.666666666666667,5,74.4,0.5477225575051661,74.0,75.0,-4.198782961460347,10.744622077849067,4.96035741176958,5.512662316405056,14.405705900835406,10.19069524984717,0.8998115841429505,2.6132030358481537,3.418813188997192,2.643773765500688,3.0457304586457385,6.7579807188024565,4.086772682981681,0.8680261767734438,2.21883742194552,7.148856019124421,4.4274483603208274,7.686775872012673,10.515010544077752,7.244339679319678,0.57598249695832,1.3679351029815503,18.743644589271423,11.623235485019038,25.461690158161137,53.323699480231255,43.92678331508313,0.4564989760231406,2.094271792210134,2994,2.9753252850435956,0.0969047168309249,0.9906479625918504,0.8974615898463594,0.0905143620574482,0.0056780227120908,17,6,3810.2454887475656,4.303018276903194,0.1434339425634398,0.1270081829582522,0.3469592717592951,1.480969498042046,2.943441841709506,12.0,3.0,0.4,4.0,0.0,8.0,0.0,8.0,0.6666666666666666,0.6666666666666666,0.0,1.0,12.0,3.0,0.0421052631578947,4.0,0.0,8.0,0.0,8.0,0.6666666666666666,0.6666666666666666,0.0,1.0,17.0,0.0,0.0,0.0,0.5454545454545454,1.0,12.0,0.2,4,170.0,1,2.0,120.0,,120.0,0.004,-0.07937737226431028,-0.3915971604263684,-0.5360994105524679,0.607827857595246,0.22878112495401715,-0.04975451405428672,1.008419099122264,-0.9388950857198073,-1.4566599015919734,-1.1499679955721334,-0.10593226114646143,-0.25273637625631706,1.1163751262796158,1.687645962602473,0.31256387040125466,0.48591699575876685,-0.6531089290702167,1.1176658437841276,0.7672754237360352,0.8310852282454446,1.2176260896710536,0.9693551071273394,0.841512322600956,0.8643657420756342,1.413971657687294,1.3095048866960208,-0.48201281582322886,0.9622663727707853
subject_12_task_5_6,12,5_6,,5_6,53,260.0,290.0,0.4249765301215854,18.0,0.2685185185185185,eye,高,7.666666666666667,7,74.14285714285714,0.6900655593423543,73.0,75.0,-3.6078006500541857,10.219471761325964,5.156407620456171,6.157775877808553,14.034470812744708,9.58637459333901,0.8373815031233725,2.279146089633151,3.049211959940165,2.5411794095104763,3.537408772246847,6.527989661919755,3.9897632786904738,0.7183731293503866,1.8454156932995305,6.719655686345321,4.355351456188616,8.353221218438232,9.858662385561274,6.831565484348359,0.5213978347149435,1.1802228299425437,18.84723143031555,11.14124513864342,24.164792280226553,51.831439003829814,42.40916089095953,0.461052799852123,2.144915561564425,2994,2.97591683433937,0.096936588753439,0.9936539746158984,0.9041416165664664,0.0868403473613894,0.0043420173680694,17,6,4377.12613350958,4.753601086225295,0.1584533695408431,0.1459042044503193,0.3020246526320719,1.4908676267127978,2.9354716239469383,12.0,3.0,0.4,4.0,0.0,8.0,0.0,8.0,0.6666666666666666,0.6666666666666666,0.0,1.0,12.0,3.0,0.0413793103448275,4.0,0.0,8.0,0.0,8.0,0.6666666666666666,0.6666666666666666,0.0,1.0,22.0,0.0,0.0,0.0,0.5454545454545454,1.0,12.0,0.2,2,130.0,1,2.0,120.0,,120.0,0.004,-0.18438287609774606,-0.2813115760242841,-0.19894396389574978,0.5252071401637503,0.11653208450637093,-0.24365276344838857,0.548947938023309,-1.0698158324274274,-1.5801134137464083,-0.996695866138026,-0.16354334737295734,-0.27425528421801715,0.3597189117325385,1.0749585472181054,-0.0633794463231126,0.3663397461047328,-0.5304752541096902,0.7955231109420735,0.5947236015327574,0.507880033265106,0.7463695240273811,0.9908239417564326,0.6067982904594321,0.6536356148345837,1.3153013261276774,1.1995240019781856,-0.44455357811928514,1.0554601274700945
subject_12_task_5_6,12,5_6,,5_6,54,265.0,295.0,0.4323037116754059,18.0,0.2731481481481481,eye,高,7.666666666666667,6,74.0,0.6324555320336759,73.0,75.0,-3.5064935064935527,7.801970480045814,5.461346670124798,6.288253890359188,14.541131556637168,10.409747091372024,0.8684997084004258,2.3124275530494796,3.3246846992316965,2.723427939346976,3.4822635950829253,6.967271741380295,4.3471298989387765,0.7820855213811353,2.0007881514823636,5.850202289523407,4.6042206319236865,8.99902290074208,9.907606294868252,6.6844923341695965,0.5116356167450148,1.1009646718480124,14.369536187390215,11.93481554093676,24.130562679047653,47.82595121466849,37.9228512497833,0.4945933379042027,1.981965851803171,2994,2.967562038900067,0.0985264427472673,0.9936539746158984,0.9021376085504342,0.0868403473613894,0.0043420173680694,17,6,4944.006778271593,5.204183895547395,0.1734727965182464,0.1648002259423864,0.3861305146226731,1.3989356813073424,2.9293291391899143,8.0,2.0,0.2666666666666666,0.0,0.0,8.0,0.0,8.0,1.0,1.0,0.0,1.0,12.0,3.0,0.0406779661016949,4.0,0.0,8.0,0.0,8.0,0.6666666666666666,0.6666666666666666,0.0,1.0,27.0,0.0,0.0,0.0,0.5454545454545454,1.0,12.0,0.2,2,130.0,1,2.0,120.0,,120.0,0.004,-0.6677700741470329,-0.10977194071849886,-0.1307522915571874,0.6379676940490644,0.2694687280578548,-0.14700439412119262,0.5947241830983951,-0.9722374320047485,-1.3608106960077762,-1.0138864122697648,-0.053506382890191446,-0.19498318203478493,0.6818531963585271,1.3298841247176463,-0.8249473407886763,0.7791049253625555,-0.41164025282807,0.8195453078440361,0.5332426747459335,0.45007625775865895,0.5473898474288748,0.06280163968728607,0.9932419408583679,0.6480737210767438,1.0504529203268245,0.8744047261875357,-0.16865292082666866,0.7556029984800059
subject_12_task_5_6,12,5_6,,5_6,55,270.0,300.0,0.4396308932292262,18.0,0.2777777777777778,eye,高,7.666666666666667,6,74.33333333333333,1.3662601021279464,73.0,77.0,6.040449438202317,7.527912916634723,5.175427531156488,6.16829102411123,13.65756618395293,9.53785546573477,0.8390375082703233,2.214157232621949,3.201776745561979,2.544781319492025,3.4666882885790375,6.676468192947941,4.028272078661485,0.734066956027104,1.9258922744636384,5.852563687046626,4.304176999141983,8.918040029113502,9.979704260225272,6.542142471425484,0.4826371024452376,1.1190468115915493,15.44082051586308,10.766274703192858,22.355178937561774,44.36387457167533,36.363123941683035,0.4816009182151108,1.9845009827737925,2994,2.9683604963112007,0.0982173470155282,0.9936539746158984,0.9168336673346692,0.0751503006012024,0.0043420173680694,17,6,5510.887423033606,5.654766704869495,0.1884922234956498,0.1836962474344535,0.4799683444496767,1.267837890518987,2.9244503549777225,3.0,1.0,0.1,3.0,0.0,0.0,0.0,0.0,0.0,0.0,0.0,1.0,15.0,4.0,0.05,7.0,0.0,8.0,0.0,8.0,0.5333333333333333,0.5333333333333333,0.0,2.0,3.0,1.0,28.0,0.0933333333333333,2.5,1.0,15.0,0.25,2,130.0,1,2.0,120.0,,120.0,0.004,-0.7225687701011261,-0.2706121639659515,-0.19344843712271625,0.44132463058151933,0.10751993928465754,-0.23850946563846426,0.4595604670314248,-1.0157740866630647,-1.5757791749533046,-1.0187417421234555,-0.12635055574971207,-0.2657131503048537,0.43906799074857605,1.2069995741052995,-0.822878955586747,0.2814636907479961,-0.4265420406639887,0.8549317643931927,0.47373622180841424,0.2783710555425016,0.5927855316698163,0.28483009288556155,0.4241995651939325,0.35959546221734956,0.8215356128921922,0.7613725341635571,-0.2755270898240773,0.7602681009559671
subject_12_task_5_6,12,5_6,,5_6,56,275.0,305.0,0.4469580747830467,18.0,0.2824074074074074,eye,高,7.666666666666667,6,74.33333333333333,1.3662601021279464,73.0,77.0,3.4831858407079723,8.052602303553368,5.16216548480575,5.665102024256339,13.528477349461705,9.696213067778793,0.9112219802402216,2.388037724922985,3.2850716578378942,2.4086623582913007,3.642383744638424,6.592897412266413,3.762228614237789,0.6612873676028351,1.8100501963778897,6.201724467513243,4.366230937144509,9.012330910818283,9.556861090429663,6.234400072869339,0.4844729937627282,1.060420570993208,16.32564689369074,9.641977547007505,20.84105848872863,38.8348318315506,33.10485712904171,0.4626433706436804,1.8633809723509704,2995,2.9687194099899425,0.0993429996098505,0.9939899833055093,0.9161936560934892,0.0757929883138564,0.0043405676126878,11,5,5681.904405381773,5.952291822391283,0.1984097274130427,0.1893968135127257,0.6015649368491394,1.1160490953540545,2.9285708325142004,3.0,1.0,0.1,3.0,0.0,0.0,0.0,0.0,0.0,0.0,0.0,1.0,15.0,4.0,0.0491803278688524,7.0,0.0,8.0,0.0,8.0,0.5333333333333333,0.5333333333333333,0.0,2.0,8.0,1.0,28.0,0.0918032786885245,2.5,1.0,15.0,0.25,2,130.0,1,2.0,120.0,,120.0,0.004,-0.6176554306324924,-0.27807256169751826,-0.4564299060438304,0.41259509379954634,0.13693394108254522,-0.014315575132193403,0.698720504250333,-0.9862692277643785,-1.7395734077729526,-0.9639717513852305,-0.14728442821030352,-0.32472768468504526,0.07108933062997834,1.0169330140460775,-0.517043540621568,0.38438404947708654,-0.4091914245921017,0.6473957905139661,0.3450907970532164,0.289241684522243,0.44560282297589476,0.46821430452446494,-0.12329753892413045,0.11356930991225711,0.455947641487235,0.5252485411301826,-0.4314697234065278,0.5373852333408639
subject_12_task_5_6,12,5_6,,5_6,57,280.0,310.0,0.4542852563368671,18.0,0.287037037037037,eye,高,7.666666666666667,6,73.83333333333333,1.9407902170679512,71.0,77.0,-2.26086956521728,7.303024536565069,5.065387785368678,5.722214728458038,12.899766030247116,8.946094255800809,0.8852145586528252,2.254330996369863,3.1781209158721637,2.518514721314286,3.797121902920652,6.366071786645205,3.670481727782056,0.663269388158728,1.6765518593829132,5.929521529782262,4.313787386177824,8.981604822688762,10.197639764256737,6.803652175873159,0.4802913812552304,1.1353917218107952,15.261149368257575,10.426247871663994,19.47153138025917,38.672993936622134,33.02604870859799,0.5354611133582663,1.986130067603722,2995,2.978619510559839,0.0899142842894134,0.9939899833055093,0.9268781302170284,0.0654424040066777,0.0043405676126878,11,5,5519.75436429876,6.121000429502862,0.2040333476500954,0.183991812143292,0.7649120288931512,0.840718470832252,2.9401809443624956,3.0,1.0,0.1,3.0,0.0,0.0,0.0,0.0,0.0,0.0,0.0,1.0,15.0,4.0,0.0483870967741935,7.0,0.0,8.0,0.0,8.0,0.5333333333333333,0.5333333333333333,0.0,2.0,13.0,1.0,28.0,0.0903225806451612,2.5,1.0,15.0,0.25,2,130.0,1,2.0,120.0,,120.0,0.004,-0.7675359288602515,-0.3325136419239062,-0.42658111592848375,0.27267141223709473,-0.0023962571482676245,-0.09509063476200753,0.5148165725670629,-1.0241534930164484,-1.6073862138210222,-0.915734832309173,-0.20410259693895538,-0.34507924564801074,0.0811105643890001,0.7978971498285872,-0.7554703716775683,0.29740312204104147,-0.4148453812514046,0.9618968528771638,0.5830550129925929,0.26448163599813523,0.633819855803089,0.2475924465138683,0.25861726823595454,-0.10896218369112379,0.44524669550358853,0.5195373578570303,0.16752075928410923,0.7632659135982827
subject_12_task_5_6,12,5_6,,5_6,58,285.0,315.0,0.4616124378906876,18.0,0.2916666666666667,eye,高,7.666666666666667,6,73.5,2.073644135332772,71.0,77.0,-4.918032786885164,6.6992177952764695,4.922123964372244,5.677867710032817,11.072847879939957,6.922884749611522,0.8668965561974664,1.950177151956919,2.915563561986404,2.360559033057783,3.7849567470827026,5.201871818456205,2.882191934500771,0.6236686944645299,1.3743543628247814,5.877084415056563,4.2239807043006365,8.963788322096374,10.168900706232831,7.1448560272698405,0.4712271812452582,1.1344423072960983,14.996114483853754,10.59179422309122,20.892587266529087,42.25090569545305,36.931887619866494,0.5069642207530598,2.022291694008669,2995,2.9674851021091397,0.1008549489402216,0.9953255425709516,0.935559265442404,0.0597662771285475,0.0026711185308848,6,3,5398.271553519367,6.247396917950853,0.2082465639316951,0.1799423851173122,0.8937216703635837,0.3843663793639015,2.9493362609702,3.0,1.0,0.1,3.0,0.0,0.0,0.0,0.0,0.0,0.0,0.0,1.0,15.0,4.0,0.0476190476190476,7.0,0.0,8.0,0.0,8.0,0.5333333333333333,0.5333333333333333,0.0,2.0,18.0,1.0,28.0,0.0888888888888888,2.5,1.0,15.0,0.25,1,80.0,1,2.0,80.0,,80.0,0.0026666666666666666,-0.888269039156768,-0.41310490641740827,-0.44975818071149654,-0.13392077990537285,-0.3781956332717554,-0.15198353879935886,0.09647496456115835,-1.1171569846769072,-1.7974569471652304,-0.9195271072348736,-0.495726217706207,-0.5199399783028251,-0.11911329673548557,0.3020700757769966,-0.801400864559039,0.148453092234823,-0.4181238240439,0.947791414214773,0.7256883147312462,0.21081094516374538,0.6314363258594964,0.192662785112353,0.3392330978723456,0.12194210941113462,0.6818231813904436,0.8025903835625011,-0.06689144329789645,0.8298098889713391
subject_12_task_5_6,12,5_6,,5_6,59,290.0,320.0,0.468939619444508,18.0,0.2962962962962963,eye,高,7.666666666666667,5,73.0,2.549509756796392,71.0,77.0,-16.288492706645187,6.34620971239276,4.768436288825403,5.3829422688508295,12.029121002931532,7.412360180665423,0.8858419895042616,2.234673976078059,3.055850415417044,2.3415988010121502,3.359948596805269,5.38817042005565,3.1530747930355396,0.6969150668669772,1.6036466823268876,5.864566433914398,4.063825679729199,7.785005481266246,11.24851744128742,7.561933802617515,0.5220067846462466,1.4448952500233596,14.3363800166641,10.438828974808755,23.074718137714893,46.95296680174139,41.5872752389335,0.4523924804848135,2.0348229833844975,2995,2.9718128557080683,0.0982137082099808,0.9953255425709516,0.9345575959933222,0.0607679465776293,0.0026711185308848,6,3,5398.271553519367,6.247396917950853,0.2082465639316951,0.1799423851173122,0.8937216703635837,0.3843663793639015,2.9493362609702,3.0,1.0,0.1,3.0,0.0,0.0,0.0,0.0,0.0,0.0,0.0,1.0,15.0,4.0,0.046875,7.0,0.0,8.0,0.0,8.0,0.5333333333333333,0.5333333333333333,0.0,2.0,23.0,1.0,28.0,0.0875,2.5,1.0,15.0,0.25,1,80.0,1,2.0,80.0,,80.0,0.0026666666666666666,-0.9588541467615703,-0.49955997946544145,-0.6038949479433189,0.07890385337045129,-0.2872784242258714,-0.09314193084039596,0.48777976330578254,-1.0674643479633859,-1.8202721129187907,-1.0520159773311906,-0.4490597736014035,-0.45985195545801044,0.2512254556366383,0.6782788173320812,-0.812365560972033,-0.11717408811411312,-0.6350335414374398,1.4776789151389795,0.9000391608197019,0.5114857307850896,1.4108365494837618,0.05592987548366745,0.2647438669740837,0.4765118284039235,0.9927299806443275,1.1399626053423149,-0.5157923818049794,0.8528697425929592
subject_12_task_5_6,12,5_6,,5_6,60,295.0,325.0,0.4762668009983284,18.0,0.3009259259259259,eye,高,7.666666666666667,7,72.71428571428571,2.1380899352993947,71.0,77.0,-8.89204545454541,6.376853276931895,4.247247504806596,4.874978315055568,11.297393252709623,7.075595762568934,0.8712341328144315,2.3174243089081,2.921893860278157,2.1732268683124807,3.2537380596812153,4.9809990942181726,3.1422927846572377,0.6679169707119578,1.530854359771722,5.730940944201366,3.66350133571062,6.984804052513196,10.92952309329645,7.900648176747773,0.5244959354861872,1.5647572947109245,13.918403668991536,10.050909312806684,22.111478179076467,49.38268883978888,43.02852431342233,0.4545561916488063,2.2333508614778395,2995,2.975427519250083,0.1002608771601408,0.994991652754591,0.9312186978297162,0.066110183639399,0.0026711185308848,6,3,5398.271553519367,6.247396917950853,0.2082465639316951,0.1799423851173122,0.8937216703635837,0.3843663793639015,2.9493362609702,3.0,1.0,0.1,3.0,0.0,0.0,0.0,0.0,0.0,0.0,0.0,1.0,15.0,4.0,0.0461538461538461,7.0,0.0,8.0,0.0,8.0,0.5333333333333333,0.5333333333333333,0.0,2.0,28.0,1.0,28.0,0.0861538461538461,2.5,1.0,11.0,0.1833333333333333,1,80.0,1,2.0,80.0,,80.0,0.0026666666666666666,-0.9527268669476912,-0.7927481888246766,-0.8693719491626976,-0.08394678663451047,-0.34983045249288847,-0.1385116915919434,0.6015968592756199,-1.1149146561506933,-2.0228768881950003,-1.0851252578160546,-0.5510532279544712,-0.4622436518881677,0.10460906496801357,0.5588456495625906,-0.9294102274483055,-0.7811371889362201,-0.7822798872075374,1.3211130595186185,1.0416317874292211,0.5262244220125158,1.7117533441930373,-0.030697586041412254,0.07583927853129514,0.3199970538013095,1.1533865703504256,1.244408774423257,-0.4979939394720019,1.2181971778905387
subject_12_task_5_6,12,5_6,,5_6,61,300.0,330.0,0.4835939825521489,18.0,0.3055555555555556,eye,高,7.666666666666667,6,72.0,1.095445115010332,71.0,74.0,-2.956204379561927,6.770681550651552,4.207610190927506,4.8186461201585145,11.638722351774812,7.322350551467671,0.873193441893403,2.415351130078825,2.884487630061954,2.270913949103243,2.9960765121613,5.26311163062779,3.284669337583351,0.7579626020515271,1.756667965342148,5.940102246269012,3.794733815100569,6.149508043990659,11.58732568724134,8.551716488677188,0.6170792505603451,1.8842687259454116,15.88839878206695,10.84191802193407,23.72988273479807,54.58890158702678,44.62924819491795,0.4568888158067136,2.300428628202882,2995,2.9745540676263813,0.1028505246200898,0.994991652754591,0.9295492487479132,0.067779632721202,0.0026711185308848,6,3,5398.271553519367,6.247396917950853,0.2082465639316951,0.1799423851173122,0.8937216703635837,0.3843663793639015,2.9493362609702,0.0,0.0,0.0,0.0,0.0,0.0,0.0,0.0,0.0,0.0,0.0,0.0,15.0,4.0,0.0454545454545454,7.0,0.0,8.0,0.0,8.0,0.5333333333333333,0.5333333333333333,0.0,2.0,33.0,1.0,28.0,0.0848484848484848,2.5,1.0,3.0,0.05,1,80.0,1,2.0,80.0,,80.0,0.0026666666666666666,-0.8739796301954011,-0.8150456622860418,-0.8988128220073935,-0.007981836257508132,-0.3039971883450318,-0.13242637832260137,0.7362881169664082,-1.128164751676395,-1.9053283827305847,-1.165446746417857,-0.48038609036677304,-0.4306612711828482,0.5598860387358243,0.9293467311606853,-0.7462025558219915,-0.5634798687002063,-0.9359840427761588,1.6439696449061114,1.3137975985939396,1.074426190982888,2.513895139877169,0.37759268400091195,0.46103546549738017,0.5829681047662895,1.4976285750563612,1.3604119553709295,-0.47880603803213945,1.3416324793630472
subject_12_task_5_6,12,5_6,,5_6,62,305.0,335.0,0.4909211641059693,18.0,0.3101851851851852,eye,高,7.666666666666667,6,72.0,1.095445115010332,71.0,74.0,5.363128491620216,5.7444779365871845,4.223052609221007,4.592625125011504,11.277579994273887,7.119130843272149,0.9195291351393348,2.455584700971133,2.756002711247897,2.132386007777296,2.8093723395486254,5.1254435473205,3.2615945356893907,0.7590257716141325,1.82440877457489,5.153914261357329,3.62981511696497,5.513423460508707,11.091542421221297,7.995537679394966,0.6583595733149178,2.0117341794381076,12.921468740824476,11.26771002229084,21.780066900042115,52.91624524152214,43.61070910679928,0.5173404688793244,2.4295722085876523,2994,2.971434695244474,0.0981724353224634,0.9929859719438878,0.92251169004676,0.0731462925851703,0.0026720106880427,6,3,5398.271553519367,6.247396917950853,0.2082465639316951,0.1799423851173122,0.8937216703635837,0.3843663793639015,2.9493362609702,0.0,0.0,0.0,0.0,0.0,0.0,0.0,0.0,0.0,0.0,0.0,0.0,15.0,4.0,0.044776119402985,7.0,0.0,8.0,0.0,8.0,0.5333333333333333,0.5333333333333333,0.0,2.0,38.0,1.0,28.0,0.0835820895522388,2.5,1.0,3.0,0.05,1,80.0,1,2.0,80.0,,80.0,0.0026666666666666666,-1.0791723610004695,-0.8063587236824579,-1.0169380857311907,-0.08835635264572816,-0.3417440649399905,0.011485172937932438,0.791626482902221,-1.1736768879718318,-2.072021381805926,-1.2236485123265197,-0.5148709434978136,-0.4357797907925558,0.565261497976481,1.0404916864243912,-1.4348369674096098,-0.8370079012411792,-1.0530309851496105,1.4006338875939408,1.081298406101625,1.3188540983180101,2.833900491038725,-0.23731679455331253,0.6683826831519416,0.2661467528730269,1.3870302185320134,1.2865992413187646,0.018462395505240176,1.5792801763022777
subject_12_task_5_6,12,5_6,,5_6,63,310.0,340.0,0.4982483456597898,18.0,0.3148148148148148,eye,高,7.666666666666667,7,72.28571428571429,0.951189731211342,71.0,74.0,3.2055906221822266,5.81471958872605,4.022569342651792,4.510668307653736,11.524464571887796,7.33764797980713,0.891790100333085,2.5549350530459085,2.584834098129891,2.1741004597314033,2.9102544956134646,5.375833080330459,3.238145992592008,0.7470482265411348,1.847203771502899,5.231526514603315,3.4883272958160836,5.222024404817464,10.789884960374106,7.759604420796975,0.6680028711849764,2.0662264524118528,13.979231340607534,10.220768561226508,22.389404484359897,53.59788908756411,41.46545910228805,0.4565002418159991,2.3938952518815264,2994,2.9659671801741463,0.1001555854710941,0.9929859719438878,0.913493653974616,0.0821643286573146,0.0026720106880427,6,3,5398.271553519367,6.247396917950853,0.2082465639316951,0.1799423851173122,0.8937216703635837,0.3843663793639015,2.9493362609702,0.0,0.0,0.0,0.0,0.0,0.0,0.0,0.0,0.0,0.0,0.0,0.0,15.0,4.0,0.0441176470588235,7.0,0.0,8.0,0.0,8.0,0.5333333333333333,0.5333333333333333,0.0,2.0,43.0,1.0,28.0,0.0823529411764705,2.5,1.0,3.0,0.05,1,80.0,1,2.0,80.0,,80.0,0.0026666666666666666,-1.0651273155327876,-0.9191380691600791,-1.0597711449257692,-0.03341062801032013,-0.30115578017218747,-0.07466801156822209,0.9282757043616278,-1.2343085116801484,-2.0218256809642217,-1.192200261601949,-0.4521501874303033,-0.4409812147620696,0.5047021971766689,1.0778923160078846,-1.3668551750498055,-1.0716743507394852,-1.106651791823569,1.2525771625790427,0.9826713257622905,1.3759537274125178,2.970704766006875,-0.018090779910116563,0.1585553523965506,0.36515669718763816,1.432101454658782,1.1311346872328998,-0.48200240355491325,1.5136280814033252
subject_12_task_5_6,12,5_6,,5_6,64,315.0,345.0,0.5055755272136102,18.0,0.3194444444444444,eye,高,7.666666666666667,6,72.33333333333333,1.0327955589886446,71.0,74.0,4.902612826603435,7.538754808837589,3.9468505520332897,4.659456275647802,11.40981123768958,7.287489835296092,0.8470624722161516,2.448743064147174,2.751293172470264,2.1276632344196043,2.9470450163493296,5.448921384045737,3.155361635552543,0.7219649590067206,1.8489440622103637,5.550917170617325,3.3899992507031804,5.284769578540927,10.367761309038018,6.7988759998051815,0.6414658577487358,1.961818988501757,15.757374784979811,10.004364310507112,21.2265344253843,47.29746328821957,37.09614766473934,0.4713140689863689,2.2282235215776756,2994,2.9651175684702737,0.0863335682318373,0.9976619906479626,0.9211756847027388,0.0771543086172344,0.0,6,3,4745.080695543524,5.491461890878801,0.18304872969596,0.1581693565181174,0.8937216703635839,0.3843663793639015,2.9493362609702003,0.0,0.0,0.0,0.0,0.0,0.0,0.0,0.0,0.0,0.0,0.0,0.0,15.0,4.0,0.0434782608695652,7.0,0.0,8.0,0.0,8.0,0.5333333333333333,0.5333333333333333,0.0,2.0,48.0,1.0,28.0,0.081159420289855,2.5,1.0,3.0,0.05,0,0.0,0,0.0,,,,0.0,-0.7204008986985015,-0.961732724526808,-0.9820101477812551,-0.05892745287751956,-0.31047236323345573,-0.2135851593563865,0.7822163064309957,-1.1753451084347055,-2.0777043743301156,-1.180731459134589,-0.4338420991743468,-0.4593446814055013,0.37787945224847425,1.0807476780122331,-1.0870958799551362,-1.2347575973778893,-1.095105951971862,1.0453943360955584,0.5810584301302594,1.2188234961469253,2.7085871001065045,0.3504373764584385,0.053173336675988045,0.1762044599590597,1.0155085659378915,0.8144941777946795,-0.36014554344795874,1.2087619391038475
subject_12_task_5_6,12,5_6,,5_6,65,320.0,350.0,0.5129027087674307,18.0,0.324074074074074,eye,高,7.666666666666667,6,72.5,0.8366600265340756,72.0,74.0,0.4278438030561178,10.195791861853094,4.350578685982503,4.521304828606686,11.028569324837113,6.937056560814384,0.962239630129784,2.439244807175663,2.629035654020768,2.2799075158791795,2.841353587513609,5.22733504052216,2.8462031513594908,0.8024018995377004,1.8397340843089007,6.363252620128716,3.547954062698482,4.970878801472515,9.821585476891606,6.459812205448721,0.713747851113867,1.9758247724692413,21.92310562599736,10.291565743323078,21.12087136341825,49.76731229569848,37.14612762834676,0.4872699410095488,2.3563096161788297,2994,2.9567999331997328,0.0797449894002286,0.9976619906479626,0.920507682030728,0.0768203072812291,0.0,12,3,4644.817658845856,6.165784626775892,0.205526154225863,0.1548272552948618,0.9120139045870286,0.3356906715286585,2.93806328603236,0.0,0.0,0.0,0.0,0.0,0.0,0.0,0.0,0.0,0.0,0.0,0.0,15.0,4.0,0.0428571428571428,7.0,0.0,8.0,0.0,8.0,0.5333333333333333,0.5333333333333333,0.0,2.0,53.0,1.0,28.0,0.08,2.5,1.0,3.0,0.05,0,0.0,0,0.0,,,,0.0,-0.18911774856499808,-0.7346205296944569,-1.054212184167041,-0.14377525246679518,-0.3755633019228352,0.1441374148404632,0.7691521411485066,-1.218651364874559,-1.894506272736632,-1.2136789166743307,-0.48934786586101187,-0.5279231147598438,0.7845742171059134,1.0656365124765395,-0.37555849319530055,-0.9727796079571259,-1.1528654962984488,0.7773253655394217,0.4393197355313152,1.6468176395379943,2.7437489866726126,1.6283125820254944,0.19303133765039998,0.15903549787528629,1.178818406494558,0.8181161858306266,-0.22889435206764516,1.444463669698691
subject_12_task_5_6,12,5_6,,5_6,66,325.0,355.0,0.5202298903212511,18.0,0.3287037037037037,eye,高,7.666666666666667,5,72.6,0.8944271909999159,72.0,74.0,-4.444444444444388,10.143040141193362,6.959125209260585,4.881701777648831,11.287153532717424,6.91149814671001,1.4255531218894533,2.312134998577001,2.5120068930257298,2.692142754492323,3.2019783700398,5.388410855868323,2.850121618043046,0.8407748096246072,1.6828379936249682,5.837202277651987,4.703951200208063,5.307372822961613,9.32619598749386,5.939638624604644,0.8863050245607526,1.7572151606055195,20.63091710892095,12.38691017319887,19.784118152835493,42.2765109565808,35.039395387389725,0.6261037301490012,2.1368913504250204,2994,2.956652304609219,0.1000485132057793,0.9946559786239144,0.9168336673346692,0.0774883099532398,0.002004008016032,17,7,3948.516695030946,5.5765928709103445,0.1858864290303448,0.1316172231676982,0.9027687181250996,0.4220242545677897,2.9331218467898448,0.0,0.0,0.0,0.0,0.0,0.0,0.0,0.0,0.0,0.0,0.0,0.0,15.0,4.0,0.0422535211267605,7.0,0.0,8.0,0.0,8.0,0.5333333333333333,0.5333333333333333,0.0,2.0,58.0,1.0,28.0,0.0788732394366197,2.5,1.0,3.0,0.05,2,60.0,1,2.0,50.0,,50.0,0.0016666666666666668,-0.19966562568069643,0.7327845788593799,-0.8658580685541738,-0.086225701099208,-0.38031062840867214,1.583118007300308,0.5943217955872913,-1.260105482369861,-1.3984566845363862,-1.1012604373241432,-0.44899954617985244,-0.5270539090933364,0.9785903189326561,0.8082110524380819,-0.8363342554929415,0.9445143448850717,-1.0909466927854834,0.5341828780271124,0.22187179346001842,2.668558410608245,2.1949238446842356,1.360500750878825,1.2133977071422946,-0.058170636045303065,0.6835162367551735,0.6654429832994732,0.9131366320066959,1.0406941182627296
subject_12_task_5_6,12,5_6,,5_6,67,330.0,360.0,0.5275570718750715,18.0,0.3333333333333333,eye,高,7.666666666666667,7,72.42857142857143,0.7867957924694432,72.0,74.0,-2.966101694915336,11.036096698271743,9.35384953766041,5.26487962629581,10.933777395340366,6.656421092469317,1.776650218352943,2.0767383437848888,2.5507703675878814,3.1775632500648823,3.608658636324144,5.0479654017386295,2.580841874087907,0.8805386073595523,1.3988481345746224,6.290491092758649,5.531683558117842,6.539419502842096,9.351241268528256,5.7451280444281085,0.8458982568274933,1.4299803315055897,22.216219805120815,13.68877988874411,21.77007484451164,47.28935496195728,38.18246369173594,0.6287888299196697,2.172218299648115,2995,2.9440163606010024,0.0935012568695338,0.9946577629382304,0.9161936560934892,0.0781302170283806,0.0020033388981636,17,7,3482.463586216356,5.561043156199766,0.1853681052066588,0.1160821195405452,0.792687487448112,0.8454757631518457,2.9257143046386256,0.0,0.0,0.0,0.0,0.0,0.0,0.0,0.0,0.0,0.0,0.0,0.0,15.0,4.0,0.0416666666666666,7.0,0.0,8.0,0.0,8.0,0.5333333333333333,0.5333333333333333,0.0,2.0,63.0,1.0,28.0,0.0777777777777777,2.5,1.0,0.0,0.0,2,60.0,1,2.0,50.0,,50.0,0.0016666666666666668,-0.02109607944365544,2.0799066952232788,-0.6655979803482026,-0.16487179606674607,-0.42768970484827323,2.673571699812317,0.27055072744572356,-1.2463746215510088,-0.8143420471201123,-0.974484965053058,-0.5342786551988065,-0.5867863244035707,1.1796388454293079,0.3422579506519792,-0.43929145852716184,2.3173605162961843,-0.864235811110004,0.5464753712298873,0.14056061786773105,2.4293029731462683,1.3733922568770716,1.689061802443976,1.8473670232423136,0.2645231654116225,1.0149724321640998,0.8932186324634643,0.9352239578114692,1.105702135678264
subject_12_task_5_6,12,5_6,,5_6,68,335.0,365.0,0.534884253428892,18.0,0.3379629629629629,eye,高,7.666666666666667,6,72.16666666666667,0.408248290463863,72.0,73.0,-1.1682892906814843,13.746045215723749,9.005840608080142,5.288190853291623,11.11900210324573,6.349686338551489,1.7030097547395582,2.1026098360887886,2.6155604016815857,3.122530329794957,3.4399972193741397,4.955145772349655,2.403742909622829,0.9077130388968916,1.440450516774306,7.124174825283,5.574725623334521,6.46333254332975,8.937587683918249,5.137814669961584,0.8625156737583796,1.382814147964886,26.962945332626333,14.296189938049997,22.429280738860047,47.82044681769175,38.99144165904415,0.6373895848243144,2.1320544057768207,2995,2.942143906510852,0.0955276507416065,0.996661101836394,0.9242070116861436,0.0717863105175292,0.0020033388981636,17,7,3016.410477401764,5.545493441489185,0.1848497813829728,0.1005470159133921,0.6485898653260601,1.1804766680182537,2.9160177450780607,0.0,0.0,0.0,0.0,0.0,0.0,0.0,0.0,0.0,0.0,0.0,0.0,15.0,4.0,0.0410958904109589,7.0,0.0,8.0,0.0,8.0,0.5333333333333333,0.5333333333333333,0.0,2.0,68.0,1.0,28.0,0.0767123287671232,2.5,1.0,0.0,0.0,2,60.0,1,2.0,50.0,,50.0,0.0016666666666666668,0.520766889090234,1.8841386395143487,-0.6534148429595071,-0.12364886551918522,-0.4846638979830334,2.4448557227382595,0.30613509335375894,-1.2234245906098207,-0.8805640846373171,-1.0270622169150827,-0.5575292969616593,-0.6260709313371052,1.317034660974484,0.41051658176104633,0.2909452248298958,2.388748488359475,-0.8782366943206334,0.3434497445603885,-0.11331433528892632,2.527697563466709,1.2549803208323131,2.672841830413939,2.1431564781721075,0.3716361034135901,1.0500889619674632,0.9518446194991874,1.0059727909911755,1.0317932596026056
subject_12_task_5_6,12,5_6,,5_6,69,340.0,370.0,0.5422114349827124,18.0,0.3425925925925926,eye,高,7.666666666666667,5,71.8,0.4472135954999579,71.0,72.0,-2.888402625820531,14.484716155624032,10.267199993271792,4.953971235718815,11.90406777673156,6.85694004029472,2.0725190972535055,2.4029343753354055,2.762956923054508,3.2664956759136623,3.535567821236347,5.426330927913308,2.6706577420174007,0.923895634611644,1.5347834357242744,7.07032745991485,6.1387596080926174,6.799567113380657,8.863189368643923,5.222883954410085,0.9028162389944416,1.3034931813824335,27.102409158471584,14.849458682992164,21.372125966090028,47.09967360938268,40.13408669115334,0.6948049392256521,2.2037898187626785,2995,2.952286811352254,0.0953830386274121,0.996661101836394,0.923873121869783,0.0721202003338898,0.0020033388981636,17,7,2550.357368587174,5.529943726778606,0.1843314575592868,0.0850119122862391,0.4518273534987854,1.4174814270758376,2.902777280821105,0.0,0.0,0.0,0.0,0.0,0.0,0.0,0.0,0.0,0.0,0.0,0.0,15.0,4.0,0.0405405405405405,7.0,0.0,8.0,0.0,8.0,0.5333333333333333,0.5333333333333333,0.0,2.0,73.0,1.0,28.0,0.0756756756756756,2.5,1.0,0.0,0.0,2,60.0,1,2.0,50.0,,50.0,0.0016666666666666668,0.6684665319751194,2.5937005311790418,-0.8280879101308815,0.05107246674451746,-0.3904444787541868,3.5924950254287595,0.7192097691467285,-1.1712135557886372,-0.7073281650261187,-0.9972697504720667,-0.43950084405678363,-0.5668631075814861,1.3988549902355092,0.5652922358363649,0.24377947124743027,3.324234323993929,-0.816365632882108,0.3069342515399042,-0.07775285827814137,2.7663241576345574,1.055842961883943,2.7017463300939406,2.41258083274633,0.19986131407235327,1.0024304381589073,1.0346511921698436,1.4782649764480924,1.163799478063342
subject_12_task_5_6,12,5_6,,5_6,70,345.0,375.0,0.5495386165365329,18.0,0.3472222222222222,eye,高,7.666666666666667,6,71.66666666666667,0.5163977794943223,71.0,72.0,-2.968017057569189,11.412752775875791,9.958688301329538,4.942953975090727,12.047991829271629,7.139640379573923,2.0147240600488794,2.43740724473375,2.663941128733066,3.3515386323319345,4.060049813734815,5.374737235001132,2.7593418848785336,0.8254919979045465,1.3238106628196624,6.206494027690351,6.268806475401673,6.957632446449108,8.364691502981374,4.878203508882439,0.9009970738826564,1.2022324500987935,22.30734883391369,15.678052383954292,20.5252402318276,47.80812261383039,40.84965110768977,0.7638425765971313,2.3292357153363015,2995,2.951637729549249,0.1009628660093036,0.996661101836394,0.9198664440734556,0.076126878130217,0.0020033388981636,11,5,2737.495117748425,6.270329039140076,0.2090109679713358,0.0912498372582808,0.3404572282001251,1.4671862895208494,2.8992971741869376,0.0,0.0,0.0,0.0,0.0,0.0,0.0,0.0,0.0,0.0,0.0,0.0,15.0,4.0,0.04,7.0,0.0,8.0,0.0,8.0,0.5333333333333333,0.5333333333333333,0.0,2.0,78.0,1.0,28.0,0.0746666666666666,2.5,1.0,0.0,0.0,2,60.0,1,2.0,50.0,,50.0,0.0016666666666666668,0.054217521169967746,2.420151150800063,-0.8338458567161542,0.08310367515659406,-0.3379345380851539,3.412992510701449,0.7666247069539958,-1.206287091018714,-0.6049945468411779,-0.8337716469024596,-0.4524246887114159,-0.5471909333027707,0.9013193601191899,0.21914108010128722,-0.5128658079048014,3.5399252320310244,-0.7872797779323968,0.06226613953752568,-0.2218394791914604,2.755552567402224,0.8016252504539676,1.7079486999431543,2.8160797202703707,0.06225268537757013,1.0492740685219561,1.0865075738049035,2.0461607418393504,1.3946427636713197
subject_12_task_5_6,12,5_6,,5_6,71,350.0,380.0,0.5568657980903533,18.0,0.3518518518518518,eye,高,7.666666666666667,6,71.16666666666667,1.1690451944500122,69.0,72.0,-6.58064516129035,10.133732707437872,10.229359175212672,6.246423845860132,12.718544024499918,7.805012593979959,1.6376344973760089,2.036132087471015,2.781827693101084,3.3256046527312555,5.370002564563869,5.7803625457014975,3.1023790879707023,0.6192929356638674,1.0764170922087737,6.14168735911103,6.17791554896992,9.506138005523669,8.814224981026012,5.124369226330686,0.6498870040998941,0.927214077462834,17.869630069170157,15.18448711072014,24.20369616383734,48.75082772381984,41.70097144011253,0.6273623254867673,2.0141893780941724,2995,2.953350918196995,0.1015636898429454,0.996661101836394,0.9228714524207012,0.0741235392320534,0.0020033388981636,17,6,2644.7233102812324,5.783407100046102,0.1927802366682033,0.088157443676041,0.3637431546280373,1.636892737835186,2.904226318027421,0.0,0.0,0.0,0.0,0.0,0.0,0.0,0.0,0.0,0.0,0.0,0.0,15.0,4.0,0.0394736842105263,7.0,0.0,8.0,0.0,8.0,0.5333333333333333,0.5333333333333333,0.0,2.0,83.0,1.0,28.0,0.0736842105263157,2.5,1.0,0.0,0.0,2,60.0,1,2.0,50.0,,50.0,0.0016666666666666668,-0.20152667715518136,2.572413653894588,-0.15261391124793908,0.2323393083774775,-0.21434552651775862,2.241810207668275,0.21469975967566812,-1.164529121021608,-0.6362013401871076,-0.42541674894670956,-0.35081849990066477,-0.47109742407328997,-0.14123743751907092,-0.18676708145615434,-0.5696309874045715,3.3891769144432726,-0.31832519066894804,0.28290200366276563,-0.11893492840522805,1.2686865554116065,0.1111844408090794,0.7882117012048917,2.5757290653725216,0.6599570226207758,1.1116070373545237,1.1482020782151199,0.9234896943343156,0.8149001527597727
subject_12_task_5_6,12,5_6,,5_6,72,355.0,385.0,0.5641929796441737,18.0,0.3564814814814814,eye,高,7.666666666666667,6,70.83333333333333,1.1690451944500122,69.0,72.0,-6.472440944881936,9.7346084552371,5.546357032710509,5.767976253604634,11.934583076144277,7.398733343708336,0.961577646794987,2.0691109934244074,2.7667407960992847,2.4109372018698676,5.105019535080405,5.277143075773346,3.0148204485243197,0.4722679678897438,1.033716529292425,6.083409761756652,4.411462375764774,9.175308471382827,8.768117700626611,5.054453436707992,0.4807971731439688,0.9556210265816982,17.48939305336904,12.548968490969749,22.816387291281917,47.65089804275802,41.407180488415385,0.5499980488043642,2.0884506137816703,2995,2.948426043405676,0.0769632735822685,1.0,0.9308848080133556,0.0691151919866444,0.0,11,6,3820.980398302113,7.060273366820254,0.2353424455606751,0.127366013276737,0.24527491459123,1.6821047486273653,2.9014806702447986,0.0,0.0,0.0,0.0,0.0,0.0,0.0,0.0,0.0,0.0,0.0,0.0,15.0,4.0,0.0389610389610389,7.0,0.0,8.0,0.0,8.0,0.5333333333333333,0.5333333333333333,0.0,2.0,88.0,1.0,28.0,0.0727272727272727,2.5,1.0,0.0,0.0,0,0.0,0,0.0,,,,0.0,-0.2813328619290254,-0.06195042815389878,-0.4026647880544785,0.057863839680417195,-0.2898095297843141,0.14208139620891688,0.26005985884997423,-1.1698732261427296,-1.7368360502773528,-0.5080205817156719,-0.4768713154571762,-0.4905199359139195,-0.8846058986061811,-0.25682753997188607,-0.6206772508085848,0.459403235019203,-0.37920166279793754,0.26027205472628984,-0.14816179638086588,0.26747651696470204,0.18250082873321202,0.7094058844639732,1.292314974867886,0.4345362086845,1.0388781619075562,1.1269112826416383,0.2870999395098737,0.9515543447870864
subject_12_task_5_6,12,5_6,,5_6,73,360.0,390.0,0.5715201611979942,18.0,0.3611111111111111,eye,高,7.666666666666667,5,70.0,1.0,69.0,71.0,-5.0847457627120205,13.892843045641508,6.082250811281991,5.8096317383511185,12.271785842918476,7.843030058469832,1.0469253620898606,2.112317337071254,2.8461528027323264,2.4267083204656448,4.923425937297657,5.789380131525788,3.2609332242643236,0.4928901848775657,1.175884476634055,7.658914095695317,4.384844479846659,8.692833738154706,8.807804445551893,5.398466626870785,0.5044206080464462,1.0132259181367471,26.208272631692825,12.91763953709056,22.68384681720558,45.88921531316314,43.577196913718865,0.5694642377540919,2.02299088346675,2994,2.9576255845023383,0.0740544071764873,0.9996659986639946,0.9295257181028724,0.0694722778891115,0.0,11,6,4003.481332567488,6.8067202757036185,0.2268906758567873,0.1334493777522495,0.3152256486707933,1.5908189714367769,2.8998278255728325,0.0,0.0,0.0,0.0,0.0,0.0,0.0,0.0,0.0,0.0,0.0,0.0,15.0,4.0,0.0384615384615384,7.0,0.0,8.0,0.0,8.0,0.5333333333333333,0.5333333333333333,0.0,2.0,93.0,1.0,28.0,0.0717948717948717,2.5,1.0,0.0,0.0,0,0.0,0,0.0,,,,0.0,0.5501195898449924,0.2395098913384288,-0.3808943984585005,0.13291044870128418,-0.20728400402422276,0.4071583000859521,0.31948705863488774,-1.1417437763774416,-1.7178583983153037,-0.5646292151530687,-0.34855966026785684,-0.435926484814584,-0.7803385354601258,-0.023567112082268707,0.7593317556601075,0.41525578064822444,-0.46798261074619224,0.2797507358225131,-0.004354107945601246,0.40735494746075246,0.3271194139701371,2.516432548577352,1.4718460970564082,0.41299999412057714,0.922393257441578,1.2841706394575692,0.44722659931100167,0.8310965248532167
subject_12_task_5_6,12,5_6,,5_6,74,365.0,395.0,0.5788473427518146,18.0,0.3657407407407407,eye,高,7.666666666666667,7,69.28571428571429,1.4960264830861911,67.0,71.0,-7.208398133748061,10.213809068201757,9.577383883609707,6.2907051673435,12.365058542316229,8.19455865763731,1.5224658649284843,1.9656077042850613,2.7820073328084916,2.998969668421397,5.426417015713309,5.981107257426956,3.646813524619892,0.5526611131686456,1.102220349100968,6.263305237269747,5.757444237226422,9.09186366644044,9.421931367453464,5.970880961093987,0.633252372500711,1.0363036351096373,18.60249387511354,15.277029543055436,22.210607642183614,45.40185025417511,41.922446185963814,0.6878258258022826,2.044151649770509,2994,2.9535597862391447,0.0697230639453562,0.9996659986639946,0.9308617234468938,0.0681362725450901,0.0,11,6,3569.822515795518,5.781037170755722,0.1927012390251907,0.1189940838598506,0.3535189759199464,1.5100197429549664,2.898923004161757,0.0,0.0,0.0,0.0,0.0,0.0,0.0,0.0,0.0,0.0,0.0,0.0,15.0,4.0,0.0379746835443038,7.0,0.0,8.0,0.0,8.0,0.5333333333333333,0.5333333333333333,0.0,2.0,98.0,1.0,28.0,0.070886075949367,2.5,1.0,0.0,0.0,0,0.0,0,0.0,,,,0.0,-0.18551514989793794,2.2056531361075424,-0.1294711816317862,0.15366887803146603,-0.1419896151571399,1.8841141122606018,0.11769857291578459,-1.1644654887531434,-1.0292467042947384,-0.4078305288118389,-0.30053341032595654,-0.3503293952514095,-0.4781325655887412,-0.1444306838632735,-0.46310397659840813,2.6917988006131655,-0.39455647492369406,0.5811708317978171,0.2349320141734248,1.1701900340725473,0.38505662536004437,0.9401009923238669,2.6207942987344244,0.33610438555758815,0.890168004061628,1.1642521761210256,1.420855581946504,0.8700361869144256
subject_12_task_5_6,12,5_6,,5_6,75,370.0,400.0,0.5861745243056351,18.0,0.3703703703703703,eye,高,7.666666666666667,6,69.0,1.4142135623730951,67.0,71.0,-7.798839458413897,11.57370658083654,8.06141999533998,6.126914828032689,12.58883977083208,9.169955356475118,1.3157388704762605,2.0546784350965543,2.6533864649787353,2.68314536033643,5.021711726371831,6.232516824699412,4.548591788076119,0.5343089182610236,1.2411140193430386,6.969366212768668,4.975944061673559,8.556466677050443,9.99552022967665,7.250527954654872,0.5815419202203742,1.1681831539747518,20.926581447561233,14.076733294807902,21.80213263766339,43.862961732273675,39.03178187825049,0.6456585476638286,2.011865649165898,2994,2.933202738810955,0.0900010801760581,0.9956579826319304,0.9255177020708084,0.0698062792251169,0.002004008016032,17,9,3777.297249308297,5.808517592937183,0.1936172530979061,0.1259099083102765,0.3948680040786544,1.5721455460820768,2.8980062082795386,0.0,0.0,0.0,0.0,0.0,0.0,0.0,0.0,0.0,0.0,0.0,0.0,15.0,4.0,0.0375,7.0,0.0,8.0,0.0,8.0,0.5333333333333333,0.5333333333333333,0.0,2.0,103.0,1.0,28.0,0.07,2.5,1.0,0.0,0.0,1,60.0,1,2.0,60.0,,60.0,0.002,0.08640075490713787,1.3528666766064743,-0.21507286219210525,0.2034728061643692,0.03918463781805525,1.242051797553368,0.24020891903967306,-1.210025781129378,-1.4092834000809402,-0.5339903365045958,-0.2375571430979376,-0.1502943203536742,-0.5709225392414393,0.08345751145526291,0.15534592818142545,1.3956316111678522,-0.4930757319398149,0.8626944122432748,0.769862305858009,0.8640035317677583,0.7161436029611264,1.4217785032265815,2.036288043974352,0.26973216678703876,0.7884145614887412,0.9547680429591346,1.0739923403200426,0.8106240685249224
subject_12_task_5_6,12,5_6,,5_6,76,375.0,405.0,0.5935017058594555,18.0,0.375,eye,高,7.666666666666667,6,68.33333333333333,1.2110601416389968,67.0,70.0,-6.377245508982126,10.821084320325744,8.761431218477576,6.21440216186084,12.83896977295239,9.678257073836996,1.4098590645208666,2.0660023987098852,2.7869294531177395,2.7913289319273047,4.506783687857253,6.4451353808242615,5.188784867078624,0.6193616390882163,1.430096456191044,6.441635339360937,5.319789646138423,8.616945758059945,10.4365700915622,8.157034766264218,0.6173637151147789,1.211168131330089,18.950694401205,13.820948806589614,20.80044492391867,42.07131434070735,36.54210906542309,0.6644544795624419,2.0226160783863363,2994,2.9292037408149634,0.0860275943074452,0.9956579826319304,0.9261857047428188,0.0691382765531062,0.002004008016032,17,9,4581.82605378922,6.81675400735846,0.2272251335786153,0.1527275351263073,0.4770767446925482,1.4754915271506797,2.8974437780099644,4.0,1.0,0.1333333333333333,4.0,0.0,0.0,0.0,0.0,0.0,0.0,0.0,1.0,19.0,5.0,0.0469135802469135,11.0,0.0,8.0,0.0,8.0,0.4210526315789473,0.4210526315789473,0.0,3.0,3.0,2.0,133.0,0.328395061728395,7.777777777777778,1.0,4.0,0.0666666666666666,1,60.0,1,2.0,60.0,,60.0,0.002,-0.0640884996446467,1.7466492048115976,-0.16934939135161794,0.2591408205554893,0.13359871984106636,1.5343746739590418,0.25578421172139065,-1.1627219673154157,-1.2791042908950665,-0.6945101617342427,-0.18429774190083362,-0.00828483121777424,-0.1408900682279715,0.39352827569622717,-0.3069018375696335,1.9659211373393746,-0.4819468794356898,1.0791664263471346,1.148808965044746,1.0761105546484697,0.8240585116391427,1.0122671037437168,1.9117290999199337,0.10697009973100041,0.669948352030404,0.7743434430980572,1.228605541730302,0.8304068152765108
subject_12_task_5_6,12,5_6,,5_6,77,380.0,410.0,0.6008288874132759,18.0,0.3796296296296296,eye,高,7.666666666666667,6,68.33333333333333,1.2110601416389968,67.0,70.0,-3.679245283018981,12.242503246113705,8.035153861358543,6.029680799531505,13.838456020551128,10.959265231925762,1.3326002036430948,2.2950561531592766,2.867056406932863,2.839266074366997,3.798543413755903,7.274765668046055,6.070872931537894,0.7474617939300062,1.9151461167197643,6.950979490766136,5.119719901665658,7.832950604906907,11.083343185649117,8.892447594475627,0.6536131988957569,1.4149640084167032,21.621514107056836,13.19103798574087,20.61008750186045,44.3471273595664,36.75719687963845,0.6400282378495545,2.151719508981378,2995,2.923664106844741,0.088109810508882,0.9926544240400668,0.9202003338898164,0.0734557595993322,0.0036727879799666,12,5,5113.3365936204145,7.622039910266042,0.254067997008868,0.1704445531206805,0.5264578617108702,1.3020649584815314,2.897473249039636,7.0,1.0,0.2333333333333333,7.0,0.0,0.0,0.0,0.0,0.0,0.0,0.0,2.0,22.0,5.0,0.0536585365853658,14.0,0.0,8.0,0.0,8.0,0.3636363636363636,0.3636363636363636,0.0,4.0,2.0,2.0,133.0,0.324390243902439,6.9523809523809526,1.0,7.0,0.1166666666666666,2,110.0,2,4.0,55.0,7.0710678118654755,55.0,0.0036666666666666666,0.22012881064651008,1.3380909925838314,-0.2658902442329147,0.48158280809559584,0.3715385205123163,1.2944205103614552,0.5708310793389878,-1.1343392677999216,-1.2214207220504798,-0.9152917011262319,0.023518608269790256,0.18738250652026095,0.5067932226540115,1.1893679391244418,0.13924070941665243,1.6340928838103839,-0.6262110824915916,1.3966096146220963,1.4562332786900358,1.2907499971557694,1.335693385445293,1.56580639513528,1.6049824819373273,0.07603933451493575,0.8204282640093267,0.789930685170532,1.0276780511423544,1.0679806292938552
subject_12_task_5_6,12,5_6,,5_6,78,385.0,415.0,0.6081560689670964,18.0,0.3842592592592592,eye,高,7.666666666666667,7,67.85714285714286,0.8997354108424375,67.0,69.0,-1.314508276533641,9.343365084702349,9.079179736835066,6.350248267926941,15.63794953272551,12.641286435261652,1.4297361857001842,2.4625729377712298,2.79552321731623,3.0002129351771116,3.999576226469482,7.75764492668996,7.279257464172487,0.750132705390508,1.9396167212289417,5.873602509171956,5.624355383897008,7.7685478792342275,11.508004635663529,9.635113660537296,0.7239905670056088,1.4813585260155353,15.90627244871502,13.456493686285915,22.002940000750343,44.654010767606685,33.974664043667296,0.6115770749648467,2.029456552900835,2995,2.922547579298831,0.0886949843968885,0.9926544240400668,0.9118530884808014,0.0818030050083472,0.0036727879799666,12,5,4971.856165080777,7.927052099068133,0.2642350699689377,0.1657285388360259,0.54988129690126,1.285783701000311,2.8986324028678983,10.0,2.0,0.3333333333333333,10.0,0.0,0.0,0.0,0.0,0.0,0.0,0.0,3.0,25.0,5.0,0.0602409638554216,17.0,0.0,8.0,0.0,8.0,0.32,0.32,0.0,5.0,2.0,2.0,133.0,0.3204819277108434,6.291666666666667,1.0,10.0,0.1666666666666666,2,110.0,2,4.0,55.0,7.0710678118654755,55.0,0.0036666666666666666,-0.3595632389313513,1.9253946459652602,-0.09835219441214,0.8820714735227342,0.6839641575540629,1.5961099614473833,0.8012382970343789,-1.1596778702252462,-1.0277506605206301,-0.8526232318478892,0.14447634890449945,0.4554298750212415,0.5202975367317636,1.229517802615204,-0.8044507206444373,2.4710625674517983,-0.6380619311306819,1.6050380199817154,1.7666896602872075,1.7074665260724227,1.5023785565032992,0.3812970811001486,1.7342510000692752,0.30236092028738776,0.8407198204100567,0.5882827533845617,0.7936420160482941,0.8429945336090734
subject_12_task_5_6,12,5_6,,5_6,79,390.0,420.0,0.6154832505209168,18.0,0.3888888888888889,eye,高,7.666666666666667,6,67.66666666666667,0.816496580927726,67.0,69.0,0.726643598615889,6.856734964598973,5.4892647682459605,6.563803280958853,16.779580171386407,14.723493551019374,0.836293309424727,2.556380722143643,2.7494118235555303,2.734257346941605,4.32391788187896,8.897402198895232,8.207934051163216,0.6323564465459813,2.0577176629979994,5.038564602498176,4.212352891419997,8.335478040998101,12.36753837177084,10.086501116673,0.5053522870195941,1.4837227464269027,10.052175476848989,10.235777939813891,22.28308318820591,44.276125516754725,34.36184125585436,0.4593519601107773,1.986983809322643,2995,2.9349799666110186,0.117889771662023,0.9863105175292154,0.8914858096828047,0.0931552587646076,0.0036727879799666,6,4,5593.884035296326,9.188841604606043,0.3062947201535348,0.1864628011765442,0.5607783674500885,1.155097607126044,2.8991716654030832,11.0,3.0,0.3666666666666666,11.0,0.0,0.0,0.0,0.0,0.0,0.0,0.0,4.0,26.0,6.0,0.0619047619047619,18.0,0.0,8.0,0.0,8.0,0.3076923076923077,0.3076923076923077,0.0,6.0,1.0,3.0,139.0,0.3309523809523809,6.28,1.0,11.0,0.1833333333333333,2,110.0,2,4.0,55.0,7.0710678118654755,55.0,0.0036666666666666666,-0.8567729718276371,-0.09406696500174652,0.013257977985896327,1.136148594554181,1.070721995863879,-0.24703252605197823,0.930264117614,-1.1760115228981067,-1.3477794879144533,-0.7515153838635154,0.4299772521843282,0.6614316142098472,-0.07518741807100786,1.4232905673370482,-1.5358735464209623,0.1291676333029259,-0.533740204591572,2.026906418828756,1.9553829677293788,0.41287157927268425,1.5083139936137655,-0.8319906157235107,0.16586444436213502,0.3478807800563334,0.8157335237261383,0.6163411766537806,-0.4585444926913187,0.7648369537744809
subject_12_task_5_6,12,5_6,,5_6,80,395.0,425.0,0.6228104320747373,18.0,0.3935185185185185,eye,高,7.666666666666667,5,67.6,0.8944271909999159,67.0,69.0,-1.95121951219513,6.582306106889187,4.621165413653317,6.264260830292704,15.363077808653095,13.565035152345647,0.7377032245059612,2.4524965075464844,2.552658463813764,2.294281745994392,4.059349739734913,7.931047737371084,7.890562219939825,0.565184547548794,1.953772955244059,4.9494652084084265,3.844097480035188,8.512285924763685,12.448838271025288,9.77617518274534,0.4515940270347423,1.462455371101845,10.79570934470521,9.91028910233142,23.000708314848172,42.832353848951925,34.40127913670159,0.4308688657180964,1.8622189048543945,2995,2.9348694490818032,0.1191922406534683,0.9863105175292154,0.8854757929883138,0.0974958263772955,0.0036727879799666,6,4,6832.07165654922,11.222761123975218,0.3740920374658406,0.227735721884974,0.5607783674500886,1.1550976071260437,2.8991716654030832,14.0,3.0,0.4666666666666667,14.0,0.0,0.0,0.0,0.0,0.0,0.0,0.0,4.0,29.0,6.0,0.068235294117647,21.0,0.0,8.0,0.0,8.0,0.2758620689655172,0.2758620689655172,0.0,6.0,5.0,3.0,139.0,0.3270588235294118,5.642857142857143,1.0,14.0,0.2333333333333333,2,110.0,2,4.0,55.0,7.0710678118654755,55.0,0.0036666666666666666,-0.9116459092773141,-0.5824053619956097,-0.14329177509521412,0.8208970323854602,0.8555450988817278,-0.5532381974392961,0.7873788962718618,-1.2457058170441107,-1.877209520151058,-0.833989882748455,0.1879124912200763,0.591031272349884,-0.41481321049118636,1.2527444810994681,-1.6139171059758701,-0.4816071259413697,-0.501205502887283,2.06680928346817,1.8256575487751425,0.09455965452836475,1.4549216922278088,-0.6778899067026102,0.00736169002889475,0.4644861325838102,0.7202693394156241,0.6191992083736795,-0.6928431927439562,0.5352468176067916
subject_12_task_5_6,12,5_6,,5_6,81,400.0,430.0,0.6301376136285577,18.0,0.3981481481481481,eye,高,7.666666666666667,7,67.14285714285714,1.0690449676496976,66.0,69.0,-4.210526315789434,9.725136420744631,5.090704835183896,6.818511184015682,14.51826212375092,13.197319605055103,0.7466006431312745,2.129242254201387,2.5865221909756007,2.5521015829869325,4.344693052379854,7.920619813477345,7.725997847268023,0.5874066481149895,1.8230562476994177,6.305135880871935,4.01382154880543,9.286144483993818,12.639335753718884,9.319395502005737,0.4322376800968265,1.3610961767291945,17.72272660018898,11.897201147837706,27.0144254357726,48.83110082562305,40.09895593676123,0.4404017837108387,1.8075935370796643,2995,2.953091485809683,0.1051812364252989,0.9903171953255424,0.8921535893155259,0.09449081803005,0.001669449081803,6,4,7272.8664497152595,11.946836472870656,0.3982278824290218,0.2424288816571753,0.5607783674500884,1.155097607126044,2.8991716654030824,15.0,3.0,0.5,14.0,0.0,0.0,1.0,1.0,0.0666666666666666,0.0,0.0666666666666666,4.0,30.0,6.0,0.0697674418604651,21.0,0.0,8.0,1.0,9.0,0.3,0.2666666666666666,0.0333333333333333,6.0,2.0,4.0,147.0,0.341860465116279,5.724137931034483,1.0,15.0,0.25,1,50.0,1,2.0,50.0,,50.0,0.0016666666666666668,-0.28322682585309655,-0.3182718532876518,0.14637586909841716,0.6328779570793424,0.7872440787254075,-0.5256041808338441,0.34276605766004437,-1.233710552694904,-1.5669705789090107,-0.7450390871997337,0.18530037216315187,0.5545271249924881,-0.30245672471800483,1.0382725434768831,-0.4264638584636081,-0.20010908399465216,-0.3588065507045632,2.1603074960831847,1.6347101319616315,-0.020052612527208642,1.200456786640421,0.757765302316702,0.9749249228159457,1.1166663342732541,1.1169148061358438,1.0321052944633828,-0.6144264918541167,0.43472619701190246
subject_12_task_5_6,12,5_6,,5_6,82,405.0,435.0,0.6374647951823781,18.0,0.4027777777777778,eye,高,7.666666666666667,6,67.16666666666667,1.1690451944500122,66.0,69.0,-7.188612099644088,9.322593797039932,4.820772827098095,5.722815538262689,13.812750767872584,11.703380730144474,0.8423778112131091,2.413628514761775,2.334620446597855,2.3227786109477786,3.682453482485569,7.117690302498777,6.547444527813158,0.6307693014984015,1.9328663176199865,6.237963200807009,3.765429376764174,7.7183006290861425,12.213920707658485,8.801777852628504,0.4878573092338859,1.582462422055803,17.70205202632891,11.492123263524732,27.21877712058021,51.02361950740484,42.88363068917814,0.4222130631590902,1.8745742794163116,2995,2.95646878130217,0.1026483087745359,0.9903171953255424,0.8934891485809683,0.0931552587646076,0.001669449081803,6,4,6034.678828462364,9.912916953501483,0.3304305651167161,0.2011559609487455,0.5607783674500885,1.155097607126044,2.899171665403083,13.0,3.0,0.4333333333333333,10.0,0.0,0.0,3.0,3.0,0.2307692307692307,0.0,0.2307692307692307,3.0,32.0,6.0,0.0735632183908046,21.0,0.0,8.0,3.0,11.0,0.34375,0.25,0.09375,6.0,5.0,4.0,147.0,0.3379310344827586,5.419354838709677,1.0,17.0,0.2833333333333333,1,50.0,1,2.0,50.0,,50.0,0.0016666666666666668,-0.36371652506226676,-0.4701187167008961,-0.4262671149367789,0.4758619414906044,0.5097536381948683,-0.2281349973937568,0.7339187842259289,-1.3229395970761337,-1.8429187638035853,-0.9514807102394114,-0.015827627845894407,0.2930970028862327,-0.08321213380061133,1.2184421553705496,-0.485301464607475,-0.6120831226276767,-0.6473080080601257,1.9515092176820048,1.4183306448407738,0.30928079984832985,1.7562025289573042,0.7534804047104535,0.7776648235766108,1.1498709969333643,1.261887181068506,1.2339084492230992,-0.7640448416774578,0.5579829559476442
subject_12_task_5_6,12,5_6,,5_6,83,410.0,440.0,0.6447919767361986,18.0,0.4074074074074074,eye,高,7.666666666666667,7,66.57142857142857,0.7867957924694432,66.0,68.0,-3.8344051446945393,14.086832323240817,4.7719516905528,6.321275907550662,12.587675016284248,10.252325054618344,0.754903244272692,1.9913187148259852,2.2951257961013076,2.2716998631800127,4.8874434042038475,6.7501245933188025,5.803411017412681,0.4648033082543831,1.3811156539455378,7.560800000755946,3.6932306882193866,8.715695131537089,11.865717670989568,8.553440959361449,0.4237448226998795,1.3614195416329282,28.14858841601159,12.454080550299151,28.133015499629767,48.72271527529705,42.54522193961633,0.4426855894798426,1.7318696346624571,2994,2.9461800201139785,0.1068091912229991,0.9866399465597864,0.8894455577822311,0.0925183700734803,0.0040080160320641,12,4,5367.491207209457,8.878997434132287,0.2959665811377429,0.1789163735736485,0.6075032790529491,1.0892778378607382,2.895559847479819,13.0,2.0,0.4333333333333333,7.0,0.0,0.0,6.0,6.0,0.4615384615384615,0.0,0.4615384615384615,2.0,35.0,6.0,0.0795454545454545,21.0,0.0,8.0,6.0,14.0,0.4,0.2285714285714285,0.1714285714285714,6.0,2.0,5.0,153.0,0.3477272727272727,5.176470588235294,1.0,20.0,0.3333333333333333,2,120.0,1,2.0,110.0,,110.0,0.0036666666666666666,0.5889083731546252,-0.4975824343431412,-0.11349400771104526,0.20321358267106102,0.24022850206092003,-0.4998175760361751,0.15306220776941376,-1.3369294562201535,-1.9043826791186034,-0.5758461415806919,-0.10790016341526919,0.1280533275053736,-0.9223477368101666,0.31316358658167914,0.6733920779574327,-0.7318291881311575,-0.46377584915615827,1.780607423625077,1.3145184783449764,-0.07034028525625521,1.2012686026794903,2.918571645415084,1.2461075532382309,1.298423611000856,1.109748203283286,1.209384237481462,-0.5956401649377608,0.2953804319410862
subject_12_task_5_6,12,5_6,,5_6,84,415.0,445.0,0.652119158290019,18.0,0.412037037037037,eye,高,7.666666666666667,5,66.2,0.4472135954999579,66.0,67.0,-2.669245647969009,16.348572495780367,4.822889007696585,6.045310671609231,13.93198964620732,11.620714571761456,0.7977901004073221,2.3045944870354687,2.494240160828994,2.1096522562699533,4.653043113227906,7.565375883825104,5.851647115020683,0.4533919426348161,1.625898514096693,8.187701410287572,3.649205016856023,8.526019667636758,12.212774516631749,8.310145385269223,0.4280080458537706,1.432412191469514,29.696367422516683,12.59216546577528,26.432026272843014,55.74081519038386,49.06145373021432,0.476398038341571,2.108836250955663,2994,2.9389423399262493,0.1110318171245204,0.9866399465597864,0.8934535738142952,0.0885103540414161,0.0040080160320641,17,4,4129.303585956562,6.845077914763115,0.2281692638254371,0.1376434528652187,0.6215139241766343,1.067772230274323,2.8944768299322567,10.0,2.0,0.3333333333333333,4.0,0.0,0.0,6.0,6.0,0.6,0.0,0.6,1.0,35.0,6.0,0.0786516853932584,21.0,0.0,8.0,6.0,14.0,0.4,0.2285714285714285,0.1714285714285714,6.0,7.0,5.0,153.0,0.3438202247191011,5.176470588235294,1.0,20.0,0.3333333333333333,2,120.0,1,2.0,110.0,,110.0,0.0036666666666666666,1.0411506338662577,-0.4689282858639776,-0.257721610341405,0.502399308215314,0.49439888098765433,-0.3666175834890936,0.5839503675043738,-1.2663988430593949,-2.0993772869231178,-0.6489163396024903,0.09631435270643683,0.13875319884714882,-0.9800443949216799,0.7147882549163483,1.22250487484755,-0.8048485328473941,-0.49867833487790136,1.9509466548029584,1.2128137323723673,-0.04509700602601199,1.379497504851386,3.23935574499859,1.3133505333788869,1.0220335557042204,1.573794699515654,1.6816103498297352,-0.31832538884644934,0.9890676281466165
subject_12_task_5_6,12,5_6,,5_6,85,420.0,450.0,0.6594463398438395,18.0,0.4166666666666667,eye,高,7.666666666666667,6,66.66666666666667,1.2110601416389968,66.0,69.0,4.072398190045218,16.323423115459875,5.160003037415744,5.910229382264081,13.478244534306748,10.594463754492605,0.8730630748275726,2.2804943196880663,2.699981651062984,2.3203679614998785,4.573084000552211,7.1092417141038915,5.602742377273205,0.5073967504685434,1.5545836711605194,8.48787531080586,4.054650755401198,8.411044662652277,11.292801821952466,7.99513121859288,0.4820626828204993,1.3426158432015125,30.942402504096375,14.33671545802693,26.604780313529066,54.172252626219496,45.39729312016044,0.5388774231199505,2.036184925709453,2994,2.9202339926248744,0.0949882880866076,0.9802939211756848,0.9051436205744824,0.0808283233132932,0.0090180360721442,17,4,2891.115964703668,4.811158395393944,0.1603719465131314,0.0963705321567889,0.6475253382557716,1.0256231518971552,2.892466157501691,12.0,2.0,0.4,6.0,0.0,0.0,6.0,6.0,0.5,0.0,0.5,2.0,38.0,6.0,0.0844444444444444,24.0,0.0,8.0,6.0,14.0,0.3684210526315789,0.2105263157894736,0.1578947368421052,7.0,2.0,6.0,162.0,0.36,5.027027027027027,1.0,23.0,0.3833333333333333,5,270.0,2,4.0,90.0,28.284271247461902,90.0,0.006,1.0361219339520384,-0.2792890193373407,-0.3283190914190715,0.40141546299457176,0.3037787718511308,-0.13283127841932277,0.5508023309218231,-1.1935207587551446,-1.8458195387833007,-0.6738421968722665,-0.017943937762928044,0.08354042662208987,-0.7069923310549565,0.5977792448741696,1.4854319117960892,-0.1323912771200976,-0.5198350695831181,1.4994141652871635,1.0811284934643803,0.27496981792035974,1.1540614265011544,3.497602070872042,2.1628911227971375,1.050103985608196,1.470079168128448,1.4160715575476652,0.195622935441817,0.8553759643960518
subject_12_task_5_6,12,5_6,,5_6,86,425.0,455.0,0.6667735213976599,18.0,0.4212962962962963,eye,高,7.666666666666667,6,67.33333333333333,2.1602468994692865,66.0,71.0,11.506849315068491,17.784847106353936,5.154560907568258,5.662055243075488,14.658711146651228,12.0735147429729,0.9103692363072792,2.588938206595275,2.7322986910227836,2.1930365915436645,4.236567416552288,7.435606410651766,5.884885711504755,0.517644681629628,1.7551016376137007,8.672888658055289,3.912639821360677,7.82890755035637,11.478377954601616,8.249211652157305,0.4997683005188347,1.466153212408176,32.99273987922457,13.196805602074456,25.147405567227903,60.2104769700293,49.70510018484137,0.5247780160380653,2.394301742542204,2994,2.929272544418371,0.099140906406325,0.978623914495658,0.9098196392785572,0.0758183032732131,0.0090180360721442,17,4,1652.9283434507736,2.777238876024772,0.0925746292008257,0.0550976114483591,0.7125063919465495,0.9071108414025174,2.887443146727744,9.0,1.0,0.3,3.0,0.0,0.0,6.0,6.0,0.6666666666666666,0.0,0.6666666666666666,1.0,38.0,6.0,0.0835164835164835,24.0,0.0,8.0,6.0,14.0,0.3684210526315789,0.2105263157894736,0.1578947368421052,7.0,7.0,6.0,162.0,0.356043956043956,5.027027027027027,1.0,23.0,0.3833333333333333,5,270.0,2,4.0,90.0,28.284271247461902,90.0,0.006,1.328338386365336,-0.2823504211825257,-0.4580222440930573,0.6641357756607071,0.5785038742319623,-0.01696406690216447,0.9750445820017232,-1.1820733644547754,-1.9990395154263632,-0.778745366267297,0.06380804393996557,0.14612628090803598,-0.6551780784700099,0.9267767969175257,1.647488010291767,-0.36792534224757906,-0.6269550514310666,1.5904969263891064,1.1873416296823234,0.3798078325795457,1.4642052194373198,3.922543632915864,1.607791128408529,0.8132983196022955,1.8693349330950353,1.728254894217158,0.07964281385616792,1.5143760982156944
subject_12_task_5_6,12,5_6,,5_6,87,430.0,460.0,0.6741007029514803,18.0,0.4259259259259259,eye,高,7.666666666666667,5,68.6,2.5099800796022267,66.0,71.0,16.922060766182195,15.174203041038718,5.022298709915618,6.130999037859114,14.699233409329585,11.975519841237393,0.8191648178221467,2.3975266214464153,2.9158781108822343,2.3061821831815075,4.408896513702469,7.900811447879138,6.180400986469409,0.5230746913687115,1.792015626432623,7.687816248903539,3.829124509504223,8.122314556864888,12.021339515012013,8.484735013152484,0.4714326787883253,1.4800386553426097,27.696333883172617,12.877540301672816,30.484733126468143,70.9289953235626,55.31139204721842,0.4224258827607051,2.3267054702204044,2994,2.950841434797184,0.1156668676785089,0.978623914495658,0.9118236472945892,0.073814295257181,0.0090180360721442,11,1,570.9999999999873,0.9999999999999776,0.0333333333333325,0.0190333333333329,1.0,-1.000088900581841e-12,2.86522,11.0,1.0,0.3666666666666666,6.0,0.0,0.0,5.0,5.0,0.4545454545454545,0.0,0.4545454545454545,1.0,41.0,6.0,0.0891304347826087,27.0,0.0,8.0,6.0,14.0,0.3414634146341463,0.1951219512195122,0.1463414634146341,7.0,1.0,7.0,172.0,0.3739130434782609,4.925,1.0,26.0,0.4333333333333333,5,270.0,2,4.0,90.0,28.284271247461902,90.0,0.006,0.8063316641316768,-0.35675286053796557,-0.2129383332182105,0.6731542615792995,0.5603018922707126,-0.300230991955945,0.7117717949136989,-1.1170455646569488,-1.862889524155734,-0.7250247791415158,0.18033852071574413,0.2116783379452244,-0.6277235716298389,0.9873430003974362,0.7846476058767644,-0.5064407392122036,-0.5729647585131376,1.8569882978193812,1.285797360700059,0.21202773154191956,1.4990649866959194,2.824839877191341,1.4523190395095833,1.6805491146125366,2.578058226712882,2.1345383868762062,-0.762294211801481,1.389986652057462
subject_12_task_5_6,12,5_6,,5_6,88,435.0,465.0,0.6814278845053008,18.0,0.4305555555555556,eye,高,7.666666666666667,7,69.57142857142857,2.6367367999823097,66.0,72.0,14.460251046025055,16.357460348566995,5.330113604989358,6.255871274820962,15.700608078938526,13.368433768409371,0.8520177879046754,2.509739633251623,2.9927270802064982,2.3387403808375624,4.5252546529448425,8.45638794464165,7.294212357387031,0.5168196179447294,1.8687098502044728,7.816224590742798,4.00470937987669,8.17504937285224,13.001417489343044,9.171967462047686,0.4898697484538206,1.5903778553947627,29.33373661751879,12.977172876106806,34.023473720893094,79.63395361092579,64.70091907669814,0.3814182226824711,2.3405591758264315,2995,2.9570605652759077,0.1200846289405605,0.9719532554257097,0.91118530884808,0.069449081803005,0.0130217028380634,16,1,570.9999999999873,0.9999999999999776,0.0333333333333325,0.0190333333333329,1.0,-1.000088900581841e-12,2.86522,9.0,1.0,0.3,6.0,0.0,0.0,3.0,3.0,0.3333333333333333,0.0,0.3333333333333333,1.0,41.0,6.0,0.0881720430107526,27.0,0.0,8.0,6.0,14.0,0.3414634146341463,0.1951219512195122,0.1463414634146341,7.0,6.0,7.0,172.0,0.3698924731182795,4.925,1.0,22.0,0.3666666666666666,6,390.0,3,6.0,100.0,26.457513110645905,110.0,0.01,1.042927788769327,-0.18359545449233935,-0.14767640516898373,0.8960165293846657,0.8190275374516094,-0.19819470940809025,0.8661126742419969,-1.089823998123437,-1.8237116979365047,-0.6887521608760339,0.31950639052001995,0.4587472128918544,-0.6593496578352517,1.1131781678047188,0.8971224905385453,-0.21522218922429545,-0.5632609406118172,2.338021104802379,1.5730808507504188,0.3211967993934949,1.7760744311537282,3.1641988939406622,1.500836947500666,2.2555514092603315,3.1536421371693395,2.814989909843492,-1.099618566945969,1.4154799922725727
subject_12_task_5_6,12,5_6,,5_6,89,440.0,470.0,0.6887550660591212,18.0,0.4351851851851852,eye,高,7.666666666666667,5,71.0,1.224744871391589,69.0,72.0,10.175054704595029,14.599995860395008,5.61551522838358,6.28565086133456,17.130289953250138,14.626210881455291,0.8933864371829431,2.7253009005996653,3.591969988233482,2.6024184872780975,4.053046368119188,9.326040419401073,8.712671170982249,0.6420894929178289,2.300995244653175,7.108374639926207,4.159502646432189,7.820853920363117,12.623506796880347,9.345848513262364,0.5318476331084658,1.6140829282097429,21.508879666756837,13.614253176979298,33.970440627902065,76.42566832478413,60.990997717120955,0.4007676357838307,2.2497697089631186,2995,2.9819253279515636,0.1158872866083444,0.9709515859766276,0.9115191986644408,0.0681135225375626,0.0126878130217028,10,0,0.0,0.0,0.0,0.0,,,,6.0,1.0,0.2,6.0,0.0,0.0,0.0,0.0,0.0,0.0,0.0,1.0,41.0,6.0,0.0872340425531914,27.0,0.0,8.0,6.0,14.0,0.3414634146341463,0.1951219512195122,0.1463414634146341,7.0,11.0,7.0,172.0,0.3659574468085106,4.925,1.0,19.0,0.3166666666666666,6,380.0,3,6.0,96.66666666666667,25.166114784235834,100.0,0.009666666666666667,0.691517081694656,-0.0230463531360997,-0.13211271159168447,1.2142012752338307,1.0526523068781506,-0.06971003433071532,1.1626016020088854,-0.8775592035005988,-1.5064234026484031,-0.8359548487911522,0.5373480074486435,0.7733938688551306,-0.025976458785198622,1.8224454672560455,0.2771055941627176,0.04151217825599537,-0.6284370127773977,2.152538473883853,1.6457682730729286,0.5697550909914811,1.835586635775529,1.542462405223366,1.8110748751690076,2.2469341768443263,2.94150586610437,2.546134872599615,-0.9404524920129388,1.248410846116615
subject_12_task_5_6,12,5_6,,5_6,90,445.0,475.0,0.6960822476129417,18.0,0.4398148148148148,eye,高,7.666666666666667,6,71.33333333333333,1.3662601021279464,69.0,73.0,8.801705756929579,16.627613625451755,5.826834988784388,6.332999298612431,19.08820065238033,21.93035715624761,0.9200751040760508,3.014085388666091,3.885104253832716,2.604332333659794,3.9722308263137744,12.074883034544069,13.73904451306229,0.655634691822935,3.039824109554466,7.303949116361295,4.293739117594772,7.240634080801132,13.421558134200158,11.039446989859432,0.5930059535779905,1.8536440295730487,26.06664716073716,13.131820938256004,35.22587712743012,80.86412470057422,62.62240505411464,0.3727890405894352,2.2955886778361,2995,3.014676113360324,0.1111805776505868,0.96661101836394,0.9025041736227044,0.0707846410684474,0.0160267111853088,16,3,391.2245092975278,0.3411931818181881,0.0113731060606062,0.0130408169765842,0.8268453183223657,0.5619511978356528,2.984175973995084,6.0,1.0,0.2,6.0,0.0,0.0,0.0,0.0,0.0,0.0,0.0,1.0,41.0,6.0,0.0863157894736842,27.0,0.0,8.0,6.0,14.0,0.3414634146341463,0.1951219512195122,0.1463414634146341,7.0,16.0,7.0,172.0,0.3621052631578947,4.925,1.0,16.0,0.2666666666666666,8,480.0,4,8.0,95.0,20.816659994661325,95.0,0.012666666666666666,1.0969458100081846,0.09582892594492523,-0.10736701645517586,1.6499466878264488,2.4093549146825475,0.013180868655828291,1.559803772305468,-0.7737247085890028,-1.5041204391445724,-0.8611476828886431,1.2259130806759797,1.8883586098474332,0.0425090088033865,3.0346704475460333,0.4484123516891162,0.2641518077669828,-0.73520419420064,2.5442306503859458,2.353742528192789,0.9318840495602646,2.4370110395321642,2.487080038310923,1.576145655450646,2.450927334509089,3.234982755117873,2.6643616590556376,-1.1706012389493083,1.3327260896335775
subject_12_task_5_6,12,5_6,,5_6,91,450.0,480.0,0.7034094291667621,18.0,0.4444444444444444,eye,高,7.666666666666667,6,72.0,0.8944271909999159,71.0,73.0,6.178107606679202,17.502001727476372,5.811951937547831,6.4571343006759045,20.41763708839899,21.34053159278306,0.9000822449889979,3.1620276329488393,3.957840915991421,2.707552762257924,4.336190719901357,13.263136862435797,13.987645226333456,0.6244081354243379,3.058706989423545,7.560235340614004,4.516003204101338,7.526363504402713,13.391129468779994,11.30169466307298,0.6000245937443232,1.7792296985053346,24.616668741108494,12.287182015716333,33.09840158187982,77.79418095140828,61.214936422865414,0.3712318851809182,2.350390871866084,2995,3.0409186909581645,0.0904363879462935,0.9796327212020032,0.9165275459098498,0.0627712854757929,0.0110183639398998,16,3,2019.9693440082715,1.7616477272727338,0.0587215909090911,0.0673323114669424,0.8268453183223659,0.5619511978356527,2.9841759739950846,3.0,1.0,0.1,3.0,0.0,0.0,0.0,0.0,0.0,0.0,0.0,1.0,41.0,6.0,0.0854166666666666,27.0,0.0,8.0,6.0,14.0,0.3414634146341463,0.1951219512195122,0.1463414634146341,7.0,21.0,7.0,172.0,0.3583333333333333,4.925,1.0,15.0,0.25,5,330.0,3,6.0,103.33333333333333,15.275252316519467,100.0,0.010333333333333333,1.2717825382938037,0.08745665225898466,-0.04249038919068473,1.9458211771920593,2.2997982533019115,-0.048913883009587836,1.7632876259608565,-0.7479598101682557,-1.3799135633029715,-0.7476895408969719,1.5235620182716185,1.9435039424796852,-0.11537463182245013,3.0656523159658207,0.6728974832649982,0.6327907733539568,-0.6826266656027585,2.5292959342478762,2.4633698121481533,0.9734426279268762,2.250191917234524,2.1865655463833145,1.1648332532340626,2.1052384410011213,3.03199381827352,2.562363531710636,-1.1834102225156868,1.433572102727221
subject_12_task_5_6,12,5_6,,5_6,92,455.0,485.0,0.7107366107205825,18.0,0.449074074074074,eye,高,7.666666666666667,7,72.71428571428571,1.1126972805283737,71.0,74.0,6.536312849161947,15.616780751077885,5.482494765043947,6.225277998175251,19.950810416961428,22.60590646981703,0.8806827207798547,3.204806343236301,3.967012707435783,2.8595097428289833,4.248043755456936,12.6505252657304,14.177871671506802,0.6731356613631215,2.9779649160816284,7.343736904255103,4.414740892673601,7.199020935248297,12.97158851702534,11.083395273217093,0.6132418466874947,1.8018545346233177,23.6414954078157,11.107091999173532,30.299962132417196,71.11614746793009,57.15167968242949,0.366571151166236,2.347070506462602,2995,3.0401002024291497,0.0929283874679531,0.9813021702838064,0.9265442404006676,0.0547579298831385,0.0110183639398998,11,3,3648.7141787190153,3.1821022727272794,0.1060700757575759,0.1216238059573005,0.8268453183223659,0.5619511978356527,2.9841759739950846,3.0,1.0,0.1,3.0,0.0,0.0,0.0,0.0,0.0,0.0,0.0,1.0,41.0,6.0,0.0845360824742268,27.0,0.0,8.0,6.0,14.0,0.3414634146341463,0.1951219512195122,0.1463414634146341,7.0,26.0,7.0,172.0,0.354639175257732,4.925,1.0,12.0,0.2,5,330.0,3,6.0,103.33333333333333,15.275252316519467,100.0,0.010333333333333333,0.8948265083046717,-0.09787534533727373,-0.16366535729973244,1.841925948137349,2.534834263115525,-0.1091658276138526,1.8221266469984414,-0.7447109633297158,-1.1970611756953116,-0.7751678179936304,1.370107270945743,1.985700525331371,0.13099512780466918,2.9331756858350335,0.48326310040375475,0.46484086149735016,-0.742861495723086,2.32338072448652,2.372114210503495,1.0517042611225744,2.3069921594062013,1.9844565254291362,0.5901667933028021,1.6505260759837577,2.5904329859649433,2.2679025616792288,-1.2217488912669219,1.4274620259523378
subject_12_task_5_6,12,5_6,,5_6,93,460.0,490.0,0.718063792274403,18.0,0.4537037037037037,eye,高,7.666666666666667,6,73.0,0.8944271909999159,72.0,74.0,5.950413223140488,13.851250104752584,4.993899889474741,5.720633901969654,20.370589031476616,21.13105258546987,0.8729626777471823,3.5608971628935877,3.874231161795541,2.800548847153807,4.016633060779788,13.577933473403451,13.546872086579429,0.697237911647849,3.380426657835515,6.671767948325661,4.291366425325856,6.835047020598568,12.3135773388659,10.803174833533628,0.6278473889635433,1.8015351323490325,18.122435475080582,9.737218093716905,23.681062036059757,53.931390522583655,42.843118396645195,0.4111816471275568,2.2774059052107103,2995,3.0085441970310396,0.1009811589778405,0.9813021702838064,0.9295492487479132,0.0517529215358931,0.0110183639398998,11,3,5277.45901342976,4.6025568181818235,0.1534185606060608,0.1759153004476586,0.8268453183223657,0.5619511978356528,2.984175973995084,0.0,0.0,0.0,0.0,0.0,0.0,0.0,0.0,0.0,0.0,0.0,0.0,41.0,6.0,0.0836734693877551,27.0,0.0,8.0,6.0,14.0,0.3414634146341463,0.1951219512195122,0.1463414634146341,7.0,31.0,7.0,172.0,0.3510204081632653,4.925,1.0,11.0,0.1833333333333333,5,330.0,3,6.0,103.33333333333333,15.275252316519467,100.0,0.010333333333333333,0.5418029468257672,-0.37272826056245034,-0.42740730265383853,1.9353503344797596,2.260888748370049,-0.13314309634129312,2.3119038069061073,-0.7775761928823842,-1.2680098120078802,-0.8473060615684078,1.6024162787114744,1.8457303637667994,0.252857781299143,3.5935101694238147,-0.10532506865049476,0.2602165484211446,-0.8098369183630143,2.0004217637239594,2.2549737785795823,1.1381861947851148,2.3061902916518906,0.8406067486657914,-0.07691840932200854,0.5750353351688047,1.4541530319064353,1.2309725557466344,-0.8547880172711974,1.2992664780484
subject_12_task_5_6,12,5_6,,5_6,94,465.0,495.0,0.7253909738282234,18.0,0.4583333333333333,eye,高,7.666666666666667,5,73.4,0.5477225575051661,73.0,74.0,0.8934169278996479,11.85475912403552,4.678252571884856,5.466936933525197,20.36168165163535,23.03414126241883,0.8557356027277636,3.724513726648335,3.620645128874747,2.6635439851480194,4.149096895719846,12.935508595275786,14.059682852272816,0.6419575276479315,3.1176684759085496,6.151530292569323,4.006885242868378,6.753592992294181,11.411783932439205,10.422404714419088,0.5932968195507511,1.689735218787984,18.150194555104644,8.814461191846767,20.162707355825393,42.701973935147656,33.50820751073609,0.4371665489307467,2.1178690530768547,2994,3.0059011764705876,0.1002363396584518,0.9879759519038076,0.9345357381429524,0.0517702070808283,0.0070140280561122,11,3,6906.203848140503,6.023011363636371,0.2007670454545457,0.2302067949380167,0.8268453183223659,0.5619511978356527,2.984175973995085,0.0,0.0,0.0,0.0,0.0,0.0,0.0,0.0,0.0,0.0,0.0,0.0,41.0,6.0,0.0828282828282828,27.0,0.0,8.0,6.0,14.0,0.3414634146341463,0.1951219512195122,0.1463414634146341,7.0,36.0,7.0,172.0,0.3474747474747475,4.925,1.0,9.0,0.15,4,210.0,2,4.0,95.0,7.0710678118654755,95.0,0.006333333333333333,0.1425981196877017,-0.5502916975950566,-0.5599968494078349,1.933367940744552,2.6143763804305236,-0.18664774720661279,2.536946552986382,-0.8674018486826006,-1.4328700641494487,-0.806012773878802,1.4414935213247162,1.9594835380013225,-0.02664368436657962,3.1623926981945285,-0.5610094072984994,-0.2116133836132675,-0.8248254044930189,1.5578118643347962,2.095800606675417,0.933606317127298,2.0255136877673325,0.8463599417594826,-0.5262717931667034,0.003345503564090158,0.7116484387570445,0.5544790210735994,-0.6410391657753681,1.0056896283622938
subject_12_task_5_6,12,5_6,,5_6,95,470.0,500.0,0.7327181553820439,18.0,0.4629629629629629,eye,高,7.666666666666667,6,73.0,1.095445115010332,71.0,74.0,-3.577475156422537,7.266633903935538,4.396480401114466,5.3004437194671254,18.429691679860703,15.948778405234824,0.8294551614551359,3.477009219468425,2.757993221246497,2.779382781296114,3.864208946341592,11.404979913145842,9.86770639985078,0.719263067781951,2.951439756885666,5.049241839861914,3.970587259009763,6.7942863605734445,11.486362760211197,9.695555215698793,0.5844009287054309,1.6905914985958488,12.01562245866952,7.364693163017883,19.466098257728873,49.60577147290951,38.791669689048746,0.3783343259399086,2.5483160937613114,2994,2.9912850921273035,0.0998244444041794,0.9956579826319304,0.9529058116232464,0.0407481629926519,0.0033400133600534,11,3,8534.948682851247,7.443465909090916,0.2481155303030305,0.2844982894283749,0.8268453183223657,0.5619511978356528,2.984175973995084,0.0,0.0,0.0,0.0,0.0,0.0,0.0,0.0,0.0,0.0,0.0,0.0,41.0,6.0,0.082,27.0,0.0,8.0,6.0,14.0,0.3414634146341463,0.1951219512195122,0.1463414634146341,7.0,41.0,7.0,172.0,0.344,4.925,1.0,6.0,0.1,2,100.0,1,2.0,90.0,,90.0,0.003,-0.7748123535216337,-0.7087990959285835,-0.6470111323333674,1.5033913500094682,1.2983115175516273,-0.26827076407357797,2.196522009866762,-1.172971806292286,-1.2934792946456344,-0.8948216178798948,1.0581072232945103,1.0296071397657733,0.36421850232827135,2.8896548353227702,-1.5265211864123254,-0.27181587261113493,-0.8173373526589507,1.5944159548298917,1.791956018036729,0.8809322138715909,2.027663400596182,-0.4250574750773885,-1.2322629033104608,-0.10984500000349892,1.1681371033326338,0.9373673044222128,-1.1249863513558198,1.797790540913977
subject_12_task_5_6,12,5_6,,5_6,96,475.0,505.0,0.7400453369358643,18.0,0.4675925925925926,eye,高,7.666666666666667,6,72.5,1.6431676725154984,70.0,74.0,-8.002915451895056,6.1883555789343045,3.531698214492742,5.1152815076435205,16.187586549122436,13.167218111517927,0.6904210861543972,3.1645543896135724,2.5222072455609847,2.3733278367530577,3.925238144142391,8.486724490206775,7.573360022462244,0.6046328272578214,2.162091618026148,4.649081680482143,3.3806945099813666,6.733549677603758,10.69909690876843,8.498829612413987,0.5020672114777419,1.5889237357755526,9.487490695612024,7.177402657222378,19.920147708439284,46.44127660278347,37.35514718349712,0.3603087066559065,2.3313721003739523,2994,2.967736806947228,0.0873325663654176,1.0,0.968937875751503,0.0310621242484969,0.0,11,3,9772.469008264465,8.522727272727273,0.2840909090909091,0.3257489669421488,0.8268453183223659,0.5619511978356527,2.9841759739950846,0.0,0.0,0.0,0.0,0.0,0.0,0.0,0.0,0.0,0.0,0.0,0.0,41.0,6.0,0.0811881188118811,27.0,0.0,8.0,6.0,14.0,0.3414634146341463,0.1951219512195122,0.1463414634146341,7.0,46.0,7.0,172.0,0.3405940594059406,4.925,1.0,6.0,0.1,0,0.0,0,0.0,,,,0.0,-0.9904175911592399,-1.1952714617119542,-0.7437823862123204,1.0043966687384573,0.7816529017083708,-0.7000892619301929,1.7667629969468925,-1.2564922969537742,-1.7820920311620287,-0.8757968310511377,0.32710547444117366,0.5206685591403588,-0.21535996507449384,1.5945409361131642,-1.8770277588655426,-1.2501900950371236,-0.8285136069121073,1.208017410755006,1.2916893200701605,0.3934200806759641,1.7724238258593068,-0.9490240541771243,-1.3234674474007078,-0.036067488180967985,0.958896315285357,0.8332636660163123,-1.2732630486717798,1.398574101043727
subject_12_task_5_6,12,5_6,,5_6,97,480.0,510.0,0.7473725184896847,18.0,0.4722222222222222,eye,高,7.666666666666667,7,71.42857142857143,2.225394561056747,69.0,74.0,-12.92763157894733,7.16084363851466,4.021578198715348,5.23529754940552,16.248188045852082,12.696596088438987,0.7681661186902371,3.1035844462550366,2.4346339819700176,2.374502896269546,3.965246262122983,8.674349366458094,7.472798591085323,0.5988286071791775,2.1875941096818203,4.822289230190037,3.4249341042315926,7.123034801107258,11.473585573938283,9.569566483654562,0.4808251257875638,1.6107720787991575,11.449515682606592,7.6027838747168675,22.24270702105216,60.43879288302338,46.975740197403034,0.341810188279737,2.7172408837566215,2994,2.958711422845691,0.0802562273878282,0.9956579826319304,0.955243820975284,0.0370741482965931,0.0036740146960587,6,3,9772.469008264465,8.522727272727273,0.2840909090909091,0.3257489669421488,0.8268453183223659,0.5619511978356527,2.9841759739950846,0.0,0.0,0.0,0.0,0.0,0.0,0.0,0.0,0.0,0.0,0.0,0.0,41.0,6.0,0.0803921568627451,27.0,0.0,8.0,6.0,14.0,0.3414634146341463,0.1951219512195122,0.1463414634146341,7.0,51.0,7.0,172.0,0.3372549019607843,4.925,1.0,3.0,0.05,2,111.0,2,4.0,55.5,7.7781745930520225,55.5,0.0037,-0.7959654591595382,-0.9196956247423436,-0.6810584495488197,1.0178839152241737,0.6942376033312125,-0.45862512378404113,1.68290325092307,-1.2875126403931183,-1.7806780623047673,-0.8633249988228178,0.3741041406956759,0.49836173020858976,-0.2447065054138266,1.6363838565962094,-1.7253125439745038,-1.1768159457594851,-0.7568438258957522,1.5881447744348836,1.7392890016482092,0.26764202938617787,1.8272746618308546,-0.5423856282983831,-1.1163202679889566,0.34132014410605593,1.8844314977978602,1.5304603562870303,-1.4254297602194568,2.1086429052260227
subject_12_task_5_6,12,5_6,,5_6,98,485.0,515.0,0.7546997000435052,18.0,0.4768518518518518,eye,高,7.666666666666667,6,70.5,1.51657508881031,69.0,73.0,-6.6595174262734735,6.342685388231081,3.6727196745849673,5.238167935340729,16.206752874757548,12.97764295784255,0.7011458433407531,3.093973517995532,2.2331351688043353,2.116034256898355,4.032133112167512,8.607207765506727,7.937472743006777,0.5247927580845319,2.1346536748832285,4.39949152425881,3.1971508313001253,6.983709339544829,11.54243925825555,9.793384608077726,0.4578012451343662,1.652766273203438,10.30039024223428,7.75746478375063,22.627366718487632,54.927273779788834,43.89488453147771,0.3428355088889956,2.4274708790975064,2995,2.974669782971619,0.0913048920105768,0.9909849749582638,0.9425709515859766,0.0460767946577629,0.0056761268781302,6,3,8964.285821280993,7.817897727272728,0.2605965909090909,0.2988095273760331,0.8268453183223659,0.5619511978356527,2.9841759739950846,0.0,0.0,0.0,0.0,0.0,0.0,0.0,0.0,0.0,0.0,0.0,0.0,41.0,6.0,0.0796116504854368,27.0,0.0,8.0,6.0,14.0,0.3414634146341463,0.1951219512195122,0.1463414634146341,7.0,56.0,7.0,172.0,0.3339805825242718,4.925,1.0,3.0,0.05,3,171.0,3,6.0,57.0,6.082762530298219,60.0,0.0057,-0.9595588467734061,-1.115941609202748,-0.6795583008773872,1.0086622557621487,0.7464404216059487,-0.6667798122282281,1.6696841144355106,-1.358887876746242,-2.091697718348964,-0.8424741911832073,0.3572856582110855,0.6014371008949464,-0.6190369068414036,1.5495224458162715,-2.0956476992201702,-1.5546088291319895,-0.7824813270931302,1.621938902969262,1.8328515975707098,0.13131366295713137,1.9327021840250034,-0.7805469989779633,-1.040995564646584,0.4038226652098572,1.520002213558735,1.3071932073305998,-1.416995589318833,1.5754133475187189
subject_12_task_5_6,12,5_6,,5_6,99,490.0,520.0,0.7620268815973256,18.0,0.4814814814814814,eye,高,7.666666666666667,6,70.5,1.51657508881031,69.0,73.0,-6.6595174262734735,7.337669344998157,4.338190403614672,5.61372441053048,16.161712785313284,12.900914789782336,0.7727829309677007,2.8789644099728884,2.320611898715524,2.2086157144734524,4.063664884379036,8.537634046884131,8.330740984151582,0.5435034082075763,2.1009690242183336,4.97002635449209,3.58647666990002,7.611022161779717,12.590666669496352,10.282324634591015,0.4712214198915667,1.6542675086038936,11.64704339450318,9.624749018038118,24.88162686010335,65.63148669270726,50.446381745625295,0.3868215318939214,2.637749013025535,2995,3.0004580968280465,0.0960265589847145,0.9876460767946578,0.9302170283806344,0.0560934891485809,0.0073455759599332,12,4,8144.06546209473,7.441149475524481,0.248038315850816,0.271468848736491,0.7447579774914252,0.8410162140340993,2.9914466424857284,0.0,0.0,0.0,0.0,0.0,0.0,0.0,0.0,0.0,0.0,0.0,0.0,41.0,6.0,0.0788461538461538,27.0,0.0,8.0,6.0,14.0,0.3414634146341463,0.1951219512195122,0.1463414634146341,7.0,61.0,7.0,172.0,0.3307692307692307,4.925,1.0,0.0,0.0,4,221.0,4,8.0,55.25,6.075908711186061,55.0,0.007366666666666666,-0.7606085873919745,-0.7415894024634647,-0.483281368081324,0.9986382989152823,0.7321886114993246,-0.44428601347437086,1.3739546418729733,-1.3279017276234897,-1.9802928950747378,-0.8326447117491959,0.33985794794707896,0.688673004952774,-0.5244345586927863,1.49425474184834,-1.5959072749855363,-0.908887441239185,-0.6670484905475206,2.1364201862874146,2.037242990130628,0.2107768311953395,1.9364710747191902,-0.5014471293671864,-0.13168728683646827,0.7701125131303813,2.227779611610159,1.781974976751596,-1.0551715589498663,1.9623633925444812
subject_12_task_5_6,12,5_6,,5_6,100,495.0,525.0,0.769354063151146,18.0,0.4861111111111111,eye,高,7.666666666666667,6,71.16666666666667,2.9944392908634274,69.0,77.0,13.28650646950103,7.142780690219918,4.026497656440419,5.912773035110326,15.758264138395752,13.159417638946875,0.6809829554645318,2.6651224467474797,2.439929644730587,2.217424412957151,3.914820128749827,8.616099048523372,8.900636347578759,0.5664179553672805,2.200892701365278,5.24633351135787,3.3983775620133585,7.72269897974931,13.370925328928127,10.798918694882538,0.4400505018937918,1.7313798406476495,11.280288004244545,10.196925078869173,28.80270129677128,74.2956076018848,58.01140208644565,0.3540266926287301,2.579466656143574,2995,3.015462771285476,0.0918856798199701,0.986644407345576,0.921202003338898,0.0627712854757929,0.0073455759599332,12,4,8030.796151859517,7.976988636363652,0.2658996212121217,0.2676932050619839,0.5875678564811452,1.0930696372819184,3.005369340532724,0.0,0.0,0.0,0.0,0.0,0.0,0.0,0.0,0.0,0.0,0.0,0.0,41.0,6.0,0.078095238095238,27.0,0.0,8.0,6.0,14.0,0.3414634146341463,0.1951219512195122,0.1463414634146341,7.0,66.0,7.0,172.0,0.3276190476190476,4.925,1.0,0.0,0.0,4,221.0,4,8.0,55.25,6.075908711186061,55.0,0.007366666666666666,-0.7995772040766209,-0.916928245539916,-0.3269897031333106,0.9088482501714282,0.7802040093832299,-0.7294026472154652,1.0798304925382036,-1.2856368021425413,-1.9696932402026337,-0.8790444654485154,0.35951285990961657,0.8150888505400312,-0.40857701479053704,1.658203368268263,-1.35388549388812,-1.220861641160696,-0.6464986605142506,2.519379525186389,2.2531945867387586,0.026208452183166406,2.1300635989552776,-0.5774588191091009,0.14694433170605686,1.4072394057093067,2.800663298004313,2.3302059575057927,-1.3249381826999869,1.855113246281526
subject_12_task_5_6,12,5_6,,5_6,101,500.0,530.0,0.7766812447049665,18.0,0.4907407407407407,eye,高,7.666666666666667,7,73.42857142857143,4.68533680244878,69.0,79.0,23.32962138084636,6.137601912944399,4.0838068677230135,5.936869740024925,14.728887130836476,12.099634571510313,0.687872068371483,2.4809180217544475,2.367831857688975,2.150991434100846,3.9849181276261074,8.695764646253908,8.657420033523655,0.5397830934564853,2.182168960001731,5.274143245253709,3.403119721207747,7.468125287901357,13.58542338301821,11.301376054363988,0.4556859439303902,1.819120978731718,11.48428248436967,10.63733385074167,28.855402963176164,76.05483286731707,59.94001100662164,0.3686427066818823,2.635722431753058,2995,3.0242687813021703,0.0823956165030747,0.986644407345576,0.9195325542570952,0.064440734557596,0.0073455759599332,12,4,6402.051317148774,6.556534090909107,0.2185511363636369,0.2134017105716258,0.526693316317329,1.143008616740063,3.0107611414678166,0.0,0.0,0.0,0.0,0.0,0.0,0.0,0.0,0.0,0.0,0.0,0.0,41.0,6.0,0.0773584905660377,27.0,0.0,8.0,6.0,14.0,0.3414634146341463,0.1951219512195122,0.1463414634146341,7.0,71.0,7.0,172.0,0.3245283018867924,4.925,1.0,0.0,0.0,4,221.0,4,8.0,55.25,6.075908711186061,55.0,0.007366666666666666,-1.0005659507831066,-0.8846896679823308,-0.31439605172911206,0.6797538849015824,0.5833554801772606,-0.7080061199209189,0.8264706328194336,-1.3111753971833018,-2.049633159738506,-0.8571926382280989,0.3794685124569241,0.7611379009885338,-0.5432447287825829,1.6274826045249393,-1.3295265109154648,-1.212996471903959,-0.6933431730418361,2.624657476281832,2.4632366242842405,0.1187885998721038,2.350340018444232,-0.5351800536316546,0.36140945411772785,1.4158027853371646,2.916985711532848,2.469970705274431,-1.2047085108324307,1.9586341140884445
subject_12_task_5_6,12,5_6,,5_6,102,505.0,535.0,0.7840084262587869,18.0,0.4953703703703703,eye,高,7.666666666666667,6,74.0,4.857983120596447,69.0,79.0,29.20917494008905,5.959400443001984,3.8937697488075194,6.05215865835335,14.817849727327598,12.241865549944196,0.6433687496664079,2.4483577784061574,2.4713917361697963,2.071950068392893,3.70846536103615,8.814414805550461,8.674670563013557,0.5587082166554165,2.3768362239974388,5.268635059858655,3.451160027768438,7.856229568278075,13.706578402677923,10.749501298414318,0.4392896105917717,1.7446764104275183,12.515249968170828,9.93127289248172,29.020357839014064,67.57715358285027,57.94168506970269,0.3422174511966364,2.328612002571576,2995,3.0205572621035057,0.0901867151915615,0.986644407345576,0.9158597662771284,0.0681135225375626,0.0073455759599332,18,4,5405.405400521494,5.964518494449927,0.1988172831483309,0.1801801800173831,0.4915998559456049,1.1326664581261352,3.0096176619007857,4.0,1.0,0.1333333333333333,4.0,0.0,0.0,0.0,0.0,0.0,0.0,0.0,1.0,45.0,7.0,0.0841121495327102,31.0,0.0,8.0,6.0,14.0,0.3111111111111111,0.1777777777777777,0.1333333333333333,8.0,1.0,8.0,245.0,0.4579439252336448,6.181818181818182,1.0,4.0,0.0666666666666666,4,221.0,4,8.0,55.25,6.075908711186061,55.0,0.007366666666666666,-1.0361979109027364,-0.991592664199938,-0.2541426497249368,0.6995530735625136,0.6097740556126637,-0.8462265971045984,0.7816863737689582,-1.2744922490935329,-2.144744962994631,-0.9433719612754221,0.409189514006595,0.7649644635686881,-0.4475579898479635,1.9468806836617505,-1.334351217068746,-1.1333186022338582,-0.6219274831795261,2.6841216625133124,2.2325366533867825,0.02170308361402963,2.1634449847744155,-0.3215074462367568,0.017580131192341395,1.4426059458371354,2.3564298038459905,2.3251536209961325,-1.422079661712123,1.3934950186448383
subject_12_task_5_6,12,5_6,,5_6,103,510.0,540.0,0.7913356078126074,18.0,0.5,eye,高,7.666666666666667,5,75.6,3.8470768123342687,71.0,79.0,5.941422594142265,5.826287662699482,4.101811009986473,5.904515747573533,15.126344533570538,11.8739338906222,0.6946905022096209,2.561826435942139,2.5475651960649324,2.2790525386554674,3.5141160440807027,8.84062884698068,8.470624752737693,0.6485421966910802,2.5157475553125623,5.613770355591907,3.6189763627150686,7.570761053465457,13.611566479132115,10.227985283922877,0.47802015374115,1.7979125721979468,12.853778335534535,10.46081466795985,28.033404959064256,67.15648629795622,56.835308067831114,0.3731553367575306,2.395587920768861,2995,3.0139252086811346,0.1006952140596425,0.9909849749582638,0.9268781302170284,0.0647746243739565,0.0036727879799666,18,4,4759.401421040013,5.83205982740857,0.1944019942469523,0.1586467140346671,0.4818499486075666,1.0569516284558895,3.0023965197815063,4.0,1.0,0.1333333333333333,4.0,0.0,0.0,0.0,0.0,0.0,0.0,0.0,1.0,45.0,7.0,0.0833333333333333,31.0,0.0,8.0,6.0,14.0,0.3111111111111111,0.1777777777777777,0.1333333333333333,8.0,6.0,8.0,245.0,0.4537037037037037,6.181818181818182,1.0,4.0,0.0666666666666666,2,110.0,2,4.0,55.0,7.0710678118654755,55.0,0.0036666666666666666,-1.0628142417370696,-0.8745616637099249,-0.3313052060683033,0.7682105443494749,0.5414328939058296,-0.6868291109657351,0.9377543029562239,-1.2475099626054231,-1.895535081193594,-1.0039569674467388,0.4157559406392249,0.7197024289919558,0.006648860209205476,2.1747978561831967,-1.0320417874453898,-0.8549846568103566,-0.6744570015335194,2.6374887889286467,2.014527534345458,0.2510333063508789,2.297095759749421,-0.25134593283475676,0.27545020316468083,1.282238110010331,2.328614699758483,2.244975363503943,-1.1675881282656224,1.5167429002859771
subject_12_task_5_6,12,5_6,,5_6,104,515.0,545.0,0.7986627893664278,18.0,0.5046296296296297,eye,高,7.666666666666667,5,75.2,4.494441010848846,69.0,79.0,-30.2380952380952,5.943208932730068,4.17997116571357,6.312900768132069,15.20666558878562,12.07796761670102,0.6621316125883578,2.408823795480811,2.507042279568354,2.2898323447894366,3.6655719834985265,8.790178449780361,8.083928563312677,0.624686230443074,2.398037329331278,5.430492670635263,3.71197116633762,8.157640435312961,13.413746406270242,10.182667432565603,0.4550300047878015,1.6443169458909397,13.517744702679872,10.015143923503375,31.334684033586324,67.29002696060599,58.43347070825353,0.3196184749387792,2.1474614803353576,2994,2.981666666666667,0.100871417546429,0.9956579826319304,0.9335337341349366,0.0617902471609886,0.0016700066800267,12,3,4921.580628542002,6.404430705821758,0.2134810235273919,0.1640526876180667,0.5277939801448529,0.945383639729218,2.991473455947101,7.0,2.0,0.2333333333333333,7.0,0.0,0.0,0.0,0.0,0.0,0.0,0.0,2.0,48.0,7.0,0.0880733944954128,34.0,0.0,8.0,6.0,14.0,0.2916666666666667,0.1666666666666666,0.125,9.0,1.0,9.0,254.0,0.4660550458715596,6.0,1.0,7.0,0.1166666666666666,1,50.0,1,2.0,50.0,,50.0,0.0016666666666666668,-1.0394354557359633,-0.8305936490412904,-0.1178711035286325,0.7860865033296872,0.5793309695791642,-0.7879520247386471,0.7273102404677689,-1.261864055799426,-1.882563559371191,-0.9567432227932656,0.403118483241258,0.6339243565444856,-0.1139685640691727,1.9816661539057598,-1.1925775920614285,-0.7007469265895174,-0.5664643870745323,2.5403965703311626,1.9955833321029262,0.11490467113163887,1.9114899270594727,-0.11373594307311585,0.058422666772127166,1.8186557966058086,2.337444593512768,2.360792933357098,-1.6079762741636463,1.0601450814624174
subject_12_task_5_6,12,5_6,,5_6,105,520.0,550.0,0.8059899709202482,18.0,0.5092592592592593,eye,高,7.666666666666667,6,74.0,4.979959839195493,68.0,79.0,-28.753581661891044,6.221545654401614,4.486198501956285,6.43799751989486,14.821730433717208,11.195164709315584,0.6968313498246812,2.3022268007893336,2.5644417044673937,2.430699689611505,4.203020362592317,8.394539918416331,6.884539211421086,0.5783221302578488,1.9972636804544983,5.52887556217692,3.732249130086213,7.939288214677079,12.72874670055917,9.79783372825726,0.4700987077388797,1.6032604380110538,13.351718783032014,9.925202631420424,34.370116831763724,66.73378727480987,58.74761226716381,0.288774189508948,1.941622357627156,2994,2.96525083500334,0.0949070458472792,0.998997995991984,0.93687374749499,0.0607882431529726,0.0,12,3,5095.7970082467855,6.648720290528647,0.2216240096842882,0.1698599002748928,0.702602846615954,0.7684757983269317,2.969634303692141,7.0,2.0,0.2333333333333333,7.0,0.0,0.0,0.0,0.0,0.0,0.0,0.0,2.0,48.0,7.0,0.0872727272727272,34.0,0.0,8.0,6.0,14.0,0.2916666666666667,0.1666666666666666,0.125,9.0,6.0,9.0,254.0,0.4618181818181818,6.0,1.0,7.0,0.1166666666666666,0,0.0,0,0.0,,,,0.0,-0.9837811282512694,-0.658329304291672,-0.052491837397366105,0.7004167493203727,0.41535547380348864,-0.6801799668672427,0.5806937863706604,-1.2415319384318977,-1.713055516766846,-0.7892030745990442,0.30401390998577627,0.3678723251752173,-0.3483886787352028,1.3241013893302607,-1.106402471190447,-0.6671146484379562,-0.6066437287054531,2.2041913500826054,1.8347114613982758,0.2041290589951913,1.8084164913828569,-0.14814555511587124,0.014624106324701777,2.3118766975531435,2.300665254320945,2.3835585211781556,-1.8616978635608636,0.6813636251495925
subject_12_task_5_6,12,5_6,,5_6,106,525.0,555.0,0.8133171524740687,18.0,0.5138888888888888,eye,高,7.666666666666667,7,71.57142857142857,5.349677337844556,67.0,79.0,-28.797520661157034,5.853950931554462,4.833970728910834,5.9535687685021115,13.313199929562272,9.685796724825831,0.8119450562972227,2.2361713532221126,2.5120822609564204,2.509712932546846,3.7453163834084138,7.129393338509121,5.657980792390149,0.6700937052113309,1.9035490219443192,4.916547796704751,4.159683640456111,7.447718522227683,12.115160098542765,9.385819925449113,0.5585178371123389,1.6266941429627235,13.466025950396212,10.283355794370753,33.72479184341738,57.16747880799232,53.12099102100722,0.3049197706576185,1.695117321210409,2994,2.9592865731462923,0.1153201214491176,0.9956579826319304,0.93186372745491,0.0624582498329993,0.0026720106880427,6,1,4563.062339000517,5.9804224626481215,0.199347415421604,0.1521020779666839,1.0,-1.000088900581841e-12,2.93248,7.0,2.0,0.2333333333333333,7.0,0.0,0.0,0.0,0.0,0.0,0.0,0.0,2.0,48.0,7.0,0.0864864864864864,34.0,0.0,8.0,6.0,14.0,0.2916666666666667,0.1666666666666666,0.125,9.0,11.0,9.0,254.0,0.4576576576576576,6.0,1.0,7.0,0.1166666666666666,2,80.0,0,0.0,,,,0.0,-1.0572828816818591,-0.4626944026741454,-0.3056686450494101,0.36468374207261295,0.1349991660771707,-0.3226544631074023,0.4898392972348823,-1.260078785419234,-1.617977554115469,-0.9318842984792893,-0.01289610248207311,0.09579357238189176,0.11561478596555315,1.1703401389755355,-1.6427499842118491,0.04181236822732382,-0.6970982546581205,1.9030364489161193,1.6624775056094756,0.7276739665687167,1.867247419894048,-0.12445488506235895,0.18903335255221984,2.207019237902867,1.6681276758288315,1.9758017743168088,-1.7288861464568424,0.22774948487391056
subject_12_task_5_6,12,5_6,,5_6,107,530.0,560.0,0.820644334027889,18.0,0.5185185185185185,eye,高,7.666666666666667,5,68.6,2.073644135332772,67.0,72.0,-16.93069306930676,6.28957569074646,5.249099129605763,6.298779956092157,12.666747724219052,8.50732163614935,0.8333517230632661,2.010984319585227,2.448293591816299,2.534963547985686,4.043777190417856,6.586980030796213,4.412644793549396,0.626880124353177,1.6289176481841623,5.187695016806857,4.040531174000824,7.576353608500709,11.852556642375175,8.770900285295383,0.533308156243833,1.5644143944227398,13.732790998660144,10.621547694825606,36.40790577998424,61.07340925170996,56.87747727974698,0.2917373978885913,1.6774765794215478,2994,2.9610814963259857,0.1170072975911096,0.9956579826319304,0.924181696726787,0.0694722778891115,0.0026720106880427,6,1,4578.0000000000055,6.000000000000007,0.2000000000000002,0.1526000000000001,1.0,-1.000088900581841e-12,2.93248,7.0,2.0,0.2333333333333333,7.0,0.0,0.0,0.0,0.0,0.0,0.0,0.0,2.0,48.0,7.0,0.0857142857142857,34.0,0.0,8.0,6.0,14.0,0.2916666666666667,0.1666666666666666,0.125,9.0,16.0,9.0,254.0,0.4535714285714285,6.0,1.0,7.0,0.1166666666666666,2,80.0,0,0.0,,,,0.0,-0.9701783025127395,-0.22916913086108687,-0.1252510579665989,0.22081171406651937,-0.08389571443168947,-0.2561686417932019,0.180110824344584,-1.282674111242735,-1.5875930643460396,-0.8388443530972925,-0.14876668921095018,-0.18045047773104156,-0.10287608389772908,0.7197418645187076,-1.4052478728184679,-0.15580949084848236,-0.6734279065295999,1.7741478492820395,1.4054229084235188,0.5784031002552358,1.7108924840609212,-0.06916663948722122,0.35372209619669026,2.6429926101127417,1.92639321192331,2.2480313326044516,-1.8373228479195183,0.19528730869812239
subject_12_task_5_6,12,5_6,,5_6,108,535.0,565.0,0.8279715155817096,18.0,0.5231481481481481,eye,高,7.666666666666667,7,68.71428571428571,1.704336206492693,67.0,72.0,-5.254677754677819,6.353117284106077,5.678086850087611,5.4341538203590005,11.488476231310678,7.271513395906398,1.0448888709801916,2.1141242245056113,2.4458742404779623,2.610145042430847,3.5101785317404457,5.501142677067192,3.0539152601771824,0.7435932442834079,1.5671974024465276,5.010517929101551,4.323362412540556,6.536502248995645,10.777808698916996,7.81112844353026,0.6614183316780553,1.648864834487442,12.34989734646678,12.061906666372018,32.804625997702985,54.503162014244275,48.32233169345326,0.3676891992981906,1.66144744396905,2995,2.9740761268781304,0.1198038653243315,0.9909849749582638,0.9138564273789648,0.0767946577629382,0.005008347245409,6,1,3945.901081916542,5.171561051004643,0.1723853683668214,0.1315300360638847,1.0,-1.000088900581841e-12,2.93248,3.0,1.0,0.1,3.0,0.0,0.0,0.0,0.0,0.0,0.0,0.0,1.0,48.0,7.0,0.0849557522123893,34.0,0.0,8.0,6.0,14.0,0.2916666666666667,0.1666666666666666,0.125,9.0,21.0,9.0,254.0,0.4495575221238938,6.0,1.0,7.0,0.1166666666666666,3,150.0,1,2.0,70.0,,70.0,0.0023333333333333335,-0.9574729554622398,0.012152527359084711,-0.5771302749372875,-0.04142006088193511,-0.3134398937521463,0.4008332712757595,0.3219723015757872,-1.283531097797058,-1.4971259090265037,-1.0051844181688259,-0.4207610452590523,-0.4818478111865831,0.4872335666243707,0.6184750797094901,-1.560440068426058,0.3132839054339134,-0.8647726196598751,1.246650003619533,1.0042098912011719,1.3369655338847946,1.9229075201993326,-0.3557775142788839,1.0551312934659958,2.057503482615276,1.4919593556352109,1.6280467662760902,-1.2125519542943521,0.1657907815547393
subject_12_task_5_6,12,5_6,,5_6,109,540.0,570.0,0.83529869713553,18.0,0.5277777777777778,eye,高,7.666666666666667,6,68.16666666666667,0.9831920802501752,67.0,69.0,1.4014122759370045,7.004377984023307,5.620834739653379,5.661865057425728,9.939047545187009,5.946068799953405,0.9927532151762366,1.7554370237333037,2.4038638405660233,2.402064632715373,3.628195663673589,4.5598180464691325,1.9872509988967488,0.6620548766885564,1.2567729166657635,5.241464097824371,4.101026222252644,6.900772843743222,10.081024013949548,6.849247617333129,0.5942850627188742,1.460854348087952,13.305830155801049,11.699518943728998,32.83396229113628,55.038251419582046,48.79117302291689,0.356323700441337,1.676259810849571,2995,2.974813355592654,0.114685595405493,0.9889816360601,0.9095158597662772,0.0771285475792988,0.006677796327212,12,1,2963.1602266872787,3.883565172591453,0.1294521724197151,0.0987720075562426,1.0,-1.000088900581841e-12,2.93248,3.0,1.0,0.1,3.0,0.0,0.0,0.0,0.0,0.0,0.0,0.0,1.0,48.0,7.0,0.0842105263157894,34.0,0.0,8.0,6.0,14.0,0.2916666666666667,0.1666666666666666,0.125,9.0,26.0,9.0,254.0,0.4456140350877193,6.0,1.0,7.0,0.1166666666666666,4,201.0,2,4.0,60.5,13.435028842544403,60.5,0.004033333333333333,-0.8272512726981652,-0.020053928832889124,-0.45812164074432776,-0.3862552172645713,-0.5596335038165614,0.23890792653321255,-0.17137599271208226,-1.2984120897785758,-1.7475125618006566,-0.9683946378984397,-0.6565560157050887,-0.7184583772676385,0.0749699099394706,0.10914966751489286,-1.3581506897290283,-0.055474648809005545,-0.7977426044402524,0.9046605888472691,0.6021152561083897,0.939457875288766,1.4509022821230309,-0.15765617769541326,0.8786599507934157,2.062270273395923,1.5273402089605204,1.6620233228866537,-1.3060432572721217,0.19304823302764149
subject_12_task_5_6,12,5_6,,5_6,110,545.0,575.0,0.8426258786893503,18.0,0.5324074074074074,eye,高,7.666666666666667,6,67.83333333333333,0.983192080250175,67.0,69.0,0.5653420729209104,6.503043714598775,5.625096038033048,5.011804395503795,10.13722463999113,6.436972284271193,1.1223694290781685,2.022669649494994,2.3809428741134604,2.453941288355677,3.113243357017956,5.026953186004291,2.784163923998557,0.7882266199408849,1.6146997229344116,5.14444597644758,4.157812194798913,6.059480508491392,10.61823296948564,7.715226316179764,0.6861664442970655,1.7523338765766945,11.871509160018723,12.829204514605149,28.68859284597219,51.63399706663528,43.994107442057754,0.4471883505574703,1.7998093299262172,2995,2.994734223706177,0.1182167495765762,0.9843071786310518,0.8918196994991653,0.089482470784641,0.0080133555926544,12,1,1980.4193714580151,2.595569294178264,0.0865189764726088,0.0660139790486005,1.0,-1.000088900581841e-12,2.93248,0.0,0.0,0.0,0.0,0.0,0.0,0.0,0.0,0.0,0.0,0.0,0.0,48.0,7.0,0.0834782608695652,34.0,0.0,8.0,6.0,14.0,0.2916666666666667,0.1666666666666666,0.125,9.0,31.0,9.0,254.0,0.4417391304347826,6.0,1.0,7.0,0.1166666666666666,5,241.0,2,4.0,60.5,13.435028842544403,60.5,0.004033333333333333,-0.9274946809063646,-0.01765678891010158,-0.7978625885976417,-0.34214965107087736,-0.4684510421984657,0.6414759924114957,0.1961831502228473,-1.3065311916843947,-1.685088510537713,-1.1289220282973325,-0.5395420623455379,-0.5416848364542416,0.7129030177246423,0.6964139668492706,-1.4431303869640963,0.03870845791025495,-0.9525501536885222,1.1683285199568483,0.9641199654521828,1.4835033750233677,2.1826692536012255,-0.45492559872515087,1.4287810421934604,1.3886981706858783,1.3022461915081924,1.314383812395739,-0.5586009636279875,0.4204018388285302
subject_12_task_5_6,12,5_6,,5_6,111,550.0,580.0,0.8499530602431709,18.0,0.5370370370370371,eye,高,7.666666666666667,7,67.57142857142857,0.9759000729485332,67.0,69.0,-1.1523001339883725,6.717776666303658,5.245307841712885,4.779207767000893,11.42857902563377,7.555422224022733,1.0975266398607493,2.3913124481728847,2.4521314837538952,2.2777844132734977,2.991685207738882,5.600535835245773,3.8496421739869753,0.7613716868945075,1.8720338024730423,5.5395255972584785,3.862731776026653,6.169861369488169,10.59042249484481,7.708879422574477,0.62606459767946,1.716476572264274,12.955994466962098,11.409044134131008,25.84766313330172,51.40875701962015,40.60069993515364,0.441395575116103,1.9889131467898895,2995,2.9970357262103504,0.1119619579104294,0.9843071786310518,0.9008347245409016,0.0804674457429048,0.0080133555926544,12,1,997.6785162287524,1.3075734157650751,0.0435857805255025,0.0332559505409584,1.0,-1.000088900581841e-12,2.93248,0.0,0.0,0.0,0.0,0.0,0.0,0.0,0.0,0.0,0.0,0.0,0.0,48.0,7.0,0.0827586206896551,34.0,0.0,8.0,6.0,14.0,0.2916666666666667,0.1666666666666666,0.125,9.0,36.0,9.0,254.0,0.4379310344827586,6.0,1.0,7.0,0.1166666666666666,5,241.0,2,4.0,60.5,13.435028842544403,60.5,0.004033333333333333,-0.8845581328857938,-0.23130187228331625,-0.919424472993826,-0.054750562938246504,-0.2607054833237251,0.564318102166028,0.7032246491602274,-1.2813146469370151,-1.8970610377703017,-1.1668156588982301,-0.39586378236647657,-0.30533735484443814,0.5771226087674878,1.1186319043392137,-1.097073938088278,-0.4507009741347344,-0.9322387947722307,1.1546788400024157,0.9614667762018262,1.1276299802570804,2.092648554315357,-0.23016118388475085,0.7372079190069663,0.9270816548293171,1.2873530073282557,1.068466281206794,-0.606251676605225,0.7683872859268311
subject_12_task_5_6,12,5_6,,5_6,112,555.0,585.0,0.8572802417969912,18.0,0.5416666666666666,eye,高,7.666666666666667,5,67.8,1.095445115010332,67.0,69.0,-8.200692041522606,6.466528810494167,5.171360764521395,4.701324253102425,12.415204777198358,9.381798577632855,1.099979598537325,2.640788873263849,2.4238912097011016,2.3092122912767095,2.913798591588154,6.917997783132826,5.553139821957828,0.7925092344897053,2.374219619401422,5.286135206640374,4.030892940502607,6.669764049232154,11.349979834016434,8.671408109781648,0.6043531541369379,1.7017063497655636,11.65439897538804,12.30875362902698,21.69751223650439,43.12798764801354,32.8735788153162,0.5672887054912429,1.987692744583594,2995,3.0033472454090155,0.0964185426096876,0.986644407345576,0.9015025041736228,0.082804674457429,0.0056761268781302,18,2,332.3649831707599,0.812155120800752,0.027071837360025,0.0110788327723586,0.8358234382835161,0.4465311276705434,2.9757884001124375,0.0,0.0,0.0,0.0,0.0,0.0,0.0,0.0,0.0,0.0,0.0,0.0,48.0,7.0,0.082051282051282,34.0,0.0,8.0,6.0,14.0,0.2916666666666667,0.1666666666666666,0.125,9.0,41.0,9.0,254.0,0.4341880341880342,6.0,1.0,7.0,0.1166666666666666,4,171.0,2,4.0,60.5,13.435028842544403,60.5,0.004033333333333333,-0.9347959540510132,-0.2728998724972652,-0.9601287032048672,0.16482923984898268,0.07853328169479058,0.5719366153163628,1.0463614227017854,-1.2913179626068585,-1.8592433441787772,-1.1910954515626755,-0.06584915089079028,0.0725374436608443,0.7345562146937232,1.9425875197025202,-1.3190225634731558,-0.1717951072506332,-0.8402509024890521,1.5274777483501456,1.3638322363587203,0.9990727802110737,2.05556752484485,-0.49992265243530765,1.1753379456579103,0.2527326243995094,0.7398170560743015,0.5084879864920487,0.4293309179611871,0.7661415237077445
subject_12_task_5_6,12,5_6,,5_6,113,560.0,590.0,0.8646074233508118,18.0,0.5462962962962963,eye,高,7.666666666666667,6,67.66666666666667,1.0327955589886446,67.0,69.0,-6.066041581736716,6.622755215258173,4.733661379052082,4.720534154712379,13.260714590189815,11.605355733724489,1.0027808768900863,2.809155522569837,2.3294837478545483,2.2273168880813308,2.6957282378055667,7.998683795068973,7.879341061384642,0.8262394023421508,2.9671699405353373,5.425823059136512,3.851714230522294,6.971272051641687,11.945255692508836,9.696553409864787,0.5525123968752935,1.7134972791222245,12.631575779412792,10.84443707548482,22.321215033133637,46.32863136007777,36.12966497830882,0.4858354287339343,2.075542540641605,2995,2.990855759599332,0.1042053200505424,0.9843071786310518,0.8888146911519199,0.0914858096828046,0.0063439065108514,12,2,744.5362056094706,1.859016743094808,0.0619672247698269,0.0248178735203156,0.8751560549313359,0.376466381011357,2.977826429463171,0.0,0.0,0.0,0.0,0.0,0.0,0.0,0.0,0.0,0.0,0.0,0.0,48.0,7.0,0.0813559322033898,34.0,0.0,8.0,6.0,14.0,0.2916666666666667,0.1666666666666666,0.125,9.0,46.0,9.0,254.0,0.4305084745762711,6.0,1.0,7.0,0.1166666666666666,5,191.0,2,4.0,60.5,13.435028842544403,60.5,0.004033333333333333,-0.9035579792689701,-0.5191221685218758,-0.9500890398881561,0.3530027977526934,0.4915460663213447,0.2700523046931892,1.2779375677976377,-1.3247591268347374,-1.957789458691525,-1.2590750767893901,0.20485483152177192,0.5885421623513547,0.905098288929738,2.9154639536051596,-1.1966677781600452,-0.4689742662435532,-0.7847699323482871,1.8196455397294642,1.792373292721904,0.6921147196487167,2.0851689610450954,-0.29739840323982847,0.4622621647881912,0.3540767409490699,0.9514480556670446,0.7444539495874016,-0.24069448714961117,0.9278011404503307
subject_12_task_5_6,12,5_6,,5_6,114,565.0,595.0,0.8719346049046321,18.0,0.5509259259259259,eye,高,7.666666666666667,5,67.0,0.0,67.0,67.0,1.0584888339936517e-13,6.504869202785512,4.413612439157633,5.094005936363704,13.716271415569327,12.9226245382965,0.8664325276205386,2.692629648830077,2.1953903378109563,2.171804063586372,3.2879748561596944,8.754923362913212,9.537879829545902,0.6605294014088072,2.6627099494120925,5.168714358882893,3.6391649975810902,7.349028016485422,12.512598064134265,11.1896903361161,0.4951899747038214,1.7026194533570786,12.38669005621147,10.8350917942128,23.684490285873892,50.01608377962871,40.85022721955946,0.4574762497918378,2.1117652597092085,2994,2.979513368983958,0.1024501729405741,0.9876419505678022,0.8944555778223113,0.0881763527054108,0.0046760187040748,17,3,900.9999999999976,3.0000000000000044,0.1000000000000001,0.0300333333333332,0.7780244173140937,0.6832587914467776,2.9824905327413984,0.0,0.0,0.0,0.0,0.0,0.0,0.0,0.0,0.0,0.0,0.0,0.0,48.0,7.0,0.080672268907563,34.0,0.0,8.0,6.0,14.0,0.2916666666666667,0.1666666666666666,0.125,9.0,51.0,9.0,254.0,0.426890756302521,6.0,1.0,3.0,0.05,4,121.0,1,2.0,51.0,,51.0,0.0017,-0.9271296686408108,-0.6991616829401084,-0.7549016296554709,0.4543898512697746,0.7362210707787331,-0.15342474033659423,1.117664658906174,-1.3722579119883156,-2.0245889730251325,-1.074452534297246,0.39428734051355696,0.9564440514902465,0.06725700084449449,2.4159247175632994,-1.4218733293910244,-0.8215005362284044,-0.715258452591528,2.0981032754312086,2.416548690705704,0.3526987761723232,2.057859895267134,-0.3481520611508314,0.45771130881079203,0.5755923840558745,1.1952675219071476,1.0865493241718704,-0.473973872777064,0.9944575374438579
subject_12_task_5_6,12,5_6,,5_6,115,570.0,600.0,0.8792617864584525,18.0,0.5555555555555556,eye,高,7.666666666666667,6,67.0,0.0,67.0,67.0,-4.904427230568308e-14,6.290568132393692,4.376178483096705,6.366672251186988,13.572872579010404,12.598789722117276,0.6873572740108964,2.131862933022806,2.3267350920668504,2.281829613363128,4.131356042648473,8.519631544542657,8.913078988332922,0.5523197685717555,2.06218768283186,5.1835028543866635,3.8561462589983257,8.818392713273047,12.396665946079937,10.80442339148285,0.4372844785188834,1.4057738580207515,12.311858061476997,10.846088626471667,28.779278495778907,53.10956121712862,43.62512987000107,0.3768714572904417,1.8454097528858573,2994,2.968190619765494,0.0994571332771204,0.9846359385437542,0.9024716098864396,0.0808283233132932,0.0053440213760855,17,3,900.9999999999976,3.0000000000000044,0.1000000000000001,0.0300333333333332,0.7780244173140937,0.6832587914467776,2.9824905327413984,0.0,0.0,0.0,0.0,0.0,0.0,0.0,0.0,0.0,0.0,0.0,0.0,48.0,7.0,0.08,34.0,0.0,8.0,6.0,14.0,0.2916666666666667,0.1666666666666666,0.125,9.0,56.0,9.0,254.0,0.4233333333333333,6.0,1.0,3.0,0.05,4,160.0,1,2.0,90.0,,90.0,0.003,-0.9699798605963701,-0.7202196851137306,-0.08976853450600418,0.4224755329970216,0.6760706407244416,-0.7096049921902723,0.34637061177750256,-1.3257327601451183,-1.8921933805428424,-0.811543175063901,0.3353484521051762,0.8178489132694711,-0.4798584276075003,1.4306247010754771,-1.4089198537656633,-0.4616234682872307,-0.44487830275511014,2.0412025454610014,2.255495712731206,0.009830350946203647,1.3126212727739757,-0.3636613256841057,0.46306641780762475,1.4034334855073824,1.3998125388510907,1.2876443025079172,-1.1370197427490643,0.5043149180812967
subject_12_task_5_6,12,5_6,,5_6,116,575.0,605.0,0.886588968012273,18.0,0.5601851851851852,eye,高,7.666666666666667,7,67.28571428571429,0.4879500364742666,67.0,68.0,1.87087307410119,6.73420802172883,4.511200380781819,6.645073587600624,15.348559762332457,15.887909331678816,0.6788789200467988,2.309765205756653,2.3185571878290214,2.3757971653674277,4.511936616307703,9.652510892573764,10.867724919990431,0.5265581871829655,2.1393276797564584,5.045454219391534,3.857647609736969,9.619820645616697,12.686712644129091,10.803821534011073,0.401010346434548,1.318809685907173,12.348776395638566,11.132528189581322,28.45747982587973,58.410545724038194,49.90639931272733,0.391198667545297,2.052555113152311,2994,2.947519932998325,0.1053833024581827,0.977621910487642,0.9114896459585838,0.0731462925851703,0.0063460253841015,16,3,1551.9999999999625,3.9999999999999503,0.1333333333333316,0.051733333333332,0.4838917525773095,0.8869255435978206,2.9548815335051555,0.0,0.0,0.0,0.0,0.0,0.0,0.0,0.0,0.0,0.0,0.0,0.0,48.0,7.0,0.0793388429752066,34.0,0.0,8.0,6.0,14.0,0.2916666666666667,0.1666666666666666,0.125,9.0,61.0,9.0,254.0,0.4198347107438016,6.0,1.0,0.0,0.0,5,190.0,2,4.0,75.0,21.213203435596427,75.0,0.005,-0.8812726302386474,-0.644264811140165,0.05573224635520853,0.8176659493300196,1.2870054418350068,-0.7359374582792803,0.591062317013155,-1.3286295506456574,-1.7791206465554865,-0.6929038262612839,0.6191264854263734,1.251434153879612,-0.6101107745529254,1.5571912656668376,-1.5298388227079631,-0.45913338366773315,-0.2974062660960684,2.183560583263012,2.255244118506744,-0.2049550384143909,1.0942954466529842,-0.35600983633558214,0.6025534123664945,1.351145116617573,1.7503209836974511,1.7428428812064853,-1.0191657381309425,0.885500089286099
subject_12_task_5_6,12,5_6,,5_6,117,580.0,610.0,0.8939161495660934,18.0,0.5648148148148148,eye,高,7.666666666666667,6,67.66666666666667,0.816496580927726,67.0,69.0,4.924760601915247,6.291611320296712,4.262529179479371,6.928252150381031,16.560898646224757,20.8285301314339,0.6152387480939108,2.390342944621893,2.4428798709346298,2.3492123934735525,5.108065571428367,10.509319453895683,13.476662796184131,0.459902552272179,2.057397131446174,5.219880570556829,3.903865973422441,9.817464222842798,12.332257781384332,11.453840764029842,0.3976450420200275,1.256155102932816,11.418148702258842,10.612054412136397,27.503910560189,51.871246528877464,49.64270375433468,0.3858380207030267,1.8859589590128825,2994,2.9500821596244133,0.1092911331487384,0.974615898463594,0.9098196392785572,0.073814295257181,0.0073480293921175,16,3,1551.9999999999625,3.9999999999999503,0.1333333333333316,0.051733333333332,0.4838917525773095,0.8869255435978206,2.9548815335051555,0.0,0.0,0.0,0.0,0.0,0.0,0.0,0.0,0.0,0.0,0.0,0.0,48.0,7.0,0.0786885245901639,34.0,0.0,8.0,6.0,14.0,0.2916666666666667,0.1666666666666666,0.125,9.0,66.0,9.0,254.0,0.4163934426229508,6.0,1.0,0.0,0.0,5,190.0,2,4.0,75.0,21.213203435596427,75.0,0.005,-0.9697712718020705,-0.7841516745275473,0.20372974715200065,1.0874796376654532,2.20469696539242,-0.9335940643781078,0.7018911671676783,-1.284591768232413,-1.8111105492011694,-0.5070710330687805,0.8337507954972305,1.830156334948548,-0.9471262998515908,1.422764658872243,-1.3770560404658994,-0.38247732083757535,-0.2610375550868624,2.0095903257523626,2.526971382403906,-0.2248815859968171,0.9369994791794221,-0.5488865748193122,0.34909916821691017,1.1962017119663249,1.3179334548727148,1.7237330747439623,-1.0632618103227318,0.5789328388489484
subject_12_task_5_6,12,5_6,,5_6,118,585.0,615.0,0.901243331119914,18.0,0.5694444444444444,eye,高,7.666666666666667,6,67.66666666666667,0.816496580927726,67.0,69.0,4.924760601915247,6.405947581304581,4.385184494844963,7.1986852653809414,19.026497123318393,21.592202518602704,0.609164636761336,2.643051671507067,2.512147968434592,2.504175010732143,5.943567305960431,11.660908140272802,14.462433042709952,0.4213252549896866,1.9619375940403347,4.967936833415031,3.795691778796542,10.19083525960071,12.323266051743872,11.481033643055392,0.372461302935954,1.2092498541897452,11.062711646980626,11.017658665254984,25.39501282097984,53.83869119065876,48.88196933569916,0.4338512739852942,2.120049773953272,2994,2.941627016129032,0.1000775127956447,0.9722778891115564,0.9161656646626588,0.0671342685370741,0.0090180360721442,27,5,2022.4318192276708,4.0461195045126574,0.1348706501504219,0.0674143939742556,0.3713351386484609,1.3705101947367555,2.9406653099658504,1.0,0.0,0.0333333333333333,1.0,0.0,0.0,0.0,0.0,0.0,0.0,0.0,1.0,49.0,7.0,0.0796747967479674,35.0,0.0,8.0,6.0,14.0,0.2857142857142857,0.1632653061224489,0.1224489795918367,10.0,1.0,10.0,324.0,0.526829268292683,7.333333333333333,2.0,1.0,0.0166666666666666,5,270.0,3,6.0,80.0,17.320508075688775,90.0,0.008,-0.9469093667135409,-0.7151534662331558,0.3450660995923327,1.636214177073298,2.3465446612355025,-0.9524593218753993,1.0494737379759451,-1.2600555104097635,-1.624641428472524,-0.2466179554056636,1.1222153819361975,2.048822755604986,-1.1421757975521678,1.266140518496048,-1.597737519335508,-0.5618910256644112,-0.19233295296603556,2.005177088171409,2.5383388101258304,-0.3739988465325754,0.819242626761315,-0.6225524891758398,0.5466155923923942,0.853531485973152,1.4480236235618267,1.668603259141008,-0.6683102410078469,1.0097025517488363
subject_12_task_5_6,12,5_6,,5_6,119,590.0,620.0,0.9085705126737345,18.0,0.5740740740740741,eye,高,7.666666666666667,6,68.33333333333333,1.505545305418162,67.0,71.0,10.052356020942582,6.474495401598355,4.31501236379018,8.089649800961139,18.970839839462418,21.454898415677988,0.5333991544698893,2.345075535557605,2.6954306214512975,2.5864333815351577,6.626367676753479,11.187684648221513,12.882198632728992,0.3903244594484009,1.688358568974368,5.41885538902608,3.982986188739928,11.263251220106342,11.447752233053349,10.371622511235486,0.3536266847737346,1.0163807953264548,11.403577212255756,10.013513545406052,24.10896295314235,47.202286658223066,45.42899551093577,0.4153440181092856,1.9578729599429223,2995,2.935779308028216,0.0962596559975865,0.9746243739565944,0.9378964941569282,0.0500834724540901,0.008347245409015,27,5,3428.4060940002187,4.931046301036034,0.1643682100345344,0.1142802031333406,0.5401707513468654,1.2264966265350792,2.929067748161268,1.0,0.0,0.0333333333333333,1.0,0.0,0.0,0.0,0.0,0.0,0.0,0.0,1.0,49.0,7.0,0.0790322580645161,35.0,0.0,8.0,6.0,14.0,0.2857142857142857,0.1632653061224489,0.1224489795918367,10.0,6.0,10.0,324.0,0.5225806451612903,7.333333333333333,2.0,1.0,0.0166666666666666,4,250.0,3,6.0,80.0,17.320508075688775,90.0,0.008,-0.9332030084001971,-0.7546279178747152,0.8107105441073513,1.6238272964416223,2.3210412242160268,-1.1877752807991804,0.6396291210154533,-1.195132831844216,-1.5256585489396302,-0.0337668616827195,1.0036763405730595,1.6982905667440558,-1.2989179755841744,0.8172688730810392,-1.202770869912551,-0.25125146788901365,0.0050040245198118396,1.5754654929847407,2.074572143749249,-0.4855218675665474,0.3350398155793608,-0.5519065810867344,0.057628724279263126,0.6445640283971278,1.0092153552102792,1.4183690044815789,-0.8205488262370066,0.7112676916367611
subject_12_task_5_6,12,5_6,,5_6,120,595.0,625.0,0.9158976942275548,18.0,0.5787037037037037,eye,高,7.666666666666667,6,68.83333333333333,1.4719601443879744,67.0,71.0,8.389830508474649,6.485259302973846,4.029245333486194,7.529164313125169,20.51553505870543,21.432639769109556,0.5351517334350423,2.724809049915653,2.9902055146137023,2.6833543297182874,6.134042890579956,11.84026882895288,12.957222855181795,0.4374528149842434,1.9302553047250404,5.640792210306046,3.820335077870757,10.94129441605198,11.38732180368548,9.771474774223066,0.3491666463399376,1.0407655045804391,10.587090820354923,9.3197772622145,21.80558512022662,46.906300766354455,44.114180687180856,0.4274032185254033,2.151114061270692,2995,2.9366962067807987,0.0920923742514958,0.9759599332220368,0.9475792988313856,0.0410684474123539,0.0076794657762938,16,5,5105.025457820439,5.7414290003001565,0.1913809666766718,0.1701675152606813,0.6141357709232915,1.1198799641039556,2.9262349831634404,2.0,0.0,0.0666666666666666,1.0,0.0,0.0,1.0,1.0,0.5,0.0,0.5,1.0,50.0,7.0,0.08,35.0,0.0,8.0,7.0,15.0,0.3,0.16,0.14,10.0,3.0,11.0,332.0,0.5312,7.346938775510204,2.0,2.0,0.0333333333333333,4,250.0,3,6.0,80.0,17.320508075688775,90.0,0.008,-0.9310507315156851,-0.9153825743020657,0.5177842342266171,1.9676089898242244,2.3169068103215777,-1.1823320395328183,1.1619250969775397,-1.0907171911767266,-1.4090319437130532,-0.18724051765369812,1.1671439293382022,1.7149326577831234,-1.0606337327196005,1.2141581659306733,-1.0083729202301681,-0.5210185643407926,-0.05423976234357616,1.5458055885410615,1.8236926389879053,-0.511930523998054,0.3962582652374939,-0.7211270259611641,-0.2801988722590905,0.27029315320102343,0.9896443576870638,1.3230854245488453,-0.7213512130065902,1.0668664952917393
subject_12_task_5_6,12,5_6,,5_6,121,600.0,630.0,0.9232248757813752,18.0,0.5833333333333334,eye,高,7.666666666666667,6,69.0,1.2649110640673518,68.0,71.0,2.6690391459075755,6.161705830152082,4.086541089034373,6.453523690178922,20.96529791064574,21.984714106001437,0.6332263249073276,3.24865901438482,3.1277054418486796,2.5613969867821296,5.617564410229472,11.702205050254932,12.868516629510744,0.4559621928175629,2.0831456830197532,5.600995351932473,3.8420894304519537,9.300480553591855,10.32618553271172,9.187714757164336,0.4131065495285761,1.1102851592677905,10.667587576027415,8.802327146441685,16.68626959358036,35.243139117452536,35.053947398588896,0.5275191735981641,2.1121041416597683,2995,2.9238858004018753,0.0975162264690832,0.9809682804674458,0.9519198664440734,0.0400667779632721,0.0053422370617696,16,5,6938.108616031188,7.6927949564694735,0.2564264985489825,0.2312702872010396,0.6378513514684168,1.0780497127313342,2.926604346322802,2.0,0.0,0.0666666666666666,1.0,0.0,0.0,1.0,1.0,0.5,0.0,0.5,1.0,50.0,7.0,0.0793650793650793,35.0,0.0,8.0,7.0,15.0,0.3,0.16,0.14,10.0,8.0,11.0,332.0,0.526984126984127,7.346938775510204,2.0,2.0,0.0333333333333333,3,160.0,2,4.0,75.0,21.213203435596427,75.0,0.005,-0.9957462945987411,-0.8831515660990016,-0.044377401133458456,2.067706557897492,2.419451401350376,-0.8777274116683396,1.8824428235012716,-1.0420117439795553,-1.5557852633589015,-0.3482436660545717,1.1325599573910672,1.6952555850313409,-0.9670490312641772,1.4650112993414781,-1.0432316139205835,-0.48493760246074663,-0.3561685475903894,1.0249884980780406,1.579663685870089,-0.1333313346329954,0.570789174603699,-0.7044437144682008,-0.5321806889456983,-0.5615333388241783,0.21845993973229152,0.666497555926148,0.10219126467110659,0.99508114192226
subject_12_task_5_6,12,5_6,,5_6,122,605.0,635.0,0.9305520573351956,18.0,0.5879629629629629,eye,高,7.666666666666667,5,69.0,1.5811388300841898,67.0,71.0,-6.1260210035005995,6.266263150330943,4.141379164775555,6.447201735861095,17.866602169702688,14.879796476109869,0.6423529671392278,2.7712181038672594,3.0735486801648757,2.703341744441081,5.545440352713655,9.143439439135156,8.013726681083321,0.4874891032085854,1.648821167945811,5.78136636685587,3.994465055764997,9.12985000867295,8.598009899528414,6.732497165400503,0.4375170514269603,0.9417471142856332,10.927700169249704,8.675727463702815,14.69162202545224,33.45224276687931,32.54293720387117,0.5905220981504088,2.276960481894073,2995,2.9213365706630947,0.0847887684687863,0.9926544240400668,0.9616026711185308,0.0343906510851419,0.0030050083472454,11,4,8120.191774241969,8.644160912638846,0.2881386970879615,0.270673059141399,0.7038978054372748,0.8461322495364406,2.9276330003275466,2.0,0.0,0.0666666666666666,1.0,0.0,0.0,1.0,1.0,0.5,0.0,0.5,1.0,50.0,7.0,0.0787401574803149,35.0,0.0,8.0,7.0,15.0,0.3,0.16,0.14,10.0,13.0,11.0,332.0,0.5228346456692914,7.346938775510204,2.0,2.0,0.0333333333333333,1,90.0,1,2.0,90.0,,90.0,0.003,-0.9748397203486384,-0.8523030948266748,-0.047681441630038464,1.37807221720153,1.0997543533906673,-0.8493814617238443,1.2257573930763146,-1.0611952399246305,-1.3849807517873338,-0.37072708168035384,0.49160779058226467,0.6183519710271309,-0.8076467799662151,0.752398336127988,-0.885241807267422,-0.23221304502573734,-0.3875665472855675,0.1767813170553162,0.5533101140489869,0.0112074552281167,0.14767000944348715,-0.6505342198591794,-0.5938307245261227,-0.8856393019722596,0.10004339014565598,0.48452665304492665,0.6204461676881922,1.2984468180618445
subject_12_task_5_6,12,5_6,,5_6,123,610.0,640.0,0.937879238889016,18.0,0.5925925925925926,eye,高,7.666666666666667,5,68.6,1.816590212458495,67.0,71.0,-14.577861163227007,6.379000504976411,4.361872734815822,6.126200167702915,15.582043195894336,10.15331940773874,0.712002973362092,2.543508662684946,3.08241745357102,2.7230354578108007,4.934933190073086,7.033350660706439,4.772410659058656,0.5517877047025378,1.4252169968287405,5.735581679738678,4.052341772839288,8.578053689236908,7.5427019735956735,5.053277002932024,0.4724080682688964,0.8793022574642643,11.71605244959586,9.128872177386633,17.072155745731056,34.45254039611378,33.94327870925181,0.5347228735111168,2.0180544805964966,2995,2.9042813650050188,0.075705990816617,0.995659432387312,0.9579298831385644,0.0387312186978297,0.0020033388981636,11,4,9953.274932452716,10.595526868808166,0.3531842289602722,0.3317758310817572,0.7038978054372749,0.8461322495364407,2.927633000327547,2.0,0.0,0.0666666666666666,1.0,0.0,0.0,1.0,1.0,0.5,0.0,0.5,1.0,50.0,7.0,0.078125,35.0,0.0,8.0,7.0,15.0,0.3,0.16,0.14,10.0,18.0,11.0,332.0,0.51875,7.346938775510204,2.0,2.0,0.0333333333333333,1,90.0,1,2.0,90.0,,90.0,0.003,-0.9522975217572464,-0.7282672042672983,-0.21544636483893906,0.8696291645758223,0.2218387800789709,-0.6330592328184151,0.9125595310989342,-1.0580537286269667,-1.3612829756339693,-0.5610420300199505,-0.0369540944201501,-0.10064616799200263,-0.4825485795296421,0.38552235875078605,-0.9253453342581239,-0.1362208699101852,-0.48910347127351644,-0.3411751589988758,-0.14865358049483862,0.21780318080354832,-0.0090994350436835,-0.4871446950351691,-0.3731636018500624,-0.49883153375007255,0.16618445619658864,0.586008283271764,0.1614480821328995,0.8220126449593441
subject_12_task_5_6,12,5_6,,5_6,124,615.0,645.0,0.9452064204428364,18.0,0.5972222222222222,eye,高,7.666666666666667,6,68.33333333333333,1.7511900715418265,67.0,71.0,-11.520440973817196,6.38830951314467,4.2023018548951665,5.070759765724692,12.806753775408366,7.0603753594067475,0.8287321918305453,2.5256084624585005,2.864562925824138,2.529613327762896,3.839560199199196,5.420129778815841,2.302422157793537,0.6588289274095738,1.411653808669623,5.795914793744942,3.8390400637892848,6.9715859969812115,7.007238459433728,3.900817035199107,0.5506695414001405,1.0051139672476184,11.765705355430905,8.427789106779256,17.628408149875774,37.563060837623176,38.03607806389614,0.4780799851652315,2.1308254561764204,2995,2.884885141903172,0.0625259825453233,1.0,0.9616026711185308,0.0370617696160267,0.0,6,4,10998.498949264484,11.708195737015911,0.3902731912338637,0.3666166316421494,0.7038978054372749,0.8461322495364407,2.927633000327547,1.0,0.0,0.0333333333333333,0.0,0.0,0.0,1.0,1.0,1.0,0.0,1.0,0.0,50.0,7.0,0.0775193798449612,35.0,0.0,8.0,7.0,15.0,0.3,0.16,0.14,10.0,23.0,11.0,332.0,0.5147286821705427,7.346938775510204,2.0,2.0,0.0333333333333333,0,0.0,0,0.0,,,,0.0,-0.9504361554738375,-0.8180318000996722,-0.7670507666660199,0.2519709464911919,-0.35265755368789564,-0.270516196760575,0.8879391007347791,-1.1352225127217213,-1.5940310742241477,-0.9025054344280107,-0.4410541867832346,-0.6485461949381458,0.05865928605450836,0.36326871344815953,-0.8724986115145558,-0.48999516884445693,-0.7847121627638356,-0.603986408716138,-0.6304159335471246,0.681202854690906,0.3067541493297874,-0.47685390893259455,-0.7145688511580645,-0.4084472853848597,0.3718563801939455,0.8826101829546255,-0.3044898852698937,1.0295317686224161
subject_12_task_5_6,12,5_6,,5_6,125,620.0,650.0,0.9525336019966568,18.0,0.6018518518518519,eye,高,7.666666666666667,6,67.5,1.378404875209022,66.0,70.0,-8.91089108910892,6.342192644602252,4.263429919271892,4.800694864106558,11.537882884803102,6.3847621779714565,0.8880860042050069,2.403377679983079,2.805075980580598,2.498542878864298,3.5872314647718553,4.436751050663434,1.947006554693621,0.696510081214735,1.236817611083707,5.3791870433303135,3.7174978272177657,6.065339846879462,6.873334641051045,3.933197736183157,0.6129084142136519,1.1332150900971008,12.561855125426224,9.07886000325646,20.058752946534476,39.93323041065163,41.06106185301871,0.4526133816721145,1.9908132134181773,2994,2.8877815631262527,0.0677054585344788,0.9976619906479626,0.9412157648630596,0.0511022044088176,0.001002004008016,6,4,9591.057700390253,10.209936955869086,0.3403312318623028,0.3197019233463417,0.7038978054372746,0.8461322495364408,2.927633000327546,1.0,0.0,0.0333333333333333,0.0,0.0,0.0,1.0,1.0,1.0,0.0,1.0,0.0,50.0,7.0,0.0769230769230769,35.0,0.0,8.0,7.0,15.0,0.3,0.16,0.14,10.0,28.0,11.0,332.0,0.5107692307692308,7.346938775510204,2.0,2.0,0.0333333333333333,1,30.0,0,0.0,,,,0.0,-0.95965737245525,-0.783644974661845,-0.9081946798915761,-0.03042429758157569,-0.47814876520478805,-0.08617236560864983,0.7198195026173088,-1.1562940749308337,-1.6314186673692597,-0.9811645116605044,-0.68738340266133,-0.727385516828018,0.2491778200164613,0.07640822891514217,-1.2375169973287914,-0.6915806119498972,-0.9514719674528163,-0.6697078424279087,-0.6168798428052954,1.0497299499646044,0.6283553650190816,-0.31184831961513554,-0.39751794656780665,-0.01354582324726289,0.5285752783498456,1.1018283416326196,-0.5139752737228601,0.7718837544070943
subject_12_task_5_6,12,5_6,,5_6,126,625.0,655.0,0.9598607835504774,18.0,0.6064814814814815,eye,高,7.666666666666667,6,67.0,0.6324555320336759,66.0,68.0,-2.6118500604594694,6.460492432852726,4.2487449616991935,4.4783453781339695,11.123801100088697,6.266006278231135,0.9487309715870004,2.4839087119992844,2.43463950278866,2.5164153895716708,3.0276418916945844,4.325440766125904,1.9310854485053304,0.8311469716661973,1.4286500586451245,5.150985373562276,3.7936132499705337,5.958850674258437,7.337494974632012,4.351111691797431,0.6366350588979374,1.2313607733667775,12.12885329536788,8.849953280826375,21.88464619709916,46.0252082622823,45.50478345945201,0.4043909689524452,2.103082126517677,2994,2.902108216432866,0.0883901855641681,0.9946559786239144,0.9305277221108884,0.0601202404809619,0.0023380093520374,12,5,7822.409324788204,8.375512528935158,0.2791837509645052,0.2607469774929401,0.7036409567923004,0.8540326773438194,2.9282060998972623,3.0,1.0,0.1,0.0,0.0,0.0,3.0,3.0,1.0,0.0,1.0,0.0,53.0,7.0,0.0809160305343511,35.0,0.0,8.0,10.0,18.0,0.3396226415094339,0.1509433962264151,0.1886792452830188,10.0,1.0,12.0,363.0,0.5541984732824428,7.538461538461538,2.0,5.0,0.0833333333333333,2,70.0,0,0.0,,,,0.0,-0.9360029472787144,-0.7919058132433222,-1.0766640648572328,-0.12258081841147081,-0.5002069815668957,0.10218159482019112,0.8305841108801416,-1.2875106847997861,-1.6099123749758122,-1.1556067904880793,-0.7152658189922311,-0.7309171828682076,0.9299113007013132,0.3911551155235692,-1.4374024262592247,-0.5653383964403452,-0.9710672105617438,-0.44189296034669645,-0.4421794486335293,1.1902195033710508,0.8747526670261186,-0.4015898793529914,-0.5089882700086745,0.2831396163440565,0.9313852997770525,1.4238612965670618,-0.9106473648185377,0.9784789917117666
subject_12_task_5_6,12,5_6,,5_6,127,630.0,660.0,0.9671879651042978,18.0,0.6111111111111112,eye,高,7.666666666666667,6,66.83333333333333,0.408248290463863,66.0,67.0,-0.2999999999999151,6.197449353206991,4.367923876419949,4.6282453512313735,11.193748984316844,6.316643110865737,0.9437537435775388,2.418572943921107,2.556434741526796,2.5943774816386926,3.0473756754828525,4.095978224129335,1.8705833029596324,0.8513480968268269,1.3441001899053135,5.349040697744292,3.970562775649832,6.035214480229666,7.334239570652034,4.366124435053777,0.6578991995490332,1.2152409155760335,12.323454652349463,9.872299283690568,23.607003863588503,46.284408521111736,45.092207576154586,0.4181936573034422,1.9606218895274936,2994,2.9226055444221775,0.089688627106578,0.9946559786239144,0.9161656646626588,0.0741482965931863,0.0023380093520374,12,5,6641.500079620935,7.607765289723148,0.2535921763241049,0.2213833359873645,0.7005333611545785,0.9020890805049812,2.935139995627979,4.0,1.0,0.1333333333333333,0.0,0.0,1.0,3.0,4.0,1.0,0.25,0.75,1.0,54.0,7.0,0.0818181818181818,35.0,0.0,9.0,10.0,19.0,0.3518518518518518,0.1666666666666666,0.1851851851851851,10.0,1.0,12.0,363.0,0.55,7.490566037735849,2.0,6.0,0.1,2,70.0,0,0.0,,,,0.0,-0.9885992615891976,-0.7248632105017128,-0.9983219009232855,-0.10701347425909682,-0.4908014849760881,0.08672308856633512,0.7407194888140254,-1.2443681778289306,-1.516099279823682,-1.1494551279490763,-0.7727445160854725,-0.744337944607709,1.0320495942866308,0.252430888797084,-1.263922655202689,-0.271856479803331,-0.957015384391073,-0.4434907476201235,-0.43590367791745427,1.3161281458864804,0.8342833428943298,-0.3612578805245398,-0.011138148361168868,0.5630017831261709,0.9485239802443618,1.3939622518922994,-0.7971080178190315,0.7163262224818492
subject_12_task_5_6,12,5_6,,5_6,128,635.0,665.0,0.9745151466581184,18.0,0.6157407407407407,eye,高,7.666666666666667,6,67.0,0.6324555320336759,66.0,68.0,2.0816326530611913,6.176141599894741,4.2793983976925825,4.170229924924788,11.576166622191357,6.424428214979454,1.0261780464706065,2.7759060844589127,2.3361712614816756,2.551456982399895,2.6402245978532544,4.180928459702115,1.902896528996879,0.966378763562185,1.5835503021605035,5.120253374019102,3.9163917359018585,5.592657229115708,7.827782875324355,4.761438132078036,0.7002738725900971,1.3996536091238436,11.681015106147605,9.800017828893806,23.537689984552696,46.80183645498433,44.53948140394022,0.4163542741588217,1.9883784893801992,2994,2.9301702983573583,0.0967399306451695,0.9899799599198396,0.9114896459585838,0.0744822979291917,0.0060120240480961,12,5,5460.5908344536665,6.840018050511141,0.2280006016837047,0.1820196944817889,0.696081666121724,0.938765376104376,2.9450729446925448,6.0,1.0,0.2,0.0,0.0,3.0,3.0,6.0,1.0,0.5,0.5,1.0,56.0,7.0,0.0842105263157894,35.0,0.0,11.0,10.0,21.0,0.375,0.1964285714285714,0.1785714285714285,10.0,5.0,12.0,363.0,0.5458646616541354,7.236363636363636,2.0,8.0,0.1333333333333333,3,180.0,1,2.0,110.0,,110.0,0.0036666666666666666,-0.9928598157614295,-0.7746621075359382,-1.2376943228827704,-0.021904009628073155,-0.4707810299725763,0.3427203222313548,1.232205371213162,-1.3223902649131614,-1.5677462376247218,-1.276377367436556,-0.7514651002121822,-0.7371701309083917,1.613652644458747,0.6453059122272573,-1.4643210676382352,-0.36170255602434864,-1.0384510525604438,-0.20125438742006893,-0.27065086028870217,1.56703588992271,1.2972562280203919,-0.4944063406723105,-0.04633692740721657,0.5517391210482219,0.982737032590648,1.3539066277393135,-0.8122385746939916,0.7674034189650679
subject_12_task_5_6,12,5_6,,5_6,129,640.0,670.0,0.9818423282119388,18.0,0.6203703703703703,eye,高,7.666666666666667,6,67.33333333333333,1.0327955589886446,66.0,69.0,5.202086049543782,5.312760187291416,4.348277573313076,4.174967056008377,12.306332422024196,6.496478319099312,1.0415118287113858,2.947647791451101,2.212931828962056,2.563743570409539,2.8057845010911353,4.525376361988336,1.9248402730076055,0.9137350247007674,1.612873818437757,4.876207495496992,4.061300361416211,5.961682246426811,7.47000707634514,4.400994657312733,0.6812339526901804,1.253003224185985,11.186851775849489,10.02299461588075,21.395234540491632,42.61309251866793,39.87921270659657,0.4684685553183207,1.9917095294291056,2995,2.9496276809651474,0.1021928910315649,0.989983305509182,0.9101836393989984,0.076126878130217,0.0060100166944908,12,5,4279.681589286397,6.072270811299134,0.2024090270433044,0.1426560529762132,0.6891732239167794,0.9650340784528718,2.9604875685674457,6.0,1.0,0.2,0.0,0.0,3.0,3.0,6.0,1.0,0.5,0.5,1.0,56.0,7.0,0.0835820895522388,35.0,0.0,11.0,10.0,21.0,0.375,0.1964285714285714,0.1785714285714285,10.0,10.0,12.0,363.0,0.5417910447761194,7.236363636363636,2.0,8.0,0.1333333333333333,3,180.0,1,2.0,110.0,,110.0,0.0036666666666666666,-1.1654957209077368,-0.7359149917469231,-1.2352185579292572,0.14059900843629827,-0.4573981429828481,0.3903446963234705,1.468423663977024,-1.366044336547221,-1.5529615798572924,-1.2247669583210512,-0.665183407053705,-0.7323025058451098,1.347482239963877,0.6934181350029278,-1.6780846880213875,-0.1213624873526477,-0.9705461684346044,-0.37685459613920463,-0.4213268936496436,1.4542972419079128,0.9290866052393777,-0.5968238940120524,0.06224570529738486,0.20361617627612577,0.7057714762748034,1.016180678116059,-0.3835524157566438,0.7735331390307221
subject_12_task_5_6,12,5_6,,5_6,130,645.0,675.0,0.9891695097657592,18.0,0.625,eye,高,7.666666666666667,6,67.5,1.0488088481701516,66.0,69.0,5.514993481095234,5.331272205907126,4.302115682856774,4.264978403133406,12.758827923481288,6.747211224877105,1.0087074953758464,2.991534004980564,2.229625882504392,2.4759192640600713,2.7538887645339787,4.670058432128866,1.986982593437773,0.8990629163916335,1.6958050347829308,4.8116367333281795,4.088151331256334,6.203152175036854,7.709988492842303,4.709694390014504,0.659044178814144,1.2429146142616592,10.813828754395388,10.594102163551632,22.553948778174924,44.066843137093315,40.08765498726165,0.4697227198548649,1.953841589803381,2995,2.9760415549597856,0.1000420609619285,0.989983305509182,0.908848080133556,0.0784641068447412,0.0060100166944908,12,5,3098.7723441191274,5.304523572087127,0.1768174524029042,0.1032924114706375,0.6769993137370701,0.9555258178507972,2.987650891490337,6.0,1.0,0.2,0.0,0.0,3.0,3.0,6.0,1.0,0.5,0.5,1.0,56.0,7.0,0.0829629629629629,35.0,0.0,11.0,10.0,21.0,0.375,0.1964285714285714,0.1785714285714285,10.0,15.0,12.0,363.0,0.5377777777777778,7.236363636363636,2.0,7.0,0.1166666666666666,3,180.0,1,2.0,110.0,,110.0,0.0036666666666666666,-1.1617941829279324,-0.7618827838762177,-1.188175963012964,0.2413047449473244,-0.4108259668059988,0.28845947204661965,1.5287859755981121,-1.3601309418301206,-1.6586420431412885,-1.2409445480797077,-0.6289416012579904,-0.718517915746514,1.2732990400639763,0.8294865763907507,-1.7346432333887265,-0.07682846522407638,-0.9261129003553394,-0.25906913679329785,-0.2922812749063096,1.3229077654979124,0.9037588864488834,-0.6741345782622971,0.3403569917749502,0.39189314310399,0.8018954826352331,1.0312863236809546,-0.37323580069673185,0.7038492367176921
subject_12_task_5_6,12,5_6,,5_6,131,650.0,680.0,0.9964966913195796,18.0,0.6296296296296297,eye,高,7.666666666666667,6,67.83333333333333,0.7527726527090811,67.0,69.0,3.3534743202416726,5.089187040721317,4.5296296340711955,4.711070916634467,13.048230786473868,6.897546170140327,0.9614861916167268,2.7696952598190494,2.0851902794385535,2.4467774922409617,3.372263009824659,4.898586636710104,2.159753347711643,0.7255595085889169,1.4526110871064015,4.900665099744743,4.049929262116569,7.223016561491677,7.6402152429452,4.457177342157555,0.5606977677038842,1.0577596185612737,10.5073223583695,11.452020084355077,19.88921942913678,41.40537684273347,40.94317787592566,0.5757903232531287,2.081799991711918,2995,2.992843498659518,0.09730172239302,0.992320534223706,0.9208681135225376,0.072787979966611,0.005008347245409,6,4,3306.0000000000005,6.000000000000001,0.2,0.1102,0.6727162734422263,0.9359364395623124,2.997207525710829,6.0,1.0,0.2,0.0,0.0,3.0,3.0,6.0,1.0,0.5,0.5,1.0,56.0,7.0,0.0823529411764705,35.0,0.0,11.0,10.0,21.0,0.375,0.1964285714285714,0.1785714285714285,10.0,20.0,12.0,363.0,0.5338235294117647,7.236363636363636,2.0,7.0,0.1166666666666666,2,150.0,1,2.0,110.0,,110.0,0.0036666666666666666,-1.210199894475891,-0.6338976659954124,-0.9550348082797485,0.3057131829808923,-0.3829021267555003,0.14179735046249012,1.2236628312630322,-1.4112931553670982,-1.6937088267547598,-1.0481771740852448,-0.5716969488886128,-0.6801934049750372,0.39605374489871115,0.4304688979623211,-1.6566618880890214,-0.14022217066582612,-0.7384460221287579,-0.29331459800084986,-0.3978408696579544,0.7405817113989873,0.4389224323753613,-0.7376593953405204,0.7581358455475191,-0.04109295729742851,0.6259156414130733,1.0932853839847467,0.4992642602621598,0.9393159895132055
subject_12_task_5_6,12,5_6,,5_6,132,652.390625,682.390625,1.0,18.0,0.6318431712962963,eye,高,7.666666666666667,6,67.83333333333333,0.7527726527090811,67.0,69.0,3.3534743202416726,5.4180618735711255,4.801060756388959,4.9271899099925385,13.19107037066535,7.181819293601273,0.9744014020349034,2.677199501467019,2.207271117730346,2.495690391627339,3.581417387901618,5.0563066078806855,2.4066455296900986,0.6968443276279465,1.4118171830408233,4.913025917666837,4.152424347805496,7.138246388529685,7.778479844236508,4.631985549155615,0.5817149089274852,1.0896905795708596,11.10123557366948,11.918678994632913,19.891308131513657,40.65601684116644,39.95547358353074,0.5991903054254252,2.0439086545924754,2994,2.9962316459939653,0.0989871763277281,0.9923179692718772,0.9198396793587176,0.073814295257181,0.0050100200400801,6,4,3306.0000000000005,6.000000000000001,0.2,0.1102,0.6727162734422263,0.9359364395623124,2.997207525710829,6.0,1.0,0.2,0.0,0.0,3.0,3.0,6.0,1.0,0.5,0.5,1.0,56.0,7.0,0.0820644334027889,35.0,0.0,11.0,10.0,21.0,0.375,0.1964285714285714,0.1785714285714285,10.0,22.390625,12.0,363.0,0.5319533808073638,7.236363636363636,2.0,6.0,0.1,2,150.0,1,2.0,110.0,,110.0,0.0036666666666666666,-1.1444403082489027,-0.48120749468535395,-0.8420846238531252,0.3375030361012245,-0.33010005058964026,0.18191001169475082,1.0964416075517225,-1.3680494828592138,-1.6348511131834509,-0.9829769486095089,-0.5321892437547431,-0.6254270637189941,0.25086779312493773,0.36353676807260155,-1.6458348534104401,0.02977237483173526,-0.7540447173452899,-0.2254528451531336,-0.32476586879531866,0.8650278277240459,0.5190859442196432,-0.6145682336178001,0.9853839539167313,-0.040753568572119626,0.5763669192017625,1.0217072429461889,0.6917498564069654,0.8695890315525028
