sample_id,subject,task,repeat_id,label_task,window_id,window_start_sec,window_end_sec,progress_end_ratio,task_required_time_min,elapsed_required_ratio,anchor_source,task_difficulty,nasa_tlx_weighted_task_label,hr_n,hr_mean,hr_std,hr_min,hr_max,hr_slope_bpm_per_min,eeg_frontal_delta_power,eeg_frontal_theta_power,eeg_frontal_alpha_power,eeg_frontal_beta_power,eeg_frontal_gamma_power,eeg_frontal_theta_alpha,eeg_frontal_beta_alpha,eeg_central_delta_power,eeg_central_theta_power,eeg_central_alpha_power,eeg_central_beta_power,eeg_central_gamma_power,eeg_central_theta_alpha,eeg_central_beta_alpha,eeg_parietal_delta_power,eeg_parietal_theta_power,eeg_parietal_alpha_power,eeg_parietal_beta_power,eeg_parietal_gamma_power,eeg_parietal_theta_alpha,eeg_parietal_beta_alpha,eeg_occipital_delta_power,eeg_occipital_theta_power,eeg_occipital_alpha_power,eeg_occipital_beta_power,eeg_occipital_gamma_power,eeg_occipital_theta_alpha,eeg_occipital_beta_alpha,eye_n,eye_pupil_filtered_mean,eye_pupil_filtered_std,eye_valid_ratio,eye_fixation_ratio,eye_saccade_ratio,eye_eyes_not_found_ratio,eye_aoi_interval_n,eye_aoi_unique_hit_n,eye_aoi_total_fix_ms,eye_aoi_fixation_n,eye_aoi_fixation_density_per_sec,eye_aoi_coverage_ratio,eye_aoi_max_share,eye_aoi_entropy,eye_aoi_pupil_weighted_mean,log_action_count_win,log_unique_device_count_win,log_action_density_win,log_correct_action_count_win,log_error_action_count_win,log_duplicate_action_count_win,log_extra_action_count_win,log_disallowed_action_count_win,log_error_rate_win,log_duplicate_rate_win,log_extra_rate_win,log_unique_step_count_win,log_action_count_cum,log_unique_device_count_cum,log_action_density_cum,log_correct_action_count_cum,log_error_action_count_cum,log_duplicate_action_count_cum,log_extra_action_count_cum,log_disallowed_action_count_cum,log_error_rate_cum,log_duplicate_rate_cum,log_extra_rate_cum,log_unique_step_count_cum,log_time_since_last_action_sec,log_cum_gap_count,log_cum_idle_gap_total_sec,log_cum_idle_ratio,log_cum_mean_inter_action_sec,log_action_type_diversity_cum,log_recent_60s_action_count,log_recent_60s_action_density,blink_count_raw,blink_total_ms_raw,blink_count,blink_rate_per_min,blink_duration_mean_ms,blink_duration_std_ms,blink_duration_median_ms,blink_total_duration_ratio,eeg_frontal_delta_power_z_within_subject,eeg_frontal_theta_power_z_within_subject,eeg_frontal_alpha_power_z_within_subject,eeg_frontal_beta_power_z_within_subject,eeg_frontal_gamma_power_z_within_subject,eeg_frontal_theta_alpha_z_within_subject,eeg_frontal_beta_alpha_z_within_subject,eeg_central_delta_power_z_within_subject,eeg_central_theta_power_z_within_subject,eeg_central_alpha_power_z_within_subject,eeg_central_beta_power_z_within_subject,eeg_central_gamma_power_z_within_subject,eeg_central_theta_alpha_z_within_subject,eeg_central_beta_alpha_z_within_subject,eeg_parietal_delta_power_z_within_subject,eeg_parietal_theta_power_z_within_subject,eeg_parietal_alpha_power_z_within_subject,eeg_parietal_beta_power_z_within_subject,eeg_parietal_gamma_power_z_within_subject,eeg_parietal_theta_alpha_z_within_subject,eeg_parietal_beta_alpha_z_within_subject,eeg_occipital_delta_power_z_within_subject,eeg_occipital_theta_power_z_within_subject,eeg_occipital_alpha_power_z_within_subject,eeg_occipital_beta_power_z_within_subject,eeg_occipital_gamma_power_z_within_subject,eeg_occipital_theta_alpha_z_within_subject,eeg_occipital_beta_alpha_z_within_subject
subject_05_task_1,5,1,,1,1,0.0,30.0,0.0212341227929507,30.0,0.0166666666666666,eye,中,4.066666666666666,5,76.4,3.1304951684997055,73.0,81.0,-21.479524438573396,6.889893006313693,2.2813047432864617,1.4109626239269275,3.0056624288498317,1.7740083949119976,1.6168427884625585,2.1302211538988947,7.467876253034755,3.8449319375234223,2.2781520796932866,4.072553397165183,1.718859142222578,1.687741556762565,1.7876565104966482,12.620189217925573,4.756253301094672,3.2967117869614055,6.015667641203631,3.1111983739453515,1.4427264524323289,1.8247478184158463,15.583369840497925,10.422962111212698,7.1577848788250975,7.972166030667343,4.2971648880272735,1.4561714675230024,1.1137755835959016,2947,3.188818337912088,0.2038527304865303,0.97794367153037,0.8791991856124872,0.0939938920936545,0.012894468951476,3,3,669.6843387653896,2.133658683407146,0.0711219561135715,0.0223228112921796,0.7149532710280374,0.6929983105775273,3.3992847663551404,2.0,2.0,0.0666666666666666,2.0,0.0,0.0,0.0,0.0,0.0,0.0,0.0,2.0,2.0,2.0,0.0666666666666666,2.0,0.0,0.0,0.0,0.0,0.0,0.0,0.0,2.0,15.0,0.0,0.0,0.0,4.0,1.0,2.0,0.0666666666666666,4,381.0,3,6.0,117.0,25.238858928247925,121.0,0.0117,3.649594096259897,0.7416537048501874,0.7956734488545486,0.11406833718907948,0.36332557851615926,-0.17088406215684995,-0.8570123497238746,3.0892377316470707,2.8083640068113414,3.3653793401797802,2.791874765432767,1.9822287512105872,-0.22899649010890222,0.21096319034088498,3.688468882578312,3.17321591825029,3.6489348051188926,2.3875271101858484,2.2477469483987025,-0.26048734292093745,-1.2104187236247814,4.924122457365163,1.637337000557702,0.2740133190186897,0.06196064867263259,-0.06207867531970771,0.5791782416732569,-0.43344717408895295
subject_05_task_1,5,1,,1,2,5.0,35.0,0.0247731432584424,30.0,0.0194444444444444,eye,中,4.066666666666666,5,75.4,1.816590212458495,73.0,77.0,-7.439222042139501,6.2857700468727336,2.225835443865483,1.395480065472717,2.914270206637229,1.753366677559575,1.5950320602476569,2.088363910558639,7.328014535532074,4.007122426001143,2.2163871204932017,3.970481010496575,1.6832451831233717,1.807952405493792,1.791420358738163,11.35904792004774,4.696049218760222,3.1620447113758754,5.894097478506409,3.0792022280101623,1.4851305555122487,1.8640145907177124,12.473804687993615,9.932719346348774,6.950411901165708,7.979335414563543,4.225762025269407,1.4290835547002445,1.1480377750310404,2994,3.153796214937479,0.1803353780767216,0.978623914495658,0.8847695390781564,0.0905143620574482,0.012692050768203,3,3,838.379068667498,2.6711312723051126,0.089037709076837,0.0279459689555832,0.7149532710280373,0.6929983105775274,3.3992847663551404,2.0,2.0,0.0666666666666666,2.0,0.0,0.0,0.0,0.0,0.0,0.0,0.0,2.0,2.0,2.0,0.0571428571428571,2.0,0.0,0.0,0.0,0.0,0.0,0.0,0.0,2.0,20.0,0.0,0.0,0.0,4.0,1.0,2.0,0.0571428571428571,4,381.0,3,6.0,117.0,25.238858928247925,121.0,0.0117,2.9543024351347404,0.5947277378632823,0.7296076725481311,-0.027013476495661257,0.32294334023337656,-0.3147705344338835,-0.9886242841030918,2.9896029196627323,3.147043772664547,3.116429848452353,2.6114590844168464,1.8774995683926494,0.24095204858602376,0.22523734121827926,3.081242009932556,3.0797389987572674,3.312845816225227,2.249225321594777,2.198321795384492,0.021402644694593794,-1.0652248746422812,2.9377122671440317,1.269190149144124,0.1620447310320251,0.06528543844780915,-0.09720425848125903,0.4795862085309215,-0.24385091733447536
subject_05_task_1,5,1,,1,3,10.0,40.0,0.0283121637239342,30.0,0.0222222222222222,eye,中,4.066666666666666,6,75.83333333333333,1.9407902170679516,73.0,78.0,0.580021482277063,5.994107617978441,2.2580621377712458,1.320633340838385,2.838194542649388,1.721573220497087,1.7098327506541275,2.149116226951836,6.8632103770794695,4.0118938874609675,2.107062241776298,3.9329009201661176,1.6241602878460892,1.9040224858658452,1.8665328637138876,11.761267832297705,4.816016281544332,3.1653146224753153,5.779467704582332,2.9552797575368257,1.521496867119689,1.8258746424589911,11.730081308107987,8.903947324066108,6.199458729300019,7.958960287886055,4.1619308718164385,1.436245922887441,1.2838153515354882,2994,3.1675312605610007,0.1808861431240832,0.978623914495658,0.8944555778223113,0.0794923179692718,0.012692050768203,3,3,1007.0737985696062,3.2086038612030783,0.1069534620401026,0.0335691266189868,0.7149532710280374,0.6929983105775273,3.3992847663551404,2.0,2.0,0.0666666666666666,2.0,0.0,0.0,0.0,0.0,0.0,0.0,0.0,2.0,2.0,2.0,0.05,2.0,0.0,0.0,0.0,0.0,0.0,0.0,0.0,2.0,25.0,0.0,0.0,0.0,4.0,1.0,2.0,0.05,4,381.0,3,6.0,117.0,25.238858928247925,121.0,0.0117,2.618624984866392,0.6800891578617548,0.4102284832762777,-0.14445117953901074,0.2607444961638381,0.4425754007774538,-0.7976004793692273,2.658485328917601,3.1570073498456654,2.675785616800397,2.5450352668605696,1.7037499220240404,0.6165254212031195,0.5100966554107735,3.2749068592578343,3.266007953201037,3.3210065423002866,2.118819123167832,2.0068960193722782,0.26315517296580965,-1.2062521494359872,2.462616995600765,0.4966357985850302,-0.24342355730019466,0.05583650757368711,-0.12860505114293627,0.5059195334550028,0.5074997458352014
subject_05_task_1,5,1,,1,4,15.0,45.0,0.031851184189426,30.0,0.025,eye,中,4.066666666666666,6,75.83333333333333,1.9407902170679512,73.0,78.0,11.73971983732491,6.344027373308231,2.2236334884421756,1.3236653003090286,2.813937741639001,1.7035203569141288,1.679906157487876,2.12586802795393,6.771272259058596,4.035815785458623,2.1102044825226023,4.038682799059148,1.571617281821554,1.9125235582070637,1.9138822007577128,10.608520867105543,4.591414356670971,3.0931838952836737,5.673761556624731,2.8637837511103417,1.4843651435246774,1.834278771875086,11.247968233097453,8.94547748691868,6.297857830598457,7.939848913263472,3.826323139624066,1.4204000356211013,1.260722157729144,2995,3.1670804559168624,0.1773309216261563,0.9879799666110184,0.928881469115192,0.0594323873121869,0.005008347245409,3,3,1012.16837941265,3.2248355333877967,0.1074945177795932,0.0337389459804216,0.7149532710280374,0.6929983105775273,3.39928476635514,1.0,1.0,0.0333333333333333,1.0,0.0,0.0,0.0,0.0,0.0,0.0,0.0,1.0,2.0,2.0,0.0444444444444444,2.0,0.0,0.0,0.0,0.0,0.0,0.0,0.0,2.0,30.0,0.0,0.0,0.0,4.0,1.0,2.0,0.0444444444444444,2,151.0,1,2.0,121.0,,121.0,0.004033333333333333,3.0213514234856063,0.5888952425332772,0.42316618712865306,-0.18189630777732332,0.2254269386928735,0.2451481587553403,-0.8706999048635167,2.592990372422246,3.2069601114943436,2.688450714402802,2.7320075748716577,1.5492378648719844,0.649759247985491,0.6896659519231507,2.7198707694847046,2.9172758533953873,3.1409896891489253,1.9985647037999887,1.8655601182616177,0.016314411244858964,-1.175176819691814,2.154640066971853,0.5278227936590144,-0.19029412570357024,0.046973639598601236,-0.2937023154747368,0.4476601858217978,0.3797092304364077
subject_05_task_1,5,1,,1,5,20.0,50.0,0.0353902046549178,30.0,0.0277777777777777,eye,中,4.066666666666666,7,76.14285714285714,1.9518001458970664,73.0,78.0,10.14479215319945,6.599987836224363,2.2858617994999033,1.2971683484623504,2.842646405734357,1.7191170163882172,1.762193629076395,2.1914244277575845,6.887899934537537,3.875352407492432,2.1700825067734346,4.035187950047354,1.6235060340236636,1.7858087862541507,1.8594629178625253,10.103967627820522,4.626614851811148,2.903747076175482,5.757875969745028,2.9132848132501237,1.5933257031135268,1.9829123607172812,11.072778305455197,9.063963554932949,6.313973340177086,7.96679109727511,3.9609163748655214,1.4355403589142703,1.261771418415851,2995,3.140391986644407,0.1787406399469085,0.9973288814691152,0.942237061769616,0.0504173622704507,0.0010016694490818,3,3,1012.16837941265,3.2248355333877967,0.1074945177795932,0.0337389459804216,0.7149532710280374,0.6929983105775273,3.39928476635514,2.0,1.0,0.0666666666666666,2.0,0.0,0.0,0.0,0.0,0.0,0.0,0.0,1.0,4.0,3.0,0.08,4.0,0.0,0.0,0.0,0.0,0.0,0.0,0.0,3.0,4.0,1.0,30.0,0.6,11.666666666666666,1.0,4.0,0.08,1,30.0,0,0.0,,,,0.0,3.3159390941942446,0.7537243438840809,0.3101007852648865,-0.1375788560184986,0.25593932332370667,0.7880027522750211,-0.6645705972318693,2.6760736973377437,2.871886829530159,2.9297947369026467,2.7258303355115383,1.701825972260767,0.15438447491924653,0.48328434330311554,2.4769334506530374,2.9719305167129604,2.668211701534071,2.094255731291647,1.9420255017981365,0.7406521182632855,-0.6255853562993626,2.0427276160581247,0.6167996761387299,-0.18159274680371926,0.059468032313475,-0.22749116238010678,0.5033254409880112,0.3855155110689783
subject_05_task_1,5,1,,1,6,25.0,55.0,0.0389292251204096,30.0,0.0305555555555555,eye,中,4.066666666666666,5,77.2,0.8366600265340756,76.0,78.0,4.698795180722898,6.497733169496764,2.2997017606021632,1.2816990492579603,2.914663949322001,1.6882051212984122,1.7942603311858394,2.2740626600366487,6.845069347558368,4.0782117870109404,2.1774563696485996,4.020433992651103,1.6320807207008496,1.8729246858200364,1.84639014985174,9.51124533574779,4.574253616855733,2.7854394211031,6.062763077082727,2.988039410939204,1.6422017948766665,2.1765912520480266,9.937582519942412,10.728563851510318,6.507710714923789,8.331284823042646,3.9774994109352737,1.6485926190460602,1.280217450959667,2995,3.1361382303839735,0.1747857804923835,0.9976627712854758,0.9235392320534224,0.0607679465776293,0.0010016694490818,3,3,1012.16837941265,3.2248355333877967,0.1074945177795932,0.0337389459804216,0.7149532710280374,0.6929983105775273,3.39928476635514,2.0,1.0,0.0666666666666666,2.0,0.0,0.0,0.0,0.0,0.0,0.0,0.0,1.0,4.0,3.0,0.0727272727272727,4.0,0.0,0.0,0.0,0.0,0.0,0.0,0.0,3.0,9.0,1.0,30.0,0.5454545454545454,11.666666666666666,1.0,4.0,0.0727272727272727,1,30.0,0,0.0,,,,0.0,3.198253090085706,0.7903833550711168,0.24409158763280192,-0.026405657463057595,0.19546511509885703,0.9995484007570411,-0.4047308004369703,2.645562006525949,3.2954897658138904,2.959515786485037,2.6997523201128533,1.7270413639592868,0.4949526526684729,0.43370671663025523,2.1915436181510057,2.890630931125195,2.3729509631629933,2.4411042616187792,2.05750057922723,1.065565980392145,0.09056680112249818,1.3175572576166468,1.866828033450981,-0.07698654142694364,0.22850138721446928,-0.21933338284521112,1.2866382008499717,0.48759008878241705
subject_05_task_1,5,1,,1,7,30.0,60.0,0.0424682455859014,30.0,0.0333333333333333,eye,中,4.066666666666666,6,77.33333333333333,0.816496580927726,76.0,78.0,3.880597014925264,6.453087708042599,2.145473376202844,1.2242551260376606,2.89164206788649,1.7470674655520346,1.7524724467740107,2.361960351553011,7.42957095630759,4.065927034319338,2.1689231628238117,4.135082707782011,1.7159716241751732,1.8746293570979884,1.9065141535020425,9.775788082443352,4.396936947057904,2.702533358853221,5.995283812481763,2.9622671387605695,1.6269686117486732,2.21839400902928,9.516312258291974,9.698610779427606,5.808614343064992,8.154476351161085,4.029890958719393,1.6696943895073617,1.4038591425676004,2995,3.1268046744574285,0.1559203382562703,1.0,0.9295492487479132,0.0550918196994991,0.0,3,3,1012.16837941265,3.2248355333877967,0.1074945177795932,0.0337389459804216,0.7149532710280374,0.6929983105775273,3.39928476635514,2.0,1.0,0.0666666666666666,2.0,0.0,0.0,0.0,0.0,0.0,0.0,0.0,1.0,4.0,3.0,0.0666666666666666,4.0,0.0,0.0,0.0,0.0,0.0,0.0,0.0,3.0,14.0,1.0,30.0,0.5,11.666666666666666,1.0,4.0,0.0666666666666666,0,0.0,0,0.0,,,,0.0,3.146870144658684,0.38186630597840787,-0.0010279378551370133,-0.0619444452146163,0.3106199334189522,0.7238716231320536,-0.12835366031101345,3.0619497710416805,3.269837230919848,2.9251218918019006,2.902396998982742,1.973737490673269,0.5016168413376664,0.661723109531375,2.318918294586846,2.61531710812921,2.1660420768330146,2.364337867792634,2.0176895814110214,0.9643002657229299,0.2451377736875089,1.0484471089176823,1.093386775840092,-0.4544553635808099,0.1465067544834818,-0.19356013514092762,1.3642214475509968,1.1717845587138946
subject_05_task_1,5,1,,1,8,35.0,65.0,0.0460072660513932,30.0,0.0361111111111111,eye,中,4.066666666666666,7,78.14285714285714,1.0690449676496976,77.0,80.0,5.075445816186662,6.284939419299272,2.2469226132829188,1.2244806043304337,2.950527792673631,1.6726197594946834,1.8350005752125191,2.4096157850430213,7.642234892698835,4.296097999241173,2.149402877323807,4.216057870606632,1.709771914723226,1.9987402290026648,1.961501919945315,10.165403384463364,4.50792019045911,2.631028357117935,6.0746809690103465,2.96437181081515,1.7133681506181668,2.3088618382147112,9.73856818261864,9.97001899892357,6.3374210795904125,8.121806751064616,4.0351353663891425,1.5731981311817664,1.2815633755536295,2995,3.1121522537562605,0.1492538764321463,1.0,0.9385642737896496,0.0480801335559265,0.0,3,3,1012.16837941265,3.2248355333877967,0.1074945177795932,0.0337389459804216,0.7149532710280374,0.6929983105775273,3.39928476635514,2.0,1.0,0.0666666666666666,2.0,0.0,0.0,0.0,0.0,0.0,0.0,0.0,1.0,4.0,3.0,0.0615384615384615,4.0,0.0,0.0,0.0,0.0,0.0,0.0,0.0,3.0,19.0,1.0,30.0,0.4615384615384615,11.666666666666666,1.0,4.0,0.0666666666666666,0,0.0,0,0.0,,,,0.0,2.953346456858625,0.6505830089774811,-6.579723113384714e-05,0.028957216348928963,0.16497483256392587,1.2683138420089934,0.021489551634774968,3.213447491050623,3.750471140081802,2.8464435405727184,3.0455227710273385,1.955506142038246,0.9868120088567243,0.870260655217942,2.5065141506409248,2.7876371785665697,1.987586848414626,2.4546624056012787,2.020940714799183,1.5386589520983147,0.579653995890471,1.1904256207890116,1.297200250747648,-0.16893241707695208,0.13135628215106662,-0.19098022628823141,1.0094411209840868,0.495038014738121
subject_05_task_1,5,1,,1,9,40.0,70.0,0.0495462865168849,30.0,0.0388888888888888,eye,中,4.066666666666666,6,78.16666666666667,1.1690451944500122,77.0,80.0,7.181102362204805,6.161339744090011,2.1201710232026896,1.1953926939626518,2.845415286416947,1.7554048211115338,1.7736188567243587,2.3803184516584035,7.498313806027379,4.141257820938801,2.1082415639701804,4.1494804020186065,1.7665336232565063,1.964318459380007,1.9682186676010804,9.8223432529068,4.319783483860606,2.5689702840075057,6.048702474380873,3.0652620929892658,1.681523336705122,2.354524111094467,8.913201117785333,9.562328449598196,5.7372119566265125,7.881741674699875,4.214870870651583,1.6667204422443644,1.373793008570377,2995,3.114984641068448,0.1559504392753781,1.0,0.9365609348914858,0.0514190317195325,0.0,3,3,1012.16837941265,3.2248355333877967,0.1074945177795932,0.0337389459804216,0.7149532710280374,0.6929983105775273,3.39928476635514,2.0,1.0,0.0666666666666666,2.0,0.0,0.0,0.0,0.0,0.0,0.0,0.0,1.0,4.0,3.0,0.0571428571428571,4.0,0.0,0.0,0.0,0.0,0.0,0.0,0.0,3.0,24.0,1.0,30.0,0.4285714285714285,11.666666666666666,1.0,4.0,0.0666666666666666,0,0.0,0,0.0,,,,0.0,2.811094251164768,0.3148459411928792,-0.1241871034908494,-0.13330454580785814,0.32693064405914357,0.863375554367174,-0.07063019661424591,3.110920862126469,3.427140001342925,2.6805389860983317,2.927845309691765,2.12242404446749,0.8522446174424141,0.8957334860261245,2.3413341417354405,2.4955234365333756,1.8327083456054776,2.425108506910627,2.1767881610573396,1.3269640087422803,0.7484960158490584,0.6631758389546001,0.9910458251400238,-0.4930082381097479,0.020026505027891255,-0.10256200104896192,1.353287365758946,1.0054079720981939
subject_05_task_1,5,1,,1,10,45.0,75.0,0.0530853069823767,30.0,0.0416666666666666,eye,中,4.066666666666666,6,78.66666666666667,0.816496580927726,78.0,80.0,1.0248447204969364,5.832520920588523,2.067173214192936,1.2096640870794595,2.9103472612637855,1.7072645471218295,1.7088820245823737,2.405913585721432,8.946026090815666,4.200669307228696,2.078307976205992,4.16112505613635,1.9234340116316984,2.0211967404836373,2.0021696032426326,10.024675019519496,4.340356928692069,2.6689495346531436,6.190079738761347,3.2623117255920127,1.6262416626233216,2.319294410924787,9.590352356062,9.061704960816265,5.987731793019914,8.227216355451462,4.471480677282394,1.5133785670526818,1.3740121701914214,2994,3.125126298157454,0.1599592728259318,0.9966599866399466,0.9305277221108884,0.0541082164328657,0.003006012024048,3,3,1012.16837941265,3.2248355333877967,0.1074945177795932,0.0337389459804216,0.7149532710280374,0.6929983105775273,3.39928476635514,2.0,1.0,0.0666666666666666,2.0,0.0,0.0,0.0,0.0,0.0,0.0,0.0,1.0,4.0,3.0,0.0533333333333333,4.0,0.0,0.0,0.0,0.0,0.0,0.0,0.0,3.0,29.0,1.0,30.0,0.4,11.666666666666666,1.0,3.0,0.05,1,91.0,1,2.0,91.0,,91.0,0.003033333333333333,2.4326531036653702,0.17446640840216296,-0.06328950261794211,-0.03306931182685666,0.23275185156528455,0.4363034130098469,0.009848708251685847,4.142243398971001,3.5512007181858656,2.5598888382477885,2.948427548154243,2.583817550664813,1.0746027936823488,1.0244902123018846,2.438754855880526,2.527467154826783,2.082226834915045,2.5859434362726086,2.4811750788602613,0.9594677220524205,0.6182297508550236,1.0957443988866362,0.6151035892767253,-0.35774301377713424,0.18023980965425024,0.023673401212792357,0.7895071581023612,1.0066207439972985
subject_05_task_1,5,1,,1,11,50.0,80.0,0.0566243274478685,30.0,0.0444444444444444,eye,中,4.066666666666666,5,78.8,0.8366600265340756,78.0,80.0,-0.70945945945952,5.261401161461888,2.017908525859847,1.210729095892492,2.799714148367132,1.6673027519671464,1.6666887189758506,2.3124199772396783,7.902085184072612,4.069048303125876,2.038084631530159,4.283031500315213,2.0525606051575,1.9965060528771588,2.1014983549037343,10.629432231933428,4.500988904253403,2.714671003337767,6.548444000470347,3.763014177496961,1.658023715845974,2.412242217351143,9.140960210937102,8.413522546005309,5.466876610612332,8.169490694179467,5.048412405347733,1.5389998979806734,1.4943616393903614,2994,3.2043685092127308,0.2120592453509845,0.9943219772879092,0.9221776887107548,0.0577822311289245,0.003006012024048,3,3,1012.16837941265,3.2248355333877967,0.1074945177795932,0.0337389459804216,0.7149532710280374,0.6929983105775273,3.39928476635514,0.0,0.0,0.0,0.0,0.0,0.0,0.0,0.0,0.0,0.0,0.0,0.0,4.0,3.0,0.05,4.0,0.0,0.0,0.0,0.0,0.0,0.0,0.0,3.0,34.0,1.0,30.0,0.375,11.666666666666666,1.0,2.0,0.0333333333333333,1,91.0,1,2.0,91.0,,91.0,0.003033333333333333,1.7753451834498906,0.04397509073266128,-0.05874499311621779,-0.20385321272314277,0.154572952659144,0.15795205134914303,-0.28412370088073136,3.3985598676708055,3.276354941042587,2.39776485496809,3.1639004577685244,2.963537271866002,0.9780777904691961,1.4011880748871157,2.7299393816922013,2.776875196031322,2.196334029373195,2.9936291484724986,3.25462121046999,1.1707454508241948,0.9619160020644634,0.8086698104148338,0.12835226471502886,-0.6389726126282601,0.15346963091348687,0.3074864390935998,0.8837071230692998,1.6725970842936657
subject_05_task_1,5,1,,1,12,55.0,85.0,0.0601633479133603,30.0,0.0472222222222222,eye,中,4.066666666666666,7,77.85714285714286,1.772810520855837,75.0,80.0,-7.701836821870931,5.573238317675349,2.164111207956749,1.224723272865589,2.834738738068426,1.71475180611683,1.7670205636683902,2.314595305628305,8.180911289048241,3.9661088981073944,1.972173369220478,4.3369651735548365,2.2040780117322947,2.011034607811909,2.1990790674093055,11.401640750220595,4.7172297618478245,2.7715409080111346,6.693770464930708,4.210667089760825,1.702024223497001,2.4151801063380933,9.504352550043452,7.389254802212041,5.342057090038831,8.703396719850813,5.406059959474998,1.3832227319304686,1.629221959473209,2994,3.2363410385259628,0.2222455671071687,0.9889779559118236,0.9468937875751504,0.0420841683366733,0.003006012024048,3,3,1012.16837941265,3.2248355333877967,0.1074945177795932,0.0337389459804216,0.7149532710280374,0.6929983105775273,3.39928476635514,0.0,0.0,0.0,0.0,0.0,0.0,0.0,0.0,0.0,0.0,0.0,0.0,4.0,3.0,0.0470588235294117,4.0,0.0,0.0,0.0,0.0,0.0,0.0,0.0,3.0,39.0,1.0,30.0,0.3529411764705882,11.666666666666666,1.0,2.0,0.0333333333333333,1,91.0,1,2.0,91.0,,91.0,0.003033333333333333,2.1342419460308726,0.43123382064988497,0.0009696960439338058,-0.14978589146764718,0.24739948342938126,0.8198462828307612,-0.2772838052189487,3.5971902508922886,3.0614009451828563,2.1321032976123515,3.259229671719485,3.409101162391868,1.034875269507052,1.7712566120998676,3.1017500300144585,3.1126253387569287,2.3382644060227715,3.158956803865559,3.9461205470061795,1.4632478658251291,0.9727792175744983,1.040807170478765,-0.6408196066671978,-0.7063674373037429,0.4010676561772791,0.483425868127747,0.3109732699443423,2.4188719371682352
subject_05_task_1,5,1,,1,13,60.0,90.0,0.0637023683788521,30.0,0.05,eye,中,4.066666666666666,6,77.83333333333333,1.9407902170679516,75.0,80.0,-11.504018369690073,5.078155603991927,2.060112305850988,1.244321666219517,2.9324439074452022,1.7982732284724838,1.65561073296264,2.3566606505812264,7.298612265930068,3.7729563553556127,1.996076313878266,4.455613048513858,2.2616075560334528,1.8901864268029749,2.232185722326842,10.323204095021474,4.68627283858982,2.88746677959481,7.124547424251551,4.487683731892195,1.622970304526735,2.4674041185856757,9.83073765566629,7.3383430403390015,5.25435964774186,9.001212710382406,5.8638853720152495,1.3966198608983236,1.7130941377891429,2994,3.286042211055277,0.2247610905283317,0.9889779559118236,0.938877755511022,0.0480961923847695,0.003006012024048,3,3,1012.16837941265,3.2248355333877967,0.1074945177795932,0.0337389459804216,0.7149532710280374,0.6929983105775273,3.39928476635514,0.0,0.0,0.0,0.0,0.0,0.0,0.0,0.0,0.0,0.0,0.0,0.0,4.0,3.0,0.0444444444444444,4.0,0.0,0.0,0.0,0.0,0.0,0.0,0.0,3.0,44.0,1.0,30.0,0.3333333333333333,11.666666666666666,1.0,2.0,0.0333333333333333,1,91.0,1,2.0,91.0,,91.0,0.003033333333333333,1.5644458854576486,0.1557636161048744,0.08459819162591986,0.0010411939049361245,0.41079586763997683,0.0848700198062366,-0.14501753592408245,2.9686573052657654,2.658067441676509,2.228446369807516,3.468942972842943,3.578277022502374,0.5624351639050399,1.8968114583676756,2.5824936084024936,3.064559531407444,2.6275809208261918,3.649021328219914,4.374034269882653,0.9377206969686743,1.1658840974267026,1.2493040721190043,-0.6790516952910448,-0.753718634623975,0.5391793230289164,0.7086463142068835,0.36022945741471046,2.8829943528242405
subject_05_task_1,5,1,,1,14,65.0,95.0,0.0672413888443439,30.0,0.0527777777777777,eye,中,4.066666666666666,6,75.5,2.7386127875258306,72.0,79.0,-18.934753661784377,5.343305858638191,2.183496261968481,1.218626438094479,2.9423822338132135,1.863878473265128,1.7917683333563104,2.4145071383927204,7.809451785711649,3.606788252403376,1.952656741345045,4.361205688083316,2.3590258114921303,1.8471184289763691,2.23347278389503,10.827477056019523,4.746555456521212,2.891188329929414,7.380897813286338,4.815446576324937,1.6417316739228451,2.5528941635796296,9.662156533211885,7.2813906244776705,4.697961696570002,9.080804131830767,6.235025316201768,1.5499042126703244,1.9329242591442783,2994,3.3042281407035174,0.2193304013243509,0.9889779559118236,0.9305277221108884,0.0564462257849031,0.003006012024048,3,3,1012.16837941265,3.2248355333877967,0.1074945177795932,0.0337389459804216,0.7149532710280374,0.6929983105775273,3.39928476635514,0.0,0.0,0.0,0.0,0.0,0.0,0.0,0.0,0.0,0.0,0.0,0.0,4.0,3.0,0.0421052631578947,4.0,0.0,0.0,0.0,0.0,0.0,0.0,0.0,3.0,49.0,1.0,30.0,0.3157894736842105,11.666666666666666,1.0,2.0,0.0333333333333333,1,91.0,1,2.0,91.0,,91.0,0.003033333333333333,1.8696101870616761,0.48258056264046345,-0.02504616711954812,0.016382949199256605,0.5391420988466513,0.9831085655951882,0.03686945782814397,3.332569606761933,2.311081778532239,2.053439688783874,3.3020754312786362,3.8647527343802976,0.394066477910795,1.901692556072459,2.825295976053072,3.1581583905661508,2.6368688041758204,3.9406530618865676,4.88033677179257,1.06244075476007,1.481994334013921,1.1416133684035163,-0.7218200012864745,-1.0541391313278057,0.5760897114325175,0.8912231251437919,0.9237981731650381,4.099465523669163
subject_05_task_1,5,1,,1,15,70.0,100.0,0.0707804093098357,30.0,0.0555555555555555,eye,中,4.066666666666666,7,75.14285714285714,2.6726124191242437,72.0,79.0,-14.670846394984324,5.4253845628462365,2.149656949458148,1.2128377480825323,2.996403454194231,1.9187199382183664,1.772419231555667,2.4705723901910814,8.170975481946808,3.642101312687567,1.9137032162224723,4.462658526465071,2.381227263692015,1.903169353436549,2.331949117624452,10.98466754074592,4.881958671554165,2.931756239140701,7.602259217320635,4.979414229686217,1.6651993799406288,2.5930734335365004,10.31736445373215,7.115250820743516,4.748720376110172,9.092387482098294,6.346625855397232,1.4983511887831653,1.9147026487051568,2995,3.3282796383121234,0.2090970004855723,0.9889816360601,0.9382303839732888,0.0504173622704507,0.0030050083472454,3,3,1012.16837941265,3.2248355333877967,0.1074945177795932,0.0337389459804216,0.7149532710280374,0.6929983105775273,3.39928476635514,0.0,0.0,0.0,0.0,0.0,0.0,0.0,0.0,0.0,0.0,0.0,0.0,4.0,3.0,0.04,4.0,0.0,0.0,0.0,0.0,0.0,0.0,0.0,3.0,54.0,1.0,30.0,0.3,11.666666666666666,1.0,2.0,0.0333333333333333,1,91.0,1,2.0,91.0,,91.0,0.003033333333333333,1.964075457252073,0.3929476708489296,-0.04974714277337845,0.09977529445909261,0.6464307060738328,0.8554615667241638,0.21315570249690466,3.590112171985922,2.384821114919113,1.8964338329418653,3.4813960440812743,3.9300400544389436,0.6131902119213232,2.2751576788162717,2.900981616203543,3.368394556286911,2.7381142461598333,4.192480298304947,5.13362122590082,1.2184471522129292,1.6305622583010868,1.5601643960244913,-0.8465823639827926,-1.02673258231487,0.581461470720254,0.9461233611984355,0.7342571591654655,3.9986328277268766
subject_05_task_1,5,1,,1,16,75.0,105.0,0.0743194297753275,30.0,0.0583333333333333,eye,中,4.066666666666666,6,73.5,1.6431676725154984,72.0,76.0,-9.838709677419246,5.704272595791268,2.2095368323542326,1.2478448741560628,2.9930772513648085,1.8491751219971568,1.7706823004330383,2.3985972241854774,8.244357501907398,3.631668480371765,1.9937611501607215,4.346856133330074,2.248248195418159,1.8215163235972416,2.180229127736622,10.743188043897966,4.818098834574041,2.9018993002831897,7.383828889067049,4.668369193259438,1.660325992050742,2.5444814326763434,11.347611271419218,6.742570107963332,4.378889529655955,8.7067409130592,6.045148677059786,1.539789954119507,1.988344500150768,2995,3.370281135225375,0.2019422734140378,0.992320534223706,0.9449081803005008,0.0457429048414023,0.0,3,3,1012.16837941265,3.2248355333877967,0.1074945177795932,0.0337389459804216,0.7149532710280374,0.6929983105775273,3.39928476635514,0.0,0.0,0.0,0.0,0.0,0.0,0.0,0.0,0.0,0.0,0.0,0.0,4.0,3.0,0.0380952380952381,4.0,0.0,0.0,0.0,0.0,0.0,0.0,0.0,3.0,59.0,1.0,30.0,0.2857142857142857,11.666666666666666,1.0,2.0,0.0333333333333333,0,0.0,0,0.0,,,,0.0,2.2850507167815515,0.5515563028202665,0.09963210660226142,0.09464064824415971,0.5103773296987499,0.8440029446478737,-0.013156163008878901,3.642388119202602,2.363035686938316,2.219114884152658,3.27671220839754,3.538991445846533,0.2939784065143817,1.699769435770628,2.784711663006548,3.2692414655202944,2.6636002021854557,3.943987539804294,4.6531430911015725,1.1860503049234885,1.450887199184708,2.218292679797008,-1.1264462208837214,-1.2264183761862721,0.4026185201770923,0.7978161184634787,0.8866118613441852,4.406143812568253
subject_05_task_1,5,1,,1,17,80.0,110.0,0.0778584502408192,30.0,0.0611111111111111,eye,中,4.066666666666666,7,73.28571428571429,1.6035674514745462,72.0,76.0,-7.770448548812677,5.917302329591594,2.2877247399148737,1.2616852843755868,3.052672539463825,1.888190358706045,1.813229311814537,2.4195198099457937,8.511762239909888,3.95071157496097,1.9702144730145763,4.2340422303483,2.1572199866670756,2.0052190404002483,2.149026051904845,11.815372579468598,4.904826268929018,2.952736528951036,7.333595798271669,4.625487221078142,1.661112063618986,2.48366074194806,11.15340694868322,7.283274019427775,4.427055545711082,9.309737421449428,5.96757915206132,1.645173398938667,2.1029185934810948,2995,3.383315191986644,0.2149085639707986,0.9943238731218698,0.9439065108514192,0.0460767946577629,0.0,3,3,1012.16837941265,3.2248355333877967,0.1074945177795932,0.0337389459804216,0.7149532710280374,0.6929983105775273,3.39928476635514,1.0,1.0,0.0333333333333333,1.0,0.0,0.0,0.0,0.0,0.0,0.0,0.0,1.0,5.0,3.0,0.0454545454545454,5.0,0.0,0.0,0.0,0.0,0.0,0.0,0.0,4.0,2.0,2.0,92.0,0.8363636363636363,24.25,1.0,1.0,0.0166666666666666,0,0.0,0,0.0,,,,0.0,2.5302289460945757,0.7586588630643428,0.15869065614731181,0.18663765989921127,0.5867044374940026,1.124687721116364,0.05263082544007118,3.83288213908398,3.02924886372024,2.1242077817547886,3.0773106092108673,3.2713068031668024,1.0121400718469618,1.581433789994881,3.3009577517907767,3.4039003305786446,2.790474812826874,3.886840899960096,4.586902361955482,1.1912758771804839,1.22599501510789,2.0942337111797724,-0.7204056695093563,-1.2004117051749037,0.6822571410947867,0.75965693694193,1.2740670188440124,5.0401610282385105
subject_05_task_1,5,1,,1,18,85.0,115.0,0.081397470706311,30.0,0.0638888888888888,eye,中,4.066666666666666,6,72.16666666666667,0.752772652709081,71.0,73.0,-3.545454545454622,6.111808673271908,2.3150048579138085,1.2456426274282313,3.079228877276399,1.920433751992309,1.8584823664018268,2.4720002426649543,13.13201687405954,4.07796515615148,1.910057881071796,4.155790163139783,2.0500915150293286,2.1349955917897105,2.175740434006028,12.087359065703495,4.9067131347711985,2.802714954601708,7.287795690566327,4.501192619156079,1.750700022745798,2.600262891023105,12.012493985020733,6.85890647136424,4.2500502924015535,9.25256948192101,5.849393363951964,1.6138412488028495,2.177049410088912,2995,3.3949609348914858,0.214651544090778,0.9996661101836394,0.9382303839732888,0.0494156928213689,0.0,3,3,1012.16837941265,3.2248355333877967,0.1074945177795932,0.0337389459804216,0.7149532710280374,0.6929983105775273,3.39928476635514,1.0,1.0,0.0333333333333333,1.0,0.0,0.0,0.0,0.0,0.0,0.0,0.0,1.0,5.0,3.0,0.0434782608695652,5.0,0.0,0.0,0.0,0.0,0.0,0.0,0.0,4.0,7.0,2.0,92.0,0.8,24.25,1.0,1.0,0.0166666666666666,0,0.0,0,0.0,,,,0.0,2.75408840497363,0.8309178920830955,0.09023487809363004,0.2276325740474523,0.6497835102523835,1.4232244008718105,0.21764530599436743,7.124263154653484,3.2949747610036932,1.881740965907061,2.9389979817010987,2.9562764730677866,1.5194844698447265,1.68274635528449,3.4319165140771606,3.406830005769836,2.416065559369236,3.8347373519119756,4.394901746278767,1.786830242312584,1.6571461852037457,2.6430240273734587,-1.039083654905133,-1.2959835993676108,0.6557456048785808,0.7015171849991231,1.1588705267715287,5.450377793432936
subject_05_task_1,5,1,,1,19,90.0,120.0,0.0849364911718028,30.0,0.0666666666666666,eye,中,4.066666666666666,7,71.71428571428571,1.3801311186847085,69.0,73.0,-6.257961783439528,6.310052378649046,2.340444067511422,1.2578191746270353,3.141692783054311,1.9665332984876127,1.860715844314747,2.497730076333012,12.391530541014117,4.22271349840339,1.8802654412444983,4.103085607138148,2.0207445271132163,2.245807110940935,2.18218423693541,12.365174927616884,4.839480167608984,2.8013863460538175,7.213528678106874,4.54545939544565,1.7275304330750858,2.5749853062103467,11.405435180979913,7.569542665171107,4.544361538406162,9.392515660090211,5.673674064849284,1.665699923124066,2.066850443282388,2995,3.3877035058430716,0.2242035713077973,0.9943238731218698,0.9268781302170284,0.0550918196994991,0.0043405676126878,3,3,1012.16837941265,3.2248355333877967,0.1074945177795932,0.0337389459804216,0.7149532710280374,0.6929983105775273,3.39928476635514,1.0,1.0,0.0333333333333333,1.0,0.0,0.0,0.0,0.0,0.0,0.0,0.0,1.0,5.0,3.0,0.0416666666666666,5.0,0.0,0.0,0.0,0.0,0.0,0.0,0.0,4.0,12.0,2.0,92.0,0.7666666666666667,24.25,1.0,1.0,0.0166666666666666,2,130.0,2,4.0,65.0,7.0710678118654755,65.0,0.004333333333333333,2.9822492339327336,0.8983007598771372,0.14219354150187,0.32405785952174876,0.7399699438478954,1.4379587671264489,0.29854774748534363,6.596754856547973,3.5972325266818013,1.761659728124659,2.8458412654331804,2.869976433971857,1.9526875629542022,1.7071840608815618,3.5656820622238476,3.3024395655371293,2.412749747382123,3.7502490167105256,4.463281612903629,1.6328056345281816,1.5636791234414131,2.255230964591357,-0.5054327863948258,-1.1370737210619704,0.7206454106343578,0.6150746725378052,1.3495353020722314,4.840571160244262
subject_05_task_1,5,1,,1,20,95.0,125.0,0.0884755116372946,30.0,0.0694444444444444,eye,中,4.066666666666666,5,71.4,1.51657508881031,69.0,73.0,-10.14641288433377,6.312813112904381,2.3236452470888462,1.3485272438147509,3.4154042729185057,2.0494974370519454,1.7230984822491646,2.5326920821094547,13.762397533154925,4.2027211651738705,2.0137232403210112,4.219285512506481,1.9853236693672671,2.087040106119005,2.095265837938026,12.79628063997923,4.835314342293134,2.885713121949634,7.394583753430269,4.505684763774311,1.6756046557484263,2.562480551924846,11.724188888235249,8.132607879751129,5.295731750381724,9.646353990491372,5.554196230942394,1.5356910551907994,1.8215337266273068,2995,3.4178570951585976,0.217453657434957,0.991652754590985,0.9228714524207012,0.0564273789649415,0.006677796327212,3,3,1012.16837941265,3.2248355333877967,0.1074945177795932,0.0337389459804216,0.7149532710280374,0.6929983105775273,3.39928476635514,1.0,1.0,0.0333333333333333,1.0,0.0,0.0,0.0,0.0,0.0,0.0,0.0,1.0,5.0,3.0,0.04,5.0,0.0,0.0,0.0,0.0,0.0,0.0,0.0,4.0,17.0,2.0,92.0,0.736,24.25,1.0,1.0,0.0166666666666666,3,200.0,3,6.0,66.66666666666667,5.773502691896257,70.0,0.006666666666666667,2.9854265929062995,0.8538043815094516,0.5292548289412828,0.7465852090216062,0.9022760909203675,0.5300901000839979,0.4084789527634898,7.573334276966336,3.555485326826964,2.2995739707218332,3.0512277146506057,2.7658151000378735,1.33200879147445,1.3775516576338431,3.7732551342800975,3.2959714241325577,2.6232043126443463,3.956222589461933,4.401840861244919,1.2876183610242102,1.5174412154378067,2.4588528799427145,-0.08260005790839238,-0.7313802568521441,0.8383625112506256,0.5562993177584046,0.8715417568061948,3.4830651383322775
subject_05_task_1,5,1,,1,21,100.0,130.0,0.0920145321027864,30.0,0.0722222222222222,eye,中,4.066666666666666,6,69.5,2.588435821108957,66.0,72.0,-15.391304347825978,5.908958141277001,2.377506821217773,1.3944920363937596,3.442516745777779,2.0747239518517353,1.704926782777583,2.468652854182183,10.77281079655607,4.243454255324697,2.031256362389965,4.286783821958985,1.9413228973843204,2.0890786283282687,2.110410040471297,13.267333532501985,5.116923261798995,3.0598271912504895,7.341573710647725,4.433619625133056,1.6722915844498434,2.399342594131067,10.622301811938843,8.823152437967112,5.984791466231912,9.6807153081457,5.265103137680033,1.4742623009924625,1.6175526520460004,2994,3.4257556970509384,0.2157165148634446,0.9873079492317968,0.894121576486306,0.0778223112892451,0.0100200400801603,3,3,1012.16837941265,3.2248355333877967,0.1074945177795932,0.0337389459804216,0.7149532710280374,0.6929983105775273,3.39928476635514,1.0,1.0,0.0333333333333333,1.0,0.0,0.0,0.0,0.0,0.0,0.0,0.0,1.0,5.0,3.0,0.0384615384615384,5.0,0.0,0.0,0.0,0.0,0.0,0.0,0.0,4.0,22.0,2.0,92.0,0.7076923076923077,24.25,1.0,1.0,0.0166666666666666,4,300.0,4,8.0,75.0,17.320508075688775,70.0,0.01,2.520625529334247,0.9964718380112807,0.7253916440210831,0.7884386266523367,0.9516277564962797,0.4102104836639497,0.20712009606224155,5.443609876819533,3.6405425553009665,2.37024287237724,3.170532786911076,2.636423001835708,1.3399781265507087,1.4349850656797336,4.000062372500472,3.733216429395319,3.0577412716527137,3.895916807455419,4.290520250582963,1.265594038859755,0.9142180163133438,1.754960338869766,0.43596303590607427,-0.359330608469499,0.8542975147673505,0.4140842426674775,0.6456914093082781,2.354297637789157
subject_05_task_1,5,1,,1,22,105.0,135.0,0.0955535525682782,30.0,0.075,eye,中,4.066666666666666,5,69.0,2.549509756796392,66.0,72.0,-20.2846975088968,6.150481217034618,2.456378312785143,1.3562650399914904,3.395427794199259,2.079095459507549,1.8111344319548008,2.5035134682971427,11.779852629753108,4.20273690520771,1.9847935681703497,4.122668508459662,1.8587801291550263,2.117468019146161,2.0771271000540765,12.571614929479823,5.091379336025166,3.058825015423774,7.204491087552093,4.1946158675067515,1.664488589688024,2.355313249768874,10.90225944121311,9.020384364835085,5.954926498617908,9.351670567655525,4.869287000552793,1.514776776326063,1.5704090671523776,2994,3.411200201884253,0.2344322717337612,0.9832999331997327,0.8710754843019372,0.095190380761523,0.0140280561122244,3,3,1012.16837941265,3.2248355333877967,0.1074945177795932,0.0337389459804216,0.7149532710280374,0.6929983105775273,3.39928476635514,1.0,1.0,0.0333333333333333,1.0,0.0,0.0,0.0,0.0,0.0,0.0,0.0,1.0,5.0,3.0,0.037037037037037,5.0,0.0,0.0,0.0,0.0,0.0,0.0,0.0,4.0,27.0,2.0,92.0,0.6814814814814815,24.25,1.0,1.0,0.0166666666666666,5,420.0,5,10.0,84.0,25.099800796022265,70.0,0.014,2.7985970546988312,1.2053850618522275,0.5622728545362778,0.7157475974556047,0.960179916222048,1.1108676931974562,0.3167324950446843,6.161007214007438,3.555518194543348,2.182970199408431,2.8804545687319374,2.3936913066567516,1.4509627246142094,1.3087616680627434,3.6650808503938626,3.69355520709097,3.0552401387007277,3.7399675881876977,3.9213258696228577,1.2137220279690226,0.7514139557458557,1.9337990704437562,0.5840739680374882,-0.37545584470688337,0.7017035674217271,0.21936834327148255,0.7946478459510572,2.0934197764667526
subject_05_task_1,5,1,,1,23,110.0,140.0,0.0990925730337699,30.0,0.0777777777777777,eye,中,4.066666666666666,5,67.6,2.408318915758459,65.0,71.0,-17.578125000000085,5.745958575361821,2.282163107611863,1.304647290750942,3.4289737683619115,2.0249802986139342,1.7492567713824574,2.628276464199169,9.76713420440092,3.965172879930767,2.044224846294773,4.2293329921153155,1.8405871830371625,1.939695081545348,2.0689177121494855,12.10734084226642,4.783520184050253,3.05196837634282,7.367765203468522,3.95573405100452,1.567355750187148,2.4141027346742465,10.146232404179369,8.858727592283381,6.057964089534558,9.13778159371852,4.490043629755745,1.4623275181817743,1.508391508874162,2994,3.3859777102330297,0.2273078684748198,0.9732798931195724,0.8570474281897128,0.1012024048096192,0.0190380761523046,3,3,1012.16837941265,3.2248355333877967,0.1074945177795932,0.0337389459804216,0.7149532710280374,0.6929983105775273,3.39928476635514,0.0,0.0,0.0,0.0,0.0,0.0,0.0,0.0,0.0,0.0,0.0,0.0,5.0,3.0,0.0357142857142857,5.0,0.0,0.0,0.0,0.0,0.0,0.0,0.0,4.0,32.0,2.0,92.0,0.6571428571428571,24.25,1.0,1.0,0.0166666666666666,7,570.0,6,12.0,88.33333333333333,24.832774042918903,85.0,0.017666666666666667,2.333027562435721,0.7439273230471566,0.34201425290707294,0.7675323857243358,0.8543122074162876,0.7026576506539337,0.7090253915484528,4.72718511123271,3.0594463890318147,2.4225135695231526,3.068986904332402,2.3401917118864213,0.7559827529496045,1.2776280957075445,3.441537538868458,3.21555232010266,3.038128005791426,3.925713019146014,3.5523198538092373,0.5680115203712501,0.9687954998027382,1.450844143695544,0.4626781288941822,-0.3198219154712511,0.6025129139618606,0.03280517136376965,0.6018117168046158,1.7502339961624842
subject_05_task_1,5,1,,1,24,115.0,145.0,0.1026315934992617,30.0,0.0805555555555555,eye,中,4.066666666666666,6,66.16666666666667,1.6020819787597218,65.0,69.0,-8.969521044992725,5.418725883194114,2.1976695443756813,1.3240646956578472,3.3807688237054756,2.0698328467554985,1.6597901534439696,2.553326008005808,6.017103691363317,3.728449950740066,2.0004790294990458,4.13854932853044,1.8136611105209937,1.863778572911976,2.068779161142621,12.174255722654776,4.83667702568875,3.0374267640379933,7.152110873058158,3.77379008974508,1.592360047311498,2.354661174957862,10.38910991300447,8.520013797674444,6.00148882254863,8.940472989340067,4.530922774867915,1.4196500317826604,1.489709179453799,2994,3.373454112848403,0.2269708135174896,0.9665998663994656,0.844689378757515,0.104876419505678,0.0253841015364061,3,3,1012.16837941265,3.2248355333877967,0.1074945177795932,0.0337389459804216,0.7149532710280374,0.6929983105775273,3.39928476635514,0.0,0.0,0.0,0.0,0.0,0.0,0.0,0.0,0.0,0.0,0.0,0.0,5.0,3.0,0.0344827586206896,5.0,0.0,0.0,0.0,0.0,0.0,0.0,0.0,4.0,37.0,2.0,92.0,0.6344827586206897,24.25,1.0,1.0,0.0166666666666666,9,760.0,8,16.0,90.0,21.38089935299395,95.0,0.024,1.9564119106778641,0.5201224686099629,0.424870450920126,0.6931186024060798,0.9420590869863668,0.11244186716940925,0.4733583065943398,2.0557351120942973,2.565130927114917,2.246191930238681,2.9085243441302824,2.2610108052295783,0.4591971244341463,1.277102649980381,3.473756381927566,3.2980872182967946,3.001836464186597,3.680378317345497,3.2712670000225756,0.734232722914639,0.7490028267916476,1.605995856184075,0.20832166317410677,-0.3503150683012716,0.5110113791173521,0.05291506270075865,0.4449027047407108,1.6468518254026152
subject_05_task_1,5,1,,1,25,120.0,150.0,0.1061706139647535,30.0,0.0833333333333333,eye,中,4.066666666666666,5,65.6,0.8944271909999159,65.0,67.0,-5.75712143928032,5.130220301619299,2.1763697037571315,1.2558338082807554,3.24182575433263,1.9707366344317223,1.7330077351051694,2.581413028504711,5.524687997719958,3.484110459721661,1.893112002617041,3.969889526689568,1.737546095821802,1.8404143309562355,2.097017778769342,11.458202721405724,4.640422773642242,2.9337122593898015,6.70920306446461,3.3586852998199612,1.5817579787485458,2.286932892955253,12.571483349214637,8.496702689385614,5.864652024855007,8.27558853722133,4.225199332029896,1.4487991194320995,1.4110962597863477,2995,3.3747815154604144,0.2237286466075865,0.9719532554257097,0.8647746243739566,0.0934891485809682,0.0210350584307178,3,3,1001.8105229966608,3.191834716429464,0.1063944905476488,0.0333936840998886,0.7149532710280374,0.6929983105775273,3.39928476635514,0.0,0.0,0.0,0.0,0.0,0.0,0.0,0.0,0.0,0.0,0.0,0.0,5.0,3.0,0.0333333333333333,5.0,0.0,0.0,0.0,0.0,0.0,0.0,0.0,4.0,42.0,2.0,92.0,0.6133333333333333,24.25,1.0,1.0,0.0166666666666666,7,630.0,6,12.0,98.33333333333333,17.224014243685083,100.0,0.019666666666666666,1.6243677102014273,0.4637038782867578,0.13372176538634395,0.4786327331332496,0.7481931023564435,0.5954619401391822,0.5616724621339193,1.7049475918898978,2.054910861909476,1.8134390050084894,2.610413620924379,2.0371810628688283,0.3678576864324689,1.3841957798592408,3.1289840512389,2.9933696276058197,2.7429958912458154,3.17651338247658,2.6300454666373123,0.6637532938302199,0.4985689517246183,3.0001100232612594,0.19081623171327572,-0.42419847970474445,0.20267232794032944,-0.09748106710510789,0.5520728998844582,1.211832503019075
subject_05_task_1,5,1,,1,26,125.0,155.0,0.1097096344302453,30.0,0.0861111111111111,eye,中,4.066666666666666,6,65.33333333333333,1.0327955589886446,64.0,67.0,-5.896805896805911,5.020562335526043,2.049140735690064,1.2131781281806109,3.0104431468893504,1.9009018095400103,1.6890683141173477,2.481451879951114,5.223587315365063,3.3594148448792107,1.773596962451946,3.771518308140465,1.6930537515758124,1.894125280996714,2.126479909464014,10.644878835326898,4.4241270094782825,2.8535867615067207,6.359861388979146,3.138224688640472,1.5503741008184035,2.228725432417229,11.823926739813786,7.813373718552462,4.993761112225465,8.009433157023965,4.192951031062729,1.5646270502255644,1.6038879267603912,2995,3.350092762487258,0.2175899430177351,0.9742904841402336,0.8724540901502504,0.0874791318864774,0.0186978297161936,3,3,833.1157930945526,2.6543621275314973,0.0884787375843832,0.027770526436485,0.7149532710280373,0.6929983105775274,3.39928476635514,0.0,0.0,0.0,0.0,0.0,0.0,0.0,0.0,0.0,0.0,0.0,0.0,5.0,3.0,0.032258064516129,5.0,0.0,0.0,0.0,0.0,0.0,0.0,0.0,4.0,47.0,2.0,92.0,0.5935483870967742,24.25,1.0,1.0,0.0166666666666666,6,560.0,5,10.0,104.0,11.40175425099138,100.0,0.017333333333333333,1.4981611686206535,0.1267023412720297,-0.04829470353439078,0.12144831280846706,0.611572370124464,0.3055913673852852,0.24736413521038175,1.4904492258576707,1.7945264088250774,1.331722366833449,2.259787171827137,1.9063434089714637,0.577833597507474,1.4959290038682962,2.7373767661370683,2.6575342332364484,2.5430264670117326,2.779092029431494,2.289495093375984,0.4551225171249227,0.28333951626090736,2.5225660600852216,-0.3223283307806399,-0.8944257334104418,0.07924321610864017,-0.11334514220924162,0.9779284908216567,2.2786813197659987
subject_05_task_1,5,1,,1,27,130.0,160.0,0.1132486548957371,30.0,0.0888888888888888,eye,中,4.066666666666666,6,64.5,0.5477225575051661,64.0,65.0,-3.2232391563867715,6.522545021465415,2.2264589118640776,1.18714812641476,2.9692638237795963,1.838671455226118,1.8754684965793464,2.5011738280267557,5.290581674554294,3.331728517484764,1.7014603286586236,3.66402166595336,1.6183682222763325,1.9581582134867588,2.153457006453954,10.106802650400018,4.126604016021038,2.7297854522642258,6.078448135010785,3.0069715247347233,1.5116953651424212,2.226712773331327,12.543402599853708,8.603889904366186,4.780054539082872,7.637006000981479,3.878368221605044,1.7999564302077975,1.5976817708960194,2995,3.3293095157466985,0.2169566454625633,0.9786310517529216,0.9025041736227044,0.0647746243739565,0.0153589315525876,6,3,743.7307596565398,2.541005562505699,0.0847001854168566,0.0247910253218846,0.6558199816971095,0.8347866701228326,3.381317221587069,0.0,0.0,0.0,0.0,0.0,0.0,0.0,0.0,0.0,0.0,0.0,0.0,5.0,3.0,0.03125,5.0,0.0,0.0,0.0,0.0,0.0,0.0,0.0,4.0,52.0,2.0,92.0,0.575,24.25,1.0,1.0,0.0166666666666666,5,460.0,4,8.0,105.0,12.909944487358056,105.0,0.014,3.2268093194116676,0.5963791673843888,-0.1593675781503226,0.05787995381705033,0.4898285755835186,1.53528275696154,0.3093759527317077,1.5381747257372376,1.7367129145363882,1.0409688627373836,2.069783973703859,1.6867173227486048,0.828161944488277,1.5982378983718455,2.4782984855604857,2.195579963221582,2.234055200901511,2.4589480443157523,2.086745433376894,0.19799767474498364,0.27589745514304403,2.982171860224325,0.2713082624683667,-1.009814071410523,-0.09346925379611477,-0.2680995065023306,1.8431458135407872,2.2443383933087913
subject_05_task_1,5,1,,1,28,135.0,165.0,0.1167876753612289,30.0,0.0916666666666666,eye,中,4.066666666666666,7,64.42857142857143,0.5345224838248488,64.0,65.0,-2.8504233301975495,6.5226283886257015,2.157139283556618,1.2220686605190014,3.0429645015952125,1.8316623393064932,1.765153917489792,2.490011077039561,4.788717264961569,3.074343413369307,1.64430654166675,3.608492406907233,1.6545480398925525,1.869689948598636,2.194537524158657,9.396755480831674,4.094366501251322,2.6629989266488265,5.858628320400107,2.8572431342907905,1.537502122242219,2.200011521511474,11.119356291277567,7.850653708110907,4.871928940275968,7.48377547996352,3.973408699114452,1.6114056268780903,1.5361011155346624,2995,3.311241869918699,0.2144177897978508,0.9776293823038398,0.9058430717863104,0.0607679465776293,0.0156928213689482,6,3,665.0379549293016,2.484826691120408,0.0828275563706802,0.0221679318309767,0.5737769595462731,0.963642548590095,3.356388595256924,0.0,0.0,0.0,0.0,0.0,0.0,0.0,0.0,0.0,0.0,0.0,0.0,5.0,3.0,0.0303030303030303,5.0,0.0,0.0,0.0,0.0,0.0,0.0,0.0,4.0,57.0,2.0,92.0,0.5575757575757576,24.25,1.0,1.0,0.0166666666666666,5,420.0,4,8.0,95.0,12.909944487358056,95.0,0.012666666666666666,3.226905267579922,0.4127667272316942,-0.0103578262120675,0.17165140005493398,0.4761163546289614,0.8075319239986514,0.2742768603601545,1.1806561210451163,1.1992515158187909,0.8106051353716405,1.9716345190463276,1.793110513207825,0.48230687197310473,1.7540331032290954,2.1364179025255123,2.1455258231045837,2.0673758862419724,2.2088745653147317,1.8554566830613768,0.3695533948494345,0.17716620484898263,2.0724819325428645,-0.2943329950810258,-0.9602075745090429,-0.16452965130049318,-0.2213457480740321,1.1499156640975383,1.9035702971669135
subject_05_task_1,5,1,,1,29,140.0,170.0,0.1203266958267207,30.0,0.0944444444444444,eye,中,4.066666666666666,6,64.33333333333333,0.5163977794943223,64.0,65.0,-3.1407942238266493,6.536950729541157,2.30608833016602,1.1728747901934602,2.929891071509798,1.743252741715228,1.966184582913272,2.498042498659662,4.6455587271222285,3.069300820258357,1.6428290962213563,3.407974942711164,1.5286211631421311,1.868301959904414,2.0744549451612406,9.203859229071671,4.1356764308159475,2.5245418858238806,5.539075361948935,2.783261220007372,1.6381888745990345,2.1940912896128344,11.992104072924596,8.773856201630302,5.203555758752245,7.649115683074135,4.07321164570418,1.6861270654922655,1.469978614182912,2995,3.303324424898512,0.1990086461543065,0.985642737896494,0.9198664440734556,0.0544240400667779,0.0130217028380634,6,3,586.3451502020632,2.4286478197351156,0.0809549273245038,0.0195448383400687,0.4697121111072055,1.0583996689173114,3.3247686761848154,0.0,0.0,0.0,0.0,0.0,0.0,0.0,0.0,0.0,0.0,0.0,0.0,5.0,3.0,0.0294117647058823,5.0,0.0,0.0,0.0,0.0,0.0,0.0,0.0,4.0,62.0,2.0,92.0,0.5411764705882353,24.25,1.0,0.0,0.0,4,391.0,4,8.0,97.75,17.519037264263886,95.0,0.013033333333333333,3.24338900495604,0.8072999723475905,-0.2202734704633753,-0.002899608879884761,0.303157032714963,2.1337413463656927,0.2995300985307619,1.0786727173213482,1.1887217722429573,0.8046501521991551,1.6172145232058135,1.4228001284469052,0.476880712308987,1.2986276935609564,2.043540294046259,2.20966640644116,1.7218282707336048,1.8453417319053116,1.7411751867477632,1.0388892683477515,0.15527539982878996,2.6299988205747327,0.3989441230436407,-0.7811495939447298,-0.08785340900593148,-0.17224916336014962,1.4246381958628433,1.5376690451332389
subject_05_task_1,5,1,,1,30,145.0,175.0,0.1238657162922124,30.0,0.0972222222222222,eye,中,4.066666666666666,5,64.4,0.8944271909999159,64.0,66.0,5.714285714285693,6.869008985322286,2.3150642550071794,1.2217645116412417,2.9902087587695023,1.734236369646745,1.8948530858023267,2.447450986076395,4.649977144959207,3.019582742871639,1.5895267492439935,3.68040790380072,1.6721609106414987,1.8996740660752045,2.3154111156362647,9.05313734585414,4.161800159042704,2.5196885953758703,5.822482459535859,3.273988769788592,1.6517121070756262,2.310794464927639,11.510449492138918,9.26291546815112,5.415536307117279,8.282118869372958,4.449228864781996,1.71043363811955,1.5293257028834468,2995,3.345396884524213,0.2323798673022641,0.9846410684474124,0.9191986644407344,0.0574290484140233,0.0140233722871452,6,3,507.65234547482504,2.3724689483498236,0.0790822982783274,0.0169217448491608,0.3784692187161125,1.0924742882908816,3.283345748659334,0.0,0.0,0.0,0.0,0.0,0.0,0.0,0.0,0.0,0.0,0.0,0.0,5.0,3.0,0.0285714285714285,5.0,0.0,0.0,0.0,0.0,0.0,0.0,0.0,4.0,67.0,2.0,92.0,0.5257142857142857,24.25,1.0,0.0,0.0,4,421.0,4,8.0,105.25,17.613914953808536,110.0,0.014033333333333333,3.625558450173006,0.8310752219118624,-0.011655662857176993,0.0902125675159592,0.2855179342281809,1.663163868144632,0.14045495877232134,1.0818203136637652,1.084902448643607,0.5898100169550408,2.0987470885776047,1.8449042931545259,0.599525844643996,2.2124383765377544,1.9709692205753728,2.2502278691463684,1.7097159004872997,2.1677539720969707,2.4992128668281834,1.1287877347335094,0.5868001272032056,2.3223147810012823,0.766202228676771,-0.6666932026204138,0.2057007585391914,0.012726950884484285,1.5140042907152789,1.8660772816057445
subject_05_task_1,5,1,,1,31,150.0,180.0,0.1274047367577042,30.0,0.1,eye,中,4.066666666666666,7,64.85714285714286,1.0690449676496976,64.0,66.0,5.602094240837634,6.539603457066647,2.3211720835483667,1.2105338224095852,2.94304592318396,1.6426073165251471,1.917478091548107,2.431196773441476,4.556603295500113,3.1870727482310297,1.7234245698403496,3.709418807949945,1.66456435498994,1.8492673273923823,2.152353443756212,8.658632223374994,4.14434192026245,2.516008118230772,5.905588940805676,3.274881807765077,1.6471894069947213,2.3472058369026323,8.920250736603661,9.575483419235391,5.693322312730899,8.650347377691133,4.528126701895712,1.6818797344080718,1.519384798985998,2994,3.349552845528455,0.2274718833795966,0.9846359385437542,0.9158316633266532,0.0601202404809619,0.0140280561122244,3,3,439.3173971635757,2.349290893922865,0.0783096964640955,0.0146439132387858,0.536541889483066,0.9894200243830118,3.230793190730838,0.0,0.0,0.0,0.0,0.0,0.0,0.0,0.0,0.0,0.0,0.0,0.0,5.0,3.0,0.0277777777777777,5.0,0.0,0.0,0.0,0.0,0.0,0.0,0.0,4.0,72.0,2.0,92.0,0.5111111111111111,24.25,1.0,0.0,0.0,4,421.0,4,8.0,105.25,17.613914953808536,110.0,0.014033333333333333,3.2464420578137183,0.8472535155620752,-0.05957824650120865,0.017407483868414675,0.10626025941325698,1.812422170294478,0.08934675870995838,1.0153025695574667,1.4346484561332065,1.129497807776528,2.1500246397331693,1.8225652697563535,0.40246731428345184,1.594052708258044,1.781018965065662,2.2231210299143402,1.7005305236090689,2.2622983467043487,2.5005923623063167,1.0987221567069627,0.7214357729125316,0.6676791807310618,1.0009245240204019,-0.5167059325234389,0.37646611259334256,0.05153957592169283,1.4090223623037472,1.8110674270469584
subject_05_task_1,5,1,,1,32,155.0,185.0,0.130943757223196,30.0,0.1027777777777777,eye,中,4.066666666666666,6,65.0,1.095445115010332,64.0,66.0,6.6903914590747915,6.89508286570707,2.273654422110222,1.2162370813730696,2.980632590826113,1.6122278882491266,1.869417120174779,2.4507003087433668,4.456499950803114,3.1605978960918297,1.6929125120975117,3.952575102514828,1.6995986538348755,1.8669587905495848,2.334778126022356,8.861180824055584,4.092350966939164,2.5149805881299843,6.268126386388,3.476027299399826,1.6271898822018482,2.4923160106967943,9.7453476574514,9.943629248201503,6.065175749760634,9.23907957239716,4.771381401345473,1.6394626732117263,1.523299563538911,2994,3.3846703929539297,0.2271331953020384,0.9849699398797596,0.8947895791583166,0.0768203072812291,0.0140280561122244,3,3,529.3193223384459,2.8305846114355395,0.0943528203811846,0.0176439774112815,0.5365418894830659,0.989420024383012,3.2307931907308376,0.0,0.0,0.0,0.0,0.0,0.0,0.0,0.0,0.0,0.0,0.0,0.0,5.0,3.0,0.027027027027027,5.0,0.0,0.0,0.0,0.0,0.0,0.0,0.0,4.0,77.0,2.0,92.0,0.4972972972972973,24.25,1.0,0.0,0.0,4,421.0,4,8.0,105.25,17.613914953808536,110.0,0.014033333333333333,3.6555671616801653,0.7213896876674806,-0.03524181450817026,0.07542987475617255,0.04682773785550032,1.4953615221135073,0.1506718198815451,0.9439908617794052,1.3793647165769611,1.0065160821344754,2.5798099118230517,1.9255898584691336,0.4716297679709009,2.28588651008521,1.8785440826373516,2.142396368567159,1.6979661139259294,2.674731595478962,2.8113062439814307,0.9657712065228715,1.2579989642470197,1.1947563928525267,1.277382918735386,-0.31592806477928853,0.6494896819286711,0.17120513056388925,1.253070835432405,1.8327305102946398
subject_05_task_1,5,1,,1,33,160.0,190.0,0.1344827776886878,30.0,0.1055555555555555,eye,中,4.066666666666666,6,66.5,1.760681686165901,64.0,69.0,10.40498442367602,4.892553278139111,1.9877753174039008,1.210844912319279,2.79913543805306,1.4728807452003965,1.6416432006940276,2.311720856712801,4.252960693933729,2.985884570098708,1.7624835632422835,3.775474389944305,1.6146137694448013,1.6941347042158188,2.1421331061941378,8.480698755491996,3.813230939784603,2.4602253790170945,6.199336792263567,3.460950191942126,1.549951875266021,2.51982474660119,8.55943728642255,9.257777554152764,6.015403153095646,9.273361045492932,4.616389977916849,1.5390119861523377,1.541602584146114,2994,3.3990721544715448,0.2211472869950521,0.9849699398797596,0.8911155644622578,0.0791583166332665,0.0140280561122244,3,3,481.6903035359043,2.5758839761278307,0.085862799204261,0.0160563434511968,0.536541889483066,0.9894200243830118,3.230793190730838,0.0,0.0,0.0,0.0,0.0,0.0,0.0,0.0,0.0,0.0,0.0,0.0,5.0,3.0,0.0263157894736842,5.0,0.0,0.0,0.0,0.0,0.0,0.0,0.0,4.0,82.0,2.0,92.0,0.4842105263157895,24.25,1.0,0.0,0.0,4,421.0,4,8.0,105.25,17.613914953808536,110.0,0.014033333333333333,1.3508341571924052,-0.035841147024498005,-0.058250791710981194,-0.20474656555701315,-0.22578279345566643,-0.00727449388190166,-0.28632194896311414,0.7989933889060696,1.0145352565133174,1.2869287634628555,2.266779652517451,1.675676686242019,-0.20400331906794855,1.5552927394660412,1.6953457867918085,1.7090157854652872,1.5613133887709645,2.5964745322918588,2.7880163032298806,0.45231568601455263,1.3597159889084154,0.4371892314751717,0.7623439221460191,-0.3428021899999913,0.6653876576650828,0.09495939022948582,0.883751566714733,1.9340137046575894
subject_05_task_1,5,1,,1,34,165.0,195.0,0.1380217981541796,30.0,0.1083333333333333,eye,中,4.066666666666666,6,67.66666666666667,2.065591117977289,66.0,71.0,13.356521739130406,4.951923544668769,2.014364703923059,1.1450546309798078,2.673089543926677,1.420726745665024,1.7591865483303573,2.334464637411536,4.509998185497612,2.9372304331585073,1.6885965489239383,3.843348708848375,1.5900102915822725,1.739450690592885,2.2760609757834436,8.872537122648158,3.8114745120020728,2.4388664446018473,6.310542031439616,3.5470899914005676,1.5628057536476985,2.5874897928122635,8.136816304901393,8.972277607251717,5.949790115717287,9.23954932325534,4.782766216519417,1.5079990105113226,1.552920211226888,2994,3.3824738617200674,0.2132661668031983,0.9899799599198396,0.9138276553106212,0.06312625250501,0.0096860387441549,3,3,391.6883783610343,2.094590258615157,0.0698196752871718,0.0130562792787011,0.5365418894830659,0.989420024383012,3.230793190730838,0.0,0.0,0.0,0.0,0.0,0.0,0.0,0.0,0.0,0.0,0.0,0.0,5.0,3.0,0.0256410256410256,5.0,0.0,0.0,0.0,0.0,0.0,0.0,0.0,4.0,87.0,2.0,92.0,0.4717948717948718,24.25,1.0,0.0,0.0,3,341.0,3,6.0,113.66666666666667,6.350852961085883,110.0,0.011366666666666667,1.4191640403589842,0.03458828631423253,-0.33898514339868746,-0.3993231161686987,-0.3278138018586749,0.7681648891768069,-0.21480856838703566,0.9821019807507436,0.9129376112915973,0.9891201856214584,2.386749331568129,1.6033257823774925,-0.026846416823322998,2.063205517701852,1.884012026388622,1.7062886372046298,1.5080078377277377,2.722984879382945,2.9210783531864823,0.5377644835281691,1.609916041651167,0.16721623424795848,0.5479482919330203,-0.37822917393826466,0.6497075281024525,0.17680572214699353,0.7697285588110937,1.9966419149377168
subject_05_task_1,5,1,,1,35,170.0,200.0,0.1415608186196714,30.0,0.1111111111111111,eye,中,4.066666666666666,7,68.0,2.0816659994661326,66.0,71.0,11.234953187695154,4.965127014339398,1.9260585929828915,1.2251820104528095,2.8886637094835783,1.636058264684494,1.5720591524773109,2.357742510776802,4.709089787718486,2.9060975622965226,1.882194700551594,3.906204120433813,1.65061694083568,1.5439941263488122,2.0753454035807586,10.29297647671067,3.856617846619527,2.5625631372846964,6.334463975782941,3.236170832836338,1.504984517457009,2.4719250361553895,8.763934722856416,8.871315175314072,6.4676826218805,9.420985385005876,4.844082481611641,1.3716373690480668,1.4566245648996756,2994,3.3761537685060565,0.2167994951870508,0.990313961255845,0.9014696058784236,0.0754843019372077,0.0073480293921175,6,3,603.483148330048,2.583035749735573,0.0861011916578524,0.0201161049443349,0.4228140415138262,1.079819737602747,3.3332170765022875,0.0,0.0,0.0,0.0,0.0,0.0,0.0,0.0,0.0,0.0,0.0,0.0,5.0,3.0,0.025,5.0,0.0,0.0,0.0,0.0,0.0,0.0,0.0,4.0,92.0,2.0,92.0,0.46,24.25,1.0,0.0,0.0,2,220.0,2,4.0,110.0,0.0,110.0,0.007333333333333333,1.4343600566938088,-0.1993151679599719,0.002927179680135556,-0.06654212535755517,0.09344808068605828,-0.46632396375782276,-0.14161583763472885,1.1239310295364284,0.8479271811927728,1.7694357896671917,2.4978479573261416,1.7815504170484568,-0.7909582063524493,1.3020046994906986,2.567939313681287,1.77638122382093,1.8167180120038935,2.7501991860504273,2.440794664700557,0.15338593593835853,1.1826007610178217,0.5678235072288663,0.472130749905207,-0.09859923710428217,0.7338481978852759,0.206969352643942,0.2683782626545679,1.4637719109872955
subject_05_task_1,5,1,,1,36,175.0,205.0,0.1450998390851632,30.0,0.1138888888888888,eye,中,4.066666666666666,7,68.42857142857143,1.9023794624226835,66.0,71.0,9.028087382969112,4.935562029630559,1.756031684094769,1.213173061145576,3.27666615427354,1.88802044929358,1.4474700604022497,2.7009057975450323,4.402244686102805,2.568448287995792,1.8773444413174925,3.9147712782187103,1.7246339414773748,1.3681284219710337,2.0852706578827815,9.338440817078752,3.61312552705084,2.567634834799768,6.431339577062387,3.1281476058065074,1.4071804440729994,2.5047718974275104,9.038812760381226,8.055862316920175,6.784678442912539,10.13405318238292,5.841571512191929,1.1873609611278704,1.49366742545761,2995,3.344416360601001,0.1899787772473168,0.9976627712854758,0.91118530884808,0.0717863105175292,0.0003338898163606,6,3,1003.2519066084152,3.675483039417143,0.1225161013139047,0.0334417302202805,0.5743985118372292,0.928560403382806,3.392388894454904,0.0,0.0,0.0,0.0,0.0,0.0,0.0,0.0,0.0,0.0,0.0,0.0,5.0,3.0,0.024390243902439,5.0,0.0,0.0,0.0,0.0,0.0,0.0,0.0,4.0,97.0,2.0,92.0,0.448780487804878,24.25,1.0,0.0,0.0,1,10.0,0,0.0,,,,0.0,1.400333395385703,-0.6496790316278408,-0.04831632512904788,0.5324157213806615,0.5863720367415118,-1.28824447765571,0.9373941586126923,0.9053404491139657,0.14286131553083628,1.7498863625047079,2.5129906384819303,1.9992105758150291,-1.4784821000043333,1.3396455841153574,2.1083399774273,1.3983186228988145,1.829375461364872,2.8604077160920585,2.273928801047701,-0.4967867368099667,1.3040561782960791,0.7434173629702486,-0.1402319891496847,0.07255890933912355,1.0645321947323887,0.6976693406149824,-0.40913654791879966,1.6687555214069014
subject_05_task_1,5,1,,1,37,180.0,210.0,0.148638859550655,30.0,0.1166666666666666,eye,中,4.066666666666666,6,69.16666666666667,1.1690451944500122,68.0,71.0,-0.7894736842105643,4.665050377027911,1.783065646658957,1.271768080393052,3.5125971592281413,2.078432885479738,1.4020367975487191,2.761979336784848,4.438575263791299,2.5134486998608145,1.8569422985232311,3.9616499635998466,1.8244950183827455,1.3535416269313711,2.133426529596759,9.349025360853474,3.6130778497378904,2.5269314431707413,6.409348319350739,3.115586900362527,1.4298282050755895,2.5364155947612184,8.566031009230116,7.887855154954927,7.425578348356004,10.143488356465692,5.722476031738293,1.062254653430634,1.366019975900116,2995,3.317394323873122,0.1864642761685897,0.9959933222036728,0.912186978297162,0.0707846410684474,0.0003338898163606,6,3,1403.020664886783,4.767930329098713,0.1589310109699571,0.0467673554962261,0.6395997420672144,0.7922957219829595,3.4178405473664735,0.0,0.0,0.0,0.0,0.0,0.0,0.0,0.0,0.0,0.0,0.0,0.0,5.0,3.0,0.0238095238095238,5.0,0.0,0.0,0.0,0.0,0.0,0.0,0.0,4.0,102.0,2.0,92.0,0.4380952380952381,24.25,1.0,0.0,0.0,1,10.0,0,0.0,,,,0.0,1.0889986027702139,-0.5780720141840816,0.20171505345239296,0.8966214850399314,0.9588836954757681,-1.5879700004176374,1.1294279859098357,0.9312216576527219,0.028013349991009018,1.6676536023027912,2.595849972178396,2.292869838759815,-1.5355072610899074,1.5222736111691575,2.113436328982453,1.398244595886502,1.727791895540321,2.835389815256778,2.2545260020420748,-0.3462310923123749,1.4210627449829978,0.4414013439520217,-0.2663966408801493,0.41860523737690064,1.0689077409120318,0.6390820789665943,-0.8691052293016799,0.962394439215989
subject_05_task_1,5,1,,1,38,185.0,215.0,0.1521778800161468,30.0,0.1194444444444444,eye,中,4.066666666666666,6,69.16666666666667,1.1690451944500122,68.0,71.0,-0.7894736842105643,4.52472167144008,1.6528048827157515,1.2182991527918476,3.545617881635477,2.134634891430721,1.3566494558649187,2.910301524473984,4.7306382914967875,2.4803174427416237,1.7490362859122726,3.90394187071502,1.8583655318429024,1.418105194683211,2.232053103849003,9.0393802139655,3.539266773486786,2.4445340052428435,6.335796597629053,3.095791043695799,1.4478288155926842,2.591821829453195,9.339657167474344,7.4535934641064685,7.2017115004226016,10.308803329715833,5.981786826357009,1.0349752921467468,1.4314379754188855,2995,3.293731552587646,0.1750287238267546,0.9959933222036728,0.9242070116861436,0.0621035058430717,0.0003338898163606,6,3,1802.7894231651503,5.860377618780285,0.1953459206260095,0.0600929807721716,0.6758842119564382,0.6725758330719498,3.4320043864603584,1.0,1.0,0.0333333333333333,1.0,0.0,0.0,0.0,0.0,0.0,0.0,0.0,1.0,6.0,3.0,0.027906976744186,6.0,0.0,0.0,0.0,0.0,0.0,0.0,0.0,5.0,3.0,3.0,196.0,0.9116279069767442,40.2,1.0,1.0,0.0166666666666666,1,10.0,0,0.0,,,,0.0,0.9274927747149546,-0.923104111264618,-0.026442729429063255,0.9475954442415151,1.0688339848598352,-1.8873925789105703,1.5957981640517478,1.1392817714036858,-0.041170031284097595,1.2327282442723664,2.4938493702746882,2.3924721094993586,-1.2831044651846306,1.8963085113729137,1.9643452996972204,1.2836405397348203,1.5221523843219509,2.7517152158125313,2.223946905210154,-0.2265683354755567,1.6259342941572474,0.9355987023576942,-0.592504613569501,0.29773097910541296,1.145572282901051,0.7666461923545288,-0.9694011461876838,1.3243971983391127
subject_05_task_1,5,1,,1,39,190.0,220.0,0.1557169004816385,30.0,0.1222222222222222,eye,中,4.066666666666666,6,69.0,1.2649110640673518,68.0,71.0,-7.03078450844094,4.223242002336726,1.7394408077906909,1.292933948286941,3.5546727225936188,2.160017308178421,1.3453439056924323,2.7493072846477147,4.718830427994796,2.631313213808789,1.8290911138630015,3.880828089532035,1.8581440115904124,1.4385905622008688,2.121724861117393,9.688522275346983,3.8753885184489785,2.57152008184266,6.344450858730887,2.909099165447148,1.5070419032745848,2.4671986439183,9.38928739066573,7.372832995742345,7.42960555881637,10.045525665837523,5.782066950144362,0.9923586033438,1.3520940763695004,2995,3.2921398998330553,0.1771259250193241,0.9936560934891486,0.9218697829716194,0.0651085141903172,0.0003338898163606,3,2,2260.879428956833,7.264703237410069,0.2421567745803356,0.0753626476318944,0.6851044296534313,0.622961842488895,3.43560354831306,1.0,1.0,0.0333333333333333,1.0,0.0,0.0,0.0,0.0,0.0,0.0,0.0,1.0,6.0,3.0,0.0272727272727272,6.0,0.0,0.0,0.0,0.0,0.0,0.0,0.0,5.0,8.0,3.0,196.0,0.8909090909090909,40.2,1.0,1.0,0.0166666666666666,1,10.0,0,0.0,,,,0.0,0.5805165562969244,-0.6936246117880777,0.29203213494408825,0.9615733665862608,1.118490647810809,-1.9619758626708372,1.0895831905714277,1.1308700753301326,0.27413336825450496,1.5553967765076022,2.4529951421226603,2.391820689786199,-1.2030196090242984,1.4778957907380932,2.2769006846479725,1.8055258351395473,1.8390718830371335,2.761560557488176,1.9355598392291282,0.16706283087335513,1.165124328897847,0.9673028076763819,-0.6531515303173504,0.42077968206039684,1.0234777071929646,0.6683969506579953,-1.1260866284339879,0.8853328645662197
subject_05_task_1,5,1,,1,40,195.0,225.0,0.1592559209471303,30.0,0.125,eye,中,4.066666666666666,6,68.66666666666667,0.816496580927726,68.0,70.0,-3.1803797468354227,4.154786864084241,1.6442490390144031,1.192018871348412,3.43417347498552,1.9748160142431728,1.3793817183065469,2.8809724053284342,4.3946914097262235,2.4056791182534254,1.6916806087508374,3.8676953338363074,1.77739312019436,1.4220646059363506,2.2863035219705403,8.501003568944581,3.6134990599165855,2.473124733306591,6.139368216941741,2.8640638313734743,1.4611066766071696,2.482433714021916,9.440673134541024,6.317201541081599,6.800975412469349,9.343277838992178,5.655890058839809,0.9288669871529358,1.373814382840086,2995,3.3183579298831387,0.1903138429472655,0.9926544240400668,0.9085141903171954,0.0754590984974958,0.0003338898163606,3,2,2750.6501124100714,8.838444244604315,0.2946148081534771,0.0916883370803357,0.6851044296534312,0.622961842488895,3.4356035483130594,1.0,1.0,0.0333333333333333,1.0,0.0,0.0,0.0,0.0,0.0,0.0,0.0,1.0,6.0,3.0,0.0266666666666666,6.0,0.0,0.0,0.0,0.0,0.0,0.0,0.0,5.0,13.0,3.0,196.0,0.8711111111111111,40.2,1.0,1.0,0.0166666666666666,1,10.0,0,0.0,,,,0.0,0.5017307958084188,-0.9457666583371706,-0.1385835749002172,0.775559152371729,0.7561737603985726,-1.737426698937482,1.503578471679605,0.8999596395180015,-0.19702682966109383,1.0015507795424603,2.429782644210244,2.154358327228562,-1.2676256664560277,2.102049711267015,1.7051223506020778,1.3988985952240354,1.593506342554865,2.5282525192398317,1.8659927644274912,-0.1383010262984295,1.221457924408501,1.0001283508825665,-1.4458759194153927,0.08135826540920316,0.697811453559542,0.6063260935886715,-1.3595213410054379,1.0055262506249882
subject_05_task_1,5,1,,1,41,200.0,230.0,0.1627949414126221,30.0,0.1277777777777777,eye,中,4.066666666666666,6,68.16666666666667,0.752772652709081,67.0,69.0,-2.828438948995375,3.6430785200436833,1.771580889141693,1.1310904293458572,3.1487173569022504,1.731429964131429,1.5662592867718368,2.783789231355486,4.209748562077988,2.6325729394021207,1.4998781825570864,3.664226678184573,1.7139997577399857,1.7551911682013703,2.4430161867796287,7.960795582477337,3.7911357094528553,2.409587437246946,5.753911986378707,2.76719718589527,1.5733546958496705,2.387924130677238,8.674134614289818,6.0668562398688755,5.398808493458649,8.489997370889423,4.874007976248545,1.123739848749896,1.5725687216311055,2995,3.379752587646077,0.295342346143137,0.9826377295492488,0.9225375626043406,0.0641068447412353,0.0006677796327212,3,2,2938.6241007194244,9.442446043165468,0.3147482014388489,0.0979541366906474,0.6851044296534312,0.622961842488895,3.4356035483130594,1.0,1.0,0.0333333333333333,1.0,0.0,0.0,0.0,0.0,0.0,0.0,0.0,1.0,6.0,3.0,0.0260869565217391,6.0,0.0,0.0,0.0,0.0,0.0,0.0,0.0,5.0,18.0,3.0,196.0,0.8521739130434782,40.2,1.0,1.0,0.0166666666666666,2,20.0,0,0.0,,,,0.0,-0.0871998829209552,-0.6084926093862618,-0.3985719244965749,0.3349016665201633,0.28002764801300273,-0.5045859698595286,1.198004943778626,0.7682098928231856,0.27676387743536546,0.22847301617277135,2.070146338320952,1.9679388666054405,0.03468891487545655,2.6963723508491,1.4450176289878134,1.6747092403471882,1.4349361389852402,2.0897461873596157,1.7163607186044947,0.6078907442125742,0.8719968058307939,0.5104586211463238,-1.6338722367771181,-0.6757251878703783,0.3021040654798706,0.2216907574997064,-0.6430473691016023,2.1053706292259813
subject_05_task_1,5,1,,1,42,205.0,235.0,0.1663339618781139,30.0,0.1305555555555555,eye,中,4.066666666666666,6,67.83333333333333,0.752772652709081,67.0,69.0,-2.9818857408267276,3.985941276617835,1.8373243735523284,1.0197038367463358,2.603192912739591,1.3330043175684263,1.8018215753849185,2.5528911620513672,4.273588784710052,2.8435875038216767,1.4651918230099126,3.547147336532707,1.5880167333533153,1.940761243111605,2.420943988921449,8.028158070932234,4.009684079343785,2.420167126547714,5.567138001219847,2.6484933075217487,1.6567798295250225,2.3003113876524637,9.86319707720014,7.42675022297686,5.686287532584778,7.749487787071371,4.238589808421582,1.3060806686996589,1.3628378344682013,2994,3.346379091516366,0.2964655525228057,0.9829659318637276,0.9261857047428188,0.0634602538410153,0.0003340013360053,3,2,2938.6241007194244,9.442446043165468,0.3147482014388489,0.0979541366906474,0.6851044296534312,0.622961842488895,3.4356035483130594,1.0,1.0,0.0333333333333333,1.0,0.0,0.0,0.0,0.0,0.0,0.0,0.0,1.0,6.0,3.0,0.025531914893617,6.0,0.0,0.0,0.0,0.0,0.0,0.0,0.0,5.0,23.0,3.0,196.0,0.8340425531914893,40.2,1.0,1.0,0.0166666666666666,1,10.0,0,0.0,,,,0.0,0.3074045793510825,-0.43435258741100885,-0.8738707410311785,-0.5072222705998914,-0.4994287859057919,1.049430309472375,0.47199101833897933,0.813688446158283,0.7173961484149831,0.08866637352332797,1.86320546188592,1.5974633697308929,0.7601507716880417,2.612664968880756,1.477451990836826,2.0140421823250385,1.4613398985117914,1.8772666147683816,1.532996217021225,1.162476460935473,0.5480376252317523,1.2700393590614867,-0.6126624933218799,-0.5205042789070817,-0.041306013872044064,-0.0908938201250539,0.027351014947409248,0.9447854632957976
subject_05_task_1,5,1,,1,43,210.0,240.0,0.1698729823436057,30.0,0.1333333333333333,eye,中,4.066666666666666,6,67.5,1.0488088481701516,66.0,69.0,-6.438287153652434,3.925918999916127,1.892232606287227,1.0899994612151902,2.4815304923519643,1.232580923175833,1.7359940748756555,2.276634604557896,4.393957533021797,2.8926198879420277,1.6393376586987092,3.3754488543289995,1.5398433474577649,1.7645052394136802,2.059032095320984,8.84430190250417,4.061859824444939,2.467977850786192,5.39763463487826,2.638196378633893,1.6458250721946328,2.1870676972075764,9.21494577939978,7.638279699781688,5.791715969228609,7.6587863261069264,4.299233993806662,1.3188284336393348,1.3223691159576991,2994,3.350310955243821,0.3070011288537825,0.982631930527722,0.9124916499665998,0.0718102872411489,0.002004008016032,3,2,2938.6241007194244,9.442446043165468,0.3147482014388489,0.0979541366906474,0.6851044296534312,0.622961842488895,3.4356035483130594,1.0,1.0,0.0333333333333333,1.0,0.0,0.0,0.0,0.0,0.0,0.0,0.0,1.0,6.0,3.0,0.025,6.0,0.0,0.0,0.0,0.0,0.0,0.0,0.0,5.0,28.0,3.0,196.0,0.8166666666666667,40.2,1.0,1.0,0.0166666666666666,2,60.0,1,2.0,50.0,,50.0,0.0016666666666666668,0.2383242906114146,-0.28891276260107274,-0.5739115956990771,-0.6950320700556135,-0.6958911912517135,0.615162973977304,-0.39664382273502946,0.8994368397928812,0.8197836344443263,0.7905775840647642,1.5597237896413654,1.4558009579681248,0.07110105406026591,1.2401375336360658,1.8704170513803904,2.095053763852263,1.5806612537704376,1.684434605522541,1.517090323639891,1.089652460805707,0.12930478000895826,0.8559322667120455,-0.453814843854836,-0.46357944078260577,-0.08336866449506113,-0.06106080930822278,0.07421973594005318,0.7208442259185291
subject_05_task_1,5,1,,1,44,215.0,245.0,0.1734120028090975,30.0,0.1361111111111111,eye,中,4.066666666666666,6,67.5,1.0488088481701516,66.0,69.0,-6.438287153652434,4.214866156629862,1.9155669353186957,1.01946464380322,2.437637841473035,1.2126132143274324,1.8789930057529725,2.391096009351703,4.356117945073181,2.859343119496448,1.6084907826693584,3.3677550728486843,1.5526183841636116,1.7776558935272524,2.0937360096398887,8.570431678881869,3.8750825495100503,2.4364728477091244,5.3178801141989975,2.5558820144396166,1.5904476641935774,2.1826141502865894,8.65055728377853,7.975155506775113,6.2968731489677765,7.540279327148926,4.388880130235826,1.2665263088684662,1.1974640664922678,2994,3.389673346693387,0.3166715504689367,0.977621910487642,0.9118236472945892,0.0704742818971276,0.0046760187040748,3,2,2585.8912544964032,8.309037769784174,0.2769679256594725,0.0861963751498801,0.6851044296534313,0.622961842488895,3.4356035483130594,0.0,0.0,0.0,0.0,0.0,0.0,0.0,0.0,0.0,0.0,0.0,0.0,6.0,3.0,0.0244897959183673,6.0,0.0,0.0,0.0,0.0,0.0,0.0,0.0,5.0,33.0,3.0,196.0,0.8,40.2,1.0,1.0,0.0166666666666666,4,140.0,2,4.0,50.0,0.0,50.0,0.0033333333333333335,0.5708767047007478,-0.2271052602037644,-0.8748914035735288,-0.7627889824439039,-0.7349548390534167,1.5585341214508104,-0.03674226939533644,0.8724806412122874,0.7502964021702309,0.6662463417496995,1.5461248245278587,1.493368226211051,0.12251181064991026,1.3717498828164474,1.7385512884553278,1.805050767124846,1.5020341314153636,1.5937035197573852,1.3899375079910805,0.7215197632180083,0.11283722789870922,0.4953972709931957,-0.20083861136222242,-0.19082579291039797,-0.1383260867961933,-0.016960717258237744,-0.11807543931681161,0.029658728539888792
subject_05_task_1,5,1,,1,45,220.0,250.0,0.1769510232745892,30.0,0.1388888888888889,eye,中,4.066666666666666,5,67.6,1.3416407864998738,66.0,69.0,-0.1115241635687691,4.205147014288633,1.9066895403099045,1.1141941780598492,2.576068627432131,1.205687623488964,1.7112722161499987,2.3120463902601336,4.963331440529088,2.824364598490964,1.6914014661845034,3.4135168619907073,1.5093593404432166,1.669836910371268,2.018158864252959,9.268627693843914,3.886545212049418,2.4416902875322064,5.431352702947458,2.5703558716773895,1.591743732567128,2.224423273779278,8.823359564873238,8.136011532982492,7.289309889669405,8.007618728582958,4.49688490882103,1.1161566260906337,1.0985427769961542,2994,3.4128712605042013,0.3157442205466299,0.9719438877755512,0.8997995991983968,0.0754843019372077,0.0110220440881763,6,3,2250.228505677419,7.61091002755728,0.253697000918576,0.0750076168559139,0.6832672928802961,0.6945977367281729,3.4401490199396427,0.0,0.0,0.0,0.0,0.0,0.0,0.0,0.0,0.0,0.0,0.0,0.0,6.0,3.0,0.024,6.0,0.0,0.0,0.0,0.0,0.0,0.0,0.0,5.0,38.0,3.0,196.0,0.784,40.2,1.0,1.0,0.0166666666666666,6,330.0,4,8.0,72.5,26.299556396765833,70.0,0.009666666666666667,0.5596908384502773,-0.25061952592564374,-0.4706700832847215,-0.5490939230603906,-0.7485036564659014,0.45207162713563204,-0.28529837224255705,1.3050479193378586,0.6772556374791743,1.0004256691091606,1.6270100141665587,1.3661573119259454,-0.2989923556755154,1.0851284499337999,2.0747256595369428,1.8228484702343413,1.5150553102530926,1.7227932703325874,1.4122955948097808,0.7301356440227613,0.2674317414436809,0.6057844779579828,-0.08004409112981548,0.3450286939020868,0.0784017779577768,0.036170637501365774,-0.6709280170994226,-0.5177407639092182
subject_05_task_1,5,1,,1,46,225.0,255.0,0.180490043740081,30.0,0.1416666666666666,eye,中,4.066666666666666,6,67.83333333333333,1.3291601358251257,66.0,69.0,6.466729147141531,4.551607235952243,1.94799252868186,1.1311948942870729,2.7262988478238075,1.2915635933222167,1.7220662314866333,2.4101053333891125,5.179527311971158,3.1267913088500485,1.708741849367813,3.365669921603248,1.4946867970929956,1.8298792822373224,1.9696772352409184,9.307205621153866,3.9633055334201823,2.407635976008356,5.5621992075496856,2.4585472653805476,1.6461398537460743,2.3102326360695575,8.620418239665055,9.53200824610254,7.683725275705146,8.96367267509953,4.536849827871152,1.240545165798861,1.166579016488447,2995,3.4593645270270272,0.3130429281233418,0.9649415692821368,0.8871452420701169,0.0814691151919866,0.01669449081803,6,3,1987.6886311806172,7.328253162160963,0.2442751054053654,0.0662562877060205,0.6799580041579183,0.7681722446262624,3.448336912214028,0.0,0.0,0.0,0.0,0.0,0.0,0.0,0.0,0.0,0.0,0.0,0.0,6.0,3.0,0.0235294117647058,6.0,0.0,0.0,0.0,0.0,0.0,0.0,0.0,5.0,43.0,3.0,196.0,0.7686274509803922,40.2,1.0,1.0,0.0166666666666666,9,501.0,6,12.0,75.16666666666667,20.788618681063603,80.5,0.015033333333333333,0.9584356622808368,-0.1412169993146198,-0.3981261611262233,-0.31718412318911327,-0.5805009744524067,0.5232802898262903,0.02302884088699476,1.4590617223108409,1.3087711376389755,1.070317718513086,1.5424392637778397,1.3230100878094426,0.32667229590584035,0.9012650094085745,2.093300544201331,1.9420317233096493,1.430065871834259,1.8716480979965748,1.2395823722322643,1.091745035844264,0.5847226940557294,0.4761442560491876,0.9682769272568641,0.5579886193132633,0.521770194535404,0.05583078883731599,-0.21359829774427844,-0.14124948325632886
subject_05_task_1,5,1,,1,47,230.0,260.0,0.1840290642055728,30.0,0.1444444444444444,eye,中,4.066666666666666,6,68.0,1.2649110640673518,66.0,69.0,5.546045874700473,4.683087674765387,1.867152068308065,1.1860989664951147,2.9051496051794685,1.358841009494201,1.5741958479446625,2.449331537455171,5.520440721090995,2.8131158383766053,1.7802268310005789,3.4518453340545268,1.4656640270959376,1.5802007864332042,1.938991859882492,9.14738975373464,3.689388067321401,2.3856688741408223,5.6256471110369475,2.4595210943630903,1.546479525013756,2.3581005612369297,9.265659057126031,8.139252271049344,7.268076373630468,8.891033119133967,4.564918535056859,1.119863338335246,1.2232993521355662,2995,3.3982550675675673,0.244996351073231,0.9739565943238732,0.8747913188647746,0.0874791318864774,0.0186978297161936,6,3,1725.1487566838148,7.045596296764644,0.2348532098921548,0.0575049585561271,0.6756414744744574,0.8260585229887732,3.459016935328471,0.0,0.0,0.0,0.0,0.0,0.0,0.0,0.0,0.0,0.0,0.0,0.0,6.0,3.0,0.023076923076923,6.0,0.0,0.0,0.0,0.0,0.0,0.0,0.0,5.0,48.0,3.0,196.0,0.7538461538461538,40.2,1.0,1.0,0.0166666666666666,10,561.0,7,14.0,73.0,19.82422760159901,80.0,0.017033333333333334,1.10975792421316,-0.3553455882110267,-0.1638444586843729,-0.04109291306481679,-0.44888340579171754,-0.45222807616991995,0.14636798564435521,1.701921913270127,0.6537664213270618,1.3584446771332916,1.6947566165081343,1.2376634691861688,-0.6494130198965459,0.7848927091748704,2.016350808643986,1.5167289874585175,1.3752425156168406,1.9438282969858331,1.2410866673611007,0.4292325242798734,0.7617203918656604,0.8883282342233901,-0.07761046517737771,0.33356390791257834,0.48808372210704526,0.06963877454556612,-0.6572998349973159,0.17262312296354687
subject_05_task_1,5,1,,1,48,235.0,265.0,0.1875680846710646,30.0,0.1472222222222222,eye,中,4.066666666666666,6,67.83333333333333,1.4719601443879746,66.0,69.0,0.3420195439739261,4.772803623729467,1.921251267495788,1.2263146555622306,2.9905748077014476,1.4935124686729475,1.5666870315718022,2.4386684071147737,5.455673750358767,2.835272723394094,1.814847804720082,3.5010041720165948,1.4944327869887477,1.5622647342769331,1.9290896806394089,8.98482502428643,3.640792942009755,2.4559774523002327,5.460212314624538,2.3411236723654447,1.4824211592821592,2.2232338939067144,9.471337301825962,7.930342884137855,7.534063129083473,9.210514701988666,4.398570157988907,1.0525984118084486,1.222516263028597,2995,3.419693243243243,0.2342230485096374,0.9709515859766276,0.8741235392320534,0.0824707846410684,0.0207011686143572,6,3,1462.6088821870126,6.762939431368326,0.2254313143789442,0.0487536294062337,0.6697753013078215,0.8624187386929854,3.473531109817539,0.0,0.0,0.0,0.0,0.0,0.0,0.0,0.0,0.0,0.0,0.0,0.0,6.0,3.0,0.0226415094339622,6.0,0.0,0.0,0.0,0.0,0.0,0.0,0.0,5.0,53.0,3.0,196.0,0.7396226415094339,40.2,1.0,1.0,0.0166666666666666,11,621.0,8,16.0,71.375,18.920416032876837,70.0,0.019033333333333333,1.2130129821609303,-0.2120487152228087,0.00776030068238337,0.09077763581133408,-0.1854201066099782,-0.5017641158757712,0.11283985290925704,1.6557831623172299,0.700033552650181,1.4979877760392337,1.7816461810450381,1.3222631259069124,-0.7195316621801683,0.7473393352179317,1.9380775236191845,1.44127691775874,1.5507118264443382,1.7556248124184908,1.0581955557073721,0.0033913765796655584,0.2630338591763972,1.0197168178810438,-0.23449056323155962,0.4771803123611107,0.6362427711147957,-0.012193851301717311,-0.9046075857201905,0.1682897526457837
subject_05_task_1,5,1,,1,49,240.0,270.0,0.1911071051365564,30.0,0.15,eye,中,4.066666666666666,5,68.2,1.3038404810405295,66.0,69.0,-10.761670761670857,4.732619449094305,1.8853229811144496,1.1461590968339788,2.9301814207603596,1.394691090789863,1.644905132561661,2.55652241373328,5.279596626295997,2.78952267314352,1.770078199747646,3.331356165674993,1.3764751387631688,1.5759318845581018,1.882038977797666,8.436550545930643,3.605528509200795,2.442988700373436,5.369132001741866,2.1835160688567536,1.4758678616277074,2.1977719344019637,9.556572971340897,7.438069084097266,6.917749688874004,8.623780061802563,3.925773136752861,1.075215123215589,1.2466163781081023,2995,3.4078489864864867,0.2315540745805819,0.9729549248747912,0.8884808013355593,0.0724540901502504,0.0190317195325542,6,3,1200.0690076902104,6.480282565972009,0.2160094188657336,0.0400023002563403,0.661342435130907,0.8462217982512875,3.494395835023887,0.0,0.0,0.0,0.0,0.0,0.0,0.0,0.0,0.0,0.0,0.0,0.0,6.0,3.0,0.0222222222222222,6.0,0.0,0.0,0.0,0.0,0.0,0.0,0.0,5.0,58.0,3.0,196.0,0.725925925925926,40.2,1.0,1.0,0.0166666666666666,10,571.0,7,14.0,74.42857142857143,18.182932866263563,80.0,0.017366666666666666,1.16676458008252,-0.3072148390762522,-0.3342722663715773,-0.0024513978846872884,-0.378748421351159,0.014244634898087664,0.4834087807126106,1.530349187502779,0.6045001064409394,1.3175396619779793,1.4817887798804723,0.9753876754303629,-0.6661017315994459,0.5689025895907511,1.6740888671508765,1.3865229805034922,1.5182957627324978,1.6520091727118917,0.814735611019068,-0.0401730160257539,0.1688850487085802,1.0741659109828334,-0.6041626165634306,0.14440915559639775,0.3641455643427435,-0.24477935903236844,-0.8214544728624815,0.3016522555982402
subject_05_task_1,5,1,,1,50,245.0,275.0,0.1946461256020482,30.0,0.1527777777777778,eye,中,4.066666666666666,6,67.5,2.073644135332772,64.0,69.0,-13.266331658291548,4.578225522850114,1.8962198997562325,1.130533353172778,2.8534031051548125,1.3846517314073594,1.6772790421747383,2.523944204871884,4.808924623259249,2.8245710259345262,1.6574817574923228,3.290914279384696,1.3491270993096902,1.7041340051958969,1.9854904975628,8.285902192011429,3.4993310003313445,2.4030093452306422,5.149202773724897,2.085428818659055,1.4562286273570346,2.142814294062046,9.22693833893913,7.339660643075671,6.075536780243893,8.425624618112119,3.811502782286359,1.208067847921255,1.386811556389571,2995,3.356968824127414,0.2241879652735583,0.9739565943238732,0.8978297161936561,0.0624373956594323,0.0193656093489148,3,3,1232.0000000000002,7.000000000000001,0.2333333333333333,0.0410666666666666,0.6582792207792209,0.8194952443606505,3.501974886363637,0.0,0.0,0.0,0.0,0.0,0.0,0.0,0.0,0.0,0.0,0.0,0.0,6.0,3.0,0.0218181818181818,6.0,0.0,0.0,0.0,0.0,0.0,0.0,0.0,5.0,63.0,3.0,196.0,0.7127272727272728,40.2,1.0,0.0,0.0,9,581.0,7,14.0,80.14285714285714,15.279927698657165,81.0,0.0187,0.989070937143843,-0.27835129968898414,-0.4009490296723855,-0.12097378146446071,-0.39838883187849206,0.22781694675050285,0.3809729597006041,1.1950514565281865,0.6776866911057311,0.8637090850164583,1.4103066612118755,0.8949658999221364,-0.1649123640239074,0.9612357834043694,1.6015531972988715,1.221633564337295,1.4185191767470957,1.401811221805511,0.6632180701382264,-0.17072886093784836,-0.03432776620285575,0.8635931907665267,-0.678062244076903,-0.31033374884482384,0.27225130918551477,-0.30099297125579194,-0.3330051394453954,1.0774485460226908
subject_05_task_1,5,1,,1,51,250.0,280.0,0.1981851460675399,30.0,0.1555555555555555,eye,中,4.066666666666666,6,66.5,2.588435821108957,63.0,69.0,-15.614754098360672,4.37390771268258,1.8464045582927568,1.0534743677101284,2.672459731891034,1.307317629834001,1.7526810474811754,2.5368056535632597,4.242848544381476,2.6626748995171656,1.663060288720727,3.133511780850803,1.2584029106777046,1.6010693764838615,1.884184116536863,7.700212288704617,3.505045441764617,2.414615998891064,4.760329455978095,2.012434718537153,1.451595385508231,1.9714643894367976,10.01006757669001,6.973230879318224,5.4728399784814385,7.667089246825154,3.5900515725151707,1.2741521598906866,1.4009343004676265,2995,3.3230289562289563,0.2161930791222165,0.9819699499165276,0.9138564273789648,0.0530884808013355,0.0130217028380634,3,3,1077.8920653657465,6.124386735032649,0.2041462245010883,0.0359297355121915,0.6582792207792207,0.8194952443606506,3.501974886363636,0.0,0.0,0.0,0.0,0.0,0.0,0.0,0.0,0.0,0.0,0.0,0.0,6.0,3.0,0.0214285714285714,6.0,0.0,0.0,0.0,0.0,0.0,0.0,0.0,5.0,68.0,3.0,196.0,0.7,40.2,1.0,0.0,0.0,7,391.0,5,10.0,74.2,13.535139452550904,80.0,0.012366666666666666,0.7539193551541457,-0.41030117631814345,-0.7297681787188023,-0.4002953545290081,-0.5496807066678626,0.7252477725009642,0.42141327554823277,0.7917896870111826,0.33962160046939166,0.8861938811190178,1.132093523521684,0.6281752824908942,-0.5678300055310356,0.5770378894358683,1.319549389380084,1.230506191592672,1.4474859340350907,0.9594175111573334,0.5504624721681652,-0.2015292880785292,-0.6679156756970571,1.363861177393413,-0.953231962958873,-0.6357527626387133,-0.07951819891702246,-0.4099326213566839,-0.09003806291528167,1.1555993968627405
subject_05_task_1,5,1,,1,52,255.0,285.0,0.2017241665330317,30.0,0.1583333333333333,eye,中,4.066666666666666,6,64.5,2.073644135332772,63.0,68.0,-11.603683709114,4.015847145960965,1.8685690440614096,1.0538709572041236,2.4100986444567667,1.1916139273007234,1.7730529827092365,2.286901093517806,4.284929143667674,2.6327153361575273,1.6002238234104358,2.9357664921481668,1.2344948886980984,1.6452169363074602,1.834597416436027,7.706995622213709,3.372482030217177,2.4297573853996157,4.521009192391157,1.8965348751602968,1.387991266322466,1.8606833832702183,9.86680249451961,7.756200405830429,5.38695478778375,7.319258657415144,3.573208869843914,1.4398116767973492,1.3587005916614283,2994,3.2691510887772193,0.1759621623914804,0.9886439545758184,0.9128256513026052,0.0571142284569138,0.0073480293921175,6,3,850.6612564093114,4.833302593234724,0.1611100864411574,0.0283553752136437,0.6582792207792209,0.8194952443606505,3.5019748863636364,0.0,0.0,0.0,0.0,0.0,0.0,0.0,0.0,0.0,0.0,0.0,0.0,6.0,3.0,0.0210526315789473,6.0,0.0,0.0,0.0,0.0,0.0,0.0,0.0,5.0,73.0,3.0,196.0,0.6877192982456141,40.2,1.0,0.0,0.0,4,220.0,3,6.0,70.0,17.320508075688775,60.0,0.007,0.341823568479088,-0.3515923312755619,-0.7280758878178344,-0.8053011324760839,-0.7760366055558339,0.859642454995758,-0.3643628514270805,0.8217671009378223,0.277061224710363,0.6329255829846341,0.7825734222154972,0.5578694903787994,-0.39524091357283514,0.38898353832138893,1.3228154963577639,1.0246792963316234,1.4852743337607184,0.6871597485137658,0.371429425349732,-0.6243507385353462,-1.077542434826311,1.2723425228005152,-0.36526251884426775,-0.6821254561300547,-0.24082405223824563,-0.4182181400389069,0.5190294649545847,0.9218912549398176
subject_05_task_1,5,1,,1,53,260.0,290.0,0.2052631869985235,30.0,0.1611111111111111,eye,中,4.066666666666666,5,63.8,1.3038404810405295,63.0,66.0,-9.018404907975423,3.93067516328654,1.9242893532617469,1.0056180780018655,2.1933952107465573,1.0326535205097305,1.9135389422247209,2.1811413882940243,4.062771155098896,2.696478023894032,1.5800779142802126,2.675842341003665,1.10811355580667,1.7065475059958568,1.693487591225915,7.70891088083517,3.609039781199429,2.4308409782295746,4.2631949459801,1.760916646779061,1.484687732978715,1.7537942564573112,10.179191146191553,9.179613643166206,5.850988472807497,7.163808085381429,3.4865593173598888,1.5688996288111854,1.2243756962905104,2994,3.2683120376597175,0.156023416732243,0.9843019372077488,0.9278557114228456,0.0440881763527054,0.0096860387441549,6,3,623.4304474528763,3.542218451436797,0.1180739483812265,0.0207810149150958,0.6582792207792207,0.8194952443606507,3.5019748863636364,0.0,0.0,0.0,0.0,0.0,0.0,0.0,0.0,0.0,0.0,0.0,0.0,6.0,3.0,0.0206896551724137,6.0,0.0,0.0,0.0,0.0,0.0,0.0,0.0,5.0,78.0,3.0,196.0,0.6758620689655173,40.2,1.0,0.0,0.0,5,290.0,3,6.0,86.66666666666667,25.16611478423583,90.0,0.008666666666666666,0.24379821057872944,-0.20400149462308642,-0.9339762196618931,-1.1398253700903802,-1.087017369169894,1.7864354038587171,-0.6969036083691651,0.6635059997794962,0.41020794838976643,0.5517255967252874,0.32315051390759564,0.18622269648286344,-0.15547709935311088,-0.14616634182395022,1.323737674154157,1.3919748182727492,1.487978659350398,0.39386268769044375,0.16193695388657192,0.018458890920142964,-1.4727784785998153,1.4718983997664115,0.7036468851140507,-0.43157595311960206,-0.31291399468322434,-0.4608441068997874,0.9936371499157196,0.17857927504282353
subject_05_task_1,5,1,,1,54,265.0,295.0,0.2088022074640153,30.0,0.1638888888888889,eye,中,4.066666666666666,5,63.8,1.3038404810405295,63.0,66.0,5.915492957746404,3.952525670525655,2.285540136608242,1.3237699417421478,2.7416543739634474,1.4610935365529318,1.7265387772745138,2.0710958056316735,3.862623619596014,2.668395684032529,1.6495052159897192,2.8169809564820167,1.2577508405791844,1.617694602094038,1.707773294182523,7.728729228272142,3.9486351851354575,2.3697754834872145,4.493924505197409,1.9744929336596035,1.666248643658382,1.8963503236958248,9.741465183795691,9.730242552864883,6.926067786863743,7.752296602425562,4.0875901298220985,1.4048725557263029,1.1192926262039882,2994,3.271981443994602,0.1701194970014119,0.98062792251169,0.9248496993987976,0.0490981963927855,0.0110220440881763,9,3,396.19963849644114,2.25113430963887,0.0750378103212956,0.013206654616548,0.6582792207792207,0.8194952443606506,3.5019748863636364,0.0,0.0,0.0,0.0,0.0,0.0,0.0,0.0,0.0,0.0,0.0,0.0,6.0,3.0,0.0203389830508474,6.0,0.0,0.0,0.0,0.0,0.0,0.0,0.0,5.0,83.0,3.0,196.0,0.6644067796610169,40.2,1.0,0.0,0.0,5,330.0,3,6.0,100.0,10.0,100.0,0.01,0.26894619616227716,0.7528723296727163,0.423612703609329,-0.2934798579309139,-0.24884259318860538,0.5527858995966209,-1.0429204706442505,0.5209247243237869,0.35156751652368673,0.8315588824010378,0.5726168021001331,0.6262577543562714,-0.5028358676188697,-0.09198873786450032,1.3332800094621913,1.9192535509271247,1.3355773370894393,0.6563474126641029,0.4918529594161083,1.2254223483595246,-0.945659418773646,1.192276243746548,1.1171405946216781,0.14890041427994505,-0.04000343045550765,-0.16517588057968632,0.3905715019346992,-0.40291758496946056
subject_05_task_1,5,1,,1,55,270.0,300.0,0.2123412279295071,30.0,0.1666666666666666,eye,中,4.066666666666666,6,64.16666666666667,1.4719601443879746,63.0,66.0,7.286949361877246,4.222690971772298,2.3097894481073062,1.2686921650358602,2.712383936644971,1.454666371578022,1.8206066938562824,2.137937012142188,4.213695254955483,2.698251037117224,1.5918267734205094,2.907137057009179,1.2122038517468336,1.6950657459537737,1.826289836024266,8.255212499386186,4.293235358615876,2.4359895062310697,4.474755201747363,1.9414933477742544,1.762419479900926,1.8369353358466,10.638412980477009,10.53543700102619,7.019449918476,7.672510865874124,3.8101116457083335,1.5008921102629007,1.0930359152045792,2994,3.2812968960863693,0.2064926468586648,0.977621910487642,0.9131596526386104,0.0584502338009352,0.012692050768203,9,3,168.96882954000597,0.9600501678409432,0.0320016722613647,0.0056322943180001,0.6582792207792207,0.8194952443606507,3.501974886363637,0.0,0.0,0.0,0.0,0.0,0.0,0.0,0.0,0.0,0.0,0.0,0.0,6.0,3.0,0.02,6.0,0.0,0.0,0.0,0.0,0.0,0.0,0.0,5.0,88.0,3.0,196.0,0.6533333333333333,40.2,1.0,0.0,0.0,8,380.0,3,6.0,100.0,10.0,100.0,0.01,0.5798823692486016,0.8171034192656594,0.1885897850074712,-0.3386645168029762,-0.261416319641124,1.1733566819216903,-0.8327513390180159,0.7710214413285985,0.41391028450652184,0.5990804812623115,0.7319701277665176,0.4923187304206786,-0.20036353356743888,0.3574775772373053,1.5867764184346438,2.4543030263889913,1.5008278547664984,0.634539849900621,0.4408777705576532,1.864737741643331,-1.1653538389505615,1.7652522568039528,1.721799800451179,0.19932099239877354,-0.07700393216273795,-0.3016773203375118,0.7435991685656609,-0.5482140155727437
subject_05_task_1,5,1,,1,56,275.0,305.0,0.2158802483949989,30.0,0.1694444444444444,eye,中,4.066666666666666,7,64.71428571428571,1.6035674514745462,63.0,66.0,8.809980806142107,4.341507813936792,2.3909956798875616,1.3737352984753688,2.861396133426457,1.5268032488343788,1.7405068374825867,2.082931214333765,4.500048431839464,2.8595589686443863,1.5821061940067718,2.853376520143481,1.2818457021759515,1.8074380717784784,1.8035303388308888,7.767294699148803,4.0715881783583985,2.417225173807677,4.43864013117186,1.9437262438473375,1.6844058313130694,1.836254304839957,11.629354573597483,11.619165544775171,7.329763534691189,7.952571338881479,4.027963325160525,1.585203327471969,1.0849696993965208,2994,3.285965691220989,0.2058664914002806,0.981629926519706,0.9161656646626588,0.0594522378089512,0.0096860387441549,6,0,0.0,0.0,0.0,0.0,,,,0.0,0.0,0.0,0.0,0.0,0.0,0.0,0.0,0.0,0.0,0.0,0.0,6.0,3.0,0.0196721311475409,6.0,0.0,0.0,0.0,0.0,0.0,0.0,0.0,5.0,93.0,3.0,196.0,0.6426229508196721,40.2,1.0,0.0,0.0,7,290.0,2,4.0,105.0,7.0710678118654755,105.0,0.007,0.7166299605579,1.0322008561221327,0.636820365041386,-0.10863497518427476,-0.12029198794882037,0.6449338961279641,-1.005706337339089,0.9750139665841717,0.7507471298273799,0.5599007694048681,0.6369469369999852,0.6971129816033022,0.23894132841838192,0.27116365701900386,1.3518488964790167,2.110158662395791,1.4539976590113577,0.5934542846198986,0.444326974418034,1.3461259838889938,-1.1678720370945483,2.398272110690338,2.5356236439890876,0.36687116133987746,0.05287364317249423,-0.1945084059841656,1.0535796972796216,-0.592849932288019
subject_05_task_1,5,1,,1,57,280.0,310.0,0.2194192688604907,30.0,0.1722222222222222,eye,中,4.066666666666666,7,65.0,1.4142135623730951,63.0,66.0,6.328478151682564,4.421471832379026,2.359617812585433,1.2780524278817365,2.7777912176132804,1.4761253243883374,1.8462605767247744,2.1734563911569995,4.644039687038603,2.9307129239925143,1.5262073436278325,2.9672519363588052,1.3019798994941298,1.9202586963224393,1.9441997502813573,8.395892439828721,4.302132866567332,2.3633120423730745,4.638811119879249,2.005758064687038,1.8203829157691032,1.962843262636311,12.310383095922091,11.561619724436223,6.906909978807984,8.040381273858024,3.8677981123619194,1.6739207199616009,1.1641068579911706,2995,3.293936112979152,0.2043628921280289,0.9792988313856428,0.8934891485809683,0.0774624373956594,0.0113522537562604,6,0,0.0,0.0,0.0,0.0,,,,0.0,0.0,0.0,0.0,0.0,0.0,0.0,0.0,0.0,0.0,0.0,0.0,6.0,3.0,0.0193548387096774,6.0,0.0,0.0,0.0,0.0,0.0,0.0,0.0,5.0,98.0,3.0,196.0,0.632258064516129,40.2,1.0,0.0,0.0,9,340.0,2,4.0,105.0,7.0710678118654755,105.0,0.007,0.8086614159827902,0.9490877909946422,0.22853105396336254,-0.23769555463319514,-0.21943529011290736,1.3425966389641883,-0.7210675823480686,1.077590582225118,0.8993280063202932,0.33459518238255337,0.8382247892967193,0.7563211708965536,0.6799987554200634,0.8046432964824018,1.6545123972838487,2.468117897444519,1.3194465094214294,0.8211746820271448,0.5401488975634836,2.2500615908057355,-0.6997933806712789,2.8333175045735803,2.4924097220545627,0.13855638227956468,0.09359535346110956,-0.2732993155422721,1.3797600697188672,-0.1549296355628355
subject_05_task_1,5,1,,1,58,285.0,315.0,0.2229582893259825,30.0,0.175,eye,中,4.066666666666666,5,65.8,0.4472135954999579,65.0,66.0,-3.1168831168832067,4.445103421473797,2.310414772247219,1.3215072853492291,2.941051812644258,1.5259264448633314,1.748317847250199,2.2255282624999215,4.119199251877347,2.8582573929783757,1.5352149178980004,3.087732368901152,1.3383347695670416,1.8617962603515283,2.011270430545869,8.162311093319014,4.077174043571771,2.3055487967727126,4.841901703831764,2.1201669741732703,1.768418022328985,2.1001081003401083,11.048067616566058,11.752849022144508,7.47606891474485,7.933881132237275,3.831259637351659,1.5720626917930998,1.061237024793805,2995,3.296145411605938,0.2010951440111184,0.9762938230383972,0.896160267111853,0.0734557595993322,0.0146911519198664,15,0,0.0,0.0,0.0,0.0,,,,0.0,0.0,0.0,0.0,0.0,0.0,0.0,0.0,0.0,0.0,0.0,0.0,6.0,3.0,0.019047619047619,6.0,0.0,0.0,0.0,0.0,0.0,0.0,0.0,5.0,103.0,3.0,196.0,0.6222222222222222,40.2,1.0,0.0,0.0,10,440.0,3,6.0,103.33333333333333,5.773502691896257,100.0,0.010333333333333333,0.8358592679762573,0.8187597652966345,0.4139577004291409,0.014329183277642571,-0.12200731551975867,0.6964635208754456,-0.5573377433216983,0.7037042964509724,0.7480292309792902,0.37090105978127524,1.0511771850978584,0.8632291342482941,0.45144753360393874,1.0590045108866817,1.5420453241746355,2.1188316535386282,1.175286619376798,1.0522164967575596,0.7168788658852931,1.9046142849007093,-0.19223931019766805,2.0269422692943695,2.6360129914855266,0.4458670218630726,0.044206091142044185,-0.2912738783678747,1.0052665388386437,-0.7241791345068884
subject_05_task_1,5,1,,1,59,290.0,320.0,0.2264973097914742,30.0,0.1777777777777777,eye,中,4.066666666666666,7,65.85714285714286,0.3779644730092272,65.0,66.0,-0.2743484224965645,4.212816770254599,1.9868577011877744,1.1605724885940327,2.6525808404306837,1.3534611248434063,1.7119634669220352,2.2855796311733476,4.269910655961852,2.79351985429408,1.5009139787199126,3.0512554806128267,1.2901877283773364,1.8612124971189856,2.0329316162510236,8.90424212546866,4.187588286564079,2.2965312403076403,4.871785709542409,2.162903980744376,1.8234405929540567,2.1213670530733957,11.018459848392345,11.043836071736964,7.047700578329109,7.4405225527056755,3.5509735896745345,1.5670126659034755,1.0557376083178749,2995,3.2844473949579833,0.1938453507632971,0.9836393989983304,0.90550918196995,0.071118530884808,0.010016694490818,12,0,0.0,0.0,0.0,0.0,,,,0.0,0.0,0.0,0.0,0.0,0.0,0.0,0.0,0.0,0.0,0.0,0.0,6.0,3.0,0.01875,6.0,0.0,0.0,0.0,0.0,0.0,0.0,0.0,5.0,108.0,3.0,196.0,0.6125,40.2,1.0,0.0,0.0,7,300.0,2,4.0,100.0,0.0,100.0,0.006666666666666667,0.5685180437114976,-0.03827171044038003,-0.2727687417020141,-0.4309823210275815,-0.45940829479165235,0.45663184328555173,-0.368517931921743,0.8110682176009293,0.6128468620913514,0.23264789026980556,0.9867033067389045,0.721644193780056,0.4491653878494348,1.1411531558634511,1.899277666917811,2.290268255557374,1.1527814790411943,1.086213419590849,0.7828956634528758,2.270388128126295,-0.1136316480003768,2.0080286368327362,2.1035810944509215,0.21457460224296307,-0.1845881238799225,-0.42915645753128057,0.986699499397105,-0.7546111861211031
subject_05_task_1,5,1,,1,60,295.0,325.0,0.230036330256966,30.0,0.1805555555555555,eye,中,4.066666666666666,6,65.83333333333333,0.408248290463863,65.0,66.0,-0.0944881889762962,4.2148560739231575,1.822850189399126,1.0760580181980377,2.3931710509335185,1.0855065561994577,1.694007347718726,2.224016744878788,4.133357728101726,2.8130756441628773,1.4578705689016616,2.8931666107082736,1.2754830513291353,1.929578457902616,1.9845154106430336,8.053731820636088,3.5452269799075173,2.246295157097407,4.780664763808927,2.047946110633329,1.5782551855244835,2.1282442553036325,10.419262878381582,11.434693491645888,6.931937796196287,7.403806483652594,3.456306712562874,1.6495666619975105,1.0680716851953334,2995,3.2706861559139786,0.1822705781349667,0.9869782971619364,0.8954924874791319,0.0801335559265442,0.0096828046744574,21,3,2157.8369395880277,3.9162194910853496,0.1305406497028449,0.0719278979862675,0.9285714285714284,0.3024473262364059,3.386325241120041,0.0,0.0,0.0,0.0,0.0,0.0,0.0,0.0,0.0,0.0,0.0,0.0,6.0,3.0,0.0184615384615384,6.0,0.0,0.0,0.0,0.0,0.0,0.0,0.0,5.0,113.0,3.0,196.0,0.6030769230769231,40.2,1.0,0.0,0.0,7,290.0,2,4.0,95.0,7.0710678118654755,95.0,0.006333333333333333,0.5708651004043319,-0.4726915158859463,-0.6334012632810772,-0.8314321919662712,-0.9836188076669433,0.33817442075048765,-0.5620904155497403,0.7137905240605662,0.6536824893590294,0.05915736853633972,0.7072769892426064,0.6784024748077302,0.7164331403513416,0.9575378293641932,1.489765494550191,1.2928947582885955,1.0274071487626544,0.9825515547594513,0.6053177035343534,0.6404677561856735,-0.08820232433804807,1.625257764120702,2.397094714240997,0.15206985643124155,-0.20161513941427806,-0.47572642876487264,1.2902193892027851,-0.686358260416831
subject_05_task_1,5,1,,1,61,300.0,330.0,0.2335753507224578,30.0,0.1833333333333333,eye,中,4.066666666666666,7,65.85714285714286,0.3779644730092272,65.0,66.0,0.553809897879072,4.001047668916272,1.8929373990699936,1.078688519065847,2.3328175377627893,1.0746946811938678,1.7548507892800165,2.162642409305541,3.7232290667591545,2.835625344669968,1.5347226074271791,2.8699103560363866,1.289894028144226,1.8476468196579392,1.869986368968348,8.095073939464394,3.5429688394803036,2.224391577818872,4.838765361554901,2.1699601542847504,1.5927810889098777,2.1753208426996267,9.726239865067706,12.113410659116646,7.370639383309406,7.427358018870186,3.600860011174111,1.643468094036333,1.0076952123976133,2995,3.2710645161290324,0.1448726239867553,0.989983305509182,0.8998330550918197,0.0784641068447412,0.0080133555926544,21,3,4383.328832727488,7.955224741792174,0.2651741580597391,0.1461109610909162,0.9285714285714288,0.3024473262364058,3.386325241120042,0.0,0.0,0.0,0.0,0.0,0.0,0.0,0.0,0.0,0.0,0.0,0.0,6.0,3.0,0.0181818181818181,6.0,0.0,0.0,0.0,0.0,0.0,0.0,0.0,5.0,118.0,3.0,196.0,0.593939393939394,40.2,1.0,0.0,0.0,4,240.0,2,4.0,95.0,7.0710678118654755,95.0,0.006333333333333333,0.32479068996092997,-0.287045921623914,-0.6221766273515245,-0.9245996726799436,-1.0047705221926804,0.7395616684016968,-0.7550700382251238,0.42162271151048636,0.7007698824576111,0.3689167560098439,0.6661709353778091,0.7207805159923263,0.3961321519434197,0.5231938505937023,1.5096713096772547,1.2893886171311577,0.9727423260443533,1.04864850164346,0.7937954905018666,0.7370316834475188,0.08586930213634462,1.182550212360366,2.9067760519636603,0.3889415926188065,-0.19069315439926707,-0.40461556968259954,1.267797256257936,-1.0204627866890825
subject_05_task_1,5,1,,1,62,305.0,335.0,0.2371143711879496,30.0,0.1861111111111111,eye,中,4.066666666666666,5,65.8,0.4472135954999579,65.0,66.0,2.5953079178885172,4.018575748804995,1.758153798624803,1.0863505928573003,2.227582443432474,1.025045532772892,1.6184036812651224,2.0505189191028337,3.782403933916225,2.62166467028684,1.5606386451972052,2.7893217398619217,1.2330897917022714,1.6798665587033197,1.7872950592668797,7.556378770897043,3.345722924814384,2.176295487143154,4.695739712077487,2.1072393171538213,1.5373477290100666,2.1576756188754653,9.325262475924085,10.089149893482466,7.008614620792713,7.3176018385721155,3.560570710721148,1.4395355486590198,1.04408677527549,2995,3.302595766129032,0.1611803631998264,0.988313856427379,0.8881469115191987,0.0858096828046744,0.0093489148580968,21,3,6608.82072586695,11.994229992499005,0.3998076664166334,0.2202940241955649,0.9285714285714286,0.3024473262364059,3.3863252411200415,0.0,0.0,0.0,0.0,0.0,0.0,0.0,0.0,0.0,0.0,0.0,0.0,6.0,3.0,0.017910447761194,6.0,0.0,0.0,0.0,0.0,0.0,0.0,0.0,5.0,123.0,3.0,196.0,0.5850746268656717,40.2,1.0,0.0,0.0,5,280.0,2,4.0,95.0,7.0710678118654755,95.0,0.006333333333333333,0.3449639470631632,-0.6440580172534588,-0.5894817174859167,-1.0870506735634557,-1.1019011876233737,-0.16058677374214753,-1.1076204753136387,0.46377775485377953,0.25398566112624715,0.4733737898036577,0.5237283949045359,0.5537375526814772,-0.2597827616412019,0.20959240994341105,1.250294994692589,0.9831313041614836,0.8527087809877244,0.885938320968692,0.6969092286797451,0.3685270341169052,0.020623858902754824,0.9264032809472444,1.386661364467734,0.19347060149583953,-0.2415923992019981,-0.42443529565605653,0.5180142459938631,-0.8190832540298143
subject_05_task_1,5,1,,1,63,310.0,340.0,0.2406533916534414,30.0,0.1888888888888888,eye,中,4.066666666666666,5,66.8,1.7888543819998317,66.0,70.0,10.47473200612547,4.071559222831541,1.9108605754810444,1.0961289202852391,2.2273739516862907,0.9894944850630856,1.7432808678962617,2.032036478981573,3.66988642769624,3.0030517640969348,1.6360725856794371,2.755914882602872,1.2565558314346357,1.8355247746234993,1.6844698130910742,8.161884983536062,3.528090443294915,2.2513778907704256,4.563803108141103,2.060192948123499,1.5670805233356877,2.027115539710378,8.58135898458271,10.416985731201676,7.160201266894028,7.0187572362493595,3.458012069035142,1.4548453797473189,0.9802458024052132,2994,3.295591932773109,0.1684601715248356,0.9906479625918504,0.9064796259185036,0.0724782899131596,0.0076820307281229,18,3,7714.000000000008,14.000000000000016,0.4666666666666672,0.2571333333333336,0.9285714285714286,0.3024473262364059,3.3863252411200415,0.0,0.0,0.0,0.0,0.0,0.0,0.0,0.0,0.0,0.0,0.0,0.0,6.0,3.0,0.0176470588235294,6.0,0.0,0.0,0.0,0.0,0.0,0.0,0.0,5.0,128.0,3.0,196.0,0.5764705882352941,40.2,1.0,0.0,0.0,3,230.0,2,4.0,95.0,7.0710678118654755,95.0,0.006333333333333333,0.4059432015218727,-0.23957137168080486,-0.5477565210711451,-1.0873725214513579,-1.1714511603949707,0.6632343144487145,-1.1657349019287273,0.3836224358905332,1.050383112316987,0.7774173994045986,0.46468087872799135,0.6227436173624054,0.3487426075715456,-0.180365681812159,1.5418401565924298,1.2662874155435202,1.0400921410932085,0.7358433642770642,0.6242356637823753,0.5661818933277684,-0.46213852023320795,0.4511929530493035,1.6328490496044237,0.2753180191930312,-0.38018108304915404,-0.4748875038496368,0.5743027173547289,-1.1723592406718988
subject_05_task_1,5,1,,1,64,315.0,345.0,0.2441924121189332,30.0,0.1916666666666666,eye,中,4.066666666666666,7,67.71428571428571,2.138089935299395,66.0,70.0,11.006825938566552,4.191705708134776,1.9838367275353803,1.1623560111665912,2.238384603077748,0.9982135386715127,1.7067376160805634,1.925730655301733,3.885478642201985,3.103488099845579,1.7056279342354193,2.721924181527537,1.2000915135178265,1.8195574999402069,1.5958487351742936,7.483325175310076,3.397505365273519,2.3459914175112937,4.56162137818251,1.954574141529162,1.448217303743467,1.9444322533036504,9.355895259565282,10.84382100202297,7.339158314541727,6.891647022553163,3.280537940458474,1.4775292393593886,0.9390241669672296,2994,3.278141038525963,0.1681234860928087,0.99498997995992,0.9148296593186372,0.0711422845691382,0.0043420173680694,9,3,7714.000000000008,14.000000000000018,0.4666666666666673,0.2571333333333336,0.9285714285714286,0.3024473262364059,3.3863252411200415,0.0,0.0,0.0,0.0,0.0,0.0,0.0,0.0,0.0,0.0,0.0,0.0,6.0,3.0,0.017391304347826,6.0,0.0,0.0,0.0,0.0,0.0,0.0,0.0,5.0,133.0,3.0,196.0,0.5681159420289855,40.2,1.0,0.0,0.0,2,130.0,1,2.0,90.0,,90.0,0.003,0.5442210935293844,-0.04627360481714751,-0.2651582551235476,-1.0703754222393091,-1.1543937182062012,0.42215664214524307,-1.4999928217957024,0.5372062052100777,1.2601102978860559,1.0577667899683019,0.4046014029474846,0.45670024494972034,0.28632064246978445,-0.516455384672321,1.2151204219001128,1.0635322143698762,1.2762193785767773,0.7333613641809742,0.46108396145930786,-0.22398578067404304,-0.767870412521811,0.9459716998725426,1.9533801666087476,0.3719437616669949,-0.4391282317771779,-0.5621932787382884,0.6577027088218945,-1.4004668849577215
subject_05_task_1,5,1,,1,65,320.0,350.0,0.2477314325844249,30.0,0.1944444444444444,eye,中,4.066666666666666,6,68.5,1.97484176581315,66.0,70.0,11.535269709543565,4.258446905834672,2.0033946326037806,1.1171560667072151,2.2034694389472977,0.9044359205775184,1.7932987988945248,1.9723917764166643,3.82477053956618,3.124189061105932,1.7044107821801218,2.7693042318606835,1.1697944782588234,1.833002403980197,1.6247868535063186,7.580023692683235,3.4970120926752317,2.294119402203827,4.421846951099015,1.8918758251197467,1.5243374382849717,1.9274702732783673,11.452558444424456,10.761871180312932,7.062460986436911,6.9668559520279745,3.257527021562782,1.5238131865054612,0.9864629291981164,2994,3.2715946398659965,0.1819697422722432,0.990313961255845,0.8917835671342685,0.0881763527054108,0.0056780227120908,9,3,7714.000000000008,14.000000000000018,0.4666666666666673,0.2571333333333336,0.9285714285714286,0.3024473262364059,3.3863252411200415,0.0,0.0,0.0,0.0,0.0,0.0,0.0,0.0,0.0,0.0,0.0,0.0,6.0,3.0,0.0171428571428571,6.0,0.0,0.0,0.0,0.0,0.0,0.0,0.0,5.0,138.0,3.0,196.0,0.56,40.2,1.0,0.0,0.0,3,170.0,1,2.0,90.0,,90.0,0.003,0.6210342612613058,0.005530981583055211,-0.4580313793263212,-1.1242738236718226,-1.337854718800662,0.9932051238148626,-1.3532760311002952,0.49395891424263777,1.3033372267793357,1.0528609438470453,0.48834691264322494,0.3676064226189045,0.3388817305344225,-0.40670944363699,1.2616797871296803,1.2180330718810193,1.1467622480884063,0.574349869616434,0.3642324878929054,0.2820384534137761,-0.8305894755327046,2.2853336079231203,1.8918401072774713,0.2225443101219329,-0.4042502166868781,-0.5735131602398924,0.8278713160634638,-1.1379556045258024
subject_05_task_1,5,1,,1,66,325.0,355.0,0.2512704530499168,30.0,0.1972222222222222,eye,中,4.066666666666666,7,68.28571428571429,1.889822365046136,66.0,70.0,4.519230769230789,4.13013130767686,1.9597248592501972,1.079893512510376,2.3159209779580587,1.0013086410714689,1.8147389872678463,2.1445827307308756,3.879907932204736,3.0789594523613104,1.6179175845270148,2.717814843786604,1.1555083989020494,1.903038499492803,1.679822798008055,7.557227458552843,3.519624105493257,2.251435983804158,4.344877398527779,1.819437645476668,1.5632796716459574,1.929824978272942,10.800264142561511,10.416854358118352,6.3800802942853325,6.97047250859666,3.0794071366993996,1.632715244579097,1.092536800021176,2994,3.2685271265907567,0.2117133094412225,0.9899799599198396,0.8984635938543755,0.0818303273213092,0.0056780227120908,18,3,5776.840930191075,10.30352446687244,0.3434508155624146,0.1925613643397025,0.9313000314834184,0.2936678636728183,3.3798065176943184,0.0,0.0,0.0,0.0,0.0,0.0,0.0,0.0,0.0,0.0,0.0,0.0,6.0,3.0,0.0169014084507042,6.0,0.0,0.0,0.0,0.0,0.0,0.0,0.0,5.0,143.0,3.0,196.0,0.5521126760563381,40.2,1.0,0.0,0.0,4,170.0,1,2.0,80.0,,80.0,0.0026666666666666666,0.47335444873775584,-0.11014063758377321,-0.6170347880623408,-0.9506828255410124,-1.1483386424346123,1.1346471260990683,-0.8118551736473766,0.5332377379761146,1.2088905459472175,0.7042419554677688,0.39733803827803776,0.3255956646310206,0.6126786555992857,-0.19798918578155644,1.2507036292777476,1.2531420083485425,1.0402371240363963,0.4867870453881855,0.25233563255969893,0.5409149507932872,-0.8218826564758103,1.8686438186128005,1.632750395242845,-0.14589907836560093,-0.4025730446348576,-0.6611366053909813,1.2282630866625623,-0.5509759629701171
subject_05_task_1,5,1,,1,67,330.0,360.0,0.2548094735154085,30.0,0.2,eye,中,4.066666666666666,5,69.2,1.3038404810405295,67.0,70.0,-10.645161290322626,4.054894477572893,1.8244483353911864,1.1324120266131557,2.5844006737259035,1.0812333689186695,1.6111170603228129,2.2822087835426736,4.106862301194038,2.9712043919894033,1.5729739890990615,2.7612054288715018,1.1548477285396652,1.8889087884353344,1.7554043792249945,8.119812714348143,3.413986447936797,2.2496389114038298,4.476710626411452,1.7675617429912691,1.5175708557629748,1.9899685250455927,11.553003685983036,9.66910880154632,6.227600628924634,6.949092028866631,3.068591537745443,1.552621848716069,1.1158538324681528,2995,3.275017119838872,0.2244939239029374,0.9829716193656094,0.8964941569282137,0.0804674457429048,0.0090150250417362,18,3,4165.024981932302,6.875598075892462,0.2291866025297487,0.13883416606441,0.9428802745701091,0.2550560041952527,3.352140930461719,0.0,0.0,0.0,0.0,0.0,0.0,0.0,0.0,0.0,0.0,0.0,0.0,6.0,3.0,0.0166666666666666,6.0,0.0,0.0,0.0,0.0,0.0,0.0,0.0,5.0,148.0,3.0,196.0,0.5444444444444444,40.2,1.0,0.0,0.0,6,270.0,2,4.0,80.0,0.0,80.0,0.005333333333333333,0.3867635656016699,-0.46845837885842295,-0.3929325238970723,-0.5362317759939135,-0.9919786192104093,-0.20865697900436986,-0.3791169045670326,0.6949156887909247,0.9838806889649525,0.5230925564704043,0.4740320611501288,0.3236528458904312,0.5574404043621995,0.08864906969933807,1.521582781398167,1.0891218550974702,1.0357521655313648,0.6367643984452519,0.17220178071127176,0.23705620582961645,-0.5994942976810334,2.349498673328004,1.0712323228916985,-0.22822867125575508,-0.4124882063034137,-0.6664571794663862,0.9337898953367518,-0.42194679450789246
subject_05_task_1,5,1,,1,68,335.0,365.0,0.2583484939809004,30.0,0.2027777777777777,eye,中,4.066666666666666,7,68.28571428571429,1.889822365046136,66.0,70.0,-10.865384615384688,4.276113837781683,1.9786294746834328,1.2016689492478132,3.1052579944991976,1.9616446945495951,1.646567863738145,2.584121023051265,4.326092811814292,3.106437837629869,1.6072202778201854,3.1112898736018337,1.5251954101750491,1.9328015459355816,1.9358204451113343,8.27580667760807,3.462868635956701,2.2398214755855292,4.611911351097238,1.890896084977729,1.5460467156434623,2.059053099261673,11.105110092045216,10.532475031604257,6.417055352714378,7.160649751672682,3.5656131197438867,1.641325257876898,1.1158778221608712,2995,3.2611628063108427,0.2239692276238205,0.9829716193656094,0.8941569282136895,0.084474123539232,0.008347245409015,18,3,2553.209033673527,3.4476716849124833,0.1149223894970827,0.0851069677891175,0.9690815065736276,0.1574549414170545,3.2895453127213643,0.0,0.0,0.0,0.0,0.0,0.0,0.0,0.0,0.0,0.0,0.0,0.0,6.0,3.0,0.0164383561643835,6.0,0.0,0.0,0.0,0.0,0.0,0.0,0.0,5.0,153.0,3.0,196.0,0.536986301369863,40.2,1.0,0.0,0.0,6,250.0,2,4.0,80.0,0.0,80.0,0.005333333333333333,0.6413673247022135,-0.060066471657076626,-0.09740563330052164,0.2678136198465414,0.7304061674563923,0.025213756193443876,0.5701872225939704,0.8510913106615831,1.2662698237096002,0.6611254521622193,1.0928157064680688,1.412726092370792,0.7290333800731648,0.7728653238942984,1.5966923084760114,1.1650196377228297,1.0112507641059996,0.7905727147952339,0.3627190616655255,0.4263553350653764,-0.34404536088942367,2.0633813689787686,1.7195755152708136,-0.12593483263911728,-0.3143786666513421,-0.42195475705267604,1.259918856352951,-0.4218140430477678
subject_05_task_1,5,1,,1,69,340.0,370.0,0.2618875144463921,30.0,0.2055555555555555,eye,中,4.066666666666666,6,68.0,1.8973665961010275,66.0,70.0,-12.229597813354104,4.329047566077684,1.824358148903479,1.1784037082151564,3.2046138107932554,1.962725308552848,1.5481605634682731,2.71945326415092,4.340340579217415,2.659397029733671,1.6281888774503628,3.1544985911477395,1.5121897255337755,1.6333467612787729,1.9374279205785252,7.967783916342667,3.278535867914338,2.230540207142474,4.604531302463659,1.8883332855035473,1.4698393946973245,2.0643121732212513,11.323253797290729,8.801892172071463,6.009990226201559,7.418324521455099,3.421793185985015,1.4645435085232152,1.2343322105772605,2995,3.2680006713662304,0.2219473872627913,0.9829716193656094,0.8998330550918197,0.079465776293823,0.008347245409015,9,1,2061.705704421156,2.052980537138318,0.0684326845712772,0.0687235234807052,1.0,-1.000088900581841e-12,3.21568,0.0,0.0,0.0,0.0,0.0,0.0,0.0,0.0,0.0,0.0,0.0,0.0,6.0,3.0,0.0162162162162162,6.0,0.0,0.0,0.0,0.0,0.0,0.0,0.0,5.0,158.0,3.0,196.0,0.5297297297297298,40.2,1.0,0.0,0.0,6,250.0,2,4.0,80.0,0.0,80.0,0.005333333333333333,0.7022893262605262,-0.4686972630169374,-0.19668097040479707,0.4211888023679334,0.7325202169526639,-0.6239841588245669,0.9957130483205371,0.861241147598767,0.3327768823777768,0.745641370051167,1.1691882735873078,1.374480562839122,-0.4416458052083398,0.7789615705753702,1.4483824415787498,0.8788121472988449,0.9880874770656122,0.782176954657485,0.3587602487380953,-0.0802484885606514,-0.32459927083637136,2.2027329688908344,0.41999768055428044,-0.3457248358916923,-0.1948824236969656,-0.49270484813329546,0.6099590770302609,0.23367551261606545
subject_05_task_1,5,1,,1,70,345.0,375.0,0.2654265349118839,30.0,0.2083333333333333,eye,中,4.066666666666666,6,67.0,1.095445115010332,66.0,69.0,-3.727240271331706,4.264064602727632,1.848517972362105,1.1251267336202828,3.073543223267066,2.0226608330670013,1.642942005665611,2.731730685464586,4.15234404593198,2.5937542527163076,1.570630563446705,3.1118354577711345,1.5214101809246532,1.651409512256266,1.981265060156666,7.932709032870089,3.488056704919339,2.1518168258788553,4.444376287784966,1.818307461624702,1.6209821686354415,2.0654064204418385,10.193382833948789,9.26819419448136,5.434442161750425,7.072689570558585,3.475569598848614,1.7054545652752129,1.3014564071246797,2995,3.2562497482376633,0.2332636179140407,0.9809682804674458,0.9035058430717864,0.0741235392320534,0.008347245409015,9,1,2675.3816493018426,2.6640593968651656,0.0888019798955055,0.0891793883100614,1.0,-1.000088900581841e-12,3.215679999999999,0.0,0.0,0.0,0.0,0.0,0.0,0.0,0.0,0.0,0.0,0.0,0.0,6.0,3.0,0.016,6.0,0.0,0.0,0.0,0.0,0.0,0.0,0.0,5.0,163.0,3.0,196.0,0.5226666666666666,40.2,1.0,0.0,0.0,6,250.0,2,4.0,80.0,0.0,80.0,0.005333333333333333,0.6274997294964773,-0.40470320754940015,-0.42401966873927094,0.21885565233353851,0.8497745418332464,0.0012937879148211464,1.0343170040360397,0.7273160136732334,0.19570423059124042,0.5136471584225359,1.0937800411198633,1.4015949523290954,-0.3710318505089403,0.9452110854920354,1.4314942373503199,1.2041283327366548,0.791617319113931,0.5999799049006478,0.25058981261217256,0.9245041551468031,-0.32055315356260916,1.4809641410501106,0.7701662779544621,-0.656485209892299,-0.3551700533346274,-0.46625033651832315,1.4956981188453404,0.6051198327242759
subject_05_task_1,5,1,,1,71,350.0,380.0,0.2689655553773757,30.0,0.2111111111111111,eye,中,4.066666666666666,6,66.5,0.5477225575051661,66.0,67.0,-0.3082191780821513,4.0115705234508665,1.8513780691585715,1.14304205905525,2.930983431595747,1.9172317387176456,1.6196937413560943,2.564195611505556,4.245384581304628,2.5928560522921247,1.624232457757502,3.003179090588306,1.4859759181206236,1.596357738024737,1.8489835468099485,6.824974047647295,3.4324703727643016,2.241185001170452,4.353413589654405,1.7491366753586997,1.5315426307831368,1.9424606123014605,10.652849182901114,8.886549206960083,6.001190839332575,6.76935054250999,3.5206919159475905,1.480797635815295,1.128001212383182,2995,3.234587781134609,0.2366881024099908,0.9806343906510852,0.9181969949916527,0.0601001669449081,0.0093489148580968,9,1,3289.0575941825296,3.2751382565920135,0.1091712752197337,0.1096352531394176,1.0,-1.000088900581841e-12,3.21568,0.0,0.0,0.0,0.0,0.0,0.0,0.0,0.0,0.0,0.0,0.0,0.0,6.0,3.0,0.0157894736842105,6.0,0.0,0.0,0.0,0.0,0.0,0.0,0.0,5.0,168.0,3.0,196.0,0.5157894736842106,40.2,1.0,0.0,0.0,6,280.0,3,6.0,76.66666666666667,5.773502691896257,80.0,0.007666666666666666,0.3369015572848714,-0.39712744055966853,-0.3475730087028392,-0.001213336915034318,0.6435192803516232,-0.15207618236315235,0.5075356538913884,0.7935963112006698,0.1938286439757325,0.7296946474376643,0.9017269979628452,1.2973941984369297,-0.5862495378119787,0.44354200676181044,0.8981309639970358,1.1178212436774206,1.0146537186379427,0.49649806719135514,0.14374017196372005,0.32993645093178225,-0.7751608040956065,1.7744741956272139,0.483570716360134,-0.3504759608164006,-0.4958430195852516,-0.4440530794268718,0.6697193691784447,-0.35472699143067254
subject_05_task_1,5,1,,1,72,355.0,385.0,0.2725045758428674,30.0,0.2138888888888888,eye,中,4.066666666666666,6,66.16666666666667,0.752772652709081,65.0,67.0,-1.8530884808013544,4.265436917365119,1.8501676949596384,1.1723995502688591,3.102476916179745,2.139438469194438,1.5781033816802048,2.646262458449658,4.222998847549034,2.550896915306431,1.57106930048454,3.114641645206698,1.5815445045601348,1.6236692515853364,1.9824979357983117,6.6893030104833455,3.4365292796530285,2.1577600714928136,4.3242006696683255,1.7720022484332305,1.5926373488204912,2.004022934151661,11.250864833969048,8.719558077446221,5.878565756792916,7.201193539229227,3.5482142605814873,1.4832798403880103,1.2249915773941902,2995,3.2508387205387206,0.2254040926137738,0.9742904841402336,0.9038397328881468,0.069449081803005,0.0130217028380634,9,1,3682.0556692841214,3.666473158361087,0.1222157719453695,0.1227351889761373,1.0,-1.000088900581841e-12,3.21568,0.0,0.0,0.0,0.0,0.0,0.0,0.0,0.0,0.0,0.0,0.0,0.0,6.0,3.0,0.0155844155844155,6.0,0.0,0.0,0.0,0.0,0.0,0.0,0.0,5.0,173.0,3.0,196.0,0.509090909090909,40.2,1.0,0.0,0.0,7,390.0,4,8.0,80.0,8.16496580927726,80.0,0.010666666666666666,0.6290791412850443,-0.4003334554444895,-0.2223013713844944,0.26352048019188984,1.0782314210591804,-0.42644987935911627,0.7655788409908275,0.7776491427138584,0.10621123297280903,0.5154155294210041,1.0987400526741071,1.5784306294890023,-0.47947875944365126,0.9498866865770657,0.8328067217853976,1.1241233763195138,0.8064498934492467,0.46326459119358904,0.17906112750178635,0.736076141670332,-0.5475263452963205,2.156490434211693,0.3581690522242245,-0.4166859246153755,-0.2955765530713493,-0.4305138687019866,0.6788454986698327,0.181987368541004
subject_05_task_1,5,1,,1,73,360.0,390.0,0.2760435963083593,30.0,0.2166666666666666,eye,中,4.066666666666666,6,66.16666666666667,0.752772652709081,65.0,67.0,-1.8530884808013544,3.7418187831438985,1.872744694643752,1.1312428625991122,2.5407304589316766,1.387083882951141,1.6554753683404335,2.2459637474256984,3.836748114648428,2.4235272558116567,1.607279559727122,2.960147706707217,1.3384836508269793,1.507844258420803,1.841713029194361,6.1271785079620855,3.4854023186833243,2.234217517395338,4.327289021914778,1.7179361365226091,1.5600102906482556,1.9368253038135492,11.229792011504983,8.150843440019909,5.925838038925615,7.089421611122055,3.2062516669869474,1.375475230082005,1.1963576399748184,2994,3.2643298622774606,0.2320150090123565,0.9812959251837008,0.9018036072144288,0.0741482965931863,0.0096860387441549,12,4,3442.40223525035,3.529306385993517,0.1176435461997839,0.1147467411750116,0.9245422143727948,0.3412046676829452,3.215485249717291,0.0,0.0,0.0,0.0,0.0,0.0,0.0,0.0,0.0,0.0,0.0,0.0,6.0,3.0,0.0153846153846153,6.0,0.0,0.0,0.0,0.0,0.0,0.0,0.0,5.0,178.0,3.0,196.0,0.5025641025641026,40.2,1.0,0.0,0.0,5,290.0,3,6.0,80.0,10.0,80.0,0.008,0.02644135596593242,-0.34053195182216517,-0.3979214750736978,-0.603645314673818,-0.39363071405796607,0.08397701257747801,-0.49308234840245924,0.5024915095993707,-0.1597570544364637,0.6613643934776782,0.8256678728522544,0.8636669460806363,-0.9322813713254074,0.41596903921838985,0.5621494177403107,1.200006953606433,0.9972649503222318,0.4667779914392349,0.09554401080033423,0.5191810688805948,-0.7959980688260389,2.1430289798840265,-0.0689060993681227,-0.3911618146708324,-0.34741059754474457,-0.5987373131901614,0.2824886293627231,0.02353611007050627
subject_05_task_1,5,1,,1,74,365.0,395.0,0.279582616773851,30.0,0.2194444444444444,eye,中,4.066666666666666,5,65.8,1.3038404810405295,64.0,67.0,-9.292786421499274,3.735866905382003,1.8034763884740173,1.0286587785229702,2.331246884967142,1.173064341262967,1.7532309315083,2.266297564985088,3.4673722882786624,2.4250709130281556,1.4735508510930255,2.724378129926142,1.2329633963231286,1.645732762618492,1.8488524694653723,5.80302563249917,3.58220126960059,2.0663679906672163,4.106888302168327,1.624200892731814,1.7335737321617728,1.9874912506954971,10.341731343727242,8.707917815228166,5.7791398281417345,6.607704411680648,2.960299353860868,1.5067844132832084,1.143371610339689,2994,3.227047363117232,0.2182970859073908,0.9829659318637276,0.9158316633266532,0.0634602538410153,0.0090180360721442,12,4,3486.336543306702,3.8299470292492943,0.1276649009749765,0.1162112181102234,0.7368681160146765,0.8332105998608916,3.215000878443888,0.0,0.0,0.0,0.0,0.0,0.0,0.0,0.0,0.0,0.0,0.0,0.0,6.0,3.0,0.0151898734177215,6.0,0.0,0.0,0.0,0.0,0.0,0.0,0.0,5.0,183.0,3.0,196.0,0.4962025316455696,40.2,1.0,0.0,0.0,4,270.0,3,6.0,80.0,10.0,80.0,0.008,0.0195912753470601,-0.5240084509265365,-0.8356590215662194,-0.9270242832180643,-0.8123259215383406,0.72887538511641,-0.4291466266792,0.23935523707929526,-0.1565336504653162,0.12235822436524355,0.4089388225568608,0.55336586458208,-0.39322435829809604,0.4430449044152143,0.4060730628087139,1.3503035346860273,0.5783624273480407,0.21604365768983969,-0.04925088970326549,1.6729797068695407,-0.6086543324073637,1.5757301218467228,0.34942781993618677,-0.47036977950326253,-0.5708061420458973,-0.7197299190158175,0.765262943162209,-0.26967201405430846
subject_05_task_1,5,1,,1,75,370.0,400.0,0.2831216372393428,30.0,0.2222222222222222,eye,中,4.066666666666666,6,65.5,1.378404875209022,64.0,67.0,-7.99227799227795,3.5333330834657284,1.7160650997271971,1.0273632298296471,2.3588373528867574,1.156344847470557,1.6703586909682837,2.2960110741727533,3.500403415262685,2.2927534754875047,1.4616320589792238,2.685121680882955,1.1626091063952926,1.5686256068361832,1.8370708718295312,5.768825269471188,3.4139581809996766,2.1088629746647136,4.221892368651709,1.6291473464539408,1.6188620228122972,2.0019756709527057,10.895373153566828,8.07123467754789,5.979415019069659,6.743241291535312,2.935215404712862,1.3498368405282055,1.1277426420527166,2994,3.2033136792452828,0.2261020324426471,0.9792919171676688,0.8964595858383434,0.0771543086172344,0.0120240480961923,12,4,3530.2708513630546,4.130587672505071,0.137686255750169,0.1176756950454351,0.5538652352478547,1.1229072271955238,3.2145285631954397,0.0,0.0,0.0,0.0,0.0,0.0,0.0,0.0,0.0,0.0,0.0,0.0,6.0,3.0,0.015,6.0,0.0,0.0,0.0,0.0,0.0,0.0,0.0,5.0,188.0,3.0,196.0,0.49,40.2,1.0,0.0,0.0,5,361.0,4,8.0,82.75,9.844626283748239,85.0,0.011033333333333332,-0.21350709523051972,-0.7555417181348991,-0.8411872700414497,-0.8844329864942033,-0.8450349529994932,0.18216304137862477,-0.33571829482290066,0.26288598005491204,-0.4328336923800409,0.0743184089559307,0.3395519960159311,0.34647655830321944,-0.6946646656021155,0.3983639578308573,0.3896059313938779,1.0890779659440597,0.6844172751471264,0.3468756623282735,-0.041609993434413475,0.910410050180053,-0.555096359491819,1.9294000656689725,-0.12868814481481047,-0.3622335575612131,-0.5079511409991622,-0.7320695971153675,0.18822594626619146,-0.3561578388082203
subject_05_task_1,5,1,,1,76,375.0,405.0,0.2866606577048346,30.0,0.225,eye,中,4.066666666666666,6,64.5,0.8366600265340756,64.0,66.0,-4.51701615675486,3.691035435360343,1.6912635609603828,1.0720985688334406,2.7300083993965885,1.5966608532787123,1.5775261810121255,2.546415487119933,3.230032114426617,2.3456066041339985,1.4418433075018415,3.059049915684826,1.5106503249747318,1.6268110355195464,2.1216243816292217,5.9947929345597855,3.360987185433938,2.2270475835779413,4.389338200006268,1.8069555465656908,1.50916720873751,1.9709225040241047,10.53404446806415,7.712618819341205,5.938917181861119,7.431160288395113,3.284926289830756,1.2986574123137122,1.2512651819917044,2994,3.228112580535775,0.2336354437241922,0.9736138944555778,0.894121576486306,0.0754843019372077,0.0183700734802939,12,4,3574.2051594194063,4.431228315760849,0.1477076105253616,0.1191401719806468,0.3753613155536062,1.2716003100507227,3.2140678593921663,0.0,0.0,0.0,0.0,0.0,0.0,0.0,0.0,0.0,0.0,0.0,0.0,6.0,3.0,0.0148148148148148,6.0,0.0,0.0,0.0,0.0,0.0,0.0,0.0,5.0,193.0,3.0,196.0,0.4839506172839506,40.2,1.0,0.0,0.0,7,552.0,6,12.0,87.0,14.057026712644463,85.0,0.0174,-0.032005749356134774,-0.8212355362309548,-0.6502966683132425,-0.3114577030280238,0.01637330885626286,-0.43025770123042534,0.4516295220691711,0.07027863756145039,-0.32246787868398824,-0.005442019708092705,1.0004801797752398,1.369953681620187,-0.4671963674269508,1.4775147287817638,0.4984070933427466,1.0068316248993365,0.979370926882235,0.5373669593262957,0.23305425880102174,0.18119123560565434,-0.6699193654368579,1.6985809807806298,-0.3979900265109434,-0.3840998860478588,-0.18892985827480607,-0.5600344951144337,5.8502569263541325e-05,0.32737728303512187
subject_05_task_1,5,1,,1,77,380.0,410.0,0.2901996781703264,30.0,0.2277777777777777,eye,中,4.066666666666666,5,64.2,0.4472135954999579,64.0,65.0,-2.7049180327869737,3.5453449428202037,1.584253972559348,1.1154737767106602,2.7130807860750195,1.5605779702477398,1.4202520988265988,2.4322228300833992,3.248290119055648,2.241457378425654,1.8106244909754243,3.2356030174458987,1.5525593771815502,1.237947122441788,1.7870094177853553,5.897711032530948,3.150707867720903,2.45268223436383,4.624141039022094,1.803093796640745,1.2845968481270158,1.8853404547211927,9.600386294530992,7.487433995628751,5.987155556811708,6.870204914397803,3.1492693188233,1.250582839310087,1.1474906321051626,2994,3.2669983045100035,0.2339364722817074,0.978623914495658,0.8997995991983968,0.0744822979291917,0.0160320641282565,12,4,3618.1394674757594,4.7318689590166265,0.1577289653005542,0.1206046489158586,0.4548567354035305,1.2819499530494447,3.213618344048042,0.0,0.0,0.0,0.0,0.0,0.0,0.0,0.0,0.0,0.0,0.0,0.0,6.0,3.0,0.0146341463414634,6.0,0.0,0.0,0.0,0.0,0.0,0.0,0.0,5.0,198.0,3.0,196.0,0.4780487804878048,40.2,1.0,0.0,0.0,6,482.0,5,10.0,90.4,12.660963628413123,90.0,0.015066666666666667,-0.1996825161224795,-1.104680386207669,-0.4652098953915842,-0.33758879308080075,-0.05421711516751653,-1.4678027406859446,0.09257299361339914,0.08328529078224899,-0.5399481742781419,1.4809653117851564,1.312542522288227,1.4931947056823553,-1.987408807742345,0.20850913311010247,0.45166313225078075,0.6803377711484705,1.542487942027048,0.8044855670641805,0.22708892843499326,-1.3116863770158675,-0.9863697995742569,1.1021541432223687,-0.5670921321970358,-0.3580541457062207,-0.4490719735247711,-0.6267689372995483,-0.17669356021270735,-0.2468786352448291
subject_05_task_1,5,1,,1,78,385.0,415.0,0.2937386986358182,30.0,0.2305555555555555,eye,中,4.066666666666666,5,65.0,2.23606797749979,64.0,69.0,13.63636363636361,3.7189127097656742,1.5659182922718695,1.1552759372453574,2.5643312247936856,1.410413478849963,1.3554495872264498,2.219669900602347,3.2724420109524446,2.267092044602767,1.9653751053448076,3.236055032440511,1.4670905202652296,1.153516210944895,1.6465330326206478,5.943960003517924,3.0317932414949373,2.699495762636908,4.44528188389891,1.7473102403367815,1.1230961290835426,1.646708228042074,7.975788300340168,7.092413162976722,5.553257111625416,6.920927379402753,2.9622261216048646,1.2771627569934,1.2462825401896482,2995,3.24561116751269,0.2206453498799677,0.98330550918197,0.917863105175292,0.0584307178631051,0.013355592654424,12,4,3662.073775532111,5.0325096022724045,0.1677503200757468,0.1220691258510703,0.5516522753713351,1.0847630210662986,3.2131796144754867,0.0,0.0,0.0,0.0,0.0,0.0,0.0,0.0,0.0,0.0,0.0,0.0,6.0,3.0,0.0144578313253012,6.0,0.0,0.0,0.0,0.0,0.0,0.0,0.0,5.0,203.0,3.0,196.0,0.472289156626506,40.2,1.0,0.0,0.0,4,402.0,4,8.0,100.5,18.266545011760343,101.0,0.0134,7.850787332200301e-05,-1.1532475681393313,-0.295369707661996,-0.5672129053117225,-0.3479900687307159,-1.8953081727359602,-0.575758219208407,0.10049063654212267,-0.48641887783125193,2.1047022540692883,1.3133414709142366,1.2418583261381624,-2.317480376967846,-0.32423846665629996,0.47393154742579985,0.4957029007003793,2.158461139647225,0.6010101376446111,0.14091883746263137,-2.385295588965508,-1.8687425909116084,0.06435051075160943,-0.8637322586943235,-0.5923324821870521,-0.4255495153244809,-0.7187820740974107,-0.07896923349333544,0.2998049009180405
subject_05_task_1,5,1,,1,79,390.0,420.0,0.29727771910131,30.0,0.2333333333333333,eye,中,4.066666666666666,6,65.5,2.345207879911715,64.0,69.0,12.660550458715631,3.493921382342335,1.4808564338844004,1.2296431073858145,2.6710067808422417,1.491565883870537,1.2042977551695129,2.1721805008289965,3.250714782086824,2.1614474476329812,2.221376882558753,3.4739970609132755,1.5628266713442889,0.9730214915819506,1.5638935869863102,5.990915791722198,2.9902712590795684,2.8264715543527705,4.677161017201127,1.795550130978662,1.0579520089188748,1.6547702417164931,8.035249391785959,6.993208070899546,5.852757136829367,6.829426318189383,3.1496562397664096,1.1948570404354757,1.1668733484965874,2995,3.2237986463620985,0.1963050639426155,0.98330550918197,0.9315525876460768,0.0457429048414023,0.013355592654424,3,3,3945.6615176222354,5.470317017895751,0.182343900596525,0.1315220505874078,0.5694196870667458,0.976328870282758,3.21309908298673,0.0,0.0,0.0,0.0,0.0,0.0,0.0,0.0,0.0,0.0,0.0,0.0,6.0,3.0,0.0142857142857142,6.0,0.0,0.0,0.0,0.0,0.0,0.0,0.0,5.0,208.0,3.0,196.0,0.4666666666666667,40.2,1.0,0.0,0.0,4,402.0,4,8.0,100.5,18.266545011760343,101.0,0.0134,-0.2588664491726545,-1.3785577113670533,0.02196316994807502,-0.40253826934381476,-0.18922829029869437,-2.892464419817342,-0.7250793705291291,0.0850125743416832,-0.7070217485741829,3.1365415549303854,1.733910387839798,1.5233875108242851,-3.0231007972713266,-0.6376432161883961,0.4965402879942653,0.4312330698030294,2.475354970349392,0.8648026518696231,0.2154360615430953,-2.818354512339808,-1.8389322773228125,0.10233463784875815,-0.9382301297695733,-0.43062098388789805,-0.4679829792238331,-0.6265785972593986,-0.3815762931392808,-0.13962074193392754
subject_05_task_1,5,1,,1,80,395.0,425.0,0.3008167395668017,30.0,0.2361111111111111,eye,中,4.066666666666666,7,66.14285714285714,2.1157009420498154,64.0,69.0,9.274447949526882,4.735503715150883,1.6983553485058636,1.2593468415960123,2.630753038213486,1.4738102447565142,1.3486001571683626,2.0889821225735115,3.7683284630224514,2.360243264488235,2.370248603830667,3.4736957167299636,1.5315391305693218,0.9957787806197788,1.4655406656989336,6.278459462320533,3.0855878508339503,3.0290582453630095,4.610282685150235,1.8133020602742065,1.0186624359427483,1.5220184993827108,8.743521519740442,6.996212564314707,5.4399977527710455,6.841652245566169,2.9983013846060964,1.2860690173540883,1.2576571823179787,2995,3.256196615905245,0.2035538641608493,0.9796327212020032,0.9248747913188649,0.0504173622704507,0.013355592654424,3,3,3945.6615176222354,5.470317017895751,0.182343900596525,0.1315220505874078,0.5694196870667458,0.976328870282758,3.21309908298673,0.0,0.0,0.0,0.0,0.0,0.0,0.0,0.0,0.0,0.0,0.0,0.0,6.0,3.0,0.0141176470588235,6.0,0.0,0.0,0.0,0.0,0.0,0.0,0.0,5.0,213.0,3.0,196.0,0.4611764705882353,40.2,1.0,0.0,0.0,4,402.0,4,8.0,100.5,18.266545011760343,101.0,0.0134,1.1700841131448958,-0.8024509517191233,0.14871226413686772,-0.4646778133900528,-0.2239643753503297,-1.940494207720941,-0.9866804370496094,0.45375065865381115,-0.29190418319128575,3.7365830642782827,1.7333777539137498,1.431380930802739,-2.934134162056087,-1.0106403052324258,0.6349896783522854,0.5792280400490118,2.9809511292390307,0.7887198965667281,0.24285785864037587,-3.079540021175731,-2.329798607776436,0.5547834219770854,-0.9359739112791458,-0.653485534191871,-0.4623132258778123,-0.7010353815744279,-0.04622427514900998,0.3627486146479649
subject_05_task_1,5,1,,1,81,400.0,430.0,0.3043557600322936,30.0,0.2388888888888889,eye,中,4.066666666666666,7,66.85714285714286,2.1157009420498154,64.0,69.0,9.607558139534843,4.685853144117815,1.76739696096487,1.324488457693774,2.3909016078274217,1.1186919494996417,1.334399670075115,1.805150957668976,3.727505624959816,2.6374071087957702,2.5059284502879184,3.422465559848421,1.3474989771555392,1.052467044098065,1.3657475174341858,6.3869355383412705,3.1773132812782245,3.1407159065243437,4.5606580953843405,1.7110649660043875,1.0116525581565194,1.4521078095316708,10.197609281492769,7.74700848877456,5.634398151085297,6.193542318274808,2.7232752760966954,1.3749487134277745,1.0992376030582447,2995,3.277729419703104,0.1863115298655752,0.98330550918197,0.9425709515859766,0.0370617696160267,0.0103505843071786,3,3,3474.023444215789,4.81643179035661,0.1605477263452203,0.1158007814738596,0.569419687066746,0.976328870282758,3.21309908298673,0.0,0.0,0.0,0.0,0.0,0.0,0.0,0.0,0.0,0.0,0.0,0.0,6.0,3.0,0.013953488372093,6.0,0.0,0.0,0.0,0.0,0.0,0.0,0.0,5.0,218.0,3.0,196.0,0.4558139534883721,40.2,1.0,0.0,0.0,3,311.0,3,6.0,103.66666666666667,20.984120980716188,111.0,0.010366666666666666,1.1129407328612866,-0.6195749143657797,0.42667869004000364,-0.8349355223560022,-0.9186968616449173,-2.034175536117254,-1.8791321531487952,0.4246692497617761,0.28685839884474434,4.2834534783551,1.6428270776339464,0.8901781170683112,-2.712518834787766,-1.3890993618834213,0.6872198198200153,0.7216471309915523,3.2596154596165783,0.7322655053703083,0.08492996200402794,-3.1261396240165746,-2.5883022114457384,1.4836640228850466,-0.37216517109149105,-0.5485213370772216,-0.7628731192587145,-0.8363304113942296,0.28055282631945344,-0.5138958136900473
subject_05_task_1,5,1,,1,82,405.0,435.0,0.3078947804977853,30.0,0.2416666666666666,eye,中,4.066666666666666,5,68.0,1.0,67.0,69.0,-2.010723860589979,4.759528065216468,1.8032161818544423,1.3121424377071058,2.1922100052102236,1.0008128620619077,1.3742533813672395,1.6707103910464065,3.8832137369734383,2.7627904685760423,2.3246983947591957,3.1378676036393536,1.216050415054928,1.1884511448041957,1.349795573788569,6.5739220960383635,3.325053947248197,2.949717829507576,4.30708338183943,1.6398011855519334,1.1272447533746912,1.460167931574137,9.675498209933188,7.263423902382454,4.7620207654763185,6.044266999041349,2.544976305496784,1.5252818624901423,1.2692651495476572,2995,3.2837271203486424,0.1661798112587927,0.9909849749582638,0.9592654424040068,0.0280467445742904,0.0040066777963272,3,3,2816.4131912787498,3.904712287373985,0.1301570762457995,0.0938804397092916,0.569419687066746,0.976328870282758,3.2130990829867305,0.0,0.0,0.0,0.0,0.0,0.0,0.0,0.0,0.0,0.0,0.0,0.0,6.0,3.0,0.0137931034482758,6.0,0.0,0.0,0.0,0.0,0.0,0.0,0.0,5.0,223.0,3.0,196.0,0.4505747126436781,40.2,1.0,0.0,0.0,1,120.0,1,2.0,120.0,,120.0,0.004,1.1977339979961692,-0.5246976809978826,0.37399686764443096,-1.1416549672115244,-1.149308555245542,-1.77125859595506,-2.3018542824682235,0.5355927300530586,0.5486789737183693,3.552988651794558,1.1397925571235181,0.5036302341709923,-2.180906837309296,-1.4495960758246793,0.777251969943292,0.9510392552996744,2.7829410363687823,0.44379146168515465,-0.025152772971871785,-2.3577167566093733,-2.558498892404954,1.15013611717837,-0.7353120763228349,-1.019551194296966,-0.8320992985593733,-0.9240419551269234,0.8332710834172197,0.426983476549371
subject_05_task_1,5,1,,1,83,410.0,440.0,0.3114338009632771,30.0,0.2444444444444444,eye,中,4.066666666666666,7,67.57142857142857,1.1338934190276817,66.0,69.0,-4.529999999999923,4.833820664983135,1.79232603399486,1.3334323568608308,2.1285054337773572,1.025183334614674,1.344144699033971,1.5962605248220385,3.642371960550081,2.7849912255902027,2.411847475518576,3.1007582905290536,1.238113452098725,1.1547128306657934,1.2856361449068638,6.387091196085097,3.3886278758394663,2.9833479946269605,4.300525727613934,1.669822163349101,1.1358473372675326,1.4415099195129846,10.087080630111474,7.983936363413673,5.368820773687964,5.624328140843236,2.603079251612676,1.4870931066542807,1.047590966047421,2995,3.289736171639289,0.1703889456877082,0.9909849749582638,0.9545909849749584,0.0307178631051752,0.0040066777963272,6,3,2196.625249630956,3.1920575806505465,0.1064019193550182,0.0732208416543652,0.5673181629323002,0.9799862865116092,3.216558546165748,0.0,0.0,0.0,0.0,0.0,0.0,0.0,0.0,0.0,0.0,0.0,0.0,6.0,3.0,0.0136363636363636,6.0,0.0,0.0,0.0,0.0,0.0,0.0,0.0,5.0,228.0,3.0,196.0,0.4454545454545454,40.2,1.0,0.0,0.0,1,120.0,1,2.0,120.0,,120.0,0.004,1.2832381562040813,-0.5535432860731538,0.4648432894778462,-1.2399954633737735,-1.101631600228312,-1.9698870893807852,-2.535947359941374,0.3640216558493166,0.5950377168104628,3.9042512388753314,1.0742008509301046,0.5685105198376937,-2.31280234919294,-1.6929165577621585,0.687294767460812,1.0497484254148828,2.866871931445822,0.4363312815864682,0.021221294213181224,-2.300529312685746,-2.6274892480342578,1.4130576105259482,-0.1942446441364193,-0.6919167026837422,-1.0268452407701631,-0.8954590694148229,0.6928654396987292,-0.7996921577372901
subject_05_task_1,5,1,,1,84,415.0,445.0,0.3149728214287689,30.0,0.2472222222222222,eye,中,4.066666666666666,7,67.14285714285714,1.0690449676496976,66.0,69.0,-3.99332061068694,4.9617658637411575,1.861447031241765,1.300413620309887,2.1176172895842944,1.0268313075265925,1.4314268953890104,1.6284182636288205,3.7413333771065287,2.858492001261265,2.3005522642567535,3.027776146587579,1.233713042594669,1.2425242606625877,1.3161083943319027,6.740464591154667,3.481783941055923,2.9040411849177827,4.2708281504032675,1.6688029933419073,1.1989444086188112,1.4706499937342246,9.70863420276646,8.126247042134485,5.158573162850903,5.7196853983947,2.535386202750933,1.5752896751867502,1.1087727590227092,2994,3.287577154308617,0.1736181725956347,0.9963259853039412,0.959251837007348,0.032064128256513,0.0,6,3,1720.3300076682465,3.2346276091117607,0.1078209203037253,0.0573443335889415,0.553872677194225,0.9964533143013856,3.2386920834744446,0.0,0.0,0.0,0.0,0.0,0.0,0.0,0.0,0.0,0.0,0.0,0.0,6.0,3.0,0.0134831460674157,6.0,0.0,0.0,0.0,0.0,0.0,0.0,0.0,5.0,233.0,3.0,196.0,0.4404494382022472,40.2,1.0,0.0,0.0,0,0.0,0,0.0,,,,0.0,1.4304916720442584,-0.3704569758869494,0.32394871644286083,-1.2568034487058828,-1.0984076032286216,-1.3940820450752236,-2.4348336249727893,0.43451987586521523,0.7485191307204027,3.4556653961230985,0.9452029541340594,0.5555703328132655,-1.9695150864936173,-1.577352523838319,0.8574405091991767,1.1943888164127965,2.6689457095267066,0.4025464452916785,0.019646959802559413,-1.8810785668872605,-2.519740143949721,1.1713036022121197,-0.08737671655336054,-0.8054374148744203,-0.9826234722770558,-0.928759664452802,1.017130938993542,-0.4611312413521987
subject_05_task_1,5,1,,1,85,420.0,450.0,0.3185118418942607,30.0,0.25,eye,中,4.066666666666666,7,67.0,1.0,66.0,69.0,-2.478146853146852,3.73156360932046,1.814288443693087,1.3338366830379391,2.0541702109457733,0.9960425654887006,1.3602028394967165,1.5400462718323251,3.5469714559631194,2.8476724741926773,2.31879189576639,2.9094277966148554,1.2246807637967507,1.2280845380699787,1.2547170800134493,6.4366037411242605,3.550723823518073,3.094797428281324,4.218015406450489,1.6627855948494037,1.1473202708100816,1.362937479495366,11.000980190967775,8.797123654978913,5.605879481772185,5.555084248418109,2.606338496395471,1.5692673528896277,0.9909389358941376,2994,3.2833800935203743,0.1756461275675994,0.9963259853039412,0.9458917835671342,0.0434201736806947,0.0,6,3,1223.5824324676316,3.1695537784261067,0.1056517926142035,0.0407860810822543,0.5315150229798085,0.9993256864389832,3.2754965532667413,0.0,0.0,0.0,0.0,0.0,0.0,0.0,0.0,0.0,0.0,0.0,0.0,6.0,3.0,0.0133333333333333,6.0,0.0,0.0,0.0,0.0,0.0,0.0,0.0,5.0,238.0,3.0,196.0,0.4355555555555555,40.2,1.0,0.0,0.0,0,0.0,0,0.0,,,,0.0,0.014638565273414924,-0.49536969607006454,0.4665685936548442,-1.3547464542550633,-1.158640882086854,-1.8639507281668148,-2.7127021097828066,0.29606016139998137,0.7259262220447806,3.5291819506942756,0.7360190714571367,0.5290093100734253,-2.025965287146713,-1.8101751104340178,0.7111345607745788,1.3014295284856592,3.1450165878646583,0.34246511623018094,0.010351751503350508,-2.2242606297206198,-2.918020766703607,1.996862519408962,0.4164167719119641,-0.563919655461272,-1.0589569799184182,-0.8938557321081644,0.9949891325821987,-1.1131867827071475
subject_05_task_1,5,1,,1,86,425.0,455.0,0.3220508623597525,30.0,0.2527777777777777,eye,中,4.066666666666666,5,67.0,1.224744871391589,66.0,69.0,-6.357927786499361,3.6424145728159862,1.8182358691257183,1.3464569389580112,2.0393070621606757,0.9888148965378124,1.3503854572080152,1.5145728044885294,3.284031810368798,2.868024208668053,2.2234200110893876,2.873617150253289,1.2156766475309688,1.2899156229428892,1.292431090806514,6.480387037463019,3.7290672282225024,3.0600961475865174,4.23033005538162,1.6637658440463374,1.218611131275597,1.3824173657805032,8.009559101563651,8.574295329880213,5.5021903643490795,5.7329266904659875,2.517306508353326,1.5583421804953437,1.0419353586186226,2994,3.277964261857047,0.1710556785495754,0.9973279893119572,0.9415497661990648,0.042752171008684,0.002004008016032,6,3,565.9721795305925,2.2578342754434813,0.0752611425147827,0.0188657393176864,0.487473113078198,0.9183858424690876,3.347996965296713,0.0,0.0,0.0,0.0,0.0,0.0,0.0,0.0,0.0,0.0,0.0,0.0,6.0,3.0,0.0131868131868131,6.0,0.0,0.0,0.0,0.0,0.0,0.0,0.0,5.0,243.0,3.0,196.0,0.4307692307692308,40.2,1.0,0.0,0.0,1,61.0,1,2.0,61.0,,61.0,0.002033333333333333,-0.08796402698075403,-0.4849138348125362,0.5204206108786825,-1.3776906385291883,-1.17278066730049,-1.9287164934635073,-2.792798457390066,0.10874698793264834,0.7684239093723193,3.144776577114851,0.6727227935723229,0.5025311042697338,-1.7842447744922008,-1.667147165174666,0.7322157783626829,1.5783375293593465,3.0584125067162145,0.356474622635863,0.01186596407909773,-1.7503399872806877,-2.845991427349272,0.08592351546200533,0.24908427427965843,-0.6199053687325443,-0.976482845254408,-0.9376537029348739,0.9548213965777055,-0.8309885212580794
subject_05_task_1,5,1,,1,87,430.0,460.0,0.3255898828252442,30.0,0.2555555555555555,eye,中,4.066666666666666,6,66.0,0.8944271909999159,65.0,67.0,-4.124597207304194,3.8286171631097727,1.6909796784345004,1.349080432177605,2.0660927404823095,0.9724907458334772,1.253431328556906,1.5314822535431385,3.3456825786839435,2.462025708783894,2.2930513424381274,2.911596983780418,1.1892019879188116,1.0736897439749873,1.2697478376932507,6.68522574075592,3.4720282507123765,3.1264705773711716,4.280204482747161,1.6382336431821702,1.1105264434094757,1.369021193970769,8.803622742907125,8.01485631142956,5.80830732535275,5.663228436241894,2.417931056860154,1.37989535719734,0.975022174106112,2994,3.26203173012692,0.1855604256359396,0.9973279893119572,0.9352037408149632,0.0490981963927855,0.002004008016032,6,3,560.6087051379948,2.86004145303807,0.095334715101269,0.0186869568379331,0.4719950964176607,1.0097767098421682,3.4910648576404433,0.0,0.0,0.0,0.0,0.0,0.0,0.0,0.0,0.0,0.0,0.0,0.0,6.0,3.0,0.0130434782608695,6.0,0.0,0.0,0.0,0.0,0.0,0.0,0.0,5.0,248.0,3.0,196.0,0.4260869565217391,40.2,1.0,0.0,0.0,1,61.0,1,2.0,61.0,,61.0,0.002033333333333333,0.12633855213489073,-0.8219874785677311,0.5316153444041327,-1.336341692339859,-1.2047162728633265,-2.568327762140475,-2.739629994257579,0.15266581589678935,-0.07936610697261766,3.4254322234890013,0.7398531679498203,0.42467765756809844,-2.6295514745238013,-1.753171934653293,0.8308435573488003,1.1792414734838481,3.224063352683757,0.4132132364254078,-0.027574190277529102,-2.4688551570647506,-2.8955254642121324,0.5931764693287079,-0.1710253692714866,-0.45462113416536054,-1.0088052939260064,-0.9865399877534128,0.29873976871938623,-1.2012651667292327
subject_05_task_1,5,1,,1,88,435.0,465.0,0.3291289032907361,30.0,0.2583333333333333,eye,中,4.066666666666666,7,65.71428571428571,1.1126972805283737,64.0,67.0,-5.1757972199509465,4.516586038292036,1.7229972880020403,1.2375634012215924,2.04791418544289,0.9860950505068478,1.39224971124815,1.654795369208078,3.1767697855131765,2.5046661725227235,2.0809075465928584,2.8967446730117543,1.2484626849835736,1.2036412557702043,1.392058324626048,6.649631114973165,3.4340517846422793,2.9471234752828064,4.271932220303265,1.825668296194822,1.1652215502483303,1.449526039927231,8.087089735649915,7.895945907469794,5.786419879768656,6.091967818589661,2.646607486504356,1.3645649765370085,1.0528043151326276,2995,3.268535559265442,0.2001034927312679,0.9973288814691152,0.9191986644407344,0.0621035058430717,0.0020033388981636,6,3,789.6912839533106,3.9509108759681455,0.1316970291989382,0.0263230427984436,0.4870260115207692,1.0480294716913934,3.538091670221436,0.0,0.0,0.0,0.0,0.0,0.0,0.0,0.0,0.0,0.0,0.0,0.0,6.0,3.0,0.0129032258064516,6.0,0.0,0.0,0.0,0.0,0.0,0.0,0.0,5.0,253.0,3.0,196.0,0.421505376344086,40.2,1.0,0.0,0.0,1,61.0,1,2.0,61.0,,61.0,0.002033333333333333,0.9181293863559977,-0.7371798769678298,0.05575993308532629,-1.3644038561984322,-1.1781016136461682,-1.652535901555117,-2.3518959632545795,0.03233557335564348,0.009674023620013806,2.570366651799378,0.7136013103275605,0.5989442803697229,-2.1215230917785552,-1.289317328319941,0.8137051024164077,1.1202766504384079,2.7764662994336873,0.40380246764544897,0.2619602562799007,-2.1052581966390984,-2.5978486305701045,0.13545058244731328,-0.26032090600471186,-0.46643900168285024,-0.8099781233791985,-0.8740459975083358,0.2423757443370562,-0.7708431136362803
subject_05_task_1,5,1,,1,89,440.0,470.0,0.3326679237562278,30.0,0.2611111111111111,eye,中,4.066666666666666,6,65.0,1.4142135623730951,63.0,67.0,-8.44660194174754,4.4613228967684755,1.795377480020524,1.27752500956595,2.269220977886594,1.1601609277782574,1.4053560334059674,1.7762634475998096,3.110671995986164,2.431407756684827,1.9055128113826671,2.8739073969922333,1.2805391778316135,1.275986045415545,1.5082068091197376,6.3725021314810935,3.3219476029710595,2.8202588773007804,4.474536597859339,2.0075862017709483,1.177887473277076,1.5865694578158154,9.38916473573005,7.916651333867333,6.1301112071376025,6.281111892164033,3.08825201844229,1.291436821676183,1.0246326175699083,2995,3.2687657506702417,0.1999237126209871,0.9926544240400668,0.918864774624374,0.0614357262103505,0.0056761268781302,6,3,762.1776887107555,3.800935203740818,0.1266978401246939,0.0254059229570251,0.4894914897719504,1.0465834364462172,3.545805344528388,0.0,0.0,0.0,0.0,0.0,0.0,0.0,0.0,0.0,0.0,0.0,0.0,6.0,3.0,0.0127659574468085,6.0,0.0,0.0,0.0,0.0,0.0,0.0,0.0,5.0,258.0,3.0,196.0,0.4170212765957446,40.2,1.0,0.0,0.0,2,171.0,2,4.0,85.5,34.64823227814083,85.5,0.0057,0.8545264378693719,-0.545460677085677,0.22628050211989922,-1.0227734318273227,-0.8375693985758588,-1.5660728343327113,-1.9699632919482684,-0.014751227448000361,-0.1433013040679834,1.8634216339811875,0.6732358124678185,0.693270914324764,-1.8387006299553743,-0.848831717461098,0.6802702793330951,0.9462161356265186,2.459849975237204,0.6342911596954273,0.5429728612773083,-2.0210588709515998,-2.0911132878229437,0.9672244549157332,-0.2447722062956088,-0.28086693215327396,-0.7222628760218069,-0.656785496524835,-0.026488884332982215,-0.926736481240108
subject_05_task_1,5,1,,1,90,445.0,475.0,0.3362069442217196,30.0,0.2638888888888889,eye,中,4.066666666666666,5,64.8,1.4832396974191324,63.0,67.0,-12.160611854684555,4.983370129515546,1.8326418198133665,1.156236066723648,2.4006277234025055,1.4549521442269109,1.585006619804212,2.076243591159555,3.1133167692665165,2.363263019129393,1.6379264221193248,2.851154291035343,1.2806582820433172,1.4428383272989451,1.7407096268379467,7.127376185718033,3.3581862625288643,2.480351350168838,4.361173644927908,2.019559899769339,1.353915550028939,1.758288657222309,8.324864778835186,7.358402896912484,5.811788114463525,6.62179872971042,3.1413094052883146,1.2661168562907466,1.139373734777264,2995,3.277852211796246,0.2085288409654219,0.9873121869782971,0.9161936560934892,0.0594323873121869,0.0093489148580968,9,3,580.8626777364259,2.8466456722969777,0.0948881890765659,0.0193620892578808,0.5026401132932252,1.0001331447003643,3.5869430829688875,1.0,1.0,0.0333333333333333,0.0,1.0,0.0,0.0,1.0,1.0,0.0,0.0,0.0,7.0,3.0,0.0147368421052631,6.0,1.0,0.0,0.0,1.0,0.1428571428571428,0.0,0.0,5.0,4.0,4.0,455.0,0.9578947368421052,76.66666666666667,1.0,1.0,0.0166666666666666,6,281.0,3,6.0,77.0,28.583211855912904,61.0,0.0077,1.4553562556574422,-0.4467556417716507,-0.29127272979328367,-0.8199213560274039,-0.2608572508870515,-0.3809088698538444,-1.026734263502362,-0.012867141557777748,-0.28559845093534,0.7848894619694061,0.6330190874512157,0.6936211614491332,-1.1864135287775517,0.03292017224669976,1.0437345572590115,1.0024827230516302,1.611541830024941,0.5053261340465754,0.5614688969221999,-0.8508760638291939,-1.4561598642425329,0.2873428071151604,-0.6639877849865546,-0.4527417232304751,-0.564269925663579,-0.6306846991336365,-0.11958084192783182,-0.2917950076474331
subject_05_task_1,5,1,,1,91,450.0,480.0,0.3397459646872114,30.0,0.2666666666666666,eye,中,4.066666666666666,5,64.4,0.8944271909999159,63.0,65.0,-1.3636363636364266,4.590029144082697,1.8767647883440737,1.133947121080472,2.6354069273908247,1.7357087496834849,1.6550725809469968,2.324100373286983,3.1522254781266277,2.2921452611995705,1.4999190833950766,2.9800520822223446,1.382705724886266,1.5281792775189478,1.9868085653507237,6.571352220824388,3.172394709236378,2.296718361641578,4.6993869102158365,2.3411400732033485,1.381272846605759,2.046131118513353,8.685756476021828,7.976829328125518,5.669539341789232,7.218727975078203,3.685050992203282,1.4069625144550344,1.2732477084813856,2995,3.303827077747989,0.2910133028998373,0.9779632721202004,0.920534223706177,0.0520868113522537,0.0146911519198664,6,2,420.00000000000136,2.0000000000000067,0.0666666666666668,0.014,0.5238095238095238,0.6920129648298738,3.6531752380952383,1.0,1.0,0.0333333333333333,0.0,1.0,0.0,0.0,1.0,1.0,0.0,0.0,0.0,7.0,3.0,0.0145833333333333,6.0,1.0,0.0,0.0,1.0,0.1428571428571428,0.0,0.0,5.0,9.0,4.0,455.0,0.9479166666666666,76.66666666666667,1.0,1.0,0.0166666666666666,10,441.0,5,10.0,70.2,22.253089673121796,60.0,0.0117,1.0026558527406437,-0.32988360831569685,-0.3863821073114107,-0.45749362298597945,0.28839841168416447,0.08131980386127982,-0.24739697462203641,0.014850678307806524,-0.43410374141040947,0.228637870856734,0.8608493904101546,0.9937098224101769,-0.8527842825820008,0.9662344701909237,0.7760146008301737,0.7140102242412397,1.1532484782661352,0.8900874807188192,1.0582208904437682,-0.66901281397576,-0.39182601642441484,0.5178827410607155,-0.19958165847246095,-0.5295472665512515,-0.28744498781159744,-0.3631990607168309,0.3982554914816189,0.44902171270739444
subject_05_task_1,5,1,,1,92,455.0,485.0,0.3432849851527032,30.0,0.2694444444444444,eye,中,4.066666666666666,7,64.28571428571429,0.7559289460184545,63.0,65.0,-1.3677811550151948,4.918926100699122,1.8737336625030767,1.1386196035861031,3.0990867231545094,2.0482220795260817,1.64561865666261,2.7217928739272357,3.0096753135937675,2.310197256763568,1.3353092255821457,3.0628376938334463,1.4034562770325796,1.7300840977537673,2.2937291491400895,6.849350953105239,3.047089418439324,2.1695041852948993,4.872802814188845,2.4013119841097295,1.4045095829234986,2.2460444405764024,8.482659453242947,8.201652707006506,5.430747119220037,7.548454754239945,3.9415212269781232,1.510225485915173,1.3899477527732966,2995,3.3204698754628073,0.2927819669187513,0.9719532554257097,0.9158597662771284,0.0547579298831385,0.0170283806343906,9,2,420.00000000000136,2.0000000000000067,0.0666666666666668,0.014,0.5238095238095238,0.6920129648298738,3.6531752380952383,1.0,1.0,0.0333333333333333,0.0,1.0,0.0,0.0,1.0,1.0,0.0,0.0,0.0,7.0,3.0,0.0144329896907216,6.0,1.0,0.0,0.0,1.0,0.1428571428571428,0.0,0.0,5.0,14.0,4.0,455.0,0.9381443298969072,76.66666666666667,1.0,1.0,0.0166666666666666,10,510.0,5,10.0,84.0,33.61547262794322,60.0,0.014,1.38118692448878,-0.33791239360587205,-0.3664441116031668,0.25828705256356294,0.8997810566833483,0.018951789320380465,1.0030694947508567,-0.08669933191064934,-0.3964082779576463,-0.4348376817312927,1.0071751792410524,1.0547305127313733,-0.06346388241609613,2.130210921755875,0.9098681992227132,0.5194527768771855,0.835759710388787,1.0873705077172902,1.151169769653452,-0.5145418350592231,0.34737873588044854,0.38814305854381004,-0.03075097908003503,-0.6584803044284724,-0.13453474617425684,-0.23703231876706593,0.7779144686544155,1.09480327640901
subject_05_task_1,5,1,,1,93,460.0,490.0,0.346824005618195,30.0,0.2722222222222222,eye,中,4.066666666666666,6,63.833333333333336,0.752772652709081,63.0,65.0,-0.4389680400461709,4.326794565623147,1.891959981346571,1.1598502243641429,3.368718346038362,2.2651451911660754,1.631210600820281,2.9044425523866,3.1363760774574434,2.3517207331416663,1.268838670318187,3.185787753794888,1.453245899648804,1.8534434583018535,2.510790243330137,6.840156480415919,3.1491650443518697,2.0359470644551747,4.9790259023816485,2.484921468354847,1.5467813968899016,2.445557642096186,9.590990852258772,8.91943045339928,5.628694837891312,7.944022824773896,4.045998878806146,1.5846356411712632,1.4113436691035783,2995,3.3721948838774827,0.3015788522012586,0.9475792988313856,0.882804674457429,0.0784641068447412,0.021702838063439,9,2,239.39129486200605,1.1399585469619335,0.0379986182320644,0.0079797098287335,0.5238095238095238,0.6920129648298738,3.6531752380952383,1.0,1.0,0.0333333333333333,0.0,1.0,0.0,0.0,1.0,1.0,0.0,0.0,0.0,7.0,3.0,0.0142857142857142,6.0,1.0,0.0,0.0,1.0,0.1428571428571428,0.0,0.0,5.0,19.0,4.0,455.0,0.9285714285714286,76.66666666666667,1.0,1.0,0.0166666666666666,16,650.0,6,12.0,81.66666666666667,30.605010483034746,65.0,0.01633333333333333,0.6996963236207977,-0.28963488607205123,-0.2758507224474544,0.6745163274653417,1.3241566371512619,-0.0760988805654073,1.5773757695422455,0.003559868471238103,-0.30970059621170143,-0.7027535220736535,1.2244927077407948,1.2011457561162877,0.41879335006989493,2.953401074298818,0.9054411529384013,0.6779422795095832,0.5024408385902875,1.208213013483448,1.280323185837535,0.43123927959946556,1.0851039919515204,1.0961522743577972,0.5082628244639709,-0.5516007736189735,0.048909284071441086,-0.1856360818927329,1.0514925289826664,1.2132015888384078
subject_05_task_1,5,1,,1,94,465.0,495.0,0.3503630260836868,30.0,0.275,eye,中,4.066666666666666,5,63.8,0.8366600265340756,63.0,65.0,-0.1530612244896581,4.1282411536406345,1.9965753909326125,1.1355610359750845,3.196583342492286,2.118369643393349,1.758228160072604,2.8149815300306087,3.1381032463345577,2.485959040866923,1.3368183779542484,3.0354473741750603,1.3634349274202366,1.85960866626566,2.270650541788816,7.642478616879893,3.3002250022865587,2.186196551437429,4.744873195293014,2.225133309981252,1.509573784716042,2.170378135567568,9.916894743230143,9.220234850412696,5.147564609470728,7.469680533784918,3.654392552777979,1.7911838995568663,1.451109621828127,2994,3.356257912457912,0.299163683532918,0.947561790247161,0.8857715430861723,0.0778223112892451,0.0217100868403473,18,3,1407.7318164744684,0.6831286432822113,0.0227709547760737,0.0469243938824822,0.9926770739099244,0.0483685699445955,3.3209607288034886,1.0,1.0,0.0333333333333333,0.0,1.0,0.0,0.0,1.0,1.0,0.0,0.0,0.0,7.0,3.0,0.0141414141414141,6.0,1.0,0.0,0.0,1.0,0.1428571428571428,0.0,0.0,5.0,24.0,4.0,455.0,0.9191919191919192,76.66666666666667,1.0,1.0,0.0166666666666666,16,650.0,6,12.0,81.66666666666667,30.605010483034746,65.0,0.01633333333333333,0.4711790499731631,-0.012531688887140801,-0.37949535531106054,0.40879220006185296,1.03701361300029,0.7618423535823449,1.2960830406326294,0.0047902705384312814,-0.029389469118908006,-0.4287549008011356,0.9587620546370866,0.9370406139898132,0.442895421587742,2.04268679691506,1.291751206061945,0.9124881604356697,0.877418894229328,0.9418340149256104,0.8790226821798919,0.18389403295847465,0.06759301837714399,1.3043417729881372,0.7341513017423403,-0.8113813531428796,-0.17106615898577934,-0.37828102692998833,1.8108925288729603,1.4332539400466715
subject_05_task_1,5,1,,1,95,470.0,500.0,0.3539020465491785,30.0,0.2777777777777778,eye,中,4.066666666666666,6,63.833333333333336,0.752772652709081,63.0,65.0,-3.572296476306208,4.005859860285907,1.9537845946917471,1.201380702489805,3.155473187718064,2.0554291195205945,1.6262826518210425,2.6265389323954462,3.3123321798984975,2.5939653794158364,1.3990981260755586,3.084180389423441,1.3179793607300878,1.854026769867712,2.204406061263554,7.173028867389769,3.1546882208919342,2.258200312005515,4.625747411185743,2.0551902995296905,1.3969921995494925,2.0484220937325093,10.175728381737676,9.73475027840094,5.105691421546131,7.441850265215236,3.293601696679777,1.906646813264131,1.457559740843417,2994,3.355508889634351,0.2913152764159423,0.9505678022712092,0.8921175684702739,0.0744822979291917,0.0187040748162992,15,1,4764.70767977184,2.1618455897331397,0.0720615196577713,0.158823589325728,1.0,-1.000088900581841e-12,3.31851,1.0,1.0,0.0333333333333333,0.0,1.0,0.0,0.0,1.0,1.0,0.0,0.0,0.0,7.0,3.0,0.014,6.0,1.0,0.0,0.0,1.0,0.1428571428571428,0.0,0.0,5.0,29.0,4.0,455.0,0.91,76.66666666666667,1.0,1.0,0.0166666666666666,16,560.0,5,10.0,76.0,30.495901363953813,60.0,0.012666666666666666,0.33032909315974446,-0.12587509111967335,-0.09863561385521698,0.3453306159577315,0.9138804846235242,-0.10860880825214568,0.7035620618237878,0.1289076297975308,0.19614509701832197,-0.17773050378848335,1.0448989661069925,0.8033704331282971,0.42107373009276566,1.7914588915541243,1.0657158651156877,0.6865179359893752,1.0571188764309907,0.806313023229793,0.6165079620546061,-0.5645151855674492,-0.383354846259582,1.4696863635940942,1.1205256623515332,-0.8339902859910074,-0.18397239942715599,-0.5557667569178721,2.2354060897326025,1.46894688231614
subject_05_task_1,5,1,,1,96,475.0,505.0,0.3574410670146703,30.0,0.2805555555555555,eye,中,4.066666666666666,7,63.857142857142854,0.6900655593423541,63.0,65.0,-2.0602569782898104,4.015695050149975,1.906774548704052,1.1676168496336143,2.8292454645891723,1.633954577005933,1.633048160706466,2.4230940701797503,3.2440119607515263,2.5672044311499067,1.542333433033362,2.936813676535296,1.225963582864612,1.6644937963258013,1.9041366890163045,7.155455544647664,3.0848258175990897,2.367979092494652,4.516177595583601,1.9153711558870228,1.3027251074033952,1.9071864316275844,10.243455663317205,10.104698218029586,5.522995277916055,6.783497720630606,3.170707793454426,1.82956850577687,1.2282280500500746,2994,3.3684086311530685,0.2934369760850015,0.9462257849031396,0.8794255177020708,0.085504342017368,0.021376085504342,15,1,6611.999999999989,2.999999999999995,0.0999999999999998,0.2203999999999996,1.0,-1.000088900581841e-12,3.31851,0.0,0.0,0.0,0.0,0.0,0.0,0.0,0.0,0.0,0.0,0.0,0.0,7.0,3.0,0.0138613861386138,6.0,1.0,0.0,0.0,1.0,0.1428571428571428,0.0,0.0,5.0,34.0,4.0,455.0,0.900990099009901,76.66666666666667,1.0,1.0,0.0166666666666666,15,640.0,5,10.0,94.0,42.77849927241488,70.0,0.015666666666666666,0.3416485197619007,-0.25039435739742183,-0.24270967994945994,-0.15826583611454023,0.08933255019710734,-0.06397640546894028,0.063869389325938,0.08023761264786441,0.14026394284102367,0.39959290622225613,0.7844243487052105,0.5327816677690733,-0.3198805588971864,0.6527067293275303,1.0572544866574296,0.5780448558431577,1.331094079175633,0.6816631820421054,0.4005262440422971,-1.1911750488248554,-0.9055915413706641,1.5129509860372692,1.398337348565873,-0.6086720015813762,-0.4892822894243301,-0.6162225965167419,1.9520182405448605,0.19989699647024936
subject_05_task_1,5,1,,1,97,480.0,510.0,0.3609800874801621,30.0,0.2833333333333333,eye,中,4.066666666666666,6,63.666666666666664,0.5163977794943223,63.0,64.0,-0.522772277227836,3.9089823086180018,1.9104940691470345,1.11274266032587,2.448299151597655,1.2782399568455245,1.7169235415019863,2.200238418899715,3.1564569360355033,2.552406596244803,1.5012804107195687,2.741165640790109,1.119134270287153,1.7001531346308754,1.8258851718955416,6.732883865547684,3.1345019623211323,2.2172873010013148,4.145732812890098,1.6259761635519674,1.4136652299887382,1.869731906649133,9.74286706731958,9.618711447809677,5.470828824851964,6.66575518372411,2.741606562441669,1.7581817592455835,1.2184177931950704,2994,3.363207259158752,0.2119217419027458,0.9492317969271876,0.8784235136940548,0.0861723446893787,0.0220440881763527,12,1,6611.999999999989,2.999999999999995,0.0999999999999998,0.2203999999999996,1.0,-1.000088900581841e-12,3.31851,0.0,0.0,0.0,0.0,0.0,0.0,0.0,0.0,0.0,0.0,0.0,0.0,7.0,3.0,0.0137254901960784,6.0,1.0,0.0,0.0,1.0,0.1428571428571428,0.0,0.0,5.0,39.0,4.0,455.0,0.8921568627450981,76.66666666666667,1.0,1.0,0.0166666666666666,12,660.0,4,8.0,132.5,46.45786621588785,140.0,0.017666666666666667,0.21883166904719753,-0.24054216630221423,-0.47686386877576115,-0.7463311599703689,-0.6065665509647126,0.4893537050458829,-0.6368567218964277,0.0178650879739997,0.10936368902322087,0.23412482899442363,0.43861119824959327,0.21863106811028296,-0.18047505511635886,0.3559429147170761,0.8537904659324472,0.6551753892031679,0.9550121629584468,0.2602343142668642,-0.04650858967420948,-0.4536777900641355,-1.0440843770340154,1.1931717759450329,1.0333865280580476,-0.6368386612676389,-0.5438851937293346,-0.8273126059716083,1.6895561131381933,0.1456101018029929
subject_05_task_1,5,1,,1,98,485.0,515.0,0.3645191079456539,30.0,0.2861111111111111,eye,中,4.066666666666666,6,64.5,1.6431676725154984,63.0,67.0,8.918625678119195,3.830124723228771,1.812129686104171,1.088193094191946,2.3982446601341016,1.3658829628101827,1.6652648282516394,2.2038778530523153,3.1623466988988245,2.4910711448402805,1.5570003437760402,2.770611541843989,1.200510573823529,1.5999168881356378,1.7794546757290346,6.2933595111218485,2.9329453053095396,2.2813863024520336,4.16733925434249,1.6797527031780617,1.2855978411710505,1.826669709493493,9.579717092266876,9.06607636976754,5.771059973155311,6.393436651076381,2.9589157079318755,1.5709551472241394,1.1078444308006017,2994,3.3242360688956434,0.2194703267419467,0.9579158316633266,0.8927855711422845,0.0808283233132932,0.0177020708082832,12,1,6611.999999999989,2.999999999999995,0.0999999999999998,0.2203999999999996,1.0,-1.000088900581841e-12,3.31851,0.0,0.0,0.0,0.0,0.0,0.0,0.0,0.0,0.0,0.0,0.0,0.0,7.0,3.0,0.0135922330097087,6.0,1.0,0.0,0.0,1.0,0.1428571428571428,0.0,0.0,5.0,44.0,4.0,455.0,0.883495145631068,76.66666666666667,1.0,1.0,0.0166666666666666,11,530.0,3,6.0,133.33333333333334,56.86240703077327,150.0,0.013333333333333334,0.12807361941383413,-0.5010877698433538,-0.5816195620560514,-0.8236000814144483,-0.43510694369183156,0.14855857254384727,-0.625413231340306,0.022060842366248595,-0.018714575708300957,0.45870927287884206,0.49065761810074215,0.4579325663337432,-0.572335507495518,0.17985826276886951,0.642163902248622,0.342224926872573,1.1149842162090073,0.2848144368204255,0.03656121832636298,-1.30503207009056,-1.2033122886791372,1.088950524070631,0.6183862903321908,-0.4747324016933764,-0.6701724571883465,-0.7204105831834404,1.0011945154184472,-0.46626831953017583
subject_05_task_1,5,1,,1,99,490.0,520.0,0.3680581284111457,30.0,0.2888888888888888,eye,中,4.066666666666666,5,64.8,1.6431676725154982,63.0,67.0,11.727272727272773,3.5800533618978645,1.7482062254729989,1.1342953105890088,2.9395436508353865,1.9612855918977532,1.541226706266821,2.5915152988765873,2.9777387653575285,2.2883554490334106,1.5321009279712676,2.8295890965571178,1.283188415348661,1.493606202604118,1.8468686004282495,5.739805498833965,2.8159599007416896,2.1410958166667173,4.272961046368721,1.7738964534280115,1.315195648331894,1.9956888491898117,8.801489897418687,7.932737313722562,5.607900159895995,6.679939089054652,3.4126886111902697,1.4145646476469518,1.1911658372281968,2995,3.25942842673869,0.2089973921799434,0.976627712854758,0.924540901502504,0.0550918196994991,0.0160267111853088,18,1,6611.999999999989,2.999999999999995,0.0999999999999998,0.2203999999999996,1.0,-1.000088900581841e-12,3.31851,0.0,0.0,0.0,0.0,0.0,0.0,0.0,0.0,0.0,0.0,0.0,0.0,7.0,3.0,0.0134615384615384,6.0,1.0,0.0,0.0,1.0,0.1428571428571428,0.0,0.0,5.0,49.0,4.0,455.0,0.875,76.66666666666667,1.0,1.0,0.0166666666666666,8,480.0,3,6.0,126.66666666666667,68.06859285554046,150.0,0.012666666666666666,-0.15973622045799027,-0.6704069493611002,-0.3848963444608281,0.012001039829826221,0.7297036402098909,-0.6697271639255157,0.5934370801345935,-0.10945031792571411,-0.44201747734591096,0.3583498297708557,0.5949020278329126,0.7010614685700286,-0.9879431821813336,0.4355212094785968,0.3756332032003038,0.16058549611274137,0.7648608670980213,0.40497289040252,0.18198714777613345,-1.1082745657921609,-0.5783426768260844,0.5918139939327548,-0.23269247098885995,-0.5628286141942164,-0.5373074313863176,-0.4971837091586282,0.4262056663716457,-0.005193703328339296
subject_05_task_1,5,1,,1,100,495.0,525.0,0.3715971488766375,30.0,0.2916666666666667,eye,中,4.066666666666666,6,65.16666666666667,1.7224014243685084,63.0,67.0,10.015384615384654,3.673815427613482,1.688678352566464,1.1059506977877207,2.9743123250064247,1.9012155781986688,1.5269020182765811,2.689371534333371,3.087146765768585,2.3698863368705916,1.535257493896954,2.805677556012417,1.3202509200571009,1.543640950323645,1.8274964083651843,5.595688783414989,2.847564252216573,2.022207966352741,4.387341075502335,1.818610313372768,1.40814609555339,2.1695795627861925,9.285597589452683,8.932646507488542,6.390748532809177,7.014456359094595,3.674986191463772,1.3977465177403914,1.0975954261200225,2995,3.2754540850776506,0.2364056941591255,0.9716193656093488,0.917863105175292,0.0564273789649415,0.0186978297161936,21,3,5233.04186176163,2.3823810785170214,0.079412702617234,0.1744347287253876,0.9964714667535256,0.0248052700712563,3.318702775514728,0.0,0.0,0.0,0.0,0.0,0.0,0.0,0.0,0.0,0.0,0.0,0.0,7.0,3.0,0.0133333333333333,6.0,1.0,0.0,0.0,1.0,0.1428571428571428,0.0,0.0,5.0,54.0,4.0,455.0,0.8666666666666667,76.66666666666667,1.0,1.0,0.0166666666666666,11,560.0,4,8.0,107.5,67.51543033509698,100.0,0.014333333333333333,-0.05182444289160769,-0.8280831843372789,-0.5058459184191726,0.06567330528861981,0.6121862086207135,-0.7642278518932194,0.9011269185418239,-0.03151015141568175,-0.27176790068042395,0.37107266635944824,0.5526377386131649,0.8100503574629618,-0.7923389016780474,0.3620534247565524,0.30624245170631814,0.2096565441861105,0.46815213387548754,0.5350949718187947,0.2510576343935555,-0.49036737019029786,0.06464019467854082,0.9010650967264374,0.518187394594902,-0.14013888908104646,-0.38217560762692565,-0.3681502907057315,0.36437174945062495,-0.5229831075079245
subject_05_task_1,5,1,,1,101,500.0,530.0,0.3751361693421293,30.0,0.2944444444444444,eye,中,4.066666666666666,6,66.33333333333333,1.2110601416389968,64.0,67.0,6.1952861952862905,3.3193552232825456,1.6728338972420067,1.0559404767846798,3.029316530615493,1.9829497491365953,1.5842123055418391,2.8688326635983383,2.8830087214469757,2.2045239751562904,1.4436857166066943,2.878966865012991,1.348674148911333,1.5270110037092457,1.9941783948516496,5.57867499188869,2.891824709146964,1.84563936977954,4.514635878754648,1.9573336238547143,1.566841689930135,2.4461094364788702,8.783420225742534,7.566582171362858,6.0875209620423405,6.9598996664914194,3.7349011444164817,1.242966097126062,1.1433060698909527,2995,3.285110772357723,0.2502309152319054,0.968948247078464,0.9008347245409016,0.067779632721202,0.0213689482470784,21,3,3485.490807804676,2.294978320961855,0.0764992773653951,0.1161830269268225,0.5299948908462794,0.8722061047213987,3.3441879433586177,0.0,0.0,0.0,0.0,0.0,0.0,0.0,0.0,0.0,0.0,0.0,0.0,7.0,3.0,0.0132075471698113,6.0,1.0,0.0,0.0,1.0,0.1428571428571428,0.0,0.0,5.0,59.0,4.0,455.0,0.8584905660377359,76.66666666666667,1.0,1.0,0.0166666666666666,11,640.0,5,10.0,106.0,58.56620185738529,100.0,0.017666666666666667,-0.45977653347277114,-0.8700516595880453,-0.7192450206149015,0.15058308097569825,0.7720861195781553,-0.3861490010391065,1.4654074225502078,-0.17693418901513588,-0.6170710468265426,0.0019839839054004013,0.6821785578893286,0.8936339186912693,-0.8573514957367185,0.9941840716324927,0.2980504819105893,0.2783783153481144,0.02748940443965956,0.6799092796846972,0.46534659472947415,0.5645941991933929,1.0871443213591159,0.5802709716157746,-0.507655963465963,-0.30386303154456096,-0.4074761824546485,-0.33867601500760525,-0.20469744685364225,-0.27003469440912214
subject_05_task_1,5,1,,1,102,505.0,535.0,0.378675189807621,30.0,0.2972222222222222,eye,中,4.066666666666666,6,66.66666666666667,0.5163977794943222,66.0,67.0,-0.1556420233462692,3.2912757026943584,1.6138756204889777,1.0595543130970213,3.044557987717502,1.885887922980923,1.523164599058357,2.87343267832908,2.956401719034446,2.186054271134425,1.460212965397684,2.967239884400449,1.3679478797928335,1.4970790719825315,2.0320596753449123,5.662590150208194,2.8474285023002865,1.843359152738368,4.4626204344457285,1.9010864925384603,1.5446954534445128,2.4209175015169264,8.85883500833307,7.219186798476708,5.665450760866577,7.408591921088086,3.7011728116172287,1.2742475582600377,1.3076791651358173,2995,3.2792973612990526,0.2444377045608361,0.9746243739565944,0.9138564273789648,0.0564273789649415,0.0186978297161936,12,2,3257.9320129636353,2.897227223622619,0.0965742407874206,0.1085977337654545,0.8708314806580703,0.3848030338734145,3.3731433281458423,0.0,0.0,0.0,0.0,0.0,0.0,0.0,0.0,0.0,0.0,0.0,0.0,7.0,3.0,0.0130841121495327,6.0,1.0,0.0,0.0,1.0,0.1428571428571428,0.0,0.0,5.0,64.0,4.0,455.0,0.8504672897196262,76.66666666666667,1.0,0.0,0.0,9,560.0,5,10.0,98.0,53.5723809439155,100.0,0.01633333333333333,-0.49209355802589394,-1.0262191597051313,-0.7038243844115721,0.17411125830951416,0.5822000880498535,-0.7888837946674376,1.4798712713030837,-0.12465042154706932,-0.6556387525669605,0.06859861847256753,0.8382034871370915,0.9503117533417106,-0.9743664550665214,1.1378463764049374,0.3384547881050426,0.20944576970863543,0.02179866053292886,0.6207349821212442,0.3784604092011481,0.417372541966102,0.9939939607355711,0.6284464190768149,-0.7685318435193499,-0.5317548474904172,-0.1993959008178201,-0.35526816990002397,-0.08968731911215819,0.6395546302717154
subject_05_task_1,5,1,,1,103,510.0,540.0,0.3822142102731128,30.0,0.3,eye,中,4.066666666666666,7,66.57142857142857,0.5345224838248488,66.0,67.0,-1.0000000000000966,3.3242481326204225,1.612629070474878,1.055511508876067,3.0288006966962384,2.009366888164235,1.527817609674425,2.8695098738633136,2.921893232116032,2.183980869509425,1.4216244587428857,2.9550550190963683,1.3792859366277572,1.536257241550751,2.0786467206040227,5.921143725921035,2.88234544451035,1.8214772441018867,4.432266425596818,1.931642464054543,1.5824218797372591,2.4333361506156117,8.50655491045241,7.184685744996397,6.007335174734371,7.170220429129544,3.758458961954478,1.1959854970659407,1.1935775548675944,2995,3.2534723346828613,0.238314132242597,0.9756260434056762,0.9185308848080134,0.0530884808013355,0.01669449081803,12,2,4497.999999999997,3.999999999999998,0.1333333333333332,0.1499333333333332,0.8708314806580701,0.3848030338734146,3.373143328145842,0.0,0.0,0.0,0.0,0.0,0.0,0.0,0.0,0.0,0.0,0.0,0.0,7.0,3.0,0.0129629629629629,6.0,1.0,0.0,0.0,1.0,0.1428571428571428,0.0,0.0,5.0,69.0,4.0,455.0,0.8425925925925926,76.66666666666667,1.0,0.0,0.0,10,500.0,5,10.0,82.0,29.49576240750525,100.0,0.013666666666666667,-0.4541452310895356,-1.0295209963630838,-0.7210754737649326,0.14978679018500873,0.8237670521648207,-0.7581876493385457,1.467536778089232,-0.14923360747794603,-0.6599683478685442,-0.08693599601835098,0.8166664109143102,0.983653326620806,-0.8212045422137763,1.3145247306557215,0.4629457388459919,0.2636601696189369,-0.032812078704723004,0.5862033699100391,0.4256608929950197,0.6681667120584891,1.039913483938029,0.4034076300748624,-0.7944403425723724,-0.34715839954674677,-0.30994028100889487,-0.32708709480083986,-0.37742738396062536,0.008151988164983645
subject_05_task_1,5,1,,1,104,515.0,545.0,0.3857532307386046,30.0,0.3027777777777777,eye,中,4.066666666666666,6,66.5,0.5477225575051661,66.0,67.0,-3.3168539325842694,3.3650576094638236,1.6030409827748913,0.9833730679570408,2.359704773400101,1.2013911622654194,1.6301452978626023,2.399602806188695,2.8247670464447183,2.287902243885602,1.3486432637881791,2.773047740818906,1.174287396129561,1.6964473151032955,2.056175873395714,5.845672671265767,2.9568509305245625,1.7366334100387713,4.197033277940978,1.692040293523541,1.7026339084761413,2.4167640986748475,8.235529775742213,7.975856449946588,5.489590344072326,6.838699723769412,3.094272498119437,1.4529055812987828,1.2457577515148937,2995,3.271674763832658,0.233582535090713,0.9756260434056762,0.917863105175292,0.0537562604340567,0.01669449081803,12,2,4497.999999999997,3.999999999999998,0.1333333333333332,0.1499333333333332,0.8708314806580701,0.3848030338734146,3.373143328145842,0.0,0.0,0.0,0.0,0.0,0.0,0.0,0.0,0.0,0.0,0.0,0.0,7.0,3.0,0.0128440366972477,6.0,1.0,0.0,0.0,1.0,0.1428571428571428,0.0,0.0,5.0,74.0,4.0,455.0,0.8348623853211009,76.66666666666667,1.0,0.0,0.0,10,500.0,5,10.0,82.0,29.49576240750525,100.0,0.013666666666666667,-0.40717716192303016,-1.054917730621152,-1.0288981191594362,-0.8830939528621597,-0.7569089997781695,-0.08312673781879035,-0.009994306611777491,-0.2184244441193722,-0.44296384241814163,-0.38109358350704337,0.4949636651277104,0.38081864695374235,-0.19496247027093536,1.2293054968257242,0.42660718378423,0.37934241321247125,-0.24455706744938357,0.3185952304216022,0.055542130409693864,1.4673008719904823,0.9786362292576611,0.23027503339625222,-0.20031223944999282,-0.6267086007395066,-0.4636824529164213,-0.6538238105166818,0.5671708104913198,0.29690088444527724
subject_05_task_1,5,1,,1,105,520.0,550.0,0.3892922512040964,30.0,0.3055555555555556,eye,中,4.066666666666666,6,66.5,0.5477225575051661,66.0,67.0,-3.3168539325842694,3.591479396628153,1.7368128741681954,1.0261804541957769,2.6471875375136658,1.3475356037133854,1.6925023927973224,2.5796511000477795,3.0102544292213493,2.170412259779346,1.3609693372912837,2.7860765851579594,1.1987300568010917,1.5947547092420788,2.0471266389462124,6.2076047110631,2.9255370164272,1.7537557739425682,4.185949364524811,1.7249826229885965,1.6681553155205775,2.386848514895833,8.987644723798745,7.536515453940897,5.558462167982924,6.633043183038569,2.994959412205521,1.3558634072121023,1.1933234377748032,2994,3.3028224772190344,0.2193685451855365,0.976619906479626,0.9038076152304608,0.064128256513026,0.0160320641282565,15,2,4497.999999999997,3.999999999999998,0.1333333333333332,0.1499333333333332,0.8708314806580701,0.3848030338734146,3.373143328145842,0.0,0.0,0.0,0.0,0.0,0.0,0.0,0.0,0.0,0.0,0.0,0.0,7.0,3.0,0.0127272727272727,6.0,1.0,0.0,0.0,1.0,0.1428571428571428,0.0,0.0,5.0,79.0,4.0,455.0,0.8272727272727273,76.66666666666667,1.0,0.0,0.0,8,480.0,5,10.0,86.0,25.099800796022265,100.0,0.014333333333333333,-0.14658587325872532,-0.7005854296223213,-0.8462343034939024,-0.43930794151106245,-0.47100063481534155,0.32824615735445906,0.5561324218935837,-0.08628678101608306,-0.688301782273164,-0.3314121820565496,0.5179924969303051,0.45269663925711967,-0.5925163684836464,1.194986860799869,0.6008738270273438,0.33072231780383127,-0.20182473701987472,0.30598584489447833,0.10642887401165493,1.2380973413102814,0.8680195806560869,0.7107308925809108,-0.53023450647477,-0.5895220735343951,-0.5590553292639229,-0.7026794155101274,0.21038335768597743,0.006745783612605463
subject_05_task_1,5,1,,1,106,525.0,555.0,0.3928312716695882,30.0,0.3083333333333333,eye,中,4.066666666666666,6,66.5,0.5477225575051661,66.0,67.0,-0.6258692628650334,3.6331006613036,1.621288914296568,1.002323069682235,2.505613217348677,1.2460682446408182,1.6175312764282308,2.4998059938329344,3.032350550524789,2.2215839217491773,1.4120799032575022,2.651163697104959,1.1290456310926686,1.5732706885950607,1.8774884416873552,6.057267248488206,2.9858598493833775,1.7818915475938766,4.023358493634547,1.620342943513811,1.675668675467507,2.2579143489778417,8.803507210919566,8.081457890046236,5.6636074102059935,6.320920285604522,2.9618451545132487,1.4269099718111116,1.1160590464328497,2994,3.287143435707054,0.192046772626815,0.9812959251837008,0.9168336673346692,0.0571142284569138,0.0133600534402137,6,2,4479.535037810579,3.9835794022326176,0.1327859800744205,0.1493178345936859,0.8708314806580703,0.3848030338734145,3.3731433281458423,1.0,0.0,0.0333333333333333,0.0,0.0,0.0,0.0,0.0,0.0,0.0,0.0,0.0,8.0,3.0,0.0144144144144144,6.0,1.0,0.0,0.0,1.0,0.125,0.0,0.0,5.0,5.0,5.0,534.0,0.9621621621621622,77.0,2.0,1.0,0.0166666666666666,5,400.0,4,8.0,95.0,17.320508075688775,100.0,0.012666666666666666,-0.09868350867867245,-1.0065829758591476,-0.948036381825421,-0.6578556622743992,-0.6695053910832208,-0.16634207237963103,0.30507506500493003,-0.07054592689987972,-0.5814471408146877,-0.12540622683568434,0.2795303489359481,0.24777718789112263,-0.6765053280070232,0.5516449758816855,0.5284878482361758,0.4243836175228538,-0.13160620975852141,0.12101769355040383,-0.05521034903336989,1.2880439452603578,0.39126922106282214,0.5931026667530652,-0.12101104325953785,-0.5327501428898439,-0.7038018002315584,-0.7189694852283026,0.47159476450389143,-0.4208112045788617
subject_05_task_1,5,1,,1,107,530.0,560.0,0.3963702921350799,30.0,0.3111111111111111,eye,中,4.066666666666666,5,66.4,0.5477225575051661,66.0,67.0,3.0760749724365946,3.815644384437335,1.8076695444342452,1.1197383165156465,2.9857823966181067,1.6402914247501863,1.6143678552139518,2.666500156848375,3.1672232079376967,2.4142882341088563,1.439485179432645,2.717174197362889,1.124274882282885,1.677188670369234,1.8876013703967616,6.076382973655073,3.0599985254595063,1.8186886581605224,4.082911685467217,1.66699680703119,1.6825301635489842,2.244975613141394,8.625606520094202,9.161041131991492,6.0152012583031995,6.778479323746713,3.149656823806651,1.5229816490921018,1.126891525763981,2994,3.261595867208672,0.1909287195891116,0.9719438877755512,0.916499665998664,0.053440213760855,0.0197060788243153,15,3,3069.560876381068,3.3975930504357423,0.1132531016811914,0.1023186958793689,0.811322950007117,0.6078188464221188,3.3676749099943084,1.0,0.0,0.0333333333333333,0.0,0.0,0.0,0.0,0.0,0.0,0.0,0.0,0.0,8.0,3.0,0.0142857142857142,6.0,1.0,0.0,0.0,1.0,0.125,0.0,0.0,5.0,10.0,5.0,534.0,0.9535714285714286,77.0,2.0,1.0,0.0166666666666666,8,590.0,6,12.0,93.33333333333333,24.221202832779934,90.0,0.018666666666666668,0.11140804056996872,-0.5129017035795456,-0.4470126359632227,0.08337960968622536,0.1017295853469042,-0.18721132141909938,0.8292123347683956,0.025534774117577562,-0.1790496142923826,-0.014946677233290698,0.396205678541999,0.23374795225106074,-0.270251614682956,0.5899976035509412,0.5376918779757177,0.5394963272621718,-0.03977156026620522,0.18876715414196849,0.01685690393269936,1.3336570970505595,0.343426611473737,0.47945856290842237,0.6896998939458847,-0.34291120070662867,-0.491609562574843,-0.6265783099494325,0.824814066796152,-0.3608676502840125
subject_05_task_1,5,1,,1,108,535.0,565.0,0.3999093126005718,30.0,0.3138888888888889,eye,中,4.066666666666666,6,66.33333333333333,0.5163977794943223,66.0,67.0,0.3543307086614244,3.7758509858228857,1.7309448376137415,1.128938264494498,2.8029058726288807,1.526643813348275,1.5332502157580803,2.482780467968221,3.0089796151995096,2.6217120315320517,1.4884512390426112,2.5471144038895424,1.0409750674125682,1.7613691082136935,1.7112514922073463,5.890813810269412,3.079037002440098,1.9062138269887632,4.056603189500574,1.5929286454694338,1.6152631771137855,2.128094514931082,8.802817554365706,10.073150726956127,6.6815819203545885,6.395409648144667,3.090701101278933,1.50759967430311,0.9571699822555292,2994,3.2705204184947685,0.1828835701786338,0.9679358717434868,0.9028056112224448,0.0668002672010688,0.0183700734802939,15,3,1731.0679870363592,3.1027727763773667,0.1034257592125788,0.0577022662345453,0.6238289017847025,0.8720158455049257,3.350445517075535,1.0,0.0,0.0333333333333333,0.0,0.0,0.0,0.0,0.0,0.0,0.0,0.0,0.0,8.0,3.0,0.0141592920353982,6.0,1.0,0.0,0.0,1.0,0.125,0.0,0.0,5.0,15.0,5.0,534.0,0.9451327433628318,77.0,2.0,1.0,0.0166666666666666,10,550.0,6,12.0,83.33333333333333,28.047578623950173,75.0,0.016666666666666666,0.06560938684878037,-0.7161285670709182,-0.40775544814125797,-0.19892616054378373,-0.12060389812957972,-0.7223484734547316,0.2515416209923069,-0.08719493413795905,0.2540845590060761,0.18241564291828205,0.09562043257795232,-0.011209973262145397,0.05884076066624337,-0.0787978969479703,0.4483421889822805,0.5690567509241093,0.17866524298603373,0.15883783623532344,-0.09755782045586837,0.886485983976562,-0.08875600827396005,0.5926621097172249,1.3746468214615808,0.016893160660385934,-0.6692574831021398,-0.6555807064152318,0.7682603502730835,-1.3000536156858857
subject_05_task_1,5,1,,1,109,540.0,570.0,0.4034483330660635,30.0,0.3166666666666666,eye,中,4.066666666666666,6,66.33333333333333,0.5163977794943223,66.0,67.0,-1.1731843575418606,3.8344064645677713,1.816266876514393,1.1381220850137397,3.0390494825700056,1.6638017177114002,1.595845384629775,2.670231535427342,3.205107742477414,2.4818227460296507,1.4595189321447226,2.60838905584157,1.0614156659394605,1.7004388852857708,1.7871567119781135,6.490652787390073,3.180235099208552,1.8874312908950883,4.121427212718064,1.6426837183110512,1.6849541037864055,2.183617084552802,9.515548886950064,9.750425330950351,6.0935575571658545,6.877590545048844,3.1825584636942827,1.600120330279661,1.1286658869679485,2995,3.295108524477919,0.1830044095188304,0.9505843071786312,0.8841402337228714,0.0684474123539232,0.0333889816360601,21,1,490.9999999999972,1.999999999999989,0.0666666666666662,0.0163666666666665,1.0,-1.000088900581841e-12,3.29312,1.0,0.0,0.0333333333333333,0.0,0.0,0.0,0.0,0.0,0.0,0.0,0.0,0.0,8.0,3.0,0.0140350877192982,6.0,1.0,0.0,0.0,1.0,0.125,0.0,0.0,5.0,20.0,5.0,534.0,0.936842105263158,77.0,2.0,1.0,0.0166666666666666,13,1000.0,8,16.0,116.25,56.552756658842775,105.0,0.031,0.13300152192370823,-0.4901292629219388,-0.3685670779596164,0.16560780059631086,0.14772373574865588,-0.30940499253143866,0.8409449266327699,0.05252299178984064,-0.038026716470065954,0.06580125200775729,0.20392502328797346,0.048899243297230964,-0.17935795042808336,0.20906773680395102,0.7371586338809806,0.7261837426108315,0.13178961628117752,0.2325835494575436,-0.020700060980357135,1.3497707378041366,0.11654570399316329,1.0479594624018118,1.1322968125966777,-0.3006036433645965,-0.44564689967918925,-0.6103928344182419,1.108423887296352,-0.35104889006140877
subject_05_task_1,5,1,,1,110,545.0,575.0,0.4069873535315553,30.0,0.3194444444444444,eye,中,4.066666666666666,6,66.33333333333333,0.5163977794943223,66.0,67.0,-3.2804811372334264,4.012446342351012,1.6239416042511194,1.067360623896978,2.7669407783991944,1.4790452582402889,1.5214554180592137,2.5923204551962753,3.3681334638053073,2.3792973358083187,1.4796989064121888,2.588970490651369,0.978935704413102,1.607960461076083,1.7496603392975534,7.0971424056329555,3.1720280617405168,2.0094771777472067,4.198655925222033,1.5824532401573097,1.5785340071871967,2.0894270269489104,10.498059912406683,8.831017263066476,6.847318809955905,7.576375935601988,3.19967549043542,1.289704409589678,1.1064733724076123,2995,3.327833160978973,0.2006667569069588,0.9439065108514192,0.8751252086811352,0.0697829716193656,0.0400667779632721,21,1,490.9999999999972,1.999999999999989,0.0666666666666662,0.0163666666666665,1.0,-1.000088900581841e-12,3.29312,1.0,0.0,0.0333333333333333,0.0,0.0,0.0,0.0,0.0,0.0,0.0,0.0,0.0,8.0,3.0,0.0139130434782608,6.0,1.0,0.0,0.0,1.0,0.125,0.0,0.0,5.0,25.0,5.0,534.0,0.928695652173913,77.0,2.0,1.0,0.0166666666666666,14,1200.0,9,18.0,125.55555555555556,59.81452814975453,130.0,0.03766666666666667,0.3379095467486233,-0.9995565839494365,-0.6705139993990709,-0.25444533493767485,-0.21372290375637057,-0.8001593477817833,0.5959687370774643,0.1686593969702249,-0.25211622476163525,0.14713854101468293,0.1696021885088039,-0.19364775759779032,-0.5408902145860579,0.0668651700017579,1.0291772957053587,0.7134409426057764,0.4363798699301294,0.3204412016389085,-0.11373941031004482,0.6423212804755526,-0.2317339278099972,1.6755938155202377,0.4418691110279645,0.10638083506915838,-0.12158634507767555,-0.6019723660637281,-0.03285830980567615,-0.4738553280726589
subject_05_task_1,5,1,,1,111,550.0,580.0,0.4105263739970471,30.0,0.3222222222222222,eye,中,4.066666666666666,6,66.33333333333333,0.5163977794943223,66.0,67.0,-3.2804811372334264,3.708859620358398,1.7607103815547245,1.0934623032365691,2.6759753059844633,1.4028820117740193,1.6102158952742576,2.4472497113652385,3.2268389735237855,2.53276278825254,1.3886506130929883,2.553972742995061,0.9282987147345962,1.8239021135858156,1.8391759013496645,6.4070733135104305,3.247634066008464,1.9379126746528528,4.153534138008086,1.5214985536779535,1.6758412845358102,2.1433030457639832,9.032482424125035,9.608167805791751,6.522254199585311,7.156584776801441,3.15213050556977,1.4731360526246655,1.0972563407995446,2995,3.3560959302325575,0.1971176255355456,0.8871452420701169,0.8367278797996661,0.0611018363939899,0.0898163606010016,27,1,490.9999999999972,1.999999999999989,0.0666666666666662,0.0163666666666665,1.0,-1.000088900581841e-12,3.29312,1.0,0.0,0.0333333333333333,0.0,0.0,0.0,0.0,0.0,0.0,0.0,0.0,0.0,8.0,3.0,0.0137931034482758,6.0,1.0,0.0,0.0,1.0,0.125,0.0,0.0,5.0,30.0,5.0,534.0,0.9206896551724136,77.0,2.0,1.0,0.0166666666666666,23,2693.0,13,26.0,123.15384615384616,52.06701795738219,130.0,0.053366666666666666,-0.01149170167457052,-0.6372861917016318,-0.5591352687085811,-0.39486837663924507,-0.36272418667676926,-0.21460201020637232,0.13982208971638274,0.068003905067285,0.06834426578991104,-0.21984018993594864,0.1077427308874598,-0.34255483458458963,0.3033053394043586,0.40634714605835565,0.6969159563739362,0.8308319250790677,0.25777614380716163,0.2691093309096023,-0.2078974602288652,1.2891913995063446,-0.03252054506801173,0.7393735035139845,1.0254688005778503,-0.06913395879859834,-0.31626379194019927,-0.6253614187614658,0.6415506190781095,-0.5248594996705421
subject_05_task_1,5,1,,1,112,555.0,585.0,0.4140653944625389,30.0,0.325,eye,中,4.066666666666666,7,67.0,1.4142135623730951,66.0,69.0,6.023468057366329,3.962487707949128,1.6221814158827146,1.144954361701026,2.9966917592739635,1.6103537360914073,1.4168088005470243,2.617302365503778,3.3726625743572813,2.349354962830713,1.441814155450022,2.7354920474954985,0.9844238259936802,1.6294436796519227,1.8972570335472196,7.004681835245141,3.0512072666929964,1.974919589030804,4.347525414237767,1.4886271207598698,1.5449779746173782,2.2013683181760957,10.028355892775394,8.926967141864653,6.997244787318604,8.066872736087488,3.338087459110743,1.2757831708336635,1.152864160291693,2995,3.396353391684902,0.1924464765074254,0.8797996661101837,0.8186978297161936,0.069449081803005,0.0934891485809682,36,1,490.9999999999972,1.999999999999989,0.0666666666666662,0.0163666666666665,1.0,-1.000088900581841e-12,3.29312,0.0,0.0,0.0,0.0,0.0,0.0,0.0,0.0,0.0,0.0,0.0,0.0,8.0,3.0,0.0136752136752136,6.0,1.0,0.0,0.0,1.0,0.125,0.0,0.0,5.0,35.0,5.0,534.0,0.9128205128205128,77.0,2.0,1.0,0.0166666666666666,25,2803.0,14,28.0,121.5,50.40566207511582,115.0,0.0567,0.2804116129952463,-1.0042189355710829,-0.3394130034169131,0.10022034987582769,0.04316125712044036,-1.490518352817916,0.6745194794981054,0.17188584868524523,-0.3146407042445238,-0.005559519801629562,0.42858296993572215,-0.17750895969727123,-0.4569043906547028,0.6266160811799613,0.9846584593988228,0.5258464258585731,0.35013440124522915,0.4897995058536755,-0.2586746883695155,0.4192506595098232,0.18218313184539092,1.3755438711632266,0.5139224860183489,0.18733159431125607,0.10588072470433126,-0.533882643488516,-0.08404145118106206,-0.21714321007042053
subject_05_task_1,5,1,,1,113,560.0,590.0,0.4176044149280307,30.0,0.3277777777777778,eye,中,4.066666666666666,6,67.0,1.5491933384829668,66.0,69.0,8.77076411960124,3.4401907407039163,1.5002374309456783,1.047561671775302,2.8149554766941045,1.433089362407674,1.4321232547609606,2.6871501244634137,3.144842020410684,2.099488309254338,1.3443934689846495,2.56002882239478,0.937264409970354,1.5616620860557828,1.9042258694757248,6.3227389167304,2.8465814526181665,1.869955224031056,4.210947302881506,1.464879901824934,1.5222725207728771,2.2518973977376744,8.352800633893947,8.263910183848067,6.26022199965917,7.477992866839358,3.1543116675060308,1.320066634106264,1.1945251889224515,2995,3.417689106044155,0.1585321083503914,0.8891485809682804,0.8186978297161936,0.0737896494156928,0.0841402337228714,36,1,281.2406360423995,1.1455830388692445,0.0381861012956414,0.0093746878680799,1.0,-1.000088900581841e-12,3.29312,0.0,0.0,0.0,0.0,0.0,0.0,0.0,0.0,0.0,0.0,0.0,0.0,8.0,3.0,0.0135593220338983,6.0,1.0,0.0,0.0,1.0,0.125,0.0,0.0,5.0,40.0,5.0,534.0,0.905084745762712,77.0,2.0,1.0,0.0166666666666666,22,2523.0,11,22.0,129.1818181818182,52.8522812787077,140.0,0.04736666666666667,-0.3207056269332004,-1.3272217153454113,-0.7549983012565843,-0.18032523417884438,-0.3036283076685893,-1.3894881272344377,0.8941421286535476,0.009590844277037772,-0.8364023717876568,-0.3982227821657402,0.11844701365037869,-0.3161896126551774,-0.7218876363194899,0.6530449404485419,0.6563097910700347,0.20813058323170752,0.08817454840632546,0.33442423396228527,-0.2953575417324986,0.26831148999199633,0.3690207840641334,0.30518841074130487,0.01600115214730941,-0.2106151477361436,-0.16721132845258505,-0.6242884283795431,0.07877213179078325,0.013395898786232093
subject_05_task_1,5,1,,1,114,565.0,595.0,0.4211434353935225,30.0,0.3305555555555555,eye,中,4.066666666666666,5,67.8,1.6431676725154982,66.0,69.0,9.818181818181843,3.8616905550137535,1.5128398556711398,1.085046818540763,2.824753743326813,1.4570771438431889,1.39426228418945,2.603347334934094,3.155804344023343,2.0151813793313633,1.309257703661432,2.5852774543183883,0.9707411126108836,1.5391785541500087,1.9746131316153244,6.242273278332397,2.6487283969295192,1.9174461581184956,4.197438703650968,1.4355877027153756,1.3813834540880137,2.1890777406598616,8.568650322429786,7.935898243597148,5.640119006232407,7.622753635760481,3.2919043795531535,1.4070444674709657,1.351523545396336,2995,3.409866811436844,0.152614002196405,0.89449081803005,0.8293823038397329,0.0667779632721202,0.082804674457429,27,0,0.0,0.0,0.0,0.0,,,,0.0,0.0,0.0,0.0,0.0,0.0,0.0,0.0,0.0,0.0,0.0,0.0,8.0,3.0,0.0134453781512605,6.0,1.0,0.0,0.0,1.0,0.125,0.0,0.0,5.0,45.0,5.0,534.0,0.8974789915966387,77.0,2.0,1.0,0.0166666666666666,20,2483.0,10,20.0,137.1,48.34700955936503,145.0,0.0457,0.1644030773057958,-1.2938406656747565,-0.5950450655982559,-0.16519968854659756,-0.25670002698022915,-1.6392588565215618,0.630640608816939,0.017400193908668173,-1.0124487697861313,-0.5398407971689326,0.16307464774310743,-0.217745412693711,-0.8097840539501772,0.9199840769805174,0.6175663940834452,-0.09906941784650941,0.20669780251030284,0.3190564546199446,-0.34060584838934493,-0.6682775280119428,0.1367371694912353,0.4430745780461891,-0.23031877684328533,-0.5454324289652388,-0.10007876429867982,-0.5566017269958216,0.3985568017941611,0.882175724513481
subject_05_task_1,5,1,,1,115,570.0,600.0,0.4246824558590142,30.0,0.3333333333333333,eye,中,4.066666666666666,6,68.16666666666667,1.1690451944500122,66.0,69.0,2.7588627588627093,4.481620792299812,1.9450640931229768,1.2532624866514013,2.9143860135862525,1.4595564380365091,1.5520005695853898,2.3254394387669066,3.007236945321301,2.0932707274508693,1.3358293356794526,2.519249483810919,0.9570376076560048,1.5670195821730128,1.8859066922119472,5.595927687625611,2.656860547333676,1.9233688253016472,4.097236228866468,1.4339714464005795,1.3813578094762935,2.130239491754207,7.202882147705286,8.333353928817756,5.48509379048226,7.403642170757983,3.1748910493259785,1.5192728232428403,1.349774945253405,2994,3.3936,0.1681378461958612,0.914495657982632,0.8483633934535738,0.0674682698730795,0.0657982631930527,21,1,151.87593283581867,0.4207089552238744,0.0140236318407958,0.0050625310945272,1.0,-1.000088900581841e-12,3.2946,0.0,0.0,0.0,0.0,0.0,0.0,0.0,0.0,0.0,0.0,0.0,0.0,8.0,3.0,0.0133333333333333,6.0,1.0,0.0,0.0,1.0,0.125,0.0,0.0,5.0,50.0,5.0,534.0,0.89,77.0,2.0,1.0,0.0166666666666666,16,1973.0,8,16.0,112.625,48.14542701915876,100.0,0.030033333333333332,0.8778875058122085,-0.14897378064661965,0.12274965376285667,-0.026834705764301303,-0.2518496820608405,-0.5986514451127594,-0.24318654450267718,-0.08843637882179653,-0.8493856802981387,-0.43274132894414996,0.04636843900244455,-0.25804300700689137,-0.7009432082755179,0.5835706462066318,0.3063574816850543,-0.08644289254858055,0.2214790191995661,0.20506317554156808,-0.34310251520136636,-0.6684480058373216,-0.08082468561434407,-0.4293869034466648,0.06814979745787259,-0.629136461697905,-0.20169133924397614,-0.6141647056097548,0.8111781137673726,0.8724995179495293
subject_05_task_1,5,1,,1,116,575.0,605.0,0.4282214763245061,30.0,0.3361111111111111,eye,中,4.066666666666666,5,68.6,0.5477225575051661,68.0,69.0,-3.846153846153974,4.073658982564411,1.7255704194216714,1.1235261231005813,2.8729954202938908,1.4573928306883497,1.5358525128544729,2.557123827584285,3.028817378235555,2.069760100123577,1.238246288664803,2.523175355193586,0.9973481379883934,1.671525381558295,2.0377007210046383,5.980171331802994,2.6013720948761856,1.7867243402435096,4.084845621447855,1.3703730512328816,1.455944846266352,2.2862203919442536,7.605036145481055,8.072932893218768,4.8190133132120545,6.980535489049745,3.223791404526357,1.6752252730005124,1.448540403470468,2994,3.376197530864198,0.1630866213923623,0.9211756847027388,0.8533734134936539,0.0681362725450901,0.0591182364729458,21,1,360.99999999999613,0.9999999999999892,0.0333333333333329,0.0120333333333332,1.0,-1.000088900581841e-12,3.2946,0.0,0.0,0.0,0.0,0.0,0.0,0.0,0.0,0.0,0.0,0.0,0.0,8.0,3.0,0.0132231404958677,6.0,1.0,0.0,0.0,1.0,0.125,0.0,0.0,5.0,55.0,5.0,534.0,0.8826446280991735,77.0,2.0,1.0,0.0166666666666666,15,1773.0,7,14.0,100.14285714285714,35.35735930669678,100.0,0.023366666666666668,0.40835983775430745,-0.7303642181086031,-0.4308496495115729,-0.09072920170499198,-0.25608243585705026,-0.7051809884754418,0.4852998092175172,-0.07306289124889363,-0.8984796427925121,-0.8260590008107139,0.05330752196309165,-0.13950272090983615,-0.2923914991359697,1.1592396770075124,0.49136693842115675,-0.17259800698661237,-0.11954499592369441,0.19096725652900642,-0.4413443602969859,-0.17261535404412337,0.49593438926566086,-0.1724883468827027,-0.12741287305750387,-0.9887787418407237,-0.39790635430237986,-0.5901088985051431,1.3845564189369604,1.4190366888145325
subject_05_task_1,5,1,,1,117,580.0,610.0,0.4317604967899978,30.0,0.3388888888888889,eye,中,4.066666666666666,6,68.33333333333333,0.816496580927726,67.0,69.0,-4.982206405694042,4.389395128957896,1.8723681489653847,1.213570006592825,2.6636866738583604,1.252575360424728,1.5428596115539948,2.1949180182335177,2.8403706482951487,1.978292067056481,1.2931655410989202,2.43544256175983,0.9531649685483043,1.5298057396235183,1.883318480393634,5.623745349333226,2.6012732288661367,1.832797208124002,3.9658052686763767,1.3457206091940312,1.4192913527671314,2.16379927419011,7.137152021453439,7.85134191012624,5.084011887176055,6.389124278146414,2.876542597786861,1.5443201322818534,1.2567091540958792,2994,3.3335676943699726,0.2063067054085399,0.977621910487642,0.8934535738142952,0.0804943219772879,0.0096860387441549,21,2,1038.4500338371022,1.923979246559848,0.0641326415519949,0.0346150011279034,0.6523665191033883,0.6459693494464671,3.2615511121422225,0.0,0.0,0.0,0.0,0.0,0.0,0.0,0.0,0.0,0.0,0.0,0.0,8.0,3.0,0.0131147540983606,6.0,1.0,0.0,0.0,1.0,0.125,0.0,0.0,5.0,60.0,5.0,534.0,0.8754098360655738,77.0,2.0,1.0,0.0166666666666666,8,290.0,2,4.0,80.0,28.284271247461902,80.0,0.005333333333333333,0.7717439903882815,-0.3415293384574096,-0.04662251533647632,-0.41383828968088343,-0.6567752535838493,-0.6589548055237718,-0.6535856836595946,-0.20730873665913518,-1.0894795732629896,-0.6047017756689704,-0.10176254342265488,-0.26943119128509735,-0.8464258424133055,0.5737550203825714,0.31975140649859946,-0.17275151302313996,-0.004560813531231666,0.05554345403060222,-0.479425531773457,-0.4162769829456443,0.043266847690839653,-0.4713757302400306,-0.29381619111523644,-0.8456958943061507,-0.6721723129126158,-0.7609328174317521,0.9032676168701714,0.35750252282841694
subject_05_task_1,5,1,,1,118,585.0,615.0,0.4352995172554896,30.0,0.3416666666666667,eye,中,4.066666666666666,6,68.0,0.6324555320336759,67.0,69.0,-2.35089246843708,3.97507945010852,1.7326304490038391,1.085387261915924,2.435842385549118,1.1606111409041455,1.5963246573811845,2.244215010639956,2.7835919574141834,2.0530276639020677,1.2651932427299049,2.43272564282383,0.963217801064478,1.6226988846954749,1.9228095445520588,5.506571536796045,2.7234057143895134,1.869313300186723,3.882339656883405,1.317341158711138,1.4569016943909168,2.0768801337344596,7.64116549267689,7.920707665482563,5.011949807944788,6.293863973232267,2.9492905343117024,1.5803645225909688,1.2557715488801242,2994,3.3094950797421108,0.2446763540288699,0.9655978623914496,0.8717434869739479,0.0901803607214428,0.0237140948563794,21,2,3243.6910294006784,4.931724189788662,0.1643908063262887,0.1081230343133559,0.8887070325971533,0.3492100880230044,3.2495781017286283,0.0,0.0,0.0,0.0,0.0,0.0,0.0,0.0,0.0,0.0,0.0,0.0,8.0,3.0,0.0130081300813008,6.0,1.0,0.0,0.0,1.0,0.125,0.0,0.0,5.0,65.0,5.0,534.0,0.8682926829268293,77.0,2.0,0.0,0.0,13,661.0,5,10.0,96.2,27.059194370860343,101.0,0.016033333333333333,0.29490358550786977,-0.7116637534525843,-0.593592356349012,-0.7655606206862473,-0.8366886281720572,-0.30624320605740046,-0.4985809100067368,-0.24775678986235297,-0.9334196545949486,-0.7174467616869448,-0.1065647705097402,-0.23986904876980716,-0.4832722814651783,0.7235223255275178,0.2633333922263994,0.01687962284118967,0.08657249731216946,-0.03940947801050766,-0.5232638954756792,-0.16625450954105378,-0.27812764982447385,-0.1494086878576952,-0.24172611195324553,-0.8846049621605021,-0.7163491197825357,-0.7251455451076737,1.0357892377772198,0.35231410866766033
subject_05_task_1,5,1,,1,119,590.0,620.0,0.4388385377209814,30.0,0.3444444444444444,eye,中,4.066666666666666,7,68.0,0.5773502691896257,67.0,69.0,-1.5057361376672094,4.383679747458245,1.979117360754044,1.2120746863520664,2.307694651709683,1.036113396964783,1.6328344969487942,1.9039211673127676,2.8221395557964803,2.0747069326699195,1.3391728462363035,2.340746526879928,0.9202890766863582,1.5492450720613156,1.7479047110748327,5.28711387539323,2.8120244801786365,1.92022137444465,3.697198182282857,1.274108809625024,1.4644272361523452,1.9254020559749936,7.672052277485997,7.570503038928471,5.197464873489541,6.246981875571237,2.6755682014149222,1.4565760853032352,1.2019286378316698,2994,3.2877749404153898,0.2488254138799165,0.9589178356713428,0.8657314629258517,0.0901803607214428,0.0313961255845023,12,2,5448.932024964255,7.939469133017476,0.2646489711005825,0.1816310674988085,0.9337484853277528,0.2438330292361342,3.247296301733296,0.0,0.0,0.0,0.0,0.0,0.0,0.0,0.0,0.0,0.0,0.0,0.0,8.0,3.0,0.0129032258064516,6.0,1.0,0.0,0.0,1.0,0.125,0.0,0.0,5.0,70.0,5.0,534.0,0.8612903225806452,77.0,2.0,0.0,0.0,17,942.0,8,16.0,94.0,35.282533112818626,90.5,0.025066666666666668,0.7651660958806243,-0.058774168825559595,-0.05300321093175442,-0.9633817729895537,-1.0802486709530024,-0.06538595603698762,-1.5685685012477575,-0.22029621819309456,-0.8881498626418073,-0.41926499439308346,-0.26914032481844635,-0.3661086002617711,-0.7704303231338997,0.0602070635830886,0.1576667316896101,0.15447509667005785,0.21362391748653545,-0.25003185863046273,-0.5900458595620147,-0.1162269244762072,-0.8382369701752618,-0.1296780113550452,-0.5047115955883652,-0.7844382954436004,-0.7380906140586104,-0.8597992017816897,0.5806658685584509,0.05436427066980128
subject_05_task_1,5,1,,1,120,595.0,625.0,0.4423775581864732,30.0,0.3472222222222222,eye,中,4.066666666666666,6,67.83333333333333,0.408248290463863,67.0,68.0,0.3100046970408153,3.4250357600486967,1.6117917667688952,1.0885274442413584,2.2062285660888117,1.019576040038699,1.4807084334857743,2.0268010492160142,2.8072998743859525,2.084803882699085,1.4315629183831868,2.3980466598875707,0.8911515970349132,1.456313135753524,1.675124878615838,5.396654739307056,3.0316504593846103,2.003817968296489,3.71822099006844,1.2358762007416644,1.5129370568335183,1.8555682446691608,8.7327083753092,7.395333194685626,5.6331586669046985,6.254841674344394,2.5233793964318494,1.3128217456635578,1.1103613521650186,2995,3.2781621713895532,0.2482193649402661,0.9585976627712854,0.8614357262103506,0.0898163606010016,0.0333889816360601,12,2,7654.173020527831,10.94721407624629,0.3649071358748763,0.255139100684261,0.952836185041568,0.1900780350468228,3.246329318865794,0.0,0.0,0.0,0.0,0.0,0.0,0.0,0.0,0.0,0.0,0.0,0.0,8.0,3.0,0.0128,6.0,1.0,0.0,0.0,1.0,0.125,0.0,0.0,5.0,75.0,5.0,534.0,0.8544,77.0,2.0,0.0,0.0,17,1002.0,9,18.0,93.55555555555556,33.03070961662461,90.0,0.028066666666666667,-0.3381476584094384,-1.0317388296140426,-0.5801928536965869,-1.1200145699641486,-1.1126013805921633,-1.0689692567601183,-1.182196689274599,-0.2308677233457971,-0.8670658107728901,-0.04687809736433351,-0.16786080293913552,-0.4517925430317879,-1.1337355333282244,-0.21580574104929848,0.2104095578370342,0.4954812075640578,0.42225616542433725,-0.2261156948823419,-0.6491046145764515,0.2062520753808368,-1.096456305715852,0.5478759158683117,-0.6362550496534347,-0.5491905819089248,-0.7344456455404942,-0.9346662353881409,0.052135411028292,-0.4523404635101602
subject_05_task_1,5,1,,1,121,600.0,630.0,0.445916578651965,30.0,0.35,eye,中,4.066666666666666,5,67.4,0.8944271909999159,66.0,68.0,-3.219284603421665,3.4060033304524167,1.546272463814822,1.0968417873714422,2.198194246137815,0.9924062842205036,1.4097497757816382,2.004112417530828,2.75795202109718,2.006561365668904,1.4980888082114363,2.348773272913848,0.8580403954686115,1.339414162011217,1.5678464854951029,5.24329653449966,2.990048800605419,2.0267957659397355,3.697545170844364,1.1835019791483647,1.475259052171478,1.8243304199572252,7.907341242971331,7.297418316275482,5.577054659909549,6.122332341293146,2.480474610305663,1.3084717223111877,1.0977716222333815,2995,3.2682078055460457,0.2465289105153278,0.9582637729549248,0.862771285475793,0.0871452420701168,0.0340567612687813,12,2,9707.538083255587,13.53425006425123,0.4511416688083743,0.3235846027751862,0.9784575589227004,0.1039827968420243,3.2450313400649757,0.0,0.0,0.0,0.0,0.0,0.0,0.0,0.0,0.0,0.0,0.0,0.0,8.0,3.0,0.0126984126984126,6.0,1.0,0.0,0.0,1.0,0.125,0.0,0.0,5.0,80.0,5.0,534.0,0.8476190476190476,77.0,2.0,0.0,0.0,17,1022.0,9,18.0,95.77777777777777,31.107787520883647,90.0,0.028733333333333333,-0.36005228789329496,-1.2052850442466805,-0.5447146389692569,-1.1324171180472151,-1.1657546882749965,-1.537087094640744,-1.2535366645384056,-0.2660221900007867,-1.0304487415246353,0.2212607741567664,-0.2549528359263412,-0.5491619220581164,-1.5907367313479077,-0.6226521044067944,0.13656912199018292,0.43088766576941134,0.4796019178537587,-0.24963711424900986,-0.7300082309523872,-0.04422020197267308,-1.2119621071323605,0.020626090911552382,-0.709784037283152,-0.57948327729549,-0.7958966268274285,-0.9557726108876007,0.03614201675262816,-0.5220080932969741
subject_05_task_1,5,1,,1,122,605.0,635.0,0.4494555991174567,30.0,0.3527777777777778,eye,中,4.066666666666666,7,67.0,1.0,66.0,68.0,-4.238856181665264,3.5287610330369947,1.5935285192027318,1.1222236759569792,2.2349558701704724,0.9890323525451012,1.4199740687558084,1.9915422549471768,2.885826530921954,2.113674749756438,1.55873913079611,2.4901393428117244,0.8391746992528812,1.356015710388242,1.5975343748122313,5.251283778640713,3.021867111527447,2.270855428851193,3.6651048726036897,1.1739830079323113,1.3307175230684698,1.6139754323584727,8.29510665435032,7.276269784048762,5.698479393471163,6.367283393219457,2.439886189039568,1.2768791955947578,1.1173653449575605,2995,3.245785861358957,0.2523400217359178,0.9512520868113522,0.8504173622704507,0.09449081803005,0.0387312186978297,9,1,11703.655011654988,15.96270396270393,0.532090132090131,0.3901218337218329,1.0,-1.000088900581841e-12,3.2439400000000003,0.0,0.0,0.0,0.0,0.0,0.0,0.0,0.0,0.0,0.0,0.0,0.0,8.0,3.0,0.0125984251968503,6.0,1.0,0.0,0.0,1.0,0.125,0.0,0.0,5.0,85.0,5.0,534.0,0.8409448818897638,77.0,2.0,0.0,0.0,21,1162.0,11,22.0,89.27272727272727,31.679933425090745,80.0,0.032733333333333337,-0.21876911761795537,-1.0801141532072764,-0.436407334431325,-1.0756683437318375,-1.1723552491944074,-1.469636919062695,-1.2930610880568667,-0.17492683545005627,-0.806778807590786,0.4657176179093368,-0.005084515946971034,-0.60463985818033,-1.5258351564717516,-0.5100627054321094,0.14041489984948483,0.4802909217137415,1.0887022861582902,-0.2865421505636116,-0.7447123959428926,-1.0050897143400115,-1.9897762362727265,0.26833312607631776,-0.7256654864534351,-0.5139214277382059,-0.6823009867201995,-0.9757394849247515,-0.0800117817470991,-0.41358255690295587
subject_05_task_1,5,1,,1,123,610.0,640.0,0.4529946195829485,30.0,0.3555555555555555,eye,中,4.066666666666666,7,66.85714285714286,1.0690449676496976,66.0,68.0,-5.706666666666633,3.4421056097506004,1.6200708762216804,1.0616124087905794,2.1894538397975034,0.9373536699950394,1.5260474188195612,2.0623853128203304,2.8934575601932537,2.2292548467438813,1.534003121011456,2.3591103275900713,0.8345662568391335,1.4532270607598283,1.537878440582686,5.437356390493027,3.078880258894211,2.1925885837731864,3.617344966533593,1.1711075611130048,1.404221604399591,1.6498056193964892,8.247306605569404,7.467079043165119,5.18600043540506,6.2182301555505335,2.5605214910696943,1.4398531462101374,1.199041579923209,2995,3.2425679478380234,0.2180613180504742,0.9562604340567612,0.8580968280467446,0.0858096828046744,0.0360601001669449,12,1,11053.549966162876,15.076020753440115,0.5025340251146705,0.3684516655387624,1.0,-1.000088900581841e-12,3.2439400000000003,0.0,0.0,0.0,0.0,0.0,0.0,0.0,0.0,0.0,0.0,0.0,0.0,8.0,3.0,0.0125,6.0,1.0,0.0,0.0,1.0,0.125,0.0,0.0,5.0,90.0,5.0,534.0,0.834375,77.0,2.0,0.0,0.0,18,1082.0,11,22.0,89.27272727272727,31.679933425090745,80.0,0.032733333333333337,-0.31850178339522567,-1.009809290664776,-0.6950422641883585,-1.1459096489101175,-1.2734563754837838,-0.7698656875431292,-1.0703089156734191,-0.16949063617931345,-0.5654290185100574,0.3660167981726043,-0.23668181454653825,-0.618191802986884,-1.1458001385522742,-0.7363039753462589,0.23000699422482376,0.5688133803211236,0.8933715068138045,-0.34087522280673105,-0.7491541621267424,-0.5164562314652704,-1.8572895952567734,0.23779814792510925,-0.5823776441866709,-0.7906283832692586,-0.7514241760672282,-0.9163947308068755,0.5191819323358782,0.03838819472282629
subject_05_task_1,5,1,,1,124,615.0,645.0,0.4565336400484403,30.0,0.3583333333333333,eye,中,4.066666666666666,5,66.4,0.8944271909999159,66.0,68.0,-6.148007590132778,3.426194806622114,1.6387102676807477,1.0938951504609562,2.155151388245017,0.9152872702590108,1.4980505828097068,1.9701626680919633,2.7680158863521274,2.24143159946877,1.5023516828439205,2.4162554330331316,0.8144363576539663,1.4919486729137794,1.608315456777211,5.510841547649558,3.051753910822055,2.234005091771902,3.53977547633394,1.1857119192431405,1.3660460855984689,1.584497497060925,8.451568360241712,7.537950352918536,5.491836999335301,6.49682264427175,2.6689870457528886,1.3725735767159302,1.1829962624633772,2995,3.2323258958755914,0.163643437949799,0.9722871452420702,0.8868113522537563,0.0764607679465776,0.0203672787979966,21,1,8961.499735878619,12.25801954963107,0.408600651654369,0.2987166578626206,1.0,-1.000088900581841e-12,3.24398319728044,0.0,0.0,0.0,0.0,0.0,0.0,0.0,0.0,0.0,0.0,0.0,0.0,8.0,3.0,0.0124031007751937,6.0,1.0,0.0,0.0,1.0,0.125,0.0,0.0,5.0,95.0,5.0,534.0,0.827906976744186,77.0,2.0,0.0,0.0,12,631.0,7,14.0,80.14285714285714,34.49844717002284,70.0,0.0187,-0.33681369914707465,-0.9604376446775694,-0.5572882620923436,-1.1988622083478326,-1.3166257783473911,-0.9545622244347444,-1.3602850272773694,-0.258852884915618,-0.540002004876738,0.23844269229933077,-0.13567630804546288,-0.6773873528553348,-0.9944230769998093,-0.4691761497808265,0.26538935958002197,0.5266951824089922,0.996734799112775,-0.42912055370612534,-0.7265944876985037,-0.770235836278106,-2.0987746243501872,0.3682818686558838,-0.5291569718764555,-0.6254955457873745,-0.6222273759862351,-0.8630367040550899,0.27182034494773094,-0.05040157619945653
subject_05_task_1,5,1,,1,125,620.0,650.0,0.4600726605139321,30.0,0.3611111111111111,eye,中,4.066666666666666,6,66.16666666666667,0.408248290463863,66.0,67.0,1.2711864406780575,3.588146270801554,1.5952762440442254,1.0076757767605315,2.2308609299350737,0.9097247701018836,1.5831245335406468,2.213867775115949,2.9731528889085213,2.252528699523093,1.480773893344996,2.471390137677707,0.8199333360881326,1.5211834228348935,1.668985487105636,5.648503528888007,2.948180905739875,2.1472976513045197,3.642950113315666,1.2109529258916332,1.3729726309479289,1.6965277781133474,8.342574852897963,8.109706914164274,5.445029887868633,6.463344872746267,2.735385710230474,1.4893778512093137,1.1870173361484038,2995,3.221586675730795,0.1643665257176799,0.9712854757929884,0.8801335559265442,0.082804674457429,0.0220367278797996,21,1,7713.879427957328,10.855551589649002,0.3618517196549667,0.2571293142652442,1.0,-1.000088900581841e-12,3.2444147514144075,0.0,0.0,0.0,0.0,0.0,0.0,0.0,0.0,0.0,0.0,0.0,0.0,8.0,3.0,0.0123076923076923,6.0,1.0,0.0,0.0,1.0,0.125,0.0,0.0,5.0,100.0,5.0,534.0,0.8215384615384616,77.0,2.0,0.0,0.0,11,660.0,7,14.0,82.85714285714286,19.760470401187078,80.0,0.019333333333333334,-0.15042200389487875,-1.075484814725558,-0.9251957932034319,-1.0819896868544145,-1.3275079255523943,-0.39332508770394164,-0.5940018706731802,-0.11271720857984525,-0.5168294792661257,0.1514713772053305,-0.038224238874614624,-0.6612225098011153,-0.8801336584527605,-0.23908898603920464,0.33167222137378416,0.3658807478672793,0.7803388027674631,-0.31174605559555185,-0.6876041474756077,-0.724190202932254,-1.684528513578829,0.2986561161672438,-0.09979749350434956,-0.6507684923294523,-0.6377526364653976,-0.8303728622868353,0.7012655832216158,-0.02815021144778205
subject_05_task_1,5,1,,1,126,625.0,655.0,0.4636116809794239,30.0,0.3638888888888889,eye,中,4.066666666666666,6,66.16666666666667,0.408248290463863,66.0,67.0,1.2711864406780575,3.3800529691662637,1.618924613765098,1.0599148275313262,2.273971196652131,0.908498256821582,1.5274101009944123,2.1454282340294206,2.860836096724521,2.2816554577443733,1.5748372510587156,2.536556436528968,0.8267064041059552,1.4488198423109977,1.6106784588843817,5.632300380792691,2.978956407226134,2.3349278367475312,3.6941930423999905,1.2445887229128476,1.2758237579520706,1.5821444175961623,7.857598745509048,8.49423457575988,5.510373415343831,6.793811457025534,2.7570466395702624,1.5414989031609692,1.2329130795578978,2994,3.2277181849198224,0.2826830997559384,0.9645958583834336,0.8707414829659319,0.0901803607214428,0.0273881095524382,21,1,6466.259120036038,9.453083629666931,0.3151027876555644,0.2155419706678679,1.0,-1.000088900581841e-12,3.245012836363645,0.0,0.0,0.0,0.0,0.0,0.0,0.0,0.0,0.0,0.0,0.0,0.0,8.0,3.0,0.0122137404580152,6.0,1.0,0.0,0.0,1.0,0.125,0.0,0.0,5.0,105.0,5.0,534.0,0.815267175572519,77.0,2.0,0.0,0.0,13,820.0,9,18.0,82.22222222222223,21.081851067789195,80.0,0.024666666666666667,-0.3899188399312175,-1.0128454876532391,-0.7022860297499405,-1.0154405378171274,-1.3299074037884588,-0.7608760046200177,-0.8091966535021069,-0.1927295427035296,-0.4560081342721424,0.5306026094813405,0.07695894210368584,-0.6413050982967965,-1.1630295807498587,-0.4602146172117614,0.323870568250941,0.4136648675355605,1.2486079698024422,-0.2534505940466678,-0.635646189229765,-1.3700072964821808,-2.1074754328053382,-0.0111497359324523,0.18896280658318232,-0.6154870270775862,-0.48449931144376834,-0.8197170881974778,0.8928950220546282,0.225822485187137
subject_05_task_1,5,1,,1,127,630.0,660.0,0.4671507014449157,30.0,0.3666666666666666,eye,中,4.066666666666666,7,66.14285714285714,0.3779644730092272,66.0,67.0,0.0972841507903509,3.4026699211752245,1.5889935982742842,1.0178336473465743,2.187928805489638,0.904066993029398,1.56115255416903,2.1495937093388737,2.734283793581422,2.180463099348096,1.4994377349975605,2.4619492301562453,0.8469791678903741,1.454187158596248,1.641914947645526,5.8223137200329145,2.87705174925219,2.1427128041272825,3.5123310691708993,1.2454945486127489,1.3427145923198047,1.6391982455163685,7.060460330762628,8.037068779210609,5.243239694674489,6.616877320364057,2.621747299929024,1.532844052003533,1.2619826110724557,2994,3.2302901023890787,0.2853059150212531,0.96125584502338,0.8650634602538411,0.095190380761523,0.0287241148964595,21,1,5218.638812114748,8.050615669684863,0.2683538556561621,0.1739546270704916,1.0,-1.000088900581841e-12,3.2458968897254885,0.0,0.0,0.0,0.0,0.0,0.0,0.0,0.0,0.0,0.0,0.0,0.0,8.0,3.0,0.0121212121212121,6.0,1.0,0.0,0.0,1.0,0.125,0.0,0.0,5.0,110.0,5.0,534.0,0.8090909090909091,77.0,2.0,0.0,0.0,14,860.0,9,18.0,83.33333333333333,21.213203435596427,80.0,0.025,-0.363888744755808,-1.092126160742553,-0.8818510444739647,-1.148263838368216,-1.3385764668947242,-0.5382753419813611,-0.7960991291709062,-0.28288298250814237,-0.6673140164447131,0.2266977507553467,-0.05491129612372938,-0.5816894296571764,-1.1420467620476427,-0.34175225506371654,0.41536008329733143,0.25544082125782996,0.7688963871262996,-0.460342117560764,-0.6342469402729528,-0.9253367315612546,-1.8965116996205174,-0.5203668747963124,-0.15434495976459955,-0.7597227218367103,-0.566552221005989,-0.8862755989169614,0.8610744004750579,0.3866841852100376
subject_05_task_1,5,1,,1,128,635.0,665.0,0.4706897219104075,30.0,0.3694444444444444,eye,中,4.066666666666666,5,66.2,0.4472135954999579,66.0,67.0,-0.8357771260997988,3.2902562624579317,1.5454787258240763,0.954778921065044,2.239252903825422,0.9176555150891446,1.6186770483999728,2.345310369155996,2.5375449906083696,2.152142930545674,1.4370044992532616,2.467088781569111,0.841410203046324,1.4976591455795951,1.7168274579871756,5.6442598530181325,2.859326324396074,2.095411787991566,3.5906393328976742,1.2668768796707086,1.3645653521576842,1.7135721739636058,6.649296123522194,8.147478228132973,5.162489747546741,6.472165030634773,2.7368227973023447,1.5782071493710423,1.2536906312909195,2994,3.2208318011576433,0.2824312248453302,0.9652638610554444,0.8730794923179692,0.0915163660654642,0.0260521042084168,21,1,3971.018504193457,6.648147709702794,0.2216049236567598,0.1323672834731152,1.0,-1.000088900581841e-12,3.2473364494020767,0.0,0.0,0.0,0.0,0.0,0.0,0.0,0.0,0.0,0.0,0.0,0.0,8.0,3.0,0.0120300751879699,6.0,1.0,0.0,0.0,1.0,0.125,0.0,0.0,5.0,115.0,5.0,534.0,0.8030075187969925,77.0,2.0,0.0,0.0,12,780.0,7,14.0,90.0,18.257418583505537,90.0,0.021,-0.4932668428420494,-1.2073874815055228,-1.1509124824719654,-1.0690350297929947,-1.3119926838519274,-0.15878335698858664,-0.18070628116656703,-0.42303594211889606,-0.7264510733026752,-0.024945292593745467,-0.045827001158833626,-0.598065961556776,-0.9720987334577584,-0.05765140757823969,0.32962893405037136,0.22791913090051924,0.6508471117739206,-0.3712563361931147,-0.6012171814238448,-0.7800793160587776,-1.6215047076480633,-0.7830212110332695,-0.07143319869381821,-0.8033227012648032,-0.6336623030158676,-0.8296659085387122,1.0278573905867343,0.34079896124124287
subject_05_task_1,5,1,,1,129,640.0,670.0,0.4742287423758993,30.0,0.3722222222222222,eye,中,4.066666666666666,5,65.6,1.51657508881031,63.0,67.0,-10.334448160535048,3.1246905515164434,1.5603925673711077,0.9460145355906,2.255863296727623,0.923436761417112,1.6494382577292532,2.3845968659659973,2.5262603204873204,2.1476815069122965,1.3963579794653451,2.4287802232730513,0.8529299017234576,1.5380593934333566,1.7393678834441957,5.526142566903644,2.8923631781426264,2.0190841866484837,3.5301606852059564,1.2199616778019986,1.432512421853848,1.7483969754949829,6.4773721737241,7.655745975409212,4.983828209594381,6.042428544315304,2.540702545371001,1.5361175492909476,1.2124070674593097,2994,3.2377531494722507,0.2807295660389588,0.9652638610554444,0.8714094856379425,0.0931863727454909,0.0260521042084168,12,1,4901.294203490749,8.216128655653495,0.2738709551884498,0.1633764734496916,1.0,-1.000088900581841e-12,3.24736,0.0,0.0,0.0,0.0,0.0,0.0,0.0,0.0,0.0,0.0,0.0,0.0,8.0,3.0,0.0119402985074626,6.0,1.0,0.0,0.0,1.0,0.125,0.0,0.0,5.0,120.0,5.0,534.0,0.7970149253731343,77.0,2.0,0.0,0.0,12,780.0,7,14.0,90.0,18.257418583505537,90.0,0.021,-0.6838182138616192,-1.1678839973501356,-1.1883110772798133,-1.0433936316529295,-1.3006825945409697,0.044149889886751476,-0.05717755764036988,-0.431074925236592,-0.7357672417519228,-0.18877492306287258,-0.1135384053818071,-0.5641902381247252,-0.8141592659123799,0.027831697257218912,0.27275664672348954,0.2792143786349428,0.4603561083230982,-0.4400586225581141,-0.6736881295108571,-0.3283872097768893,-1.4927356064975719,-0.8928473343248048,-0.4406985781206967,-0.8997888867719094,-0.8329518788596858,-0.926144368264332,0.8731098146641365,0.11234862458442667
subject_05_task_1,5,1,,1,130,645.0,675.0,0.477767762841391,30.0,0.375,eye,中,4.066666666666666,7,64.85714285714286,1.772810520855837,63.0,67.0,-9.720972097209756,2.869660091422789,1.5222527498921854,0.9439297346470744,2.262646697396836,0.9174875562851008,1.6126759164561542,2.3970499226224886,3.562519882541146,2.369743782179516,1.469047350662519,2.4805459417735047,0.86153490702559,1.613115997323569,1.6885404957538055,5.09199471251564,2.785662085249433,2.0202508509297727,3.566718510328718,1.211871816419543,1.3788694032562332,1.7654829887522234,6.328680344075941,7.651550904133995,4.806824055687126,5.918945372922766,2.584851141369429,1.591810063253963,1.231363017316985,2995,3.234702482148929,0.2799915284626369,0.9686143572621037,0.8848080133555927,0.0818030050083472,0.0240400667779632,9,1,5745.724125853715,9.631661899480472,0.3210553966493491,0.1915241375284571,1.0,-1.000088900581841e-12,3.2473599999999996,0.0,0.0,0.0,0.0,0.0,0.0,0.0,0.0,0.0,0.0,0.0,0.0,8.0,3.0,0.0118518518518518,6.0,1.0,0.0,0.0,1.0,0.125,0.0,0.0,5.0,125.0,5.0,534.0,0.7911111111111111,77.0,2.0,0.0,0.0,11,750.0,7,14.0,90.0,18.257418583505537,90.0,0.021,-0.9773355342430824,-1.268907980387415,-1.1972071517358354,-1.032922122741191,-1.312321268549159,-0.1983731265990821,-0.01802135085982096,0.3071365630516647,-0.2720655777504415,0.10420644125571457,-0.022041109576828404,-0.5388856891155581,-0.5207353221510843,-0.16492788124918137,0.06371881382601315,0.113543063942598,0.46326775556108823,-0.39846936669711963,-0.6861847169905346,-0.6849901974557402,-1.4295579149492679,-0.9878326300591148,-0.4438488587410652,-0.9953601873553548,-0.8902169927936557,-0.9044261188789084,1.077870171531672,0.21724492530834535
subject_05_task_1,5,1,,1,131,650.0,680.0,0.4813067833068828,30.0,0.3777777777777777,eye,中,4.066666666666666,6,64.0,1.5491933384829668,63.0,66.0,-9.807421324565516,2.8693721697480763,1.6260779106072922,0.9259090635569128,2.150468403998481,0.917801375875282,1.7561961261731855,2.322548173075852,3.4193363224378444,2.488010960690073,1.3839164928216376,2.3476477483224496,0.8643812216489292,1.7978042559615144,1.6963796302014444,5.356668196273208,3.0908703964660553,1.8530057588167592,3.340254776999664,1.2270537438029874,1.6680306479132243,1.802614352981067,7.53603998037952,7.626133965163182,4.671097415915539,5.9174107197871635,2.5557904312568023,1.6326214775952073,1.266813811166759,2995,3.225689585439838,0.2724509935136059,0.9806343906510852,0.9151919866444074,0.0637729549248748,0.0143572621035058,10,1,5491.1885470784055,9.204979277333504,0.3068326425777835,0.1830396182359468,1.0,-1.000088900581841e-12,3.2473599999999996,0.0,0.0,0.0,0.0,0.0,0.0,0.0,0.0,0.0,0.0,0.0,0.0,8.0,3.0,0.0117647058823529,6.0,1.0,0.0,0.0,1.0,0.125,0.0,0.0,5.0,130.0,5.0,534.0,0.7852941176470588,77.0,2.0,0.0,0.0,7,430.0,4,8.0,85.0,20.816659994661325,85.0,0.011333333333333334,-0.9776669064188233,-0.9938979785508212,-1.2741033332458347,-1.2060913126957,-1.3117073304134828,0.7484369236281585,-0.2522775653162236,0.20513533394572858,-0.025104731266666937,-0.23892150805859774,-0.2569422308281825,-0.5305155945772145,0.20127918965950123,-0.13519847116841147,0.1911564388445654,0.5874300767485721,0.04587372170913208,-0.6561011628182184,-0.6627328585855473,1.2372685877760627,-1.2922600069645893,-0.2165635402689837,-0.4629356596595308,-1.068644182111704,-0.8909286856151825,-0.9187221057675062,1.2279183408481358,0.4134185362583592
subject_05_task_1,5,1,,1,132,655.0,685.0,0.4848458037723746,30.0,0.3805555555555555,eye,中,4.066666666666666,7,64.0,1.4142135623730951,63.0,66.0,-5.822179732313505,3.0653613932384,1.632371226850726,0.8852457828080565,2.1905757588846906,0.907312748835814,1.8439751519320875,2.474539615355233,3.8925010462075647,2.5952212929197014,1.3363273054325202,2.3981954888384256,0.8721458570146993,1.9420551255440548,1.7946168420634176,5.503190857764958,3.0357425797439195,1.7977073280278972,3.455781312942628,1.1971859914581209,1.6886745313955855,1.922326987860507,7.834659285071241,8.19195729466724,5.448301907936851,6.133998364859662,2.6288732008058955,1.5035799104182443,1.1258550771431954,2995,3.1927521826729346,0.1628647706759003,0.9873121869782971,0.9225375626043406,0.0587646076794657,0.0086811352253756,10,1,4533.567859436119,7.599702294086758,0.2533234098028919,0.1511189286478706,1.0,-1.000088900581841e-12,3.24736,0.0,0.0,0.0,0.0,0.0,0.0,0.0,0.0,0.0,0.0,0.0,0.0,8.0,3.0,0.0116788321167883,6.0,1.0,0.0,0.0,1.0,0.125,0.0,0.0,5.0,135.0,5.0,534.0,0.7795620437956204,77.0,2.0,0.0,0.0,5,260.0,2,4.0,85.0,7.0710678118654755,85.0,0.005666666666666667,-0.7521007850959106,-0.9772283687978053,-1.4476180154467224,-1.1441777468314078,-1.332226661684983,1.3275195765280283,0.22562986792933634,0.5422088314845662,0.1987676459446686,-0.4307342149020243,-0.16759774377691034,-0.5076823028763072,0.7652090352706601,0.2373597973679453,0.26170562921608437,0.5018349096810987,-0.09213472326843111,-0.5246747815733764,-0.7088702350316283,1.374503044739143,-0.8496074228316025,-0.025803610585998817,-0.03803173013170579,-0.6490018037712924,-0.7904865279357403,-0.882770117285219,0.753481195427696,-0.3666030329489336
subject_05_task_1,5,1,,1,133,660.0,690.0,0.4883848242378664,30.0,0.3833333333333333,eye,中,4.066666666666666,5,63.2,0.4472135954999579,63.0,64.0,3.0443974630021695,3.0407802807982827,1.6969199575363012,0.908523524791345,2.208623137097406,0.8826389089244183,1.8677776757910836,2.431002694844525,3.6163813828577527,2.693607221830908,1.3497680467505575,2.3940868934475765,0.8723810983177632,1.995607488498131,1.773702451477586,5.0620625294289034,3.132072298291223,1.828028227524975,3.5863351437362816,1.2000646271552078,1.713361014414878,1.961859827838618,7.993010692675277,8.384716068188757,5.749829663234078,5.955631119385653,2.5727662901670674,1.458254689143721,1.035792617904409,2995,3.181590559089387,0.1502479021519448,0.9936560934891486,0.917863105175292,0.0647746243739565,0.0046744574290484,10,1,3575.9471717938336,5.994425310840014,0.1998141770280004,0.1191982390597944,1.0,-1.000088900581841e-12,3.24736,0.0,0.0,0.0,0.0,0.0,0.0,0.0,0.0,0.0,0.0,0.0,0.0,8.0,3.0,0.0115942028985507,6.0,1.0,0.0,0.0,1.0,0.125,0.0,0.0,5.0,140.0,5.0,534.0,0.7739130434782608,77.0,2.0,0.0,0.0,3,140.0,1,2.0,80.0,,80.0,0.0026666666666666666,-0.7803914537978731,-0.8062529865096955,-1.3482893354139838,-1.1163180801238697,-1.3804971067086031,1.484546024962745,0.08873651643101248,0.34550646550289577,0.40421325301844496,-0.37656003972405994,-0.17485979632267373,-0.5069905339728196,0.9745649709416376,0.15804332455214223,0.04930676819892602,0.6514029289295066,-0.016462771456816138,-0.3761529082322382,-0.7044235429178693,1.5386115127207411,-0.7034297550185946,0.07535228558398249,0.10672009618843709,-0.4861954565775289,-0.8732040393097215,-0.9103710828412499,0.5868374614164303,-0.864980528098418
subject_05_task_1,5,1,,1,134,665.0,695.0,0.4919238447033582,30.0,0.3861111111111111,eye,中,4.066666666666666,6,63.666666666666664,1.2110601416389966,63.0,66.0,6.795827123695974,3.2731396736276244,1.7180428567400432,0.9755169010202596,2.099344128059145,0.8551454042808025,1.761161549270137,2.152032554088518,4.185913264900249,2.688301429359006,1.4593188572101534,2.3960983242829506,0.8717826923508177,1.8421617839560815,1.6419292551757203,5.656095963801257,3.178778972040573,1.8746834463402835,3.513718980782345,1.2131829939846916,1.6956350568124534,1.87429989187868,8.304402399066575,8.942929831771172,6.780761178141727,6.365216226619815,2.6999328377846106,1.3188681324744709,0.9387170642638984,2995,3.1757107826671147,0.1381779839066904,0.9919866444073456,0.9191986644407344,0.0621035058430717,0.0060100166944908,10,1,2618.326484151548,4.389148327593268,0.1463049442531089,0.0872775494717182,1.0,-1.000088900581841e-12,3.2473599999999996,0.0,0.0,0.0,0.0,0.0,0.0,0.0,0.0,0.0,0.0,0.0,0.0,8.0,3.0,0.0115107913669064,6.0,1.0,0.0,0.0,1.0,0.125,0.0,0.0,5.0,145.0,5.0,534.0,0.7683453237410072,77.0,2.0,0.0,0.0,2,180.0,2,4.0,90.0,14.142135623730951,90.0,0.006,-0.5129665104256711,-0.7503030750546579,-1.0624212457800315,-1.28501165622408,-1.4342837774972614,0.7811940698244556,-0.7884306577299652,0.751230083084689,0.3931339069426346,0.06499483111938517,-0.17130453837461954,-0.5087502531811503,0.37468912462946397,-0.3416979946813704,0.3353279025539162,0.723922861342072,0.09997478575657133,-0.4587631885373052,-0.6841593120584051,1.4207745675646692,-1.0271936748272128,0.2742713075018433,0.5259096369777467,0.07044382853106315,-0.6832596317688651,-0.8478133789736237,0.07436569357549215,-1.4021662953150824
subject_05_task_1,5,1,,1,135,670.0,700.0,0.4954628651688499,30.0,0.3888888888888889,eye,中,4.066666666666666,6,64.16666666666667,1.4719601443879746,63.0,66.0,8.084326306141149,3.1918044070862095,1.7282202557438555,0.9523011160906648,2.0237533749689565,0.8337096219636668,1.8147833983839616,2.125119188431449,3.1858798952970937,2.5354937216179216,1.37389360397524,2.3661405160652147,0.878928413959119,1.8454804027631353,1.7222152495790035,5.324477596310661,3.2733197722289953,1.8322555910089784,3.516327141228679,1.244547080563477,1.7864973578421215,1.9191247981360084,8.155193666049321,9.086039056760583,6.909801381806978,6.348238966885892,2.735914619539749,1.3149493820015563,0.918729586584118,2995,3.159448102116224,0.1343230866610059,0.9896494156928214,0.9278797996661102,0.0554257095158597,0.0070116861435726,13,2,2401.705796509222,3.783871344346469,0.1261290448115489,0.0800568598836407,0.6914692877549895,0.6179200082299513,3.2049647948304134,0.0,0.0,0.0,0.0,0.0,0.0,0.0,0.0,0.0,0.0,0.0,0.0,8.0,3.0,0.0114285714285714,6.0,1.0,0.0,0.0,1.0,0.125,0.0,0.0,5.0,150.0,5.0,534.0,0.7628571428571429,77.0,2.0,0.0,0.0,3,210.0,2,4.0,90.0,14.142135623730951,90.0,0.006,-0.6065761501486329,-0.7233453848430315,-1.161485548264186,-1.4017008042234662,-1.4762194776393258,1.1349401084683297,-0.8730544846262637,0.03882544128866009,0.07404689287630262,-0.27931970658841637,-0.22425576786722265,-0.4877369874951527,0.3876628293767567,-0.03721855663875636,0.1756569881670398,0.8707132852692236,-0.005912528846681513,-0.4557960685906218,-0.6357105150861878,2.0248003823236367,-0.8614479236931937,0.1789558105756066,0.6333772313291143,0.1401175611503698,-0.6911328075383729,-0.830112673168216,0.059957926925890435,-1.5127707485423076
subject_05_task_1,5,1,,1,136,675.0,705.0,0.4990018856343418,30.0,0.3916666666666666,eye,中,4.066666666666666,6,65.16666666666667,1.3291601358251257,63.0,66.0,6.897810218978141,3.2870425510616053,1.6781600735162805,0.9713943348361236,2.0085898721593805,0.8352397727855255,1.7275786087422362,2.0677389193321103,3.150126340323635,2.416526234356451,1.4162597956072505,2.402521997914805,0.9064412861161356,1.70627327122586,1.6963850879383853,5.556242710987117,3.2109705354812172,1.851334364493974,3.5547517241772892,1.2971859871381244,1.7344087578468694,1.9201024905886792,8.585250252683377,8.84439673671586,7.549113204443887,6.654626835438921,2.812232298681303,1.171580886018438,0.8815110669583793,2994,3.1461139581928528,0.1206240455504964,0.9866399465597864,0.9255177020708084,0.0547762191048764,0.0103540414161656,16,3,1458.5934289034085,2.2044558941415624,0.073481863138052,0.0486197809634469,0.5122878547850676,0.7237953220035085,3.17709110132994,0.0,0.0,0.0,0.0,0.0,0.0,0.0,0.0,0.0,0.0,0.0,0.0,8.0,3.0,0.0113475177304964,6.0,1.0,0.0,0.0,1.0,0.125,0.0,0.0,5.0,155.0,5.0,534.0,0.7574468085106383,77.0,2.0,0.0,0.0,4,310.0,3,6.0,93.33333333333333,11.547005383792516,100.0,0.009333333333333334,-0.4969655381162637,-0.85594379077396,-1.080012688185047,-1.4251086438229026,-1.473225980826928,0.5596457201481884,-1.053475544608037,0.013355292693609397,-0.17437631065448853,-0.10855877660788982,-0.1599505229475316,-0.40683049209675304,-0.15654918420052363,-0.13517777305426243,0.2872495638841205,0.7739056543257585,0.04170241832599186,-0.41208313418504655,-0.5543980339760378,1.678530711676479,-0.8578327823917105,0.4536787201032021,0.4519164007599376,0.4853064226490491,-0.5490459466097609,-0.7925693187165361,-0.46715392908693365,-1.7187264013306478
subject_05_task_1,5,1,,1,137,680.0,710.0,0.5025409060998336,30.0,0.3944444444444444,eye,中,4.066666666666666,5,65.6,0.8944271909999159,64.0,66.0,5.179856115107961,3.122811291412592,1.7107036740660475,1.0001951773297597,2.1583786967066976,0.9421164609089482,1.7103698486460877,2.1579575123217083,3.0913029635546727,2.574075276061437,1.4224095076333556,2.5072892509703757,0.9417270731330876,1.809658373518787,1.7627056326008907,5.352682040460277,3.1303731350587647,1.8527907919558635,3.722218957890664,1.387205315459186,1.6895448469679868,2.0089796290283664,7.781279769516142,8.890101817399595,7.45767700436122,6.304179955934249,3.3009785940800733,1.1920738605601582,0.8453275667808607,2994,3.149126095751854,0.141071592507289,0.983633934535738,0.9121576486305946,0.0637942551770207,0.012692050768203,7,2,988.013448826038,1.440309177943044,0.0480103059314348,0.0329337816275346,0.8571688556482292,0.4100697324580673,3.132707602641775,0.0,0.0,0.0,0.0,0.0,0.0,0.0,0.0,0.0,0.0,0.0,0.0,8.0,3.0,0.0112676056338028,6.0,1.0,0.0,0.0,1.0,0.125,0.0,0.0,5.0,160.0,5.0,534.0,0.752112676056338,77.0,2.0,0.0,0.0,6,380.0,4,8.0,85.0,19.148542155126762,90.0,0.011333333333333334,-0.6859810746813807,-0.7697429548174539,-0.9571163320531908,-1.1938802249791076,-1.264138732271604,0.4461186632751002,-0.7698007826603785,-0.02854935562123128,0.15461136954706264,-0.08377178244491432,0.02522840668360322,-0.3030663576718466,0.24762130671761834,0.11633860062465627,0.18923714484298265,0.6487646934722558,0.04533722832639575,-0.22156748923487407,-0.41534319013587123,1.3802886463226363,-0.5291983400849906,-0.059902787945997384,0.4862385422646492,0.43593652725728665,-0.7115651000808394,-0.5521378012555898,-0.3918089952377174,-1.918954580048274
subject_05_task_1,5,1,,1,138,685.0,715.0,0.5060799265653253,30.0,0.3972222222222222,eye,中,4.066666666666666,5,66.0,0.0,66.0,66.0,0.0,3.145317269476735,1.7327238639665887,0.9947690581869564,2.1928099469256748,0.9199845790346516,1.7418353030849314,2.204340724994242,3.094824702542381,2.4512186152490356,1.4219444069358786,2.5519326747985684,0.957195348259373,1.723849823729129,1.794678232391434,5.137042745042067,2.997707749868919,1.82524999898206,3.7720351267101857,1.3859770625514098,1.6423546098018011,2.0665854698336363,8.5109541376032,9.297155666190877,7.834960576022823,6.549965008635884,3.2690022891006323,1.186624434926039,0.8359920825486492,2994,3.18617089678511,0.2349547304364746,0.9742818971275884,0.9001336005344022,0.0704742818971276,0.0190380761523046,6,2,1220.5185776156438,1.854756822844302,0.0618252274281434,0.0406839525871881,0.7755465858972891,0.532486986583609,3.1457126596980767,0.0,0.0,0.0,0.0,0.0,0.0,0.0,0.0,0.0,0.0,0.0,0.0,8.0,3.0,0.0111888111888111,6.0,1.0,0.0,0.0,1.0,0.125,0.0,0.0,5.0,165.0,5.0,534.0,0.7468531468531469,77.0,2.0,0.0,0.0,11,570.0,5,10.0,90.0,20.0,100.0,0.015,-0.6600787006217275,-0.7114163177741765,-0.9802701780122175,-1.1407288395469175,-1.3074362405280746,0.6536978505993313,-0.6239578208358052,-0.02604053613750428,-0.10193305243466484,-0.08564641465933667,0.10413685563557533,-0.2575791426990241,-0.08783595863571417,0.23759261621405445,0.08540898919010353,0.442779467055047,-0.02339640403065773,-0.1648951520788093,-0.4172404995190059,1.0665818490044932,-0.3161934695524349,0.40621788463228464,0.7919148388437216,0.6396463320077445,-0.5975826935107685,-0.5678680719530449,-0.411844476816199,-1.970614231438888
subject_05_task_1,5,1,,1,139,690.0,720.0,0.5096189470308171,30.0,0.4,eye,中,4.066666666666666,6,66.0,0.0,66.0,66.0,2.3832327871173825e-14,3.2791682179868467,1.7121835491138322,1.009140096263235,2.3499764113111623,1.037527064819373,1.69667576925534,2.3286919427866724,3.325088510010229,2.519802910085272,1.4268911606920327,2.6726641728782723,1.0082307295967048,1.7659391125971964,1.8730680002124676,5.660068914255516,3.1107693612855627,1.8850118257784183,3.863905681784345,1.4649660478594262,1.650265170087708,2.0498044781171276,9.428719758144071,8.844434072079883,7.09191738307802,7.379296941891244,3.5586302816374964,1.2471146509946,1.0405221244538096,2994,3.1974002727582675,0.2393506692383879,0.9662658650634602,0.8994655978623914,0.0657982631930527,0.0263861055444221,6,2,1453.0237064052494,2.26920446774556,0.0756401489248519,0.0484341235468416,0.7200458395005582,0.592910018585397,3.1545557165716396,0.0,0.0,0.0,0.0,0.0,0.0,0.0,0.0,0.0,0.0,0.0,0.0,8.0,3.0,0.0111111111111111,6.0,1.0,0.0,0.0,1.0,0.125,0.0,0.0,5.0,170.0,5.0,534.0,0.7416666666666667,77.0,2.0,0.0,0.0,13,790.0,7,14.0,95.71428571428571,19.023794624226838,100.0,0.022333333333333334,-0.5060281933890712,-0.7658230914933225,-0.9189473811601092,-0.898111587125353,-1.0774830545470562,0.35577813199150526,-0.232959680250347,0.13799499533962906,0.04128196056860702,-0.06570805722748069,0.3175330165075648,-0.10750052416150563,0.0767065931141818,0.5348807376583495,0.33724083830788404,0.6183265518761929,0.12575135057154113,-0.060380509639319783,-0.2952244700511479,1.1191689238171227,-0.3782433054374069,0.992492457271097,0.4519444376789841,0.2384489432921114,-0.21298139835956706,-0.4253898610686231,-0.1894447798404393,-0.8388089173373355
subject_05_task_1,5,1,,1,140,695.0,725.0,0.5131579674963089,30.0,0.4027777777777778,eye,中,4.066666666666666,6,66.0,0.0,66.0,66.0,-7.067357438415686e-14,3.309223088624492,1.7262578196096043,0.998471862008012,2.374194755105649,1.0430006139117316,1.7288998171044627,2.377828405029803,3.1273184621109658,2.4105228718702523,1.3728817689236,2.6574713676534985,0.9872358670904794,1.7558124278685767,1.9356884385878863,5.343562648621232,3.08144390870295,1.8780722636763152,3.8434151815912263,1.4085479628849444,1.640748318529044,2.0464682088791215,9.653556617235411,8.451700368939505,6.545452851136392,7.0179581567798595,3.2037818076294275,1.2912323350510668,1.0721883292706682,2994,3.2162429493713898,0.2365222744243005,0.9679358717434868,0.8981295925183701,0.0694722778891115,0.0247160988643954,6,2,1685.5288351948552,2.6836521126468176,0.0894550704215605,0.0561842945064951,0.6798568551092509,0.626977309073585,3.160959116484906,0.0,0.0,0.0,0.0,0.0,0.0,0.0,0.0,0.0,0.0,0.0,0.0,8.0,3.0,0.0110344827586206,6.0,1.0,0.0,0.0,1.0,0.125,0.0,0.0,5.0,175.0,5.0,534.0,0.736551724137931,77.0,2.0,0.0,0.0,13,740.0,7,14.0,88.57142857142857,25.44836041121407,100.0,0.020666666666666667,-0.47143771705642595,-0.7285434462875546,-0.9644699076840353,-0.8607258251398482,-1.0667749259584147,0.5683617982410695,-0.0784596623729087,-0.0028926034287688447,-0.18691229485578745,-0.28339800316757874,0.29067932580207634,-0.16923965256132853,0.037117648020886004,0.7723646976969629,0.18484624923424106,0.5727938759534386,0.10843226645153783,-0.08369110463203955,-0.38237473146953144,1.0559036977385396,-0.39057958223103073,1.1361196868458379,0.15702182664308867,-0.05660812111864969,-0.38055165481490305,-0.5999523240021802,-0.027240704485349748,-0.6635780390012938
subject_05_task_1,5,1,,1,141,700.0,730.0,0.5166969879618007,30.0,0.4055555555555555,eye,中,4.066666666666666,7,66.14285714285714,0.3779644730092272,66.0,67.0,1.1832374691864944,3.3985358085517605,1.6699612370776966,0.9735952098813928,2.4296006184805723,1.0433640137715836,1.7152521090167832,2.4954936033185247,3.116964304634026,2.3438153481354815,1.308020357162586,2.542328860098548,0.9512264348253248,1.791879870447725,1.9436462484524912,6.051731170820385,3.0095702483205455,1.8481389602046312,3.842086286099468,1.3691014067098053,1.628432879304334,2.078894698304537,9.816950612448377,8.11669355645905,5.867594803154968,6.841779628329864,3.2270621057295035,1.383308464329329,1.1660279650958658,2995,3.1993739809782604,0.2370228395145932,0.969949916527546,0.8981636060100167,0.071118530884808,0.0237061769616026,3,2,1177.0339639845,2.0980997575481286,0.0699366585849376,0.03923446546615,0.571301247771836,0.682944700334634,3.2009766934046353,0.0,0.0,0.0,0.0,0.0,0.0,0.0,0.0,0.0,0.0,0.0,0.0,8.0,3.0,0.010958904109589,6.0,1.0,0.0,0.0,1.0,0.125,0.0,0.0,5.0,180.0,5.0,534.0,0.7315068493150685,77.0,2.0,0.0,0.0,12,710.0,7,14.0,88.57142857142857,25.44836041121407,100.0,0.020666666666666667,-0.36864673977706436,-0.8776607041743628,-1.0706213127964663,-0.7751960119406541,-1.0660639919076318,0.4783271807787652,0.2915155944782551,-0.010268707139574234,-0.326208308642951,-0.5448280388989976,0.08716185557919072,-0.2751317945824485,0.17811858190856808,0.8025441766164617,0.5258222824231997,0.4611979823741364,0.0337276391006897,-0.08520289518395772,-0.44330869766624403,0.9740342851491411,-0.270678542938258,1.2404968203658044,-0.09455088805268458,-0.42260956134747624,-0.46225415233447864,-0.5884999253817925,0.3112884756216693,-0.14429882939959976
subject_05_task_1,5,1,,1,142,705.0,735.0,0.5202360084272925,30.0,0.4083333333333333,eye,中,4.066666666666666,6,66.33333333333333,0.5163977794943223,66.0,67.0,2.790697674418644,3.4254397279375493,1.7336250515826517,0.9471646223271656,2.595677418003787,1.1861595499788218,1.8303312969219308,2.7404712515827043,2.902210048389254,2.1797547201505867,1.2089363238648672,2.6379548943716062,0.9142976589026612,1.8030351782152556,2.182046185805955,5.636773473439052,3.0099229194898647,1.7803416754459662,3.7945077277834383,1.317639469143354,1.690643409072528,2.1313367990629857,9.226553360168422,7.983601564768516,5.522678908736139,6.642955993756156,2.664464455447803,1.445603066319776,1.202850302096667,2995,3.2098070412999324,0.255114225138026,0.9679465776293824,0.8874791318864774,0.0791318864774624,0.023372287145242,3,2,1395.030772737634,2.4866858694075473,0.0828895289802515,0.0465010257579211,0.5713012477718361,0.682944700334634,3.2009766934046344,0.0,0.0,0.0,0.0,0.0,0.0,0.0,0.0,0.0,0.0,0.0,0.0,8.0,3.0,0.0108843537414965,6.0,1.0,0.0,0.0,1.0,0.125,0.0,0.0,5.0,185.0,5.0,534.0,0.726530612244898,77.0,2.0,0.0,0.0,14,701.0,6,12.0,86.66666666666667,27.32520204255893,95.0,0.017333333333333333,-0.33768272738820815,-0.7090292701044055,-1.1834035309401283,-0.5188239102405034,-0.7867072276235944,1.2375103780121575,1.0618000087103734,-0.16325553102420248,-0.668793225879246,-0.9441955775039074,0.25618343584494935,-0.3837274301890909,0.221728793793557,1.7066605109071247,0.32602431744881083,0.46174556342219253,-0.13547422991742666,-0.13932966089438834,-0.5228030887651501,1.387591563624303,-0.07676725327808313,0.8633472638553198,-0.19449606052826857,-0.6088428213803568,-0.5544582798947907,-0.8652615255220611,0.5403222187016778,0.05946447259233846
subject_05_task_1,5,1,,1,143,710.0,740.0,0.5237750288927843,30.0,0.4111111111111111,eye,中,4.066666666666666,6,66.33333333333333,0.5163977794943223,66.0,67.0,2.790697674418644,3.4697940690622877,1.6343892567259108,0.9540711976660768,2.604971117379786,1.2765988786725262,1.7130684384185175,2.7303739215189275,2.8468905302998344,2.020582428830292,1.1483861146342935,2.548204779571938,0.9246934476760166,1.7594974399997438,2.218944261950973,5.685409537645816,2.9489080574165683,1.8076711893534056,3.660300868588743,1.3101254419553936,1.631329898260633,2.0248709445316844,9.495896138892451,6.82248534785055,4.653278162723924,6.785574931017937,2.856911979016916,1.466167529485669,1.4582353974398583,2995,3.237197757390418,0.271475997404855,0.963272120200334,0.8687813021702838,0.0881469115191986,0.0257095158597662,3,2,1395.030772737634,2.4866858694075473,0.0828895289802515,0.0465010257579211,0.5713012477718361,0.682944700334634,3.2009766934046344,0.0,0.0,0.0,0.0,0.0,0.0,0.0,0.0,0.0,0.0,0.0,0.0,8.0,3.0,0.0108108108108108,6.0,1.0,0.0,0.0,1.0,0.125,0.0,0.0,5.0,190.0,5.0,534.0,0.7216216216216216,77.0,2.0,0.0,0.0,15,772.0,6,12.0,95.16666666666667,25.22234459099048,110.0,0.019033333333333333,-0.2866348355033027,-0.9718830517681141,-1.1539324158958415,-0.5044772630963238,-0.6097770595038635,0.46392139588686726,1.030050924544551,-0.2026640974448021,-1.0011705117524614,-1.1882489049433267,0.097547700840438,-0.35315676378414024,0.05152371938959438,1.8465940768172102,0.3494420940419394,0.3670097726128751,-0.0672678873042094,-0.29200732666377477,-0.5344101724517335,0.9932928138857113,-0.4704381943418078,1.035405160725241,-1.0664340268177752,-1.0782654772358888,-0.4883189865859443,-0.7705898102396551,0.6159299892439426,1.472685754704943
subject_05_task_1,5,1,,1,144,715.0,745.0,0.5273140493582761,30.0,0.4138888888888888,eye,中,4.066666666666666,7,67.28571428571429,1.6035674514745462,66.0,70.0,8.516129032257947,3.5407799158043898,1.6440905409196374,0.938744795881199,2.6106180481352053,1.302143490618709,1.7513711374307337,2.7809667330135452,2.7413997789893014,1.9694608203785409,1.0460823602408875,2.5263893105543875,0.9318266095675168,1.8827014919982217,2.415095987253451,5.435196591425876,2.936344270165076,1.7391353255956647,3.579417533071126,1.270239095363141,1.6883932072159824,2.0581592935243,8.262216095993097,6.49581852762667,4.102540090403369,6.063027924216538,2.649692047240404,1.583365033487824,1.47787170645794,2995,3.237999320652174,0.2031217227435383,0.9676126878130216,0.8744574290484141,0.0834724540901502,0.0230383973288814,3,2,1395.030772737634,2.4866858694075473,0.0828895289802515,0.0465010257579211,0.5713012477718361,0.682944700334634,3.2009766934046344,0.0,0.0,0.0,0.0,0.0,0.0,0.0,0.0,0.0,0.0,0.0,0.0,8.0,3.0,0.010738255033557,6.0,1.0,0.0,0.0,1.0,0.125,0.0,0.0,5.0,195.0,5.0,534.0,0.7167785234899329,77.0,2.0,0.0,0.0,12,692.0,6,12.0,93.5,23.526580712037184,100.0,0.0187,-0.20493645518787054,-0.9461864849093848,-1.2193318545542926,-0.4957601183170512,-0.5598030874336126,0.7166062299398355,1.1891301484762873,-0.27781369063287437,-1.1079206334333431,-1.6005938330042682,0.05898827426152049,-0.3321804321798979,0.5331737934809342,2.5904868010100284,0.22896707265909902,0.3475023889954164,-0.23831302995055473,-0.38402258535153616,-0.5960234926151409,1.3726328844540685,-0.3473503204683322,0.24732242616214017,-1.311743840538509,-1.3756299892578734,-0.8233989509286125,-0.8725285934370407,1.0468209840265092,1.581346950336588
subject_05_task_1,5,1,,1,145,720.0,750.0,0.5308530698237678,30.0,0.4166666666666667,eye,中,4.066666666666666,7,67.71428571428571,1.6035674514745462,66.0,70.0,8.429414434861526,3.2012362108859684,1.5072574773429903,0.8964519301852698,2.6138206646599293,1.2682670645992242,1.6813589514292029,2.91573990377792,2.6122492452508563,1.7776655307192664,1.0792962870291751,2.550128324285033,0.890217961293644,1.6470598037656483,2.362769477605086,5.326341000028227,2.7182468883006647,1.7359383043589725,3.684619400977195,1.233756502901293,1.5658660687854504,2.1225520467663217,7.78642531783543,5.633359694461288,4.107192522798872,5.927215046409288,2.444391142354124,1.3715840353698343,1.4431305602324551,2995,3.2315853000674313,0.2122809315550573,0.9756260434056762,0.8914858096828047,0.0747913188647746,0.0156928213689482,3,2,1395.030772737634,2.4866858694075473,0.0828895289802515,0.0465010257579211,0.5713012477718361,0.682944700334634,3.2009766934046344,0.0,0.0,0.0,0.0,0.0,0.0,0.0,0.0,0.0,0.0,0.0,0.0,8.0,3.0,0.0106666666666666,6.0,1.0,0.0,0.0,1.0,0.125,0.0,0.0,5.0,200.0,5.0,534.0,0.712,77.0,2.0,0.0,0.0,10,472.0,4,8.0,85.25,25.5,90.0,0.011366666666666667,-0.5957209849395346,-1.308627157346939,-1.3998001545893404,-0.4908162517942117,-0.6260769291073215,0.25473231353932213,1.6128980866209572,-0.369818060209276,-1.508419974690792,-1.4667219694217075,0.10094761771026049,-0.4545380650323152,-0.3880364650715166,2.3920418994941284,0.17655419834784844,0.00886968145039024,-0.24629184459578005,-0.2643418497851322,-0.6523789586276527,0.5581085571819527,-0.10924998418616666,-0.05661577863298204,-1.9594056249848235,-1.3731179633810806,-0.8863819455636408,-0.9735233397146366,0.26818217484651546,1.389100307497608
subject_05_task_1,5,1,,1,146,725.0,755.0,0.5343920902892596,30.0,0.4194444444444444,eye,中,4.066666666666666,7,68.14285714285714,1.4638501094227998,66.0,70.0,7.122106218792527,3.1551740352311386,1.408056728908242,0.924516640687232,2.564793214039341,1.2427867879198282,1.523019345397152,2.774199080000142,2.648972198884304,1.7758532441385075,1.0811301043488772,2.494289518468323,0.9007415164101804,1.642589765094031,2.3071131850227564,4.997217341206499,2.6096334739765275,1.7232202144010125,3.625597961553544,1.2258965630800431,1.514393489681544,2.1039667079426607,7.726566717553194,6.139013777713635,4.43604696359663,5.8358968548501915,2.595387386380666,1.3838928731124804,1.3155624597171982,2995,3.2575570539419085,0.2563997667636167,0.9378964941569282,0.8617696160267112,0.0764607679465776,0.0397328881469115,3,2,1299.4711648051084,2.3163478873531345,0.0772115962451044,0.0433157054935036,0.571301247771836,0.682944700334634,3.2009766934046344,0.0,0.0,0.0,0.0,0.0,0.0,0.0,0.0,0.0,0.0,0.0,0.0,8.0,3.0,0.0105960264900662,6.0,1.0,0.0,0.0,1.0,0.125,0.0,0.0,5.0,205.0,5.0,534.0,0.7072847682119205,77.0,2.0,0.0,0.0,14,1193.0,6,12.0,172.0,143.90135510133322,115.5,0.0344,-0.6487344420935585,-1.5713881087514876,-1.2800449544645973,-0.566499734331721,-0.6759250394564269,-0.7898420403844175,1.1678505840993203,-0.34365733055351455,-1.5122043198801502,-1.4593305958083633,0.002251030833686645,-0.4235916789643043,-0.4055114946866318,2.1809690116890548,0.018084461137318215,-0.1597708324974483,-0.27803241649165283,-0.3314863732142931,-0.6645203811956911,0.2159340119783179,-0.1779716213430611,-0.09485383692780448,-1.5796856739816878,-1.1955568953727487,-0.928730603967079,-0.8992429688474077,0.3134371261759266,0.6831783181012626
subject_05_task_1,5,1,,1,147,730.0,760.0,0.5379311107547514,30.0,0.4222222222222222,eye,中,4.066666666666666,5,68.8,1.095445115010332,67.0,70.0,4.830508474576237,3.15588952144614,1.4973417500037318,0.9267577166225032,2.5099687434146714,1.2517769444693068,1.615677671895388,2.7083332551705728,2.798478335921834,2.0554390796188664,1.164914414386269,2.511021483031693,0.9318580840342652,1.7644550142353308,2.1555416020451728,4.9409368944452865,2.6762930479463027,1.7704574341227837,3.618339485522662,1.2676374685712488,1.5116393065232532,2.043731419792906,7.91299456552926,7.0265797703660136,4.795391975238181,5.984829636616651,2.591079933415084,1.4652774594129006,1.24803763019172,2994,3.2864936008301626,0.2488906825191525,0.9382097528390112,0.8603874415497662,0.0778223112892451,0.0397461589846359,6,2,1169.413938751066,2.2717482667679896,0.0757249422255996,0.0389804646250355,0.5930445210583496,0.6757312729030212,3.19508555202351,0.0,0.0,0.0,0.0,0.0,0.0,0.0,0.0,0.0,0.0,0.0,0.0,8.0,3.0,0.0105263157894736,6.0,1.0,0.0,0.0,1.0,0.125,0.0,0.0,5.0,210.0,5.0,534.0,0.7026315789473684,77.0,2.0,0.0,0.0,14,1193.0,6,12.0,172.0,143.90135510133322,115.5,0.0344,-0.6479109812547237,-1.334891736905484,-1.2704820374658856,-0.6511320538308691,-0.6583372274647102,-0.1785703948180008,0.9607483498495744,-0.2371520185909788,-0.928384231630227,-1.1216300343788137,0.03182522695036272,-0.33208787591079564,0.07090470531620398,1.6061435922463225,-0.009014008903607651,-0.05627068121541047,-0.1601423580240591,-0.3397438287876362,-0.6000422829574403,0.19762501355620118,-0.4006992054642867,0.024237469669329464,-0.9131697169181764,-1.0015328040581961,-0.859663275843088,-0.9013619566794516,0.6126575374767584,0.3095170203336929
subject_05_task_1,5,1,,1,148,735.0,765.0,0.5414701312202432,30.0,0.425,eye,中,4.066666666666666,5,68.6,1.51657508881031,66.0,70.0,-10.388349514563185,3.328716317232317,1.4821265644438455,0.9281863758092068,2.2869864338347647,0.9995333913719744,1.5967984481044613,2.463930190572918,2.809185947761011,2.01777344420348,1.278635047350451,2.386181300603642,0.9193168191546114,1.5780683068125256,1.866194193212688,5.1332305335987645,2.5302112169117716,1.820041499652295,3.5206473764873794,1.1825979592997344,1.39019424413957,1.934377527743171,7.356564520345926,7.696912381365208,5.210800570036663,5.700504118485608,2.4032823539200088,1.4771074574652263,1.0939785627691945,2994,3.286628561501043,0.2390713015401595,0.9385437541750168,0.8637274549098196,0.0758183032732131,0.0410821643286573,6,2,1442.07598321374,3.681008828553662,0.122700294285122,0.048069199440458,0.6758768839493267,0.6299383715034741,3.1726428795568036,0.0,0.0,0.0,0.0,0.0,0.0,0.0,0.0,0.0,0.0,0.0,0.0,8.0,3.0,0.0104575163398692,6.0,1.0,0.0,0.0,1.0,0.125,0.0,0.0,5.0,215.0,5.0,534.0,0.6980392156862745,77.0,2.0,0.0,0.0,12,1232.0,7,14.0,166.0,132.31905884389192,120.0,0.038733333333333335,-0.44900274899633263,-1.3751934150338727,-1.264385791905049,-0.9953489674098392,-1.151811636234133,-0.3031175847989912,0.1922706018424461,-0.22952412075412296,-1.0070361223972226,-0.663268300767962,-0.1888331437021534,-0.36896769650840816,-0.6577496691433643,0.5088122694521355,0.08357344765603718,-0.2830871865007056,-0.03639527005476118,-0.45088124203979635,-0.7314046903708729,-0.6097059908700004,-0.8050490299382307,-0.3312136167976064,-0.4097847455811795,-0.7772378437306853,-0.9915187587116889,-0.9937462006902498,0.6561519759670931,-0.5429976986296751
subject_05_task_1,5,1,,1,149,740.0,770.0,0.5450091516857349,30.0,0.4277777777777777,eye,中,4.066666666666666,7,67.57142857142857,2.1491969707422394,65.0,70.0,-11.797314854915529,3.3852623863763487,1.4958111237559952,0.8847176665552603,2.0498125119078936,0.8003570168044207,1.6907214361165528,2.316911472887221,2.7310667499334564,2.097911817834289,1.30914433786331,2.2810190926820035,0.8669873830111895,1.6025061233953375,1.7423740276071595,5.233365933037163,2.5572961024151892,1.7914501053614238,3.4517331997908007,1.1965835424885436,1.4275006011955085,1.9267816555205797,7.580800361713547,8.35148880111702,5.141386417482893,5.6268862582410755,2.2161448830115127,1.624365127024574,1.0944297513035155,2994,3.2512672204915196,0.2216255496262872,0.9438877755511024,0.8901135604542418,0.0621242484969939,0.0364061456245825,6,2,1432.9557784362937,4.07300495264937,0.135766831754979,0.0477651926145431,0.7152335771607253,0.5973988679643527,3.161979542857371,0.0,0.0,0.0,0.0,0.0,0.0,0.0,0.0,0.0,0.0,0.0,0.0,8.0,3.0,0.0103896103896103,6.0,1.0,0.0,0.0,1.0,0.125,0.0,0.0,5.0,220.0,5.0,534.0,0.6935064935064935,77.0,2.0,0.0,0.0,9,1091.0,6,12.0,175.16666666666666,142.49268987097784,125.0,0.03503333333333333,-0.3839232652077445,-1.3389460289894253,-1.449871545464013,-1.3614734171067397,-1.5414685470794796,0.31649709645427904,-0.27000106921042194,-0.28517474286067995,-0.8396943388445608,-0.5402977287072549,-0.37471016665174417,-0.522851713428789,-0.5622132320147597,0.039232304451752055,0.1317876370925666,-0.24103336616978868,-0.10775089099253032,-0.5292800340209782,-0.7098008512553736,-0.3617043173371628,-0.8331357266470629,-0.1879703212047399,0.08176814456313669,-0.8147171948759554,-1.0256589181110367,-1.0858057140367865,1.1975628555419953,-0.5405009623260517
subject_05_task_1,5,1,,1,150,745.0,775.0,0.5485481721512268,30.0,0.4305555555555556,eye,中,4.066666666666666,6,66.5,1.97484176581315,65.0,69.0,-12.202166064981856,3.3938871078698365,1.5222093138052255,0.95153582372613,2.0239330409572656,0.8623176351637833,1.5997393643514004,2.127017176328394,2.641552538405896,2.109587218684792,1.3691503932584543,2.165554506172034,0.8032607339366494,1.540800213820313,1.5816775986297675,5.149790289947695,2.469510398495732,1.757658837905138,3.3006793705220874,1.1646218712574,1.4049998470914942,1.877883978017028,7.8528465318389005,8.842606298613829,6.019865811772083,5.594239764702665,2.3725586557426204,1.4689042206425542,0.9292964228144271,2994,3.240578603371173,0.2118306914512604,0.9519038076152304,0.9108216432865732,0.0527722110888443,0.0300601202404809,6,2,1200.450649646688,3.658557307748111,0.1219519102582703,0.0400150216548896,0.7431106121653721,0.5697781038140566,3.1544265147398987,0.0,0.0,0.0,0.0,0.0,0.0,0.0,0.0,0.0,0.0,0.0,0.0,8.0,3.0,0.0103225806451612,6.0,1.0,0.0,0.0,1.0,0.125,0.0,0.0,5.0,225.0,5.0,534.0,0.6890322580645162,77.0,2.0,0.0,0.0,6,901.0,4,8.0,217.75,163.05494983798152,145.0,0.029033333333333335,-0.373996979771584,-1.2690230330227525,-1.1647511347829707,-1.401423454544528,-1.4202524480496816,-0.2837162122329355,-0.8670866320251093,-0.34894295473970116,-0.815314228374434,-0.298437664608508,-0.5787969200657765,-0.7102512626535981,-0.8034443882680563,-0.5701985029281497,0.09154680407252862,-0.3773353719429382,-0.192083849612438,-0.7011233078794142,-0.759172750433137,-0.5112827032722793,-1.0139410637515922,-0.01418548054545266,0.4505718747472049,-0.3403926301995446,-1.0407986748158493,-1.0088602699821194,0.6259917698683934,-1.4542971801251539
subject_05_task_1,5,1,,1,151,750.0,780.0,0.5520871926167186,30.0,0.4333333333333333,eye,中,4.066666666666666,5,66.0,1.7320508075688772,65.0,69.0,-12.3684210526317,3.5818181648369123,1.7287516537712746,1.0211756478748333,2.2248064372110363,1.1021734443296467,1.69290332899044,2.1786716534428496,2.620560757984941,2.1268232158063864,1.3556197444065774,2.1390782679266565,0.8542985042254444,1.5688936551579982,1.5779338393031728,5.1316229446158275,2.521791283521791,1.8107883966710503,3.2191329761438485,1.2048988198531554,1.392648245459186,1.7777521559459382,7.860563958755883,9.355517230576462,6.44425374979734,5.86665991240686,2.6649805472025823,1.4517611493604945,0.9103707178804614,2995,3.26461267850923,0.2238955497038261,0.9318864774624374,0.8757929883138564,0.0704507512520868,0.0424040066777963,9,2,1223.0349319219283,3.5928306622519743,0.1197610220750658,0.0407678310640642,0.829352074526037,0.4569120951978402,3.1667477564289843,0.0,0.0,0.0,0.0,0.0,0.0,0.0,0.0,0.0,0.0,0.0,0.0,8.0,3.0,0.0102564102564102,6.0,1.0,0.0,0.0,1.0,0.125,0.0,0.0,5.0,230.0,5.0,534.0,0.6846153846153846,77.0,2.0,0.0,0.0,9,1271.0,7,14.0,177.28571428571428,126.03533140316156,130.0,0.04136666666666667,-0.15770508962961624,-0.7219378284136464,-0.867590361398304,-1.0913359834403669,-0.9510126908204307,0.33089115360893845,-0.7046692077070041,-0.36389709753734206,-0.7793227006086734,-0.3529742205787811,-0.6255943812566063,-0.5601656189792831,-0.6936167658620662,-0.5843964678957699,0.08279940970148661,-0.2961605430757541,-0.059488264475066346,-0.7938928818064632,-0.6969560587314859,-0.593392512896153,-1.3841911199662076,-0.009255538666655181,0.8357413421845464,-0.11124937963915199,-0.9144642875445778,-0.8650076418099618,0.5629631661344834,-1.55902611489608
subject_05_task_1,5,1,,1,152,755.0,785.0,0.5556262130822104,30.0,0.4361111111111111,eye,中,4.066666666666666,6,65.16666666666667,0.408248290463863,65.0,66.0,-1.646264246517384,3.533926800798002,1.723155650771316,1.0966670193671473,2.5522183123005253,1.3566414330033734,1.5712660455182612,2.3272499922294845,2.5052215229169734,2.034334523231274,1.3185704717055344,2.2225353248264708,0.8576741284509147,1.5428333690803182,1.6855643081038232,5.057110526415745,2.4998514270935375,1.9036779913650093,3.311228476941399,1.188743910178926,1.3131692641469523,1.7393847551744417,7.197402453447693,8.18633839009843,6.106444714274466,6.0782730032718275,2.7307295589312695,1.3406063221962838,0.9953865608679328,2995,3.268947656517277,0.2032421056820063,0.9626043405676128,0.892821368948247,0.0704507512520868,0.0260434056761268,6,2,1521.247055324218,3.9436049970255938,0.1314534999008531,0.0507082351774739,0.901396686701864,0.3220032564625708,3.189177272594813,0.0,0.0,0.0,0.0,0.0,0.0,0.0,0.0,0.0,0.0,0.0,0.0,8.0,3.0,0.0101910828025477,6.0,1.0,0.0,0.0,1.0,0.125,0.0,0.0,5.0,235.0,5.0,534.0,0.6802547770700637,77.0,2.0,0.0,0.0,7,782.0,7,14.0,111.71428571428571,30.11485948671788,130.0,0.026066666666666665,-0.21282377951847134,-0.7367604088430576,-0.5454603932263079,-0.585911560647668,-0.45318652749701416,-0.47155613030226917,-0.23749361241993566,-0.4460625621520181,-0.972453931912111,-0.5023048074883701,-0.478081794869761,-0.5502389953862937,-0.7954960345756564,-0.1762148803068766,0.04692242846786474,-0.33022584419004003,0.17233655108355977,-0.689122334503554,-0.7219109043618589,-1.121745371004594,-1.5260594291473772,-0.4328873673310805,-0.04225123559646333,-0.2936453752194402,-0.8163290710479092,-0.8326633871111351,0.15428881372856235,-1.088575016466928
subject_05_task_1,5,1,,1,153,760.0,790.0,0.5591652335477021,30.0,0.4388888888888889,eye,中,4.066666666666666,6,65.16666666666667,0.408248290463863,65.0,66.0,-1.646264246517384,3.7891028068020183,1.673913538179747,1.1140602481251451,2.8734870508208914,1.5943600310091155,1.5025341232637826,2.579292327911969,2.588249239317732,1.8438003818677131,1.2183346927577818,2.3135929346939097,0.8780445038669527,1.5133775577662882,1.8989797700473732,5.220973011103126,2.5058011909311153,1.887192445478836,3.408459823274611,1.1952087997658531,1.3277931442202866,1.8061008199986648,7.425374161080769,6.9939119169834,5.671706813593343,6.4039681366458625,2.630984517626403,1.2331229640116683,1.1291077531189575,2995,3.299286007526514,0.2078036614295514,0.959933222036728,0.8988313856427379,0.0617696160267111,0.0277128547579298,6,2,1853.9567968480235,4.168640970329944,0.1389546990109981,0.0617985598949341,0.9290665246311158,0.2560468924384399,3.207909271417737,0.0,0.0,0.0,0.0,0.0,0.0,0.0,0.0,0.0,0.0,0.0,0.0,8.0,3.0,0.010126582278481,6.0,1.0,0.0,0.0,1.0,0.125,0.0,0.0,5.0,240.0,5.0,534.0,0.6759493670886076,77.0,2.0,0.0,0.0,8,832.0,8,16.0,104.0,35.40379317853627,120.0,0.027733333333333332,0.08086105122856256,-0.8671919283415362,-0.47124157701639774,-0.08997027359565371,0.011872115881333968,-0.9249840822979053,0.5550043329171651,-0.3869152053142187,-1.3703197931578326,-0.9063145655311065,-0.3171350272659765,-0.4903362823777926,-0.9106496636299861,0.6331494478693921,0.12582056961042856,-0.3209878394953068,0.1311935291225228,-0.5785090984376262,-0.7119244466897044,-1.0245301235792732,-1.2793683549147592,-0.2872575763746979,-0.9377015779209343,-0.5283769657717262,-0.6652884983927532,-0.881731486175839,-0.24088693276078557,-0.34860374091277885
subject_05_task_1,5,1,,1,154,765.0,795.0,0.5627042540131939,30.0,0.4416666666666666,eye,中,4.066666666666666,7,65.0,0.0,65.0,65.0,-1.8522771596158004e-14,3.132015638371689,1.643104643162648,1.1595394017850265,2.937357239633362,1.5958519212685711,1.4170321772879888,2.533210372249114,2.442333790653602,2.002228431863508,1.281995874475861,2.324293531688583,0.874929323954258,1.5618056748287987,1.81302730996608,4.875573980486258,2.5101543916046025,1.9724493907310656,3.4487331879721235,1.1923841259041348,1.2726077553119084,1.748452053664044,6.384316656420279,7.052045702923663,5.3040249387775935,6.156392403458928,2.6881957463499453,1.329564959502044,1.160702009232592,2995,3.312131130790191,0.2509773756845447,0.9619365609348914,0.9028380634390653,0.0587646076794657,0.0260434056761268,6,2,1686.384924012165,2.806443768996973,0.0935481256332324,0.0562128308004054,0.9760895701356748,0.1128904372875001,3.239743055023331,0.0,0.0,0.0,0.0,0.0,0.0,0.0,0.0,0.0,0.0,0.0,0.0,8.0,3.0,0.010062893081761,6.0,1.0,0.0,0.0,1.0,0.125,0.0,0.0,5.0,245.0,5.0,534.0,0.6716981132075471,77.0,2.0,0.0,0.0,9,782.0,8,16.0,94.0,38.19872847547229,95.0,0.025066666666666668,-0.6753876920152344,-0.9487979111002321,-0.2771770365087654,0.008625885463575272,0.014790761986234196,-1.4890447252100047,0.4101086149774046,-0.4908625795696674,-1.0394966025949255,-0.6497221701545799,-0.29822143508811644,-0.4994970231333642,-0.7213262948535238,0.30718030544992536,-0.040485595709259546,-0.3142287664704584,0.34396952059183855,-0.5326929356007085,-0.7162877827650387,-1.391386334795955,-1.4925319480124941,-0.9522917964161494,-0.8940461243609024,-0.7269024478093569,-0.7801013300389992,-0.8535872676573466,0.1136938898384713,-0.1737710042086131
subject_05_task_1,5,1,,1,155,770.0,800.0,0.5662432744786857,30.0,0.4444444444444444,eye,中,4.066666666666666,5,65.0,0.0,65.0,65.0,-5.703384960815905e-14,3.2613895416519285,1.7059520918226885,1.1729111049689496,2.932122319241321,1.6438332467418748,1.4544598346759194,2.4998674723255716,2.793042601099527,2.0725322027988375,1.3865135141959268,2.344899298319346,0.9191876674534684,1.494779662498097,1.6912199371379446,5.022772825556377,2.6142074991844897,2.0902269170861243,3.391011599329647,1.1632795547812216,1.2506811953358723,1.6223174486992438,7.408529186640561,7.007553070574189,5.214273305273263,6.683094458382317,2.717471225516474,1.3439174857764664,1.2816923983680748,2995,3.3163044959128065,0.2458547775534953,0.9642737896494156,0.9058430717863104,0.0570951585976627,0.0260434056761268,12,1,1463.0000000000052,2.000000000000007,0.0666666666666669,0.0487666666666668,1.0,-1.000088900581841e-12,3.25593,0.0,0.0,0.0,0.0,0.0,0.0,0.0,0.0,0.0,0.0,0.0,0.0,8.0,3.0,0.01,6.0,1.0,0.0,0.0,1.0,0.125,0.0,0.0,5.0,250.0,5.0,534.0,0.6675,77.0,2.0,0.0,0.0,9,782.0,8,16.0,94.0,38.19872847547229,95.0,0.025066666666666668,-0.5264898646570373,-0.782328850495078,-0.22011851133041327,0.0005447594604641349,0.10865859697813748,-1.2421325848137295,0.30526837212916946,-0.241024332092398,-0.8926910475808562,-0.22845396854254038,-0.26180018992203663,-0.3693474900630247,-0.9833556947106684,-0.15476627320067424,0.030389170266134115,-0.15266889240394274,0.6379072152730318,-0.5983587105939911,-0.761246256328597,-1.5371476472908048,-1.9589305774678674,-0.2980182542318879,-0.9274577801455774,-0.7753627813899577,-0.5358441341449626,-0.8391856283064807,0.16646271266182328,0.49575198665965026
subject_05_task_1,5,1,,1,156,775.0,805.0,0.5697822949441775,30.0,0.4472222222222222,eye,中,4.066666666666666,6,65.33333333333333,0.5163977794943223,65.0,66.0,2.9379485014774227,3.048835544631688,1.6473375891225617,1.168185817617705,2.909022277269916,1.5749786778950827,1.4101674273721256,2.4902050969958873,2.626197267033431,2.1680884208074156,1.4017641538304864,2.3679206098981993,0.9284801651333568,1.5466855924963252,1.689243232128298,4.888899906208594,2.7044381933596293,2.034553413358095,3.413602029315807,1.2270512669524012,1.3292539658105451,1.677813915773068,6.565981826800709,7.889917994218032,5.30247718587021,6.586570175829075,2.6670157927644476,1.487968305689784,1.242168508217377,2995,3.3049104223433243,0.2564035199769784,0.9609348914858096,0.896160267111853,0.0651085141903172,0.0270450751252086,12,1,1463.0000000000052,2.000000000000007,0.0666666666666669,0.0487666666666668,1.0,-1.000088900581841e-12,3.25593,0.0,0.0,0.0,0.0,0.0,0.0,0.0,0.0,0.0,0.0,0.0,0.0,8.0,3.0,0.0099378881987577,6.0,1.0,0.0,0.0,1.0,0.125,0.0,0.0,5.0,255.0,5.0,534.0,0.6633540372670808,77.0,2.0,0.0,0.0,10,812.0,8,16.0,94.0,38.19872847547229,95.0,0.025066666666666668,-0.7711205633541252,-0.9375857688006951,-0.2402818311108064,-0.03511468440269239,-0.02604442014766904,-1.5343318260681396,0.2748869182550978,-0.3598817563180155,-0.6931543309415896,-0.16698482754881436,-0.22110940427534506,-0.3420212474051566,-0.7804362726308214,-0.16226279902671067,-0.03406929627072694,-0.012570629825116926,0.49896269973525215,-0.5726591737766509,-0.6627366846313298,-1.0148190119160843,-1.7537253826676769,-0.8362429188548218,-0.264847555744961,-0.7277381386961251,-0.5806071085282082,-0.8640064328321103,0.6960832162738502,0.27703913406429215
subject_05_task_1,5,1,,1,157,780.0,810.0,0.5733213154096692,30.0,0.45,eye,中,4.066666666666666,7,65.28571428571429,0.4879500364742666,65.0,66.0,1.5202702702702406,3.176695823521272,1.5592074249708083,1.077505701346057,2.651505511350018,1.3220063997728368,1.4470525984437883,2.4607809573885935,2.5956964372338396,2.1439511561368954,1.3868985633267732,2.369283607470553,0.9416704637062788,1.545860103131241,1.7083322963341452,4.976505246610159,2.752058905566559,1.9541336602895192,3.4511087464516277,1.211503241549258,1.4083268516846597,1.7660556268911107,7.6748311131222975,7.100073984495977,5.31599305680831,6.3954283945091035,2.4187734055780385,1.3356063314271556,1.2030543166941003,2994,3.300960296096904,0.2553142329785136,0.9756179024716098,0.9141616566466266,0.0611222444889779,0.0150300601202404,15,1,1207.9105889351592,1.6512790005948863,0.0550426333531628,0.0402636862978386,1.0,-1.000088900581841e-12,3.25593,0.0,0.0,0.0,0.0,0.0,0.0,0.0,0.0,0.0,0.0,0.0,0.0,8.0,3.0,0.0098765432098765,6.0,1.0,0.0,0.0,1.0,0.125,0.0,0.0,5.0,260.0,5.0,534.0,0.6592592592592592,77.0,2.0,0.0,0.0,8,452.0,5,10.0,76.4,38.135285497816845,61.0,0.012733333333333333,-0.6239647827108425,-1.1710231787531604,-0.6272238403892165,-0.4326423022966147,-0.520944463572206,-1.2909984952162896,0.18236845258166254,-0.3816099639842079,-0.7435568127620424,-0.226901991715295,-0.21870026951064472,-0.30323282776277233,-0.7836634149804852,-0.08986875838046249,0.008111795545570627,0.06136850035609895,0.2982589020298528,-0.5299904304849066,-0.6867540627297976,-0.4891657566693373,-1.4274405131210746,-0.1279028733038447,-0.8579793796644046,-0.7204404039505949,-0.669248789507027,-0.986125606749651,0.1359057345430729,0.0605934255978653
subject_05_task_1,5,1,,1,158,785.0,815.0,0.5768603358751611,30.0,0.4527777777777778,eye,中,4.066666666666666,6,65.16666666666667,0.752772652709081,64.0,66.0,-1.9206880076444193,2.967051359009167,1.6284480819118294,1.0476140586210736,2.348568163024224,1.1487678176866458,1.5544351171225033,2.2418257407842894,2.5996173148757147,2.319291664236131,1.4583520014965166,2.330984179223007,0.9293090766518264,1.5903510687791045,1.5983686907077452,5.296229809422436,2.8393031865879497,1.9389799083404564,3.3206924624820497,1.2529272694153906,1.4643283173666644,1.7125976644720264,7.8952254510674384,9.198343445366524,6.291255814193316,6.406065106128131,2.415380262781502,1.4620838377951038,1.0182490261603734,2994,3.279460455764075,0.2390097792992241,0.9819639278557114,0.92251169004676,0.0594522378089512,0.0090180360721442,15,1,772.7529446757899,1.0563950029744222,0.035213166765814,0.0257584314891929,1.0,-1.000088900581841e-12,3.25593,0.0,0.0,0.0,0.0,0.0,0.0,0.0,0.0,0.0,0.0,0.0,0.0,8.0,3.0,0.0098159509202454,6.0,1.0,0.0,0.0,1.0,0.125,0.0,0.0,5.0,265.0,5.0,534.0,0.6552147239263804,77.0,2.0,0.0,0.0,6,270.0,3,6.0,66.66666666666667,28.867513459481287,50.0,0.006666666666666667,-0.8652468689126348,-0.9876199163708608,-0.7547747608356403,-0.900285494462648,-0.8598582071399118,-0.5825906124227869,-0.5060935028667597,-0.3788168057588033,-0.37741769581999823,0.06109782800304013,-0.2863955361280026,-0.3395836856132798,-0.6097318230150398,-0.5068986163913722,0.16205596239763204,0.19682985641428258,0.2604396418405184,-0.6783558265181047,-0.6227654523547955,-0.11688450742797842,-1.6251080795489838,0.012886445231156214,0.7177119936721746,-0.19385880642085554,-0.6643160323071807,-0.987794813205461,0.6009157959817666,-0.962061280536413
subject_05_task_1,5,1,,1,159,790.0,820.0,0.5803993563406529,30.0,0.4555555555555555,eye,中,4.066666666666666,6,65.16666666666667,0.752772652709081,64.0,66.0,-1.9206880076444193,3.02768016118564,1.5430739219128602,1.025973225793405,2.1986180278865004,1.0902114968713068,1.5040099323445513,2.1429584833329995,2.592981386345311,2.2839137456467222,1.3329688531685395,2.197098088557904,0.8983201023549517,1.7134036854782728,1.6482741388407407,5.028705721925554,2.7128767435643444,1.8238068279027877,3.264315473741428,1.2359216803559137,1.48748030880217,1.7898361952592836,8.78960221236731,8.715058854838807,5.773775626221507,6.407494731469238,2.48511495921997,1.5094211169653893,1.1097581801360112,2994,3.243246888664648,0.2329468865343987,0.98062792251169,0.9094856379425518,0.0718102872411489,0.0110220440881763,18,3,367.4110161104408,0.5550305014002153,0.0185010167133405,0.012247033870348,0.9798222013503008,0.1117331241429481,3.249440246321656,0.0,0.0,0.0,0.0,0.0,0.0,0.0,0.0,0.0,0.0,0.0,0.0,8.0,3.0,0.0097560975609756,6.0,1.0,0.0,0.0,1.0,0.125,0.0,0.0,5.0,270.0,5.0,534.0,0.651219512195122,77.0,2.0,0.0,0.0,6,331.0,3,6.0,87.0,32.51153641401772,100.0,0.0087,-0.7954685234309179,-1.2137572778389463,-0.8471185698324354,-1.1317629278298909,-0.9744143392560497,-0.9152480954801363,-0.8169623026622318,-0.3835441142980798,-0.45129246675566076,-0.44427077341249555,-0.5230427922005677,-0.4307122777879722,-0.1286737653545668,-0.3176354339928007,0.03324580029961991,0.0005316324723452935,-0.026998130040703748,-0.742491945161177,-0.6490343612122542,0.037023112472135834,-1.3395088586977637,0.5842200643747337,0.3547903697521066,-0.4732661169212926,-0.6636530459494598,-0.9534898598130278,0.774957107574967,-0.4556782289620665
subject_05_task_1,5,1,,1,160,795.0,825.0,0.5839383768061446,30.0,0.4583333333333333,eye,中,4.066666666666666,6,65.16666666666667,0.7527726527090811,64.0,66.0,-2.704225352112635,3.067414020614128,1.5756100282215355,1.0335501446934967,2.315334800161861,1.1828119940502333,1.524464039128734,2.2401765526804533,2.659169481823904,2.284397219914966,1.3944324194170366,2.397353962693911,0.9283440443554096,1.638227273050631,1.7192328070629346,5.420922916653535,2.815785821578499,1.8535120985013973,3.445088536399665,1.306155951349657,1.5191623641707654,1.8586814400537712,8.662125894475471,8.677000557939978,6.268896197055359,6.408483384041499,2.443398468988697,1.3841353063105049,1.0222666291797442,2994,3.253043390514631,0.1904897910620512,0.9779559118236472,0.9041416165664664,0.0758183032732131,0.011690046760187,15,3,152.41323088324765,0.4780568975522453,0.0159352299184081,0.0050804410294415,0.7513544339891646,0.7210729159275011,3.175958517251212,0.0,0.0,0.0,0.0,0.0,0.0,0.0,0.0,0.0,0.0,0.0,0.0,8.0,3.0,0.0096969696969696,6.0,1.0,0.0,0.0,1.0,0.125,0.0,0.0,5.0,275.0,5.0,534.0,0.6472727272727272,77.0,2.0,0.0,0.0,7,351.0,3,6.0,90.33333333333333,26.839026311200886,100.0,0.009033333333333334,-0.7497383940041009,-1.1275762924778276,-0.8147870252349604,-0.9515877058976459,-0.7932561885877042,-0.7803113230919944,-0.5112790530650049,-0.3363929812620891,-0.4502828949028246,-0.19653607439406945,-0.16908516380705232,-0.34242153476998577,-0.42256608487131536,-0.048529276871299626,0.22209444156870828,0.16031520906090027,0.047137395045074325,-0.5368391983026651,-0.5405419322260016,0.24763608496340167,-1.0849448726637227,0.5027873738043868,0.3262105656679894,-0.20593161738743937,-0.6631945599747864,-0.9740116707073001,0.314328461556782,-0.9398291213635185
subject_05_task_1,5,1,,1,161,800.0,830.0,0.5874773972716364,30.0,0.4611111111111111,eye,中,4.066666666666666,7,65.42857142857143,0.9759000729485332,64.0,67.0,0.520632472040137,2.9742941634113453,1.3754809747505754,0.9465251660165946,2.2939961577278165,1.1846374177602057,1.4531900726308424,2.4235976391224634,2.4562984487509567,2.046741019920717,1.201000176472238,2.417473703058688,0.9253637656386536,1.7041971017295925,2.0128837201004104,5.206746235898468,2.5117169988166843,1.7200706809444617,3.4703976345715155,1.3027641880008838,1.4602405742056734,2.0175901333693913,8.692317461064599,7.328847914321554,5.45845564894513,6.106482933174784,2.450683380410834,1.34265960661197,1.1187198954991762,2994,3.269685502859065,0.1937266036281244,0.9742818971275884,0.8974615898463594,0.0791583166332665,0.0140280561122244,15,3,275.01074607247506,0.8625942990582336,0.0287531433019411,0.0091670248690825,0.7513544339891645,0.721072915927501,3.1759585172512117,0.0,0.0,0.0,0.0,0.0,0.0,0.0,0.0,0.0,0.0,0.0,0.0,8.0,3.0,0.0096385542168674,6.0,1.0,0.0,0.0,1.0,0.125,0.0,0.0,5.0,280.0,5.0,534.0,0.6433734939759036,77.0,2.0,0.0,0.0,8,421.0,4,8.0,85.25,24.157469514279292,85.0,0.011366666666666667,-0.8569110468332103,-1.6576741125392458,-1.1861321612047482,-0.9845280842283312,-0.7896850373135833,-1.2505092689618806,0.06545276360849678,-0.4809144242860112,-0.9465471760149163,-0.9761829678504108,-0.13352298310131694,-0.35118557455860067,-0.16466569640513637,1.0651228071177705,0.11897052019098925,-0.31180255710227067,-0.2858927157540856,-0.5080468246878361,-0.5457812639517873,-0.14405861996268884,-0.497359912995975,0.5220739404431607,-0.686182041718633,-0.6435194113385294,-0.8032467632990514,-0.970427966187629,0.16183796566639116,-0.4060868976494821
subject_05_task_1,5,1,,1,162,805.0,835.0,0.5910164177371282,30.0,0.4638888888888889,eye,中,4.066666666666666,5,65.2,1.095445115010332,64.0,67.0,5.090673575129548,3.032057047006671,1.47134646994969,0.9498259467336726,2.5105736806931715,1.352839840013622,1.5490695690188905,2.6431934075150365,2.5685856924131034,2.0597528048356173,1.2514723366425538,2.6308916978275367,0.9571709130111966,1.6458636316017308,2.1022371975761645,5.70465583876733,2.5940562681257298,1.819058198869029,3.733233265238715,1.3225441056979397,1.426043581089678,2.0522890733016648,8.574184279931677,7.240667546623615,5.458273942900139,5.996417380801778,2.4731575959695293,1.326548946126445,1.0985922369472918,2995,3.3127033152909333,0.2590740722120961,0.958931552587646,0.8704507512520868,0.0848080133555926,0.0257095158597662,6,3,397.6082612617023,1.2471317005642215,0.041571056685474,0.0132536087087234,0.7513544339891645,0.7210729159275011,3.1759585172512117,0.0,0.0,0.0,0.0,0.0,0.0,0.0,0.0,0.0,0.0,0.0,0.0,8.0,3.0,0.0095808383233532,6.0,1.0,0.0,0.0,1.0,0.125,0.0,0.0,5.0,285.0,5.0,534.0,0.6395209580838324,77.0,2.0,0.0,0.0,17,772.0,7,14.0,83.0,19.9916649298318,90.0,0.019366666666666667,-0.7904311181055587,-1.4037475129636723,-1.1720473675877279,-0.6501982145352474,-0.4606237397863435,-0.6179874034356656,0.7559288091688466,-0.40092313996402984,-0.9193764811753354,-0.7727501673836998,0.24369904651853114,-0.25765099889356685,-0.3927127431811359,1.4039900879078855,0.35870899479261775,-0.1839570531120599,-0.038849296509180335,-0.2090372896157366,-0.5152267883982086,-0.37139015785155866,-0.3690562010012934,0.4466097056395613,-0.7524009174495143,-0.6436175213696241,-0.8542894788834233,-0.959372107961404,0.10260514682509214,-0.5174670680012171
subject_05_task_1,5,1,,1,163,810.0,840.0,0.59455543820262,30.0,0.4666666666666667,eye,中,4.066666666666666,6,64.83333333333333,1.1690451944500122,64.0,67.0,-0.1880877742946779,2.954369145415837,1.437065984805718,0.9346016531243664,2.498892854313484,1.4235141515069527,1.5376240561972228,2.6737518021284297,2.434369029457135,2.0029750008813587,1.1701952653686465,2.6540354412982468,0.9680490151165404,1.7116587805116112,2.2680278410305705,7.083730521461922,2.532027225146534,1.7752216447939575,3.6607023209650578,1.3048286187163314,1.4263161068207997,2.0621100084603463,7.031084334942062,6.776292204811933,4.673091342136893,6.189827420939463,2.4301077069147117,1.4500662856106932,1.3245680359650327,2995,3.3450872801082543,0.2493294394325717,0.9595993322203672,0.8704507512520868,0.0831385642737896,0.0273789649415692,6,3,520.2057764509298,1.63166910207021,0.054388970069007,0.0173401925483643,0.7513544339891645,0.721072915927501,3.175958517251212,0.0,0.0,0.0,0.0,0.0,0.0,0.0,0.0,0.0,0.0,0.0,0.0,8.0,3.0,0.0095238095238095,6.0,1.0,0.0,0.0,1.0,0.125,0.0,0.0,5.0,290.0,5.0,534.0,0.6357142857142857,77.0,2.0,0.0,0.0,17,822.0,8,16.0,80.125,20.21624170243887,80.0,0.021366666666666666,-0.8798429659790503,-1.4945489739724525,-1.2370110994535113,-0.6682298602386345,-0.32236068548382196,-0.6934940278401711,0.8520137183899025,-0.49653652307958385,-1.037937646687387,-1.1003450665754295,0.2846062338177,-0.225662004327441,-0.13549524235018764,2.032740374018269,1.0227196081368297,-0.28026752961072054,-0.14825230442046491,-0.29155062264655024,-0.5425922922486043,-0.36957848706050367,-0.3327420531173133,-0.5391324495902253,-1.1011226777992615,-1.0675675852181525,-0.7645958966765805,-0.9805498647023122,0.5567317917260372,0.733012361838329
subject_05_task_1,5,1,,1,164,815.0,845.0,0.5980944586681117,30.0,0.4694444444444444,eye,中,4.066666666666666,5,65.0,1.224744871391589,64.0,67.0,-4.473161033797403,2.9390407753360783,1.376380534826644,0.8877397712527354,2.608048647213677,1.4871973311280309,1.550432434591009,2.9378526587057427,2.5333697134393045,1.778247296462018,1.149396468337537,2.732075897635625,1.0045786726817882,1.5471139380078638,2.376965627523845,6.299373414137204,2.4407505752171277,1.7530186876247154,3.842991955164808,1.314777038941728,1.3923129242417074,2.1922139120900876,7.218072968327808,5.69451152144397,4.4507574569695665,5.948934384155525,2.3294621485716807,1.2794477291784965,1.3366116760282951,2995,3.375540944614339,0.2593124287331874,0.9515859766277128,0.8504173622704507,0.0941569282136894,0.0337228714524207,3,3,642.8032916401571,2.0162065035761985,0.0672068834525399,0.0214267763880052,0.7513544339891646,0.7210729159275011,3.175958517251212,0.0,0.0,0.0,0.0,0.0,0.0,0.0,0.0,0.0,0.0,0.0,0.0,8.0,3.0,0.0094674556213017,6.0,1.0,0.0,0.0,1.0,0.125,0.0,0.0,5.0,295.0,5.0,534.0,0.6319526627218935,77.0,2.0,0.0,0.0,20,1012.0,10,20.0,82.1,30.215705996863434,75.0,0.027366666666666668,-0.8974845532230757,-1.6552913758647456,-1.4369758930104182,-0.4997264924057475,-0.1977746692063623,-0.6089965106315467,1.6824273297879426,-0.4260103297007897,-1.507205154466833,-1.1841765790785497,0.42254483343733196,-0.11824004725800773,-0.7787617120622143,2.445879879352989,0.6450595361689083,-0.42198981365194005,-0.20366428535949233,-0.08417257944834307,-0.5272247478922973,-0.595621629584793,0.1483335593733197,-0.4196829096718124,-1.9134837793700061,-1.1876141383648406,-0.8763096390575597,-1.030060959816344,-0.07056825306060736,0.7996581010058172
subject_05_task_1,5,1,,1,165,820.0,850.0,0.6016334791336035,30.0,0.4722222222222222,eye,中,4.066666666666666,7,64.71428571428571,1.1126972805283737,64.0,67.0,-3.891814265198685,2.9540374775346305,1.3154823096354784,0.8976835156564468,2.677807241022962,1.5554856970024378,1.4654188104072614,2.983019287220362,2.4213418833091627,1.656528722110785,1.2451907761912837,2.9261039489890286,1.0264337769985128,1.330341304950618,2.3499242083524132,6.927218682614768,2.4551702680274285,1.7791340574954069,3.982020141717872,1.300410610931353,1.3799804785276937,2.2381788066738486,6.366602125554228,5.246255449295717,4.497716982544854,6.033461485777049,2.245010806220232,1.1664263157632768,1.3414497864566068,2995,3.4171252538930266,0.2485557699201582,0.9535893155258764,0.8564273789649416,0.0881469115191986,0.030050083472454,3,3,735.5850911353641,2.3072244090359297,0.0769074803011976,0.0245195030378454,0.7513544339891646,0.7210729159275011,3.175958517251212,0.0,0.0,0.0,0.0,0.0,0.0,0.0,0.0,0.0,0.0,0.0,0.0,8.0,3.0,0.0094117647058823,6.0,1.0,0.0,0.0,1.0,0.125,0.0,0.0,5.0,300.0,5.0,534.0,0.6282352941176471,77.0,2.0,0.0,0.0,19,901.0,9,18.0,78.88888888888889,30.18461712712472,70.0,0.023666666666666666,-0.8802246861379386,-1.816597372468235,-1.3945448442036796,-0.3920404257313133,-0.06417933817841792,-1.1698356700928774,1.8244449801113096,-0.5058168127851701,-1.7613730692944918,-0.7980685890559777,0.7654946180325263,-0.05397122476861626,-1.6262058754594308,2.343327047138761,0.9473607291633811,-0.3996008258677794,-0.13848808533983506,0.07398996996561119,-0.5494168864116901,-0.6776040963060089,0.318294561295904,-0.9636079525027881,-2.2501008054962415,-1.16225889762646,-0.8371103372395197,-1.0716055496870578,-0.48610533870809924,0.8264306916823129
subject_05_task_1,5,1,,1,166,825.0,855.0,0.6051724995990954,30.0,0.475,eye,中,4.066666666666666,5,64.6,1.3416407864998738,64.0,67.0,-8.289473684210572,2.973804605193813,1.3336961355924282,0.9618007910898164,2.706327779842979,1.5652889967565529,1.3866656670985031,2.8138132188230367,2.6341572692210646,1.6452925310203792,1.424580642534609,2.7659617803121557,1.025221661283825,1.1549311298327627,1.941597195502366,6.071690360758673,2.3238658642702603,1.9098578672443107,4.01483820637235,1.3461056184458866,1.2167742448935803,2.102165964928723,7.1550520855977195,4.776233430581006,4.186966861467027,5.706915842873947,2.1502324378303115,1.1407382930438366,1.3630191094644493,2995,3.426545023696683,0.236327456327527,0.9559265442404008,0.8584307178631052,0.0854757929883138,0.028380634390651,3,3,735.5850911353641,2.3072244090359297,0.0769074803011976,0.0245195030378454,0.7513544339891646,0.7210729159275011,3.175958517251212,0.0,0.0,0.0,0.0,0.0,0.0,0.0,0.0,0.0,0.0,0.0,0.0,8.0,3.0,0.0093567251461988,6.0,1.0,0.0,0.0,1.0,0.125,0.0,0.0,5.0,305.0,5.0,534.0,0.624561403508772,77.0,2.0,0.0,0.0,17,851.0,9,18.0,77.77777777777777,31.135902820449004,70.0,0.023333333333333334,-0.8574744846912921,-1.7683529558415498,-1.1209493923482403,-0.34801338221951683,-0.045000740784157965,-1.6893741219856915,1.2924095140046208,-0.35421120303495135,-1.784836039307701,-0.07502081851425288,0.4824390398867252,-0.05753566667540962,-2.31194893724553,0.7947732759081788,0.5354324319815116,-0.603472900703221,0.18775968421934722,0.11132476445063474,-0.4788307994821559,-1.7625510669137576,-0.18463009602521732,-0.45994105430369464,-2.603062926891148,-1.3300447522083385,-0.988545332264418,-1.1182303674074021,-0.5805505042243655,0.9457885824569541
subject_05_task_1,5,1,,1,167,830.0,860.0,0.6087115200645872,30.0,0.4777777777777778,eye,中,4.066666666666666,6,64.5,0.8366600265340756,64.0,66.0,4.540059347181029,2.853558636164594,1.2926688803884705,0.8928997147828563,2.748394290985047,1.538809962528891,1.4477201179337744,3.0780548425345025,2.6160420105061224,1.5618509048978515,1.4332325443125802,2.866702285310442,1.053594069508902,1.0897400502770194,2.000165497696953,6.510473379770054,2.40102492455556,1.9147665077142313,4.188089050051589,1.3748834626596582,1.2539518081616143,2.187258359271782,6.729411408182751,4.322011417373832,4.036051027973819,5.522783079037904,2.0034587538672075,1.0708515297299328,1.3683630461457408,2995,3.460779620853081,0.2191468461415336,0.9559265442404008,0.8614357262103506,0.0841402337228714,0.0273789649415692,3,3,735.5850911353641,2.3072244090359297,0.0769074803011976,0.0245195030378454,0.7513544339891646,0.7210729159275011,3.175958517251212,0.0,0.0,0.0,0.0,0.0,0.0,0.0,0.0,0.0,0.0,0.0,0.0,8.0,3.0,0.0093023255813953,6.0,1.0,0.0,0.0,1.0,0.125,0.0,0.0,5.0,310.0,5.0,534.0,0.6209302325581395,77.0,2.0,0.0,0.0,17,821.0,8,16.0,78.75,33.13931631332013,70.0,0.021,-0.9958668735971812,-1.8770251259713968,-1.4149578476064293,-0.2830754745548327,-0.09680276148927697,-1.2865948355290058,2.123265740189121,-0.3671161667972927,-1.9590755441197876,-0.040148512630845394,0.6605005843293161,0.025898447451359167,-2.56680490820423,1.016889771716177,0.7467020501065333,-0.48367053869098553,0.20001019166673248,0.3084200140097476,-0.4343770281883927,-1.5154055765481222,0.1300097770671362,-0.7318430526615008,-2.94416006485987,-1.411529972567279,-1.0739365931231832,-1.1904335122512724,-0.8374977593972066,0.9753602574919228
subject_05_task_1,5,1,,1,168,835.0,865.0,0.6122505405300789,30.0,0.4805555555555555,eye,中,4.066666666666666,7,64.71428571428571,0.951189731211342,64.0,66.0,4.95171202809477,3.2680295662935688,1.4007858110056377,0.9633935226112283,2.7296839439746448,1.5026376919151525,1.4540120710059168,2.8334049170021167,2.710719989200875,1.5773309121175012,1.7772814599827502,2.7665102637618677,1.070701429344327,0.8874964082125801,1.556596592071983,5.251146275893836,2.3325084656786137,2.081678100301784,4.016990161919768,1.3377336327760982,1.1204943095382838,1.929688438062263,7.318636239381564,4.3721312691033685,3.7140172724175513,5.013814833089186,1.890849800083023,1.1771973441193593,1.349970790476578,2994,3.424801022146508,0.1715999967793134,0.9565798263193052,0.8744154976619907,0.0754843019372077,0.0280561122244488,3,3,735.5850911353641,2.3072244090359297,0.0769074803011976,0.0245195030378454,0.7513544339891646,0.7210729159275011,3.175958517251212,0.0,0.0,0.0,0.0,0.0,0.0,0.0,0.0,0.0,0.0,0.0,0.0,8.0,3.0,0.0092485549132947,6.0,1.0,0.0,0.0,1.0,0.125,0.0,0.0,5.0,315.0,5.0,534.0,0.6173410404624278,77.0,2.0,0.0,0.0,11,841.0,6,12.0,125.16666666666667,121.50788726114313,70.0,0.025033333333333335,-0.518847788336564,-1.590647170157958,-1.1141530321264472,-0.3119585635857327,-0.16756805810747982,-1.2450865042911397,1.3540117861409384,-0.2996693859715956,-1.9267508050443696,1.346573081533887,0.48340849909440525,0.07620568262130108,-3.3574498878518395,-0.665316597173801,0.14034869365743752,-0.5900538147420579,0.6165719098407746,0.11377289230185511,-0.49176319057701545,-2.4025917189652057,-0.8223875311463578,-0.3554424462673804,-2.9065226596190894,-1.585408292204965,-1.3099697648043207,-1.2458298229607596,-0.4465043321619337,0.8735832641917151
subject_05_task_1,5,1,,1,169,840.0,870.0,0.6157895609955707,30.0,0.4833333333333333,eye,中,4.066666666666666,6,65.5,1.51657508881031,64.0,68.0,9.678972712680563,3.664978399503227,1.5167042414701306,0.9751865829212252,2.8405550722524735,1.5462604874043169,1.5552964612441236,2.9128323974099746,2.560072863007792,1.5921613103116723,1.7434844825724098,2.874879135058375,1.1080577938256084,0.9132064702764268,1.6489272854420007,4.299025080105943,2.3840654556046252,2.037878198387114,4.1758077334885035,1.3394038012451603,1.1698763240568069,2.049095837422208,6.855644121580213,4.090304312518998,3.757585529619478,4.795411091979973,1.8821247450899925,1.0885458974324969,1.2761947942847207,2994,3.3925270868824535,0.1740663648880558,0.9599198396793588,0.8780895123580494,0.0718102872411489,0.0263861055444221,3,3,735.5850911353641,2.3072244090359297,0.0769074803011976,0.0245195030378454,0.7513544339891646,0.7210729159275011,3.175958517251212,0.0,0.0,0.0,0.0,0.0,0.0,0.0,0.0,0.0,0.0,0.0,0.0,8.0,3.0,0.0091954022988505,6.0,1.0,0.0,0.0,1.0,0.125,0.0,0.0,5.0,320.0,5.0,534.0,0.6137931034482759,77.0,2.0,0.0,0.0,11,791.0,5,10.0,138.2,131.07707656184587,80.0,0.023033333333333333,-0.061995074313850825,-1.283604758132134,-1.0638307493646817,-0.14080723928241995,-0.08222699408996503,-0.5769082818808918,1.6037560001678544,-0.40698751678134376,-1.8957825538537232,1.2103511774446827,0.6749533855617176,0.18605871845692667,-3.2569397739629093,-0.3151584177760972,-0.3180881024976799,-0.510002954239886,0.5072603748264589,0.29444842748519723,-0.4891832444700652,-2.074314631372512,-0.3808635938901998,-0.6512047846290595,-3.118160064892793,-1.5618841267375043,-1.4112541339793434,-1.2501219848280796,-0.7724422467707077,0.46532996425938217
subject_05_task_1,5,1,,1,170,845.0,875.0,0.6193285814610625,30.0,0.4861111111111111,eye,中,4.066666666666666,7,66.0,1.914854215512676,64.0,69.0,10.931506849315022,3.399209023202417,1.4574414667050606,0.9842432776178748,2.750689620990487,1.4779645837460815,1.4807736053147842,2.7947253321840027,2.6370129819747072,1.622680301978721,1.8752467560326305,2.7727338512251385,1.087713948584914,0.8653156160695076,1.4785967992240543,4.667036313141555,2.3228108421937015,2.1687771802778664,4.060980518271412,1.2884121148020498,1.0710232767646974,1.8724747545301608,7.070167591059717,4.103408216282973,3.3938469122969983,4.594017435000272,1.883421964232011,1.2090728669625628,1.3536313079870133,2994,3.355382352941177,0.1662357304514778,0.9655978623914496,0.9071476285905145,0.0531062124248497,0.0173680694722778,3,3,735.5850911353641,2.3072244090359297,0.0769074803011976,0.0245195030378454,0.7513544339891646,0.7210729159275011,3.175958517251212,0.0,0.0,0.0,0.0,0.0,0.0,0.0,0.0,0.0,0.0,0.0,0.0,8.0,3.0,0.0091428571428571,6.0,1.0,0.0,0.0,1.0,0.125,0.0,0.0,5.0,325.0,5.0,534.0,0.6102857142857143,77.0,2.0,0.0,0.0,9,521.0,2,4.0,205.5,219.9102089490163,205.5,0.0137,-0.3678719297397472,-1.4405788064719613,-1.0251848390215075,-0.2795321826604834,-0.21583707159357746,-1.0685393149225197,1.2323913789508387,-0.3521768478992438,-1.8320540020201066,1.7414314441783023,0.4944088568522147,0.12623402214901228,-3.4441627841066436,-0.9611257637699422,-0.1408943887474775,-0.6051109991492033,0.8339453219792011,0.16381761404285844,-0.5679512282768774,-2.731460573698217,-1.033942350641869,-0.5141658145748412,-3.1083197138306558,-1.758280493503836,-1.5046501051263752,-1.249483837041117,-0.3293100636997842,0.8938394237860762
subject_05_task_1,5,1,,1,171,850.0,880.0,0.6228676019265542,30.0,0.4888888888888889,eye,中,4.066666666666666,6,67.83333333333333,2.9268868558020253,65.0,73.0,19.999999999999865,3.7772344368525297,1.602168970080578,0.8979179931401163,2.7410984829635994,1.548448577489914,1.7843154745987655,3.0527269794178884,2.5207721463929995,1.6709914227902545,1.530513274077526,2.631868423393068,1.1114947111203106,1.0917849920624816,1.7195985608026516,4.498501504113284,2.4151391002129277,1.9275729380998323,3.8384051486235657,1.2602518006480454,1.2529430417267269,1.991315126268269,6.4643889492491065,4.65929054219404,3.6217050295193434,4.6144031121078095,1.8519468239768744,1.2864908942660085,1.2740968893096776,2994,3.333668498797664,0.221537069653593,0.9385437541750168,0.8800935203740815,0.0594522378089512,0.0360721442885771,3,3,735.5850911353641,2.3072244090359297,0.0769074803011976,0.0245195030378454,0.7513544339891646,0.7210729159275011,3.175958517251212,0.0,0.0,0.0,0.0,0.0,0.0,0.0,0.0,0.0,0.0,0.0,0.0,8.0,3.0,0.009090909090909,6.0,1.0,0.0,0.0,1.0,0.125,0.0,0.0,5.0,330.0,5.0,534.0,0.6068181818181818,77.0,2.0,0.0,0.0,16,1081.0,6,12.0,146.83333333333334,109.69123331728323,120.0,0.029366666666666666,0.06720161563176952,-1.05722750034376,-1.3935443030443602,-0.29433798467923983,-0.07794634371033927,0.9339416810952264,2.043627216663524,-0.43498459547222673,-1.7311726295171581,0.35195064105601076,0.2454254351513658,0.1961655852246548,-2.5588104766372184,-0.04714217948328405,-0.22204220714847359,-0.4617559174481142,0.23197123500950662,-0.08939066532155997,-0.6114510872539293,-1.5221115586862528,-0.5945150696186443,-0.9011411015025999,-2.690880961629143,-1.6352511965595111,-1.495196281507987,-1.2649675671585274,-0.044673192949770076,0.45372081395013364
subject_05_task_1,5,1,,1,172,855.0,885.0,0.626406622392046,30.0,0.4916666666666666,eye,中,4.066666666666666,7,68.14285714285714,2.7945525240230875,65.0,73.0,15.455904334828194,3.353074609596281,1.4798145071189548,0.8543491020897567,2.7701258340807597,1.5466410606978849,1.7320958183244952,3.242381629833719,2.5821983842461793,1.6521974923444844,1.569102767314286,2.7407003398509135,1.1047299784013611,1.0529568405340497,1.746667201755027,4.559078756947617,2.3300155210756444,1.965431654682393,3.9201967261829966,1.2308899577629642,1.18549811463791,1.994572905571976,6.367537366486654,4.791757295145887,3.2583683280489937,4.7857585867312435,1.8130586074340629,1.4706002553170645,1.4687592392591178,2995,3.310715315934066,0.2335845117911609,0.9392320534223706,0.8814691151919867,0.0604340567612687,0.0363939899833055,3,3,735.5850911353641,2.3072244090359297,0.0769074803011976,0.0245195030378454,0.7513544339891646,0.7210729159275011,3.175958517251212,0.0,0.0,0.0,0.0,0.0,0.0,0.0,0.0,0.0,0.0,0.0,0.0,8.0,3.0,0.0090395480225988,6.0,1.0,0.0,0.0,1.0,0.125,0.0,0.0,5.0,335.0,5.0,534.0,0.6033898305084746,77.0,2.0,0.0,0.0,16,1091.0,6,12.0,148.5,107.98842530567802,120.0,0.0297,-0.4209685263347986,-1.381317546070946,-1.579457543324681,-0.24952857701929518,-0.08148246294642998,0.589445979219006,2.6399592589419947,-0.39122571871390643,-1.770417372057712,0.5074892320585483,0.4377887663602043,0.17627268514960714,-2.710604039893807,0.05551388957350697,-0.19287486812471671,-0.593924528702247,0.3264553375395523,0.0036578361954417824,-0.6568069741883713,-1.9704655688150516,-0.5824690192683766,-0.9630105145886839,-2.5914053109691295,-1.8314305536124253,-1.4157304671232307,-1.2840980506072242,0.6322274493251165,1.5309214054917601
subject_05_task_1,5,1,,1,173,860.0,890.0,0.6299456428575378,30.0,0.4944444444444444,eye,中,4.066666666666666,5,69.2,2.588435821108957,66.0,73.0,16.381578947368446,3.9309576757830462,1.5880499236626875,0.8599769222870028,2.792440461443885,1.5609505774709662,1.846619231873646,3.2471109271371295,2.79238935464897,1.7438130046032032,1.3220553568940367,2.7132020027366295,1.0968025003851516,1.3190166323292396,2.0522605113229715,4.815598813953839,2.4061221001403807,1.892040332771607,3.8877575565552327,1.2358897403303108,1.2717076155642553,2.054796342982892,6.93832469997093,5.273480271337852,3.4618912150348145,4.754161027029265,1.846460252925409,1.5232946224408783,1.373284350005624,2995,3.2791122939560444,0.2238832695982519,0.9392320534223706,0.8831385642737897,0.0594323873121869,0.0350584307178631,3,3,735.5850911353641,2.3072244090359297,0.0769074803011976,0.0245195030378454,0.7513544339891646,0.7210729159275011,3.175958517251212,0.0,0.0,0.0,0.0,0.0,0.0,0.0,0.0,0.0,0.0,0.0,0.0,8.0,3.0,0.0089887640449438,6.0,1.0,0.0,0.0,1.0,0.125,0.0,0.0,5.0,340.0,5.0,534.0,0.6,77.0,2.0,0.0,0.0,15,1051.0,6,12.0,148.5,107.98842530567802,120.0,0.0297,0.24412335727265091,-1.0946257471133412,-1.5554430168274216,-0.21508157459533278,-0.05348816837412151,1.3449627050407844,2.6548296115186454,-0.24148969236712364,-1.5791094813698643,-0.4882586491545539,0.3891847180059129,0.1529605256637136,-1.6704781970159859,1.214456739548661,-0.06936303622379328,-0.4757563200315737,0.14329241469951792,-0.033245916175956694,-0.6490836996749519,-1.3973701987121414,-0.35978525475045525,-0.5983879001471806,-2.2296563782992607,-1.7215407765740616,-1.4303837825180648,-1.2676666047082334,0.8259647516912184,1.0025932146117726
subject_05_task_1,5,1,,1,174,865.0,895.0,0.6334846633230297,30.0,0.4972222222222222,eye,中,4.066666666666666,5,69.0,2.9154759474226504,65.0,73.0,-7.768924302788898,2.9630221430951145,1.4049497004631029,0.8200020582086205,2.691144496178694,1.5076952470567104,1.713348992723703,3.281875294383746,2.5529352852592027,1.7393149750426895,1.305779066665451,2.5730522496880246,1.0516789413409304,1.332013216818028,1.9705111801637245,4.381284951144741,2.2987333690071656,1.865701923411185,3.80770838509608,1.175702745522448,1.23210108761867,2.0408985686921506,7.057822919124526,5.28859218068454,3.675596902852586,5.149823284006705,1.8627937628888231,1.4388390023345945,1.4010848904595576,2995,3.2836648575305287,0.2626159691020927,0.9465776293823038,0.8757929883138564,0.072787979966611,0.0263772954924874,3,3,735.5850911353641,2.3072244090359297,0.0769074803011976,0.0245195030378454,0.7513544339891646,0.7210729159275011,3.175958517251212,0.0,0.0,0.0,0.0,0.0,0.0,0.0,0.0,0.0,0.0,0.0,0.0,8.0,3.0,0.0089385474860335,6.0,1.0,0.0,0.0,1.0,0.125,0.0,0.0,5.0,345.0,5.0,534.0,0.5966480446927375,77.0,2.0,0.0,0.0,19,790.0,6,12.0,98.33333333333333,34.30257521916783,100.0,0.019666666666666666,-0.869884137174225,-1.57961794333608,-1.7260201495340415,-0.3714517574465043,-0.1576737555469065,0.4657722267650255,2.7641393810035453,-0.41207219062707034,-1.588502088868946,-0.5538617715736642,0.14146627067922132,0.020266672352595785,-1.6196697554069657,0.9044276915593246,-0.2784808005092462,-0.6424953082422318,0.07755957441525987,-0.12431220532461106,-0.7420558793202665,-1.6606627308294448,-0.41117403012649706,-0.5220516702891854,-2.2183081193476477,-1.6061529165946522,-1.2468960734669345,-1.2596315758539216,0.5154533080182708,1.1564327148023967
subject_05_task_1,5,1,,1,175,870.0,900.0,0.6370236837885214,30.0,0.5,eye,中,4.066666666666666,5,68.2,3.7013511046643495,64.0,73.0,-18.280254777070116,2.893953280079865,1.3576899306523242,0.8408530242898058,2.725232906420114,1.5763054625801272,1.6146578432051724,3.2410336024204436,2.7843440077634543,1.8066273386587504,1.2518140854047284,2.6103447396693045,1.000290253608185,1.443207389757596,2.085249535137915,4.397856746310618,2.3314940861016047,1.861549905910091,3.736634902596516,1.185593284253102,1.2524478009961078,2.007270871832854,7.739181826422833,5.8807460952887,4.057458124875292,5.394532102652749,1.8659921113090416,1.449367045647439,1.3295348803676323,2995,3.3008468622100957,0.2719677955735085,0.9382303839732888,0.8711185308848081,0.0754590984974958,0.0320534223706176,3,3,735.5850911353641,2.3072244090359297,0.0769074803011976,0.0245195030378454,0.7513544339891646,0.7210729159275011,3.175958517251212,0.0,0.0,0.0,0.0,0.0,0.0,0.0,0.0,0.0,0.0,0.0,0.0,8.0,3.0,0.0088888888888888,6.0,1.0,0.0,0.0,1.0,0.125,0.0,0.0,5.0,350.0,5.0,534.0,0.5933333333333334,77.0,2.0,0.0,0.0,21,961.0,7,14.0,107.28571428571429,39.262850489634964,110.0,0.025033333333333335,-0.949376240143359,-1.704798673064227,-1.6370467886411155,-0.3188296127381569,-0.02344877684984415,-0.185298256039149,2.6357206497718884,-0.2472210435803089,-1.4479430723539612,-0.7713727167750749,0.20738174690489145,-0.13085090649744935,-1.184970727524913,1.3395654774724157,-0.27050164752326855,-0.5916288089015682,0.0671973729807663,-0.20516748702368254,-0.7267777457867547,-1.5254037731957264,-0.5355166855880455,-0.08679522436288734,-1.7736312881163774,-1.3999714636428977,-1.133412768637757,-1.2580581956129226,0.5541609502569835,0.7604973260852169
subject_05_task_1,5,1,,1,176,875.0,905.0,0.6405627042540132,30.0,0.5027777777777778,eye,中,4.066666666666666,6,66.33333333333333,4.179314138308661,63.0,73.0,-23.85237941081258,2.80452045170529,1.3242184895929077,0.821206097237071,2.7281922637292384,1.57716612428958,1.612528808600192,3.322177310797105,2.6293499141325203,1.7244408843832864,1.181841873233905,2.5789639436944736,1.0335935742104665,1.4591130365559422,2.1821565152684816,4.132328335332517,2.245766437653891,1.7555905777491805,3.7004746727745967,1.1797632076446771,1.279208527385217,2.107823270229057,7.446090359040041,5.3711771063394655,3.763247517515277,5.318078708456638,1.8845721275046508,1.4272718128000894,1.413162085062094,2995,3.3076596180081856,0.2808709515094661,0.9392320534223706,0.8574290484140233,0.0871452420701168,0.0333889816360601,3,3,735.5850911353641,2.3072244090359297,0.0769074803011976,0.0245195030378454,0.7513544339891646,0.7210729159275011,3.175958517251212,0.0,0.0,0.0,0.0,0.0,0.0,0.0,0.0,0.0,0.0,0.0,0.0,8.0,3.0,0.0088397790055248,6.0,1.0,0.0,0.0,1.0,0.125,0.0,0.0,5.0,355.0,5.0,534.0,0.5900552486187846,77.0,2.0,0.0,0.0,20,1001.0,8,16.0,101.375,40.01048969600704,100.0,0.027033333333333333,-1.052305451536385,-1.7934571543400886,-1.7208823828430215,-0.3142612645089039,-0.02176502904734292,-0.19934360453223782,2.8908612077714304,-0.35763587083498666,-1.6195615769381124,-1.0534023154434768,0.15191534838712262,-0.032916567265885294,-1.1227896885523578,1.7070789282537524,-0.3983509114147507,-0.7247353389165189,-0.19724561214097353,-0.24630442678982412,-0.7357835938360682,-1.347506346237041,-0.16371149530321247,-0.2740239360710704,-2.1562911299433787,-1.5588270033020124,-1.1688679021584336,-1.2489180312159434,0.47292511727054165,1.2232641343007977
subject_05_task_1,5,1,,1,177,880.0,910.0,0.644101724719505,30.0,0.5055555555555555,eye,中,4.066666666666666,6,64.83333333333333,2.6394443859772205,63.0,70.0,-13.886462882096088,2.7507564574180656,1.353678946386955,0.8041058571349249,2.7091297766942937,1.5591132050965837,1.6834586321882925,3.3691208099728036,2.5579922083924607,1.7695749992049024,1.109563522746608,2.5147951222878127,1.0138995982626229,1.5948388379103389,2.266472419769804,4.201352244250767,2.374575546584941,1.6921413062274548,3.6025074905195966,1.1835347143155202,1.4032962482778342,2.1289637439034026,7.6759324727584515,5.407348794163652,3.8316591232048354,5.351364273859392,1.8630444057595528,1.4112290838755237,1.3966180450267875,2995,3.31629689608637,0.2405758200397486,0.9582637729549248,0.8747913188647746,0.0841402337228714,0.0210350584307178,3,3,735.5850911353641,2.3072244090359297,0.0769074803011976,0.0245195030378454,0.7513544339891646,0.7210729159275011,3.175958517251212,0.0,0.0,0.0,0.0,0.0,0.0,0.0,0.0,0.0,0.0,0.0,0.0,8.0,3.0,0.0087912087912087,6.0,1.0,0.0,0.0,1.0,0.125,0.0,0.0,5.0,360.0,5.0,534.0,0.5868131868131868,77.0,2.0,0.0,0.0,17,631.0,6,12.0,81.83333333333333,39.60008417499471,65.0,0.016366666666666668,-1.1141830152218968,-1.7154228876822282,-1.793850984299662,-0.34368795070957053,-0.057082695310505985,0.26858401323300574,3.0384658811805116,-0.4084697353262354,-1.5253143027406713,-1.3447270220367376,0.03849523554447607,-0.09083020729979384,-0.5921874784946942,2.0268415395463584,-0.36511659229385324,-0.5247376271562693,-0.3555961326305396,-0.3577547714178779,-0.7299576642169786,-0.5226077264092941,-0.08554192438725589,-0.12719931769492215,-2.129128071276954,-1.5218889654852348,-1.1534317769467959,-1.2595082757975988,0.41394205714320254,1.1317145885506859
subject_05_task_1,5,1,,1,178,885.0,915.0,0.6476407451849968,30.0,0.5083333333333333,eye,中,4.066666666666666,5,63.8,0.8366600265340756,63.0,65.0,-4.148936170212957,2.5373423564866417,1.3579702339509914,0.8374382933680365,2.5952827859659795,1.6081995441381236,1.6215764728042976,3.0990734559416753,2.3811326715775816,1.67506080180204,1.0830450454723433,2.494128419655301,1.0036987707974634,1.5466215452483825,2.3028852124682855,4.171716366129191,2.3396737012032647,1.7233939562720082,3.546486833194484,1.1595374490380306,1.3575965568919446,2.0578503367077676,7.491099720548095,5.442595347054599,4.267381858893045,5.234053985746274,1.934938993929251,1.275394498786758,1.22652580875525,2994,3.334251955117307,0.2335164609132185,0.9465597862391448,0.8587174348697395,0.0871743486973948,0.0290581162324649,3,3,735.5850911353641,2.3072244090359297,0.0769074803011976,0.0245195030378454,0.7513544339891646,0.7210729159275011,3.175958517251212,0.0,0.0,0.0,0.0,0.0,0.0,0.0,0.0,0.0,0.0,0.0,0.0,8.0,3.0,0.0087431693989071,6.0,1.0,0.0,0.0,1.0,0.125,0.0,0.0,5.0,365.0,5.0,534.0,0.5836065573770491,77.0,2.0,0.0,0.0,20,852.0,6,12.0,105.33333333333333,60.41743677670103,75.0,0.021066666666666668,-1.3598036168316308,-1.7040562113126603,-1.651617820288851,-0.5194331021638868,0.038946923047401306,-0.13965570819751144,2.189354668836424,-0.5344610860176774,-1.7226751131472704,-1.4516122450549775,0.001966284361003537,-0.12082755529238852,-0.7806866569421859,2.164934699390716,-0.37938597005521707,-0.5789285867124119,-0.2775988084289726,-0.42148551697430897,-0.7670267696856498,-0.8264058144038102,-0.34849272731086145,-0.2452716668726133,-2.1026597408905054,-1.2866256249123436,-1.2078342265977653,-1.2241407955862822,-0.08547045162233609,0.19047732527955447
subject_05_task_1,5,1,,1,179,890.0,920.0,0.6511797656504885,30.0,0.5111111111111111,eye,中,4.066666666666666,7,64.71428571428571,1.7043362064926937,63.0,67.0,6.380952380952336,2.645978380611335,1.4072436094058436,0.8868403067893966,2.6206090091620027,1.6235086153448952,1.5868061009771293,2.9549953797762316,2.3646131110529267,1.7196520047229258,1.195122232574373,2.6474790728924633,0.995444118670936,1.438892155004665,2.2152370700941755,4.277121424105433,2.43901440968588,1.7521081299859884,3.6004509591601166,1.156772335271826,1.392045598067846,2.054925091403411,6.916251523717965,5.743605642851463,4.206693499800706,5.605209023911615,2.001208366312385,1.365349209093453,1.332450064207712,2994,3.3426219093406595,0.2409604727054891,0.935871743486974,0.8313293253173013,0.0985303941215764,0.0407481629926519,3,3,735.5850911353641,2.3072244090359297,0.0769074803011976,0.0245195030378454,0.7513544339891646,0.7210729159275011,3.175958517251212,0.0,0.0,0.0,0.0,0.0,0.0,0.0,0.0,0.0,0.0,0.0,0.0,8.0,3.0,0.008695652173913,6.0,1.0,0.0,0.0,1.0,0.125,0.0,0.0,5.0,370.0,5.0,534.0,0.5804347826086956,77.0,2.0,0.0,0.0,26,1263.0,8,16.0,122.875,69.64899240374653,95.5,0.032766666666666666,-1.2347732393376394,-1.573541883369391,-1.4408140066016737,-0.480337111107147,0.06889668695536344,-0.3690376019461966,1.7363292712576652,-0.5462293049150775,-1.6295615261169627,-0.9998745749481427,0.2730176768188219,-0.1451018284572845,-1.2018405715337488,1.8325347916123216,-0.3286344929418587,-0.4246855013744007,-0.2059367665491115,-0.36009434190951317,-0.7712981019665185,-0.5973987352506551,-0.35930919120792965,-0.6124883868998459,-1.876616644320902,-1.3193935870233855,-1.0357116992280992,-1.1915405571532491,0.24525907149717224,0.7766290421453691
subject_05_task_1,5,1,,1,180,895.0,925.0,0.6547187861159803,30.0,0.5138888888888888,eye,中,4.066666666666666,6,64.66666666666667,1.8618986725025255,63.0,67.0,10.714285714285726,2.782800342504019,1.3538747906443929,0.8335185887584795,2.4855834671824613,1.6191408899820134,1.6242886588300094,2.982037234328177,2.4799370515252215,1.7400589495888432,1.0808860037151542,2.5786460024353848,0.9997233901905656,1.6098450193711646,2.3856780396565624,4.5061104975594715,2.379058005104199,1.7030728370214705,3.4743858674495858,1.1593218504159908,1.396920879358847,2.0400688637169453,7.486515045270114,5.800647802575905,4.068641714170994,5.104378142622356,1.9653924007052064,1.4256963896261423,1.2545656514418349,2994,3.33160518134715,0.220503634217058,0.9355377421509686,0.8386773547094188,0.0905143620574482,0.0430861723446893,3,3,735.5850911353641,2.3072244090359297,0.0769074803011976,0.0245195030378454,0.7513544339891646,0.7210729159275011,3.175958517251212,0.0,0.0,0.0,0.0,0.0,0.0,0.0,0.0,0.0,0.0,0.0,0.0,8.0,3.0,0.0086486486486486,6.0,1.0,0.0,0.0,1.0,0.125,0.0,0.0,5.0,375.0,5.0,534.0,0.5772972972972973,77.0,2.0,0.0,0.0,22,1294.0,8,16.0,131.75,64.85092795899575,121.0,0.035133333333333336,-1.0773033606050066,-1.7149041393438995,-1.668343630088833,-0.688775508763396,0.060351926684389885,-0.12176328041822672,1.821357106412784,-0.4640747358777719,-1.5869485506346328,-1.4603144664282537,0.15135337868450563,-0.13251786922774555,-0.5335227812286975,2.478921138539995,-0.21837855320098526,-0.5177778596805722,-0.328314281326898,-0.5035096937988319,-0.7673598096369475,-0.5649893011882866,-0.41424196904299065,-0.24820038688470336,-1.8337809453459002,-1.3939330168009023,-1.2679711816761927,-1.2091596921550543,0.46713288078559834,0.34564104921779126
subject_05_task_1,5,1,,1,181,900.0,930.0,0.6582578065814721,30.0,0.5166666666666667,eye,中,4.066666666666666,7,66.0,2.6457513110645907,63.0,69.0,14.69823973176868,2.712392067264786,1.366669948900035,0.8722965523026853,2.4412683661046093,1.5656381251772074,1.5667492268452792,2.7986679067573497,2.3243824105988673,1.752017446372692,1.171812168825818,2.459471126983643,0.9752804045386112,1.4951350506355063,2.0988612274338196,4.333269635599133,2.418329081163674,1.7579188480633998,3.490239814697436,1.1341961603215611,1.3756773151546846,1.9854385306480085,6.693712048181506,6.036696073627663,4.231172622679822,5.301203800544283,1.978750990447459,1.426719401914713,1.2528923476506035,2994,3.335146744746813,0.2168025629573409,0.9375417501670008,0.8466933867735471,0.0831663326653306,0.0404141616566466,3,3,735.5850911353641,2.3072244090359297,0.0769074803011976,0.0245195030378454,0.7513544339891646,0.7210729159275011,3.175958517251212,0.0,0.0,0.0,0.0,0.0,0.0,0.0,0.0,0.0,0.0,0.0,0.0,8.0,3.0,0.0086021505376344,6.0,1.0,0.0,0.0,1.0,0.125,0.0,0.0,5.0,380.0,5.0,534.0,0.5741935483870968,77.0,2.0,0.0,0.0,21,1213.0,8,16.0,121.625,65.94572985201002,95.5,0.032433333333333335,-1.15833700761843,-1.68101258096684,-1.502873803334637,-0.7571845558608832,-0.044317726535224526,-0.5013538105249031,1.2447880354103789,-0.5748888863023975,-1.5619772904286646,-1.093827984737308,-0.059291409943976574,-0.204396817193876,-0.9819663514225391,1.3911869396199474,-0.3015996928545533,-0.45680293783353154,-0.19143494154925841,-0.4854737776500063,-0.8061720178329055,-0.7062102589605741,-0.6162445239893761,-0.7546480331050645,-1.6565209549951103,-1.3061763739859733,-1.1766936124420995,-1.202588131340977,0.4708941109111893,0.33638150912587633
subject_05_task_1,5,1,,1,182,905.0,935.0,0.6617968270469639,30.0,0.5194444444444445,eye,中,4.066666666666666,5,67.2,2.0493901531919194,64.0,69.0,15.531197301854949,2.8521526639988775,1.414777001599165,0.8844462808459268,2.4311152531732234,1.611934130141047,1.5996189166469268,2.7487426945229374,2.504578182489141,1.8885636485249713,1.2342620906863546,2.4529824552307784,0.9776356690402044,1.530115574946298,1.9874080827247247,4.771851916134256,2.388275933176375,1.8134372995170775,3.466767167205269,1.1274927212239478,1.3169884251373778,1.9117105224032156,7.538804600512946,6.516475497182348,4.852029500672349,5.3132989288484955,2.1114152383680658,1.3430411946752088,1.0950673173178829,2994,3.3522784150156415,0.2209295304780789,0.9251837007348028,0.8413493653974616,0.0821643286573146,0.0477621910487641,3,3,735.5850911353641,2.3072244090359297,0.0769074803011976,0.0245195030378454,0.7513544339891646,0.7210729159275011,3.175958517251212,0.0,0.0,0.0,0.0,0.0,0.0,0.0,0.0,0.0,0.0,0.0,0.0,8.0,3.0,0.0085561497326203,6.0,1.0,0.0,0.0,1.0,0.125,0.0,0.0,5.0,385.0,5.0,534.0,0.5711229946524065,77.0,2.0,0.0,0.0,25,1435.0,10,20.0,117.5,57.81435807824904,91.0,0.03916666666666667,-0.997485022199746,-1.5535875853297672,-1.4510295780733269,-0.7728578763276263,0.04625304682008729,-0.28451081180429394,1.0878079470884945,-0.4465208655656579,-1.2768469094357555,-0.8421176864234259,-0.07076031129319772,-0.19747074290135377,-0.8452145818763971,0.9685081010338785,-0.0904267282903677,-0.5034654827306423,-0.052877390396692044,-0.5121769510201,-0.8165269682007432,-1.0963567136318935,-0.8888631444499703,-0.21479748317231726,-1.296231529400618,-0.970952041697062,-1.1710845169469335,-1.1373259150527857,0.1632409209730423,-0.5369728713110107
subject_05_task_1,5,1,,1,183,910.0,940.0,0.6653358475124557,30.0,0.5222222222222223,eye,中,4.066666666666666,6,67.66666666666667,1.0327955589886446,67.0,69.0,0.114014251781442,3.002159519568691,1.4146649607793236,0.870941545730366,2.479311843052097,1.6455925877428812,1.6242938090558017,2.8467029219199347,2.470527241956072,1.9157448628145908,1.2444101350374837,2.5859250930343616,1.0253156080562915,1.539480279752692,2.0780328126759184,4.668946496286728,2.3855896159624264,1.735454666655759,3.538085038075404,1.1302891103669102,1.3746193788855832,2.0387078418437365,7.441558997620817,6.591184063122749,4.760023272961491,5.51126901341296,2.278468946136229,1.3846957641074693,1.1578239637437897,2995,3.3798153043478263,0.2459944291951795,0.9225375626043406,0.8317195325542571,0.087813021702838,0.0494156928213689,3,3,735.5850911353641,2.3072244090359297,0.0769074803011976,0.0245195030378454,0.7513544339891646,0.7210729159275011,3.175958517251212,0.0,0.0,0.0,0.0,0.0,0.0,0.0,0.0,0.0,0.0,0.0,0.0,8.0,3.0,0.0085106382978723,6.0,1.0,0.0,0.0,1.0,0.125,0.0,0.0,5.0,390.0,5.0,534.0,0.5680851063829787,77.0,2.0,0.0,0.0,24,1485.0,11,22.0,115.0,55.83009940883144,91.0,0.042166666666666665,-0.8248405064445224,-1.5538843568046017,-1.5086557651057053,-0.6984569902466065,0.112100467938306,-0.12172930411934389,1.395824767860524,-0.4707781042045097,-1.2200881723629666,-0.8012150368311715,0.16421936654324626,-0.05725939947688231,-0.8086044972998042,1.3121965245676193,-0.13997465474195722,-0.507636440051211,-0.24749886053458384,-0.43104364593098804,-0.8122073241549213,-0.7132431076741282,-0.41927451928168596,-0.27691859884778475,-1.2401292770150751,-1.0206297167685219,-1.0792762217739538,-1.0551463121907196,0.3163890533733382,-0.18969720824255537
subject_05_task_1,5,1,,1,184,915.0,945.0,0.6688748679779475,30.0,0.525,eye,中,4.066666666666666,7,67.42857142857143,1.1338934190276817,66.0,69.0,-2.2992700729927207,3.378134697335401,1.460507699179671,0.8695061187104932,2.47190226860864,1.6677068554172094,1.679698012183805,2.8428808209820926,2.6933222719605534,2.069508038692543,1.2510716397061754,2.5016684945141403,1.0325379249511,1.6541882758836928,1.9996204974334468,4.894270611799275,2.3847947853111098,1.657105535139724,3.490149067909946,1.1478894179900951,1.4391327134816605,2.1061718725208793,8.112609716025473,6.8937840901828205,4.731489288140202,5.215134382818396,2.135481414095277,1.4570008871123423,1.1022183640762926,2995,3.366230583362099,0.2494775313806486,0.933889816360601,0.8467445742904841,0.0818030050083472,0.0420701168614357,3,3,735.5850911353641,2.3072244090359297,0.0769074803011976,0.0245195030378454,0.7513544339891646,0.7210729159275011,3.175958517251212,0.0,0.0,0.0,0.0,0.0,0.0,0.0,0.0,0.0,0.0,0.0,0.0,8.0,3.0,0.0084656084656084,6.0,1.0,0.0,0.0,1.0,0.125,0.0,0.0,5.0,395.0,5.0,534.0,0.5650793650793651,77.0,2.0,0.0,0.0,22,1284.0,11,22.0,102.18181818181819,49.9916356640152,90.0,0.03746666666666667,-0.3921265997703805,-1.432457031435293,-1.514780889753519,-0.709895121148854,0.15536351681292673,0.24377501370356974,1.3838069172406715,-0.3120631869140365,-0.8990059875075723,-0.7743652141665364,0.015293568898643117,-0.03602089172382742,-0.3601686387450206,1.014822893486683,-0.03148335545250288,-0.5088705477383103,-0.44303500236753596,-0.4855770138614281,-0.7850197404023299,-0.28437746096890254,-0.1698177468588011,0.1517529098101682,-1.0128923748432492,-1.0360363045801715,-1.2166081607705956,-1.1254869155472158,0.5822277045008633,-0.497401214026993
subject_05_task_1,5,1,,1,185,920.0,950.0,0.6724138884434393,30.0,0.5277777777777778,eye,中,4.066666666666666,6,67.66666666666667,1.2110601416389968,66.0,69.0,-5.202312138728355,2.9578790883955692,1.4063953256343924,0.817925569108874,2.509742532202213,1.6894508104869588,1.7194661455157263,3.0684241048199112,2.5556792178132084,1.999206544114748,1.1616111169042695,2.4241440386394997,1.049838052002478,1.7210635427135863,2.0868808875554845,4.570780610737083,2.2579162084542497,1.6500482284841174,3.4653683651474685,1.150975001518061,1.36839406841373,2.100161865166249,7.274743108038706,6.169414918972937,4.016336232767814,5.031482502799716,2.137678427807867,1.5360802884576603,1.2527543042212692,2995,3.363408065618592,0.2369318433279638,0.9459098497495826,0.8791318864774624,0.0657762938230384,0.0310517529215358,3,3,735.5850911353641,2.3072244090359297,0.0769074803011976,0.0245195030378454,0.7513544339891646,0.7210729159275011,3.175958517251212,0.0,0.0,0.0,0.0,0.0,0.0,0.0,0.0,0.0,0.0,0.0,0.0,8.0,3.0,0.0084210526315789,6.0,1.0,0.0,0.0,1.0,0.125,0.0,0.0,5.0,400.0,5.0,534.0,0.5621052631578948,77.0,2.0,0.0,0.0,18,893.0,9,18.0,85.88888888888889,21.008596124232362,90.0,0.025766666666666667,-0.8758033345651227,-1.5757888003973828,-1.734880756440341,-0.6514812551891116,0.1979021079507271,0.5061273917531663,2.0929837646224883,-0.41011746556722095,-1.0458067891218337,-1.1349442863400963,-0.12173298606397914,0.01485320973987884,-0.09872855864201964,1.3457522759425946,-0.18724054301563303,-0.7058707851699051,-0.46064794189178443,-0.5137682693352733,-0.7802533714053651,-0.7546271380946313,-0.19204050796388109,-0.38348166046745885,-1.556855996042233,-1.4221747431954388,-1.3017764125644025,-1.124406127118181,0.8729728206414543,0.33561761994147066
subject_05_task_1,5,1,,1,186,925.0,955.0,0.675952908908931,30.0,0.5305555555555556,eye,中,4.066666666666666,7,67.85714285714286,1.2149857925879115,66.0,69.0,-1.068334937439864,3.616130203152996,1.4451256387204925,0.8668648159128793,2.542734343052241,1.6618247666029538,1.6670715112582544,2.933253601225624,3.718675460754349,2.0753779260466665,1.1533890996645344,2.455087292657455,1.0266869029305392,1.799373625648356,2.128585482012551,4.853683225678461,2.2555278175882907,1.5370124100309257,3.417522808810608,1.1222817118293746,1.467475345591327,2.223484199936841,7.26274788583889,5.966160201390004,4.039143806906574,4.81428745195729,2.00895203776834,1.477085364276559,1.1919079097221768,2995,3.3917071015970106,0.2010802704401681,0.945575959933222,0.8981636060100167,0.0547579298831385,0.0240400667779632,3,3,735.5850911353641,2.3072244090359297,0.0769074803011976,0.0245195030378454,0.7513544339891646,0.7210729159275011,3.175958517251212,0.0,0.0,0.0,0.0,0.0,0.0,0.0,0.0,0.0,0.0,0.0,0.0,8.0,3.0,0.0083769633507853,6.0,1.0,0.0,0.0,1.0,0.125,0.0,0.0,5.0,405.0,5.0,534.0,0.5591623036649215,77.0,2.0,0.0,0.0,14,722.0,8,16.0,80.25,13.317550182264862,85.0,0.0214,-0.11821499287935154,-1.4732007244475955,-1.5260516187031792,-0.6005519266447401,0.14385614520995849,0.16047735131103627,1.6679664909228686,0.41837880970346863,-0.8867487208001453,-1.1680839020593503,-0.0670399546898536,-0.05322686293180641,0.20741443451291933,1.5039142514958728,-0.05102577435867928,-0.7095791619450024,-0.7427517431922944,-0.5681987798381094,-0.8245765294574948,-0.09596399071279382,0.263959397330086,-0.39114428544654667,-1.7094897311548412,-1.409860063141451,-1.4025002536524165,-1.187731172414373,0.6560707476497848,-0.0010873061247218966
subject_05_task_1,5,1,,1,187,930.0,960.0,0.6794919293744228,30.0,0.5333333333333333,eye,中,4.066666666666666,6,67.66666666666667,1.2110601416389968,66.0,69.0,6.883561643835596,3.4126891523694236,1.3631559640452189,0.8985559745457713,2.570886521555929,1.7216753979949997,1.517051806076196,2.861131186463411,3.812153775946538,1.9960147392087595,1.1862137831213837,2.4252836597640095,1.042723286487511,1.6826770752540738,2.0445586573628893,4.656304619544269,2.082207493188916,1.6127228608046345,3.4107644606240513,1.1229030480206073,1.291113026171181,2.114910468201785,7.0093566927028155,5.25942975820296,3.5482986203697773,4.653918344748239,2.185873287264681,1.4822398904111576,1.311591509810198,2995,3.391794967698062,0.2061028946559258,0.9368948247078464,0.8834724540901503,0.0617696160267111,0.028380634390651,3,3,735.5850911353641,2.3072244090359297,0.0769074803011976,0.0245195030378454,0.7513544339891646,0.7210729159275011,3.175958517251212,0.0,0.0,0.0,0.0,0.0,0.0,0.0,0.0,0.0,0.0,0.0,0.0,8.0,3.0,0.0083333333333333,6.0,1.0,0.0,0.0,1.0,0.125,0.0,0.0,5.0,410.0,5.0,534.0,0.55625,77.0,2.0,0.0,0.0,15,852.0,10,20.0,79.2,15.404184135775868,85.0,0.0264,-0.3523575029922801,-1.6903203535213986,-1.3908219663609038,-0.5570935195032937,0.26094439019384535,-0.8292101977703863,1.441191630433523,0.4849709731995872,-1.052471789938807,-1.0357809204249822,-0.11971867516179462,-0.006069024046264446,-0.24879541599024557,1.1852479568328027,-0.1460615914647608,-0.9786879894889783,-0.5538009641055499,-0.5758872752829165,-0.8236167377254798,-1.2683687446464629,-0.13750568586589274,-0.5530122069957777,-2.2402075838286097,-1.6748861194622837,-1.4768711585478047,-1.100697378218991,0.675021995056292,0.6612043226680738
subject_05_task_1,5,1,,1,188,935.0,965.0,0.6830309498399146,30.0,0.5361111111111111,eye,中,4.066666666666666,6,67.66666666666667,1.2110601416389968,66.0,69.0,6.883561643835596,3.4474475558718054,1.27998081282444,0.8834824132893813,2.450825912091239,1.6067044467066682,1.4487903704373877,2.77405172443255,3.727837980087231,1.8808182906513,1.136593603587396,2.3867286481323053,0.9844764143481334,1.6547852149747544,2.0998962519225395,4.58251173270903,2.0495291545411214,1.566218249077354,3.39559075856714,1.0906515084959985,1.3085846469663356,2.1680188955577897,6.631554288205237,5.684786404896625,3.953747500703708,4.281634552658605,1.9146789069799344,1.4378223201873204,1.0829307010365576,2995,3.3782750252780587,0.1915312287621982,0.9542570951585976,0.896160267111853,0.0577629382303839,0.0190317195325542,6,3,657.4414349537504,2.062120269316012,0.0687373423105337,0.0219147144984583,0.7513544339891645,0.721072915927501,3.1759585172512117,0.0,0.0,0.0,0.0,0.0,0.0,0.0,0.0,0.0,0.0,0.0,0.0,8.0,3.0,0.0082901554404145,6.0,1.0,0.0,0.0,1.0,0.125,0.0,0.0,5.0,415.0,5.0,534.0,0.5533678756476684,77.0,2.0,0.0,0.0,10,570.0,7,14.0,75.71428571428571,17.18249385968449,70.0,0.017666666666666667,-0.31235367971167965,-1.9106330246739232,-1.4551425067322485,-0.7424306097424455,0.03602200262037484,-1.2795343258718654,1.1673872532694642,0.4249060131965693,-1.2930204595355483,-1.2357797326057396,-0.18786569226539246,-0.17735431428499673,-0.35783498370061184,1.395112203011502,-0.1815921255705475,-1.0294265824962776,-0.6698626507973905,-0.5931493245181833,-0.8734364028556645,-1.1522225556730274,0.05886943052887633,-0.7943548093785061,-1.920786836739,-1.4559687892287856,-1.6495171436595188,-1.2341074459629167,0.5117153514333884,-0.6041331118041152
subject_05_task_1,5,1,,1,189,940.0,970.0,0.6865699703054065,30.0,0.5388888888888889,eye,中,4.066666666666666,6,68.0,1.095445115010332,66.0,69.0,3.0038510911423617,3.306525758126651,1.3216274244263135,0.9200918202967898,2.365711648115978,1.5338582515581871,1.4364081880436697,2.571169089790279,3.8483145283940345,1.829068392995015,1.1632169794844232,2.2734920495674564,0.9464985982371464,1.5724223642314088,1.9544866432186576,4.326500636537361,2.119053613345307,1.5687807460732333,3.257129986926418,1.0859037658136463,1.3507646741900965,2.076217467022871,7.247741456417303,5.286991806025263,4.100145008845899,4.445508041004049,1.9631293726943255,1.289464590793445,1.08423190677721,2994,3.3383780160857905,0.1640709596020328,0.9625918503674016,0.9081496325985304,0.0521042084168336,0.0136940547762191,6,3,534.843919764523,1.6775828678100235,0.0559194289270007,0.0178281306588174,0.7513544339891646,0.7210729159275011,3.1759585172512117,0.0,0.0,0.0,0.0,0.0,0.0,0.0,0.0,0.0,0.0,0.0,0.0,8.0,3.0,0.0082474226804123,6.0,1.0,0.0,0.0,1.0,0.125,0.0,0.0,5.0,420.0,5.0,534.0,0.5505154639175258,77.0,2.0,0.0,0.0,9,410.0,5,10.0,70.0,17.320508075688775,60.0,0.011666666666666667,-0.47454210395836216,-1.800320315748324,-1.298926148743669,-0.8738211640079673,-0.10648999675717791,-1.3612202066076418,0.5294623956728082,0.5107312014854257,-1.4010825498939825,-1.128471705797814,-0.38801441723183633,-0.2890348392003578,-0.6798217407871117,0.843655672227799,-0.3048588979397714,-0.9214782177602874,-0.6634674200355763,-0.7506663660582562,-0.8807703457943756,-0.8718221583501744,-0.28057794366855376,-0.4007304889380121,-2.219509917587461,-1.3769231852332107,-1.5735210878809733,-1.2102729553425915,-0.03374003301775462,-0.5969326460031421
subject_05_task_1,5,1,,1,190,945.0,975.0,0.6901089907708982,30.0,0.5416666666666666,eye,中,4.066666666666666,6,68.33333333333333,0.5163977794943223,68.0,69.0,-1.5133531157270363,3.553943537560401,1.3611161277861012,0.9231381104052924,2.2631967569229547,1.416360786186077,1.4744447363228457,2.4516339769889104,3.819877872841809,1.8060753960366809,1.1669529186577736,2.1984594900842223,0.8843687882855028,1.5476848869910058,1.8839316093513736,4.5887252916132395,2.2412703998951953,1.627195640140018,3.2361937165899355,1.0288706981141935,1.3773822548481858,1.988816609852436,7.797123135779959,5.5279285833930984,4.485663395893169,4.517676108668741,1.8708399566725653,1.2323547478961911,1.0071366729846207,2994,3.3472888739946387,0.1654486145196413,0.962257849031396,0.9124916499665998,0.052438209752839,0.0133600534402137,6,3,412.2464045752956,1.2930454663040354,0.0431015155434678,0.0137415468191765,0.7513544339891646,0.721072915927501,3.175958517251212,3.0,1.0,0.1,3.0,0.0,0.0,0.0,0.0,0.0,0.0,0.0,1.0,11.0,4.0,0.0112820512820512,9.0,1.0,0.0,0.0,1.0,0.0909090909090909,0.0,0.0,6.0,1.0,6.0,956.0,0.9805128205128204,96.3,2.0,3.0,0.05,8,401.0,5,10.0,72.2,16.407315441594946,70.0,0.012033333333333333,-0.1897863002498265,-1.695723430863177,-1.2859272944866034,-1.032072998015907,-0.33635510745847885,-1.1102911823421215,0.15360755749965688,0.49047347206525704,-1.4490956171163663,-1.1134136507067824,-0.5206364784900415,-0.4717385988903161,-0.7765296619342191,0.5760802722759771,-0.17860035934438984,-0.7317161904353984,-0.517681209130839,-0.7744840822619696,-0.9688705846051727,-0.6948763220493167,-0.6037536495653718,-0.049781943824591585,-2.038578912920165,-1.1687670892568127,-1.5400532673625347,-1.255673369726484,-0.24371137351167282,-1.0235535691964917
subject_05_task_1,5,1,,1,191,950.0,980.0,0.69364801123639,30.0,0.5444444444444444,eye,中,4.066666666666666,6,68.5,0.5477225575051661,68.0,69.0,-1.3718411552345962,3.3979293050207757,1.3918117873008993,0.9048504640296752,2.2154114676995467,1.3607733873589458,1.538167733376168,2.4483730249011515,3.7421166927444127,1.8225827850696912,1.1480253163976977,2.204562790818549,0.8784840459268829,1.5875806561379997,1.9203085152652215,4.37585006900548,2.30354649830318,1.5790482638169967,3.2299217901831527,1.0055949534704745,1.458819563079643,2.04548642634617,7.729436784276467,5.604573566550961,4.251917670855786,4.628766035425608,1.9735858728926905,1.3181284306059775,1.088630211998901,2994,3.365003359086328,0.2149275946835461,0.9562458249833,0.8927855711422845,0.0634602538410153,0.0177020708082832,9,3,289.6488893860683,0.908508064798047,0.0302836021599349,0.0096549629795356,0.7513544339891645,0.721072915927501,3.1759585172512113,4.0,1.0,0.1333333333333333,4.0,0.0,0.0,0.0,0.0,0.0,0.0,0.0,1.0,12.0,4.0,0.0122448979591836,10.0,1.0,0.0,0.0,1.0,0.0833333333333333,0.0,0.0,6.0,5.0,6.0,956.0,0.9755102040816328,87.63636363636364,2.0,4.0,0.0666666666666666,9,531.0,7,14.0,71.57142857142857,13.439458605875744,70.0,0.0167,-0.36934477126377846,-1.6144173840302365,-1.3639626888431367,-1.1058389608940766,-0.4451030157178585,-0.6899073621146992,0.14335412994593322,0.4350778949407601,-1.4146255399557337,-1.1897031362547361,-0.509848730751728,-0.4890437307515502,-0.6205623876937745,0.7140373338120365,-0.28109764169125706,-0.6350221190120791,-0.6378427479177242,-0.7816192099999326,-1.0048251412216398,-0.1535050833854216,-0.3942098471208258,-0.09302041987232575,-1.9810225117888887,-1.2949753304450295,-1.4885354998731843,-1.2051290345933359,0.07164608895019424,-0.5725937998532991
subject_05_task_1,5,1,,1,192,955.0,985.0,0.6971870317018818,30.0,0.5472222222222223,eye,中,4.066666666666666,5,68.4,0.5477225575051661,68.0,69.0,-0.5263157894737919,2.9851329820398753,1.360470482836461,0.8534346340944506,2.2521322212680173,1.3280017599506466,1.5941121071094198,2.638904177655826,2.605920909149173,1.6325847440956966,1.1408219625776104,2.262025039589025,0.8923283750155139,1.4310600581417467,1.9828028507429256,4.525161378981253,2.3283260345162544,1.6809855604209774,3.398379410043048,1.036031487710675,1.3850957969758886,2.0216588946736556,8.07244641910755,5.375288277441261,4.261177113568011,4.653300721652315,1.838891999679836,1.2614561972385072,1.0920223679123178,2994,3.3660712126301644,0.2138606115919855,0.9676018704074816,0.9021376085504342,0.0594522378089512,0.0177020708082832,9,3,167.05137419684092,0.5239706632920588,0.0174656887764019,0.0055683791398946,0.7513544339891646,0.721072915927501,3.175958517251212,6.0,1.0,0.2,6.0,0.0,0.0,0.0,0.0,0.0,0.0,0.0,2.0,14.0,4.0,0.0142131979695431,12.0,1.0,0.0,0.0,1.0,0.0714285714285714,0.0,0.0,7.0,2.0,6.0,956.0,0.9705583756345176,74.76923076923077,2.0,6.0,0.1,9,531.0,7,14.0,71.57142857142857,13.439458605875744,70.0,0.0167,-0.8444365330093381,-1.6974336022471015,-1.5833596786336446,-1.0491532781533865,-0.5092154945548579,-0.32083951160956015,0.7424421628032736,-0.3743262457865969,-1.8113719375626416,-1.2187369330137419,-0.4082826649136685,-0.4483320180190213,-1.232459126468628,0.9510430567718533,-0.20920574507364859,-0.5965477395041209,-0.38343755795407747,-0.5899768726737634,-0.9578091548246744,-0.6435989659229072,-0.48231515429221183,0.1260963377951432,-2.1532038539951683,-1.28997580380596,-1.4771575802241959,-1.271389695050795,-0.13671632644570053,-0.5538226694447586
subject_05_task_1,5,1,,1,193,960.0,990.0,0.7007260521673736,30.0,0.55,eye,中,4.066666666666666,6,69.0,1.2649110640673518,68.0,71.0,7.279664250286061,3.0664497913353728,1.4752023927994753,0.838717543923104,2.110935867858993,1.2843741343037374,1.7588786636073108,2.516861466835526,2.758955776559805,1.9023559597443096,1.081607465314138,2.239520814243253,0.8802126313093998,1.7588228823770151,2.0705485918524187,4.54774891064851,2.5412788593926487,1.6084213517515589,3.145719720029964,1.04550342398273,1.5799832902151012,1.955780875828525,9.127866629291752,6.349761067494369,4.253210395668494,4.663100974369193,1.8987309246849513,1.4929336846258583,1.0963720438373177,2995,3.3390080321285143,0.2141222362139324,0.9836393989983304,0.917863105175292,0.0554257095158597,0.010016694490818,9,3,44.45385900761355,0.1394332617860704,0.004647775392869,0.0014817953002537,0.7513544339891646,0.721072915927501,3.175958517251212,6.0,1.0,0.2,6.0,0.0,0.0,0.0,0.0,0.0,0.0,0.0,2.0,14.0,4.0,0.0141414141414141,12.0,1.0,0.0,0.0,1.0,0.0714285714285714,0.0,0.0,7.0,7.0,6.0,956.0,0.9656565656565655,74.76923076923077,2.0,6.0,0.1,6,301.0,4,8.0,67.75,5.188127472091127,70.0,0.009033333333333334,-0.7508481359307306,-1.3935340219110464,-1.6461591177584582,-1.2671175331233218,-0.5945660080080795,0.7661337581558411,0.35870267194923977,-0.2653071338111257,-1.2480463504252826,-1.4574065474286464,-0.44805948677514723,-0.48396051790128175,0.04888662488096425,1.2838131014380572,-0.19833007536227273,-0.26590281818137484,-0.5645362520152286,-0.8774099587074111,-0.9431776457505676,0.6519556871747678,-0.7259074476932066,0.8003055463678596,-1.4214254063400886,-1.2942773389633622,-1.4726127294393896,-1.2419528201779675,0.7143390408108478,-0.52975292262088
subject_05_task_1,5,1,,1,194,965.0,995.0,0.7042650726328653,30.0,0.5527777777777778,eye,中,4.066666666666666,6,69.0,1.2649110640673518,68.0,71.0,7.279664250286061,3.1080840262027447,1.484445418811144,0.8460347011358071,2.163435010037903,1.216102813316785,1.7545916459670818,2.5571468961420583,2.6655114281443884,1.9720308877454216,1.086397568452427,2.2043224622086535,0.8516124054224736,1.8152018607281857,2.0290200624700496,4.676489613464092,2.5609818208796633,1.6522391729883072,3.1953482261047363,1.0098561025513833,1.550006719818758,1.933950167956313,8.08054968571025,6.23370026279605,4.061444805024302,4.965466792533071,1.8373569297605084,1.534847957329005,1.222586303866651,2995,3.325758032128514,0.2188444773698188,0.9836393989983304,0.9185308848080134,0.0557595993322203,0.010016694490818,6,0,0.0,0.0,0.0,0.0,,,,6.0,1.0,0.2,6.0,0.0,0.0,0.0,0.0,0.0,0.0,0.0,2.0,14.0,4.0,0.0140703517587939,12.0,1.0,0.0,0.0,1.0,0.0714285714285714,0.0,0.0,7.0,12.0,6.0,956.0,0.9608040201005024,74.76923076923077,2.0,6.0,0.1,6,301.0,4,8.0,67.75,5.188127472091127,70.0,0.009033333333333334,-0.7029308438162286,-1.3690512801272925,-1.6149360047927928,-1.1860748139927617,-0.7281279934235952,0.7378520869175319,0.48537234379623295,-0.3318751000252586,-1.1025539203651986,-1.438099585082311,-0.5102735180153264,-0.5680645703938041,0.2692928425301276,1.1263188412864655,-0.13634271955648772,-0.23531067104981937,-0.4551799956997871,-0.8209511122029578,-0.9982428501617452,0.4526802764472906,-0.8066292467148286,0.131272756543186,-1.5085810420465582,-1.3978189028219197,-1.3323910876429519,-1.2721448500127603,0.8684420041326144,0.1686773367482219
subject_05_task_1,5,1,,1,195,970.0,1000.0,0.7078040930983571,30.0,0.5555555555555556,eye,中,4.066666666666666,5,69.2,1.3038404810405295,68.0,71.0,1.1907386990075777,3.032327655034228,1.4710001485467556,0.8568205595411371,2.1353070752555845,1.2451910530948505,1.7168123852379746,2.4921286627378896,2.505907348173961,2.1236117034847655,1.0450130795327834,2.177982161797194,0.8668036895778891,2.0321388746963955,2.0841673702026307,4.576046337898866,2.6592196931301695,1.6429715217990235,3.098947713214206,0.9991980077736666,1.618542779255463,1.886184679464751,7.825300656641068,6.891629191351238,3.7102822234181474,4.846482223392514,1.878876426605944,1.8574406949027809,1.3062300740366934,2995,3.3003771812080536,0.2311938091540925,0.9816360601001668,0.9131886477462438,0.0594323873121869,0.0120200333889816,9,3,170.0983256905206,0.4628345952863423,0.015427819842878,0.005669944189684,0.4400217678613076,1.009266293045628,3.250324920314079,8.0,1.0,0.2666666666666666,6.0,0.0,0.0,2.0,2.0,0.25,0.0,0.25,2.0,16.0,4.0,0.016,12.0,1.0,0.0,2.0,3.0,0.1875,0.0,0.125,7.0,3.0,7.0,968.0,0.968,65.73333333333333,2.0,8.0,0.1333333333333333,7,361.0,5,10.0,68.2,11.009087155618307,70.0,0.011366666666666667,-0.7901196723939635,-1.4046648421447787,-1.5689115631098074,-1.2294957961969606,-0.6712214768828724,0.4886204015751069,0.28093519539921236,-0.445573993358826,-0.7860288536718395,-1.604903669718223,-0.5568307054388566,-0.5233918966503449,1.1173796315282138,1.3354614369879734,-0.18470514825690476,-0.08277992364115618,-0.4783092981226893,-0.9306191677361404,-1.0147066444667103,0.9082878130438795,-0.9832481719808001,-0.03178196253183802,-1.0145105919324542,-1.5874249877611777,-1.3875699823164498,-1.2517199471035358,2.0544937616874503,0.6315358131271607
subject_05_task_1,5,1,,1,196,975.0,1005.0,0.7113431135638489,30.0,0.5583333333333333,eye,中,4.066666666666666,6,69.33333333333333,1.0327955589886446,68.0,71.0,-2.404580152671808,3.0900962372996696,1.4217280321465262,0.866335540484296,2.151405448310905,1.2276867806840095,1.6410824278913418,2.4833397082015516,2.5434864529864827,2.125294076319943,1.044188330957151,2.176880823571517,0.866358721929418,2.035355130210851,2.084758811253989,4.9548646861964425,2.5526457125610236,1.6545428707004888,3.0934262048780665,1.0344874756289333,1.542810257603239,1.8696561205261448,7.658113161644003,6.499890925971414,3.748887694502404,5.012081753535057,1.928177177475579,1.733818523159082,1.336951693934464,2995,3.2923331087908387,0.2296916980008802,0.9742904841402336,0.901168614357262,0.0657762938230384,0.0156928213689482,6,3,855.9786712168084,2.3291031246667417,0.0776367708222247,0.0285326223738936,0.4400217678613076,1.009266293045628,3.250324920314079,7.0,1.0,0.2333333333333333,3.0,0.0,0.0,2.0,2.0,0.2857142857142857,0.0,0.2857142857142857,2.0,18.0,4.0,0.017910447761194,12.0,1.0,0.0,2.0,3.0,0.1666666666666666,0.0,0.1111111111111111,7.0,2.0,7.0,968.0,0.96318407960199,58.35294117647059,2.0,10.0,0.1666666666666666,8,471.0,6,12.0,75.16666666666667,19.701945758393173,70.5,0.015033333333333333,-0.723633185005117,-1.5351758351294336,-1.528310095050786,-1.2046448010790747,-0.7054658029431923,-0.010973940298011152,0.25330004278547197,-0.4188033579813248,-0.7825157892298762,-1.6082278966158967,-0.5587773502906076,-0.5247004031849593,1.1299531604155046,1.3377044388999684,-0.0023079170151354706,-0.2482538751644132,-0.44943065101819124,-0.9369005978310433,-0.9601942243749402,0.4048403152769077,-1.0443646057936269,-0.13858240807717506,-1.308685680916846,-1.566580419994185,-1.310773477545131,-1.2274671712663725,1.5999816881296012,0.8015396538061141
subject_05_task_1,5,1,,1,197,980.0,1010.0,0.7148821340293406,30.0,0.5611111111111111,eye,中,4.066666666666666,5,69.4,1.140175425099138,68.0,71.0,-6.377952755905644,3.07250327916561,1.4707095677122897,0.8404174161572902,2.1151205030925397,1.199924446866071,1.749975118836704,2.516749965467969,2.6823119615744475,2.264502912767065,0.9934675116588264,2.1652357987458397,0.8819462820335714,2.2793930211023685,2.179473181896479,4.8019466223659695,2.700429873896661,1.6380469728777476,3.0358105235163744,1.0375172296694024,1.6485668107261304,1.8533110306250944,8.013250111754205,7.238458265652945,3.845647306448116,5.134724537531966,2.064215152112997,1.8822470416140336,1.3352042265868775,2995,3.2701550387596896,0.1860991084881869,0.9789649415692822,0.8988313856427379,0.0687813021702838,0.0140233722871452,6,3,1541.8590167430962,4.195371654047141,0.1398457218015713,0.0513953005581032,0.4400217678613076,1.009266293045628,3.250324920314079,9.0,1.0,0.3,2.0,0.0,0.0,2.0,2.0,0.2222222222222222,0.0,0.2222222222222222,1.0,21.0,4.0,0.0207920792079207,12.0,1.0,0.0,2.0,3.0,0.1428571428571428,0.0,0.0952380952380952,7.0,2.0,7.0,968.0,0.9584158415841584,49.85,2.0,13.0,0.2166666666666666,7,421.0,5,10.0,80.2,22.2530896731218,80.0,0.013366666666666667,-0.743881111183018,-1.4054345268268902,-1.638905576355378,-1.2606577281851679,-0.7597783952716874,0.7073966249808031,0.35835207765542104,-0.3199067214050801,-0.49182540056947766,-1.8126629411435262,-0.5793602439893007,-0.47886240951270137,2.0839872714887826,1.696902560093144,-0.0759364294007613,-0.018794217017439264,-0.49059950833563654,-1.0024458895903456,-0.9555140964198755,1.1078787310143292,-1.1048026396726103,0.0882813564767922,-0.7540599727003675,-1.5143362112935996,-1.253898091858473,-1.1605452999758663,2.1456973372442842,0.7918697157774784
subject_05_task_1,5,1,,1,198,985.0,1015.0,0.7184211544948325,30.0,0.5638888888888889,eye,中,4.066666666666666,7,68.57142857142857,1.7182493859684491,66.0,71.0,-8.839966130397984,2.949896354604175,1.4164436409180938,0.9232245115925866,2.034276883754667,1.1513466834064148,1.5342353058571758,2.2034476535349845,2.6734500736737137,2.211775406089605,1.1136544693036747,2.1289771048097927,0.9061145790462044,1.986051748593568,1.9117034623324056,4.901388354941318,2.602041958279872,1.7114921498001063,3.129737574849173,1.0656672800905471,1.520335315931059,1.8286601987714115,7.7099222051845215,6.844594013566325,4.159026901370457,5.169818463225502,2.0715738355870337,1.645720062861564,1.2430355912153332,2995,3.2679649477586787,0.217636067726013,0.9719532554257097,0.886143572621035,0.074457429048414,0.0173622704507512,6,3,2227.7393622693835,6.061640183427539,0.2020546727809179,0.0742579787423127,0.4400217678613076,1.009266293045628,3.2503249203140796,10.0,1.0,0.3333333333333333,0.0,0.0,0.0,2.0,2.0,0.2,0.0,0.2,1.0,24.0,4.0,0.0236453201970443,12.0,1.0,0.0,2.0,3.0,0.125,0.0,0.0833333333333333,7.0,2.0,7.0,968.0,0.9536945812807882,43.56521739130435,2.0,16.0,0.2666666666666666,10,521.0,6,12.0,76.83333333333333,21.5445275340785,75.5,0.015366666666666667,-0.8849907493974847,-1.5491730245527582,-1.2855586111369315,-1.385455705134382,-0.8548130663593755,-0.7158497844684076,-0.6267659097808009,-0.32621976081701903,-0.601928895436247,-1.328238076212834,-0.6434484579786346,-0.40779123236040715,0.9372080597169389,0.681403227442874,-0.028056233594142117,-0.17155793187825213,-0.3073021793959099,-0.8955917165909681,-0.9120300920575672,0.25543352278586,-1.1959522032257763,-0.10548645832625464,-1.0498315672700504,-1.3451306033916832,-1.2376233425904763,-1.1569253043854468,1.2760768957910888,0.2818373003175853
subject_05_task_1,5,1,,1,199,990.0,1020.0,0.7219601749603243,30.0,0.5666666666666667,eye,中,4.066666666666666,6,67.33333333333333,1.632993161855452,65.0,69.0,-9.90925589836652,2.977688779889852,1.3404645165321023,0.8714665685659105,2.1110077430887686,1.1507631456495662,1.5381709005062316,2.422362278982948,2.673754994009697,2.1213650811214655,1.1218574867643312,2.1220741350190737,0.9183727482863568,1.8909398975799687,1.891571933204791,4.723721126190892,2.687851422219338,1.6554594677613217,3.1938389920189394,1.0545468927182946,1.623628650874866,1.9292764662719104,7.447544461756071,6.7031390331725165,4.183164425505033,5.293651949325562,2.156615460388035,1.6024086914449336,1.2654659035274378,2994,3.26308428860418,0.2192895634160927,0.9692718770875084,0.8774215096860387,0.0818303273213092,0.0187040748162992,3,3,2913.6197077956713,7.9279087128079375,0.2642636237602646,0.0971206569265223,0.4400217678613077,1.009266293045628,3.2503249203140796,12.0,1.0,0.4,0.0,0.0,0.0,2.0,2.0,0.1666666666666666,0.0,0.1666666666666666,1.0,26.0,4.0,0.0254901960784313,12.0,1.0,0.0,2.0,3.0,0.1153846153846153,0.0,0.0769230769230769,7.0,1.0,7.0,968.0,0.9490196078431372,40.32,2.0,18.0,0.3,12,561.0,6,12.0,76.83333333333333,21.5445275340785,75.5,0.015366666666666667,-0.8530041459393795,-1.7504250042561138,-1.5064154350393644,-1.267006579614038,-0.8559546652070749,-0.6898864683981943,0.061568414696770046,-0.3260025414028122,-0.7907201616708751,-1.295175040894601,-0.6556496422212279,-0.3717439048563512,0.5653807590350541,0.6050557060442477,-0.11360122039879297,-0.038324369611679274,-0.4471430972263026,-0.8226680612374687,-0.9292079999394787,0.9420971895824113,-0.8239108488627634,-0.27309504591727374,-1.156056909857625,-1.3320978325584383,-1.1801957707975708,-1.1150903337867097,1.1168373277302712,0.4059596367495562
subject_05_task_1,5,1,,1,200,995.0,1025.0,0.7254991954258161,30.0,0.5694444444444444,eye,中,4.066666666666666,7,66.71428571428571,2.2146697055682827,63.0,69.0,-12.147239263803568,2.8830277429097073,1.4432831026012032,0.8795617114781471,2.0989684630040726,1.164573408713349,1.640911699277694,2.3863799840452944,2.6445004618457033,2.0820075172597403,1.1140957162139669,2.169880530558508,0.906432527231444,1.868786933617364,1.9476607790328968,5.005254862625977,2.5848902123712225,1.6526468980584303,3.2650251933712666,1.0835724925664802,1.5640910441353288,1.975633873882617,7.62982416134539,6.479838285130445,4.333276662752189,5.195760824532482,2.1505033607300827,1.4953668527166952,1.1990374095413758,2994,3.2505658206429775,0.2190293831114363,0.9652638610554444,0.8777555110220441,0.0811623246492986,0.022378089512358,3,3,3599.5000533219595,9.794177242188336,0.3264725747396112,0.1199833351107319,0.4400217678613076,1.009266293045628,3.250324920314079,13.0,1.0,0.4333333333333333,0.0,0.0,0.0,2.0,2.0,0.1538461538461538,0.0,0.1538461538461538,1.0,27.0,4.0,0.0263414634146341,12.0,1.0,0.0,2.0,3.0,0.1111111111111111,0.0,0.074074074074074,7.0,2.0,7.0,968.0,0.944390243902439,38.92307692307692,2.0,19.0,0.3166666666666666,13,671.0,7,14.0,81.57142857142857,23.32278673212918,80.0,0.019033333333333333,-0.9619505592765915,-1.4780811971389902,-1.4718725717012409,-1.2855915688908746,-0.8289370811433079,-0.012100245559004498,-0.051570890767084786,-0.34684291047516697,-0.8729050705292803,-1.3264595889367772,-0.5711505559388053,-0.4068562491554838,0.4787766534000933,0.8177690240411177,0.021954447001380974,-0.19818888960236278,-0.45416243512703053,-0.7416845472600216,-0.8843715150474636,0.5463087161218318,-0.6524984804586187,-0.15665360315056942,-1.3237441725810304,-1.2510465044934567,-1.225592615980468,-1.1180970908904848,0.7232848816635219,0.03836511713345759
subject_05_task_1,5,1,,1,201,1000.0,1030.0,0.7290382158913078,30.0,0.5722222222222222,eye,中,4.066666666666666,7,66.0,2.516611478423583,63.0,69.0,-15.236920039486732,3.046262993465372,1.414752228778191,0.8651318429990537,2.1208163470007406,1.1752748786587437,1.6353024573385615,2.451437158582383,2.7519222506097827,2.1040060852305533,1.182309591717014,2.0981462167078404,0.8781535562678996,1.7795728800398227,1.7746165906180285,4.560746234287051,2.6294542873218587,1.6151756771829735,3.1344105116963403,1.0761347582078522,1.6279679817293236,1.940600366867252,7.409163363183573,6.903088257478679,4.629720585821034,4.979605233689424,2.1248994730128428,1.491037769886168,1.0755735991800337,2994,3.290637192035099,0.2329716267260125,0.9716098864395456,0.8944555778223113,0.073814295257181,0.0177020708082832,3,3,4115.282073157726,11.197611176282392,0.3732537058760797,0.1371760691052575,0.4400217678613077,1.009266293045628,3.2503249203140796,12.0,1.0,0.4,0.0,0.0,0.0,0.0,0.0,0.0,0.0,0.0,1.0,28.0,4.0,0.0271844660194174,12.0,1.0,0.0,2.0,3.0,0.1071428571428571,0.0,0.0714285714285714,7.0,4.0,7.0,968.0,0.9398058252427184,37.592592592592595,2.0,20.0,0.3333333333333333,10,531.0,5,10.0,88.2,22.609732417700126,90.0,0.0147,-0.7740813403711292,-1.5536532030807497,-1.533446404339448,-1.251865076364482,-0.8080013565651274,-0.04910469707560879,0.15298870042409835,-0.27031768314607163,-0.8269685306039799,-1.0515171319972398,-0.6979428795825736,-0.49001559439127323,0.13000601786821672,0.16151013808348544,-0.19207199452781204,-0.1289957006205931,-0.5476794635609404,-0.890275646351382,-0.8958607475162387,0.9709437830009137,-0.7820392964903587,-0.29761313818329066,-1.0059054284964815,-1.0909851124167866,-1.325834409234576,-1.130692545085658,0.7073684777842408,-0.6448450135865501
subject_05_task_1,5,1,,1,202,1005.0,1035.0,0.7325772363567996,30.0,0.575,eye,中,4.066666666666666,5,64.8,1.7888543819998317,63.0,67.0,-15.15400410677619,3.4663897573316143,1.635095747711028,0.9420036805807978,2.1463874348968206,1.195877624616489,1.7357636508414704,2.2785340218346635,2.7891451469061455,2.149125489321428,1.22003521181644,2.0806812403373462,0.8567681887896094,1.7615274284761986,1.7054272042194092,4.907949974087783,2.5746008043741537,1.6679773350703206,3.233234081561321,1.08253529295478,1.5435466359413157,1.9384160765140197,8.471015437121935,7.7364707854133075,5.457010203859731,4.999390769620049,2.204544131561753,1.4177123546408836,0.9161409971496828,2994,3.267067585743107,0.2387151428232824,0.979625918503674,0.8914495657982632,0.0764863059452237,0.0140280561122244,3,3,4115.282073157726,11.197611176282392,0.3732537058760797,0.1371760691052575,0.4400217678613077,1.009266293045628,3.2503249203140796,10.0,1.0,0.3333333333333333,0.0,0.0,0.0,0.0,0.0,0.0,0.0,0.0,1.0,28.0,4.0,0.0270531400966183,12.0,1.0,0.0,2.0,3.0,0.1071428571428571,0.0,0.0714285714285714,7.0,9.0,7.0,968.0,0.9352657004830918,37.592592592592595,2.0,17.0,0.2833333333333333,9,421.0,4,8.0,82.75,21.990528264080726,80.5,0.011033333333333332,-0.2905528947679235,-0.9700117126266538,-1.205425835842408,-1.2123910886341192,-0.767695359620175,0.6136428550211621,-0.3906714757279279,-0.24380080390118788,-0.7327519747728856,-0.8994604631272769,-0.7288126937277026,-0.5529030721362719,0.05945969295725817,-0.10088613222170463,-0.024896879855980276,-0.2141649185638155,-0.41590222154311085,-0.7778510500191288,-0.8859737001862114,0.40973554157634307,-0.7901159858918473,0.3807047862634397,-0.38007843894900256,-0.6442998623261709,-1.3166589000819144,-1.0915125322797306,0.4377785971217272,-1.527095193257766
subject_05_task_1,5,1,,1,203,1010.0,1040.0,0.7361162568222914,30.0,0.5777777777777777,eye,中,4.066666666666666,7,64.57142857142857,1.5118578920369088,63.0,67.0,-6.439929328621892,3.812991138624148,1.7737950157769309,0.950385712624885,2.195903874850175,1.2050116677312983,1.8663948670670345,2.3105396531954105,2.935195811211768,2.2405552714838195,1.2454898563795451,1.9912062768524244,0.8065254080487292,1.79893498129064,1.598733435405541,5.01032214392319,2.6565800703449605,1.6283291458913325,3.099841661029038,1.0361780947826382,1.6314760913345767,1.9036947590422288,8.47852933329162,8.135858170161892,5.151311948189524,4.935464204509443,2.132134543306383,1.579375943835301,0.95809849105412,2995,3.2482932305630023,0.2462554378517517,0.9806343906510852,0.9075125208681136,0.0664440734557596,0.0126878130217028,3,3,4115.282073157726,11.197611176282392,0.3732537058760797,0.1371760691052575,0.4400217678613077,1.009266293045628,3.2503249203140796,11.0,2.0,0.3666666666666666,4.0,0.0,0.0,0.0,0.0,0.0,0.0,0.0,2.0,32.0,5.0,0.0307692307692307,16.0,1.0,0.0,2.0,3.0,0.09375,0.0,0.0625,8.0,4.0,8.0,977.0,0.9394230769230768,33.064516129032256,2.0,20.0,0.3333333333333333,8,381.0,4,8.0,75.25,23.73991013743172,65.5,0.010033333333333333,0.10835439120936277,-0.6026278751943831,-1.169658785089417,-1.1359527551884157,-0.7498260564391512,1.4754235661811355,-0.29003601294376263,-0.13975710460942478,-0.5418319183293661,-0.7968631181576286,-0.8869620914038473,-0.7006509076081909,0.2056996119566265,-0.5055153457295429,0.024394292068782235,-0.08687838004174046,-0.5148523157268053,-0.9296021864394528,-0.9575826876439265,0.9942646623817354,-0.9185024416646095,0.38550471139371273,-0.08015925864186076,-0.8093580218979549,-1.3463047375930768,-1.1271333591726613,1.0321546067577503,-1.2949155382540998
subject_05_task_1,5,1,,1,204,1015.0,1045.0,0.7396552772877832,30.0,0.5805555555555556,eye,中,4.066666666666666,5,63.8,0.8366600265340756,63.0,65.0,-0.8319738988579609,3.4513895797370138,1.7698840797968418,0.8704662689230189,2.234927249953431,1.218737005143363,2.033259809121178,2.5675058640911916,2.797318274734111,2.2818145603164353,1.1589992059229612,1.989648440939248,0.7733877839668378,1.9687800894559957,1.7166952580910568,5.020551227407543,2.80128583869985,1.607752574505284,3.103949226399624,1.0441088850350704,1.742361283148201,1.9306137496652616,7.929215195949291,8.714522360658773,4.942315664234142,4.782525946770498,2.0476055092818455,1.7632468164109405,0.967669058732936,2995,3.2520080672268903,0.2337201694794767,0.9846410684474124,0.9018363939899832,0.072787979966611,0.0123539232053422,3,3,4115.282073157726,11.197611176282392,0.3732537058760797,0.1371760691052575,0.4400217678613077,1.009266293045628,3.2503249203140796,8.0,2.0,0.2666666666666666,4.0,0.0,0.0,0.0,0.0,0.0,0.0,0.0,2.0,32.0,5.0,0.0306220095693779,16.0,1.0,0.0,2.0,3.0,0.09375,0.0,0.0625,8.0,9.0,8.0,977.0,0.9349282296650716,33.064516129032256,2.0,18.0,0.3,6,371.0,4,8.0,82.75,21.990528264080726,80.5,0.011033333333333332,-0.30781676172403677,-0.6129870839223942,-1.5106838234095499,-1.0757125246482269,-0.7229746159110916,2.576239991121887,0.5179440972410317,-0.23797842398905986,-0.455675902571268,-1.1454718398211499,-0.8897156081615112,-0.7980979867424461,0.8696867747563204,-0.05815276712891488,0.029319493063062474,0.13780155750039683,-0.566205321218063,-0.9249292994011943,-0.9453318208506553,1.73139675755132,-0.8189660746509089,0.03459931255665738,0.3543874904903676,-0.9222030949304709,-1.4172295984912704,-1.168716168313845,1.7081784169081704,-1.2419550085590285
subject_05_task_1,5,1,,1,205,1020.0,1050.0,0.743194297753275,30.0,0.5833333333333334,eye,中,4.066666666666666,5,64.0,1.224744871391589,63.0,66.0,7.935483870967774,3.6296011055118456,1.79287226259551,0.8994010732863063,2.192122746153981,1.1742623367696583,1.9934068524563404,2.437313909515608,2.795483063911908,2.158879693288682,1.1443514787644282,1.914827491433443,0.7313518936932089,1.886552980749982,1.673286159861399,5.035641363297563,2.635256493128099,1.5896339867457194,3.0379028381606203,1.0220697953733089,1.657775635838641,1.9110706385812624,7.264607770595148,7.737119590879435,4.536273952223541,4.707889502799188,1.994554052098282,1.705611184943303,1.0378318312304586,2995,3.258124705882353,0.2397623155691638,0.9876460767946578,0.9125208681135224,0.0627712854757929,0.0110183639398998,3,3,4115.282073157726,11.197611176282392,0.3732537058760797,0.1371760691052575,0.4400217678613077,1.009266293045628,3.2503249203140796,6.0,2.0,0.2,4.0,0.0,0.0,0.0,0.0,0.0,0.0,0.0,2.0,32.0,5.0,0.0304761904761904,16.0,1.0,0.0,2.0,3.0,0.09375,0.0,0.0625,8.0,14.0,8.0,977.0,0.9304761904761903,33.064516129032256,2.0,18.0,0.3,4,331.0,4,8.0,82.75,21.990528264080726,80.5,0.011033333333333332,-0.1027111853653867,-0.5520964467190576,-1.3872158372760928,-1.14178966867317,-0.8099822337924549,2.313328029273901,0.10858089950209875,-0.2392857930710842,-0.7123836316800184,-1.204510885233064,-1.0219636431092354,-0.9217120007058573,0.5482306833523014,-0.22277896293228067,0.036585241984071905,-0.11998680447931766,-0.6114239302493825,-1.0000656109827137,-0.9793760892145046,1.1690962880046687,-0.8912291956827223,-0.3899561791193669,-0.37959121974526566,-1.1414405176200824,-1.4518421243880724,-1.1948140486952226,1.4962739502605271,-0.8536961590271992
subject_05_task_1,5,1,,1,206,1025.0,1055.0,0.7467333182187668,30.0,0.5861111111111111,eye,中,4.066666666666666,5,64.6,1.3416407864998738,63.0,66.0,8.289920724801757,3.2597822382115305,1.7696749391853972,0.8831469932503706,2.1476725072051104,1.1530422741747293,2.003828301189378,2.431840365895068,2.740205136044138,2.2395326488604783,1.1003626179018309,1.8747245032392423,0.7421772856924602,2.0352678402787023,1.70373336274724,4.965906755843848,2.7804912739171668,1.5991233010191404,3.0394979378373868,1.0332685970480946,1.738759776775891,1.9007276899162675,7.071963272894965,7.997243848420673,4.285526575155049,4.614343202076198,1.965603225661589,1.8661052984209616,1.0767272402013406,2995,3.2502545210984595,0.2472305284391131,0.991652754590985,0.9141903171953256,0.0617696160267111,0.0073455759599332,3,3,4115.282073157726,11.197611176282392,0.3732537058760797,0.1371760691052575,0.4400217678613077,1.009266293045628,3.2503249203140796,5.0,2.0,0.1666666666666666,4.0,0.0,0.0,0.0,0.0,0.0,0.0,0.0,2.0,32.0,5.0,0.0303317535545023,16.0,1.0,0.0,2.0,3.0,0.09375,0.0,0.0625,8.0,19.0,8.0,977.0,0.9260663507109004,33.064516129032256,2.0,18.0,0.3,3,221.0,3,6.0,73.66666666666667,15.17673658377628,71.0,0.007366666666666666,-0.5283397276055349,-0.6135410513763461,-1.456573780854772,-1.2104073275702094,-0.851495912594157,2.3820788513206503,0.09137040960068978,-0.2786647314134044,-0.5439673184621362,-1.3818121365451037,-1.0928467503037431,-0.8898780095843619,1.1296119118802102,-0.10730991638745531,0.003008728654000641,0.10551451345436497,-0.5877414226610841,-0.9982509787293437,-0.962077053028295,1.7074550039720908,-0.9294735544233477,-0.5130187214859386,-0.18425141413552304,-1.276828599850514,-1.4952240646848143,-1.209055979933276,2.086350239017179,-0.6384611248124692
subject_05_task_1,5,1,,1,207,1030.0,1060.0,0.7502723386842586,30.0,0.5888888888888889,eye,中,4.066666666666666,6,65.5,1.224744871391589,64.0,67.0,6.810089020771557,2.634637929659456,1.4888076337118354,0.8346711274269033,2.0523513197842207,1.077459064942233,1.7837056833407938,2.4588742228464784,2.4440777378850407,2.1173748944296253,1.044535847160737,1.8454904179196656,0.7537787637245041,2.027096437317192,1.766804292007869,4.874388041162897,2.60185225330753,1.520036650017313,3.024244736335272,1.074267119883018,1.7117036311446143,1.9895867223338504,6.213605787954331,7.170395138998679,3.6372037002798936,4.540040763515176,1.9623077314932853,1.9714032344261871,1.2482228485486822,2995,3.2053300840336134,0.2190901893016765,0.9873121869782971,0.9108514190317196,0.0614357262103505,0.0110183639398998,3,3,4115.282073157726,11.197611176282392,0.3732537058760797,0.1371760691052575,0.4400217678613077,1.009266293045628,3.2503249203140796,8.0,1.0,0.2666666666666666,8.0,0.0,0.0,0.0,0.0,0.0,0.0,0.0,2.0,36.0,5.0,0.0339622641509433,20.0,1.0,0.0,2.0,3.0,0.0833333333333333,0.0,0.0555555555555555,9.0,2.0,9.0,998.0,0.9415094339622642,29.914285714285715,2.0,20.0,0.3333333333333333,4,331.0,4,8.0,82.75,21.990528264080726,80.5,0.011033333333333332,-1.2478250872388292,-1.357496732851969,-1.6634256210867824,-1.3575542693814977,-0.9993624448837234,0.9299188574613519,0.17637309786144162,-0.4896202249238245,-0.7990523117691136,-1.606827199790864,-1.1445187801636179,-0.8557617994098158,1.0976668842776256,0.13188250117966752,-0.041056613586228474,-0.1718524806154712,-0.7851181938920647,-1.015603468869021,-0.8987457296689989,1.527593716903947,-0.6009060614196892,-1.0613429955618434,-0.8051718453704036,-1.6268828724879951,-1.5296816961319597,-1.210677149589452,2.4734910128770764,0.31054196082031416
subject_05_task_1,5,1,,1,208,1035.0,1065.0,0.7538113591497503,30.0,0.5916666666666667,eye,中,4.066666666666666,7,65.71428571428571,1.2535663410560174,64.0,67.0,6.321695760598465,2.69315860656111,1.471929873650433,0.7859279963175386,2.0159379201160217,1.0334482927128383,1.8728558857136437,2.565041491792744,2.484238389337284,2.1197556244074387,0.9961424178677144,1.802183621674038,0.7527301791654878,2.1279644219396525,1.8091626150522624,4.788855639341214,2.6889393463935956,1.5124157480322051,3.0249538268436056,1.0868257612360792,1.7779101744293249,2.000080884359578,5.9962573260204834,6.594759396820291,3.7782851628518537,4.281699418935915,1.8376148977124969,1.7454371791891323,1.133238819831186,2995,3.224804369747899,0.221970961270481,0.9876460767946578,0.9235392320534224,0.0550918196994991,0.0106844741235392,3,3,4115.282073157726,11.197611176282392,0.3732537058760797,0.1371760691052575,0.4400217678613077,1.009266293045628,3.2503249203140796,8.0,1.0,0.2666666666666666,8.0,0.0,0.0,0.0,0.0,0.0,0.0,0.0,2.0,36.0,5.0,0.0338028169014084,20.0,1.0,0.0,2.0,3.0,0.0833333333333333,0.0,0.0555555555555555,9.0,7.0,9.0,998.0,0.9370892018779344,29.914285714285715,2.0,18.0,0.3,4,320.0,4,8.0,80.0,24.49489742783178,75.0,0.010666666666666666,-1.180473005982437,-1.4022022049505884,-1.8714179116290428,-1.4137654911161677,-1.0854625237111335,1.5180472315267781,0.5101953594038868,-0.4610105451053558,-0.7940809655513834,-1.8018814794580422,-1.221064704015084,-0.858845348859496,1.4919970339666346,0.2925237000941444,-0.08223960628931262,-0.03663518514929274,-0.8041376998217521,-1.0147967866749719,-0.8793461191101852,1.9677153162553058,-0.5621025721833459,-1.2001865889390646,-1.2374443871241079,-1.5507076044585129,-1.6494870620320488,-1.2720179464909604,1.6426991017592705,-0.325743709133309
subject_05_task_1,5,1,,1,209,1040.0,1070.0,0.7573503796152421,30.0,0.5944444444444444,eye,中,4.066666666666666,5,66.4,0.5477225575051661,66.0,67.0,2.78350515463903,2.6431003416886623,1.5753731351698288,0.8662447500952462,2.095003464228153,1.0402465845729345,1.8186235876137915,2.418489074823023,2.41165142373937,2.211274957808018,1.028204598118699,1.8266587406046249,0.741355585894825,2.1506176512476003,1.7765518107455014,4.746235063394078,2.542648824082012,1.5186284638580756,3.09697675260174,1.1624068330591115,1.6743060495668654,2.039324842321123,6.54905323450195,7.665537113481315,4.251101499474102,4.516012919623658,1.9423611730950452,1.803188447612838,1.062315948038956,2994,3.2392858103564217,0.2217306550090348,0.990313961255845,0.9148296593186372,0.0637942551770207,0.0086840347361389,3,3,4115.282073157726,11.197611176282392,0.3732537058760797,0.1371760691052575,0.4400217678613077,1.009266293045628,3.2503249203140796,4.0,1.0,0.1333333333333333,4.0,0.0,0.0,0.0,0.0,0.0,0.0,0.0,1.0,36.0,5.0,0.0336448598130841,20.0,1.0,0.0,2.0,3.0,0.0833333333333333,0.0,0.0555555555555555,9.0,12.0,9.0,998.0,0.9327102803738316,29.914285714285715,2.0,15.0,0.25,3,260.0,3,6.0,86.66666666666667,25.16611478423583,90.0,0.008666666666666666,-1.2380856055241185,-1.128203770038529,-1.5286975076061122,-1.291712321893939,-1.0721627465112442,1.1602740301839267,0.049389879966483564,-0.512720110803512,-0.6029739117526797,-1.6726518388895306,-1.1778042748831221,-0.8922943640280868,1.5805568613229295,0.1688493351785845,-0.10276098568295386,-0.2637757185892824,-0.7886326079414853,-0.9328613904320616,-0.762594368840069,1.2789856096192873,-0.4169930821050542,-0.8470570123370796,-0.4333459420160092,-1.2954160125348257,-1.5408245684968216,-1.2204895642286246,1.8550287218558554,-0.7182087105486529
subject_05_task_1,5,1,,1,210,1045.0,1075.0,0.7608894000807339,30.0,0.5972222222222222,eye,中,4.066666666666666,6,66.66666666666667,0.816496580927726,66.0,68.0,4.468085106383004,2.837554864752984,1.529415737568382,0.8633379980022773,2.0755609805742865,1.034947108753027,1.771514448694922,2.404111698288544,2.6414090080987886,2.228354824888277,0.9880830438353322,1.771222038058758,0.7652423241311035,2.255230305581118,1.7925841852154472,4.9035239693552155,2.5353602039173375,1.4899480112547492,3.0940876418328997,1.2226406311483635,1.701643402834037,2.076641344839432,6.919205534319377,8.190099002771639,4.127891407652753,4.525031359453455,1.9423372619400456,1.984087805117137,1.0962089145718412,2994,3.2316034193764667,0.2165197483454622,0.9906479625918504,0.9161656646626588,0.064128256513026,0.0076820307281229,3,3,4115.282073157726,11.197611176282392,0.3732537058760797,0.1371760691052575,0.4400217678613077,1.009266293045628,3.2503249203140796,4.0,1.0,0.1333333333333333,4.0,0.0,0.0,0.0,0.0,0.0,0.0,0.0,1.0,36.0,5.0,0.0334883720930232,20.0,1.0,0.0,2.0,3.0,0.0833333333333333,0.0,0.0555555555555555,9.0,17.0,9.0,998.0,0.928372093023256,29.914285714285715,2.0,12.0,0.2,3,230.0,3,6.0,76.66666666666667,28.867513459481287,60.0,0.007666666666666666,-1.014285787553609,-1.2499348023983952,-1.5411009378350529,-1.321725607379464,-1.082530328417322,0.8494926686329762,0.004183024808363728,-0.3490452029847396,-0.5673084085666491,-1.8343655463948179,-1.2757901334440802,-0.8220511605498423,1.989526305860784,0.22965107781600538,-0.027027956696136817,-0.2750925219343381,-0.8602104919532503,-0.9361481277194297,-0.6695498911327031,1.46071628222426,-0.27901060191681254,-0.6106013459558924,-0.0394272108188362,-1.361941845180211,-1.5366422821290844,-1.2205013269679739,2.5201273924650973,-0.5306556289804542
subject_05_task_1,5,1,,1,211,1050.0,1080.0,0.7644284205462257,30.0,0.6,eye,中,4.066666666666666,6,67.0,0.8944271909999159,66.0,68.0,5.005793742757784,2.909931234687258,1.5249617570648233,0.9196571507432912,2.098014760842059,1.0533531273087413,1.6581850701995944,2.2813009817260577,2.5017218943228317,2.1361808967888605,1.0850575043748627,1.8439492294658315,0.7472049855626405,1.968725978278529,1.699402310044564,4.901746061007373,2.5527906079932703,1.5908566923153613,3.144601865862488,1.270195724539128,1.6046640909420278,1.976671991294061,7.4467100040655,8.242934682043273,4.666463626447176,4.654264809632702,2.0407549246210013,1.7664200006459825,0.9973858540875926,2994,3.2233721086154876,0.2170781545996092,0.9879759519038076,0.9078156312625252,0.0724782899131596,0.0100200400801603,3,3,4115.282073157726,11.197611176282392,0.3732537058760797,0.1371760691052575,0.4400217678613077,1.009266293045628,3.2503249203140796,4.0,1.0,0.1333333333333333,4.0,0.0,0.0,0.0,0.0,0.0,0.0,0.0,1.0,36.0,5.0,0.0333333333333333,20.0,1.0,0.0,2.0,3.0,0.0833333333333333,0.0,0.0555555555555555,9.0,22.0,9.0,998.0,0.924074074074074,29.914285714285715,2.0,10.0,0.1666666666666666,4,301.0,4,8.0,75.25,23.73991013743172,65.5,0.010033333333333333,-0.9309870390266907,-1.2617324165607742,-1.3007809314382461,-1.2870637951643413,-1.0465218793883975,0.10185305218494027,-0.3819713102465125,-0.4485556306143416,-0.7597823611361237,-1.4435008396983968,-1.14724287209041,-0.8750931636369884,0.8694752342086413,-0.12373515347699884,-0.0278840017148259,-0.24802890074191822,-0.6083724206147606,-0.8786816624488211,-0.596090488484504,0.8160263809503732,-0.6486599102419335,-0.2736281028492128,0.0002496398360611986,-1.0711461419603603,-1.4767104860378655,-1.172086212201661,1.7198450178593345,-1.077511552785111
subject_05_task_1,5,1,,1,212,1055.0,1085.0,0.7679674410117174,30.0,0.6027777777777777,eye,中,4.066666666666666,7,67.14285714285714,0.6900655593423543,66.0,68.0,1.6226912928760135,2.920958192563471,1.539765396353079,0.9182337957329134,2.039155226186653,1.052868087483951,1.676877287144581,2.220736413387012,2.5105934753461714,2.3065555474806168,1.124149771652333,1.805980992179962,0.7139612779960601,2.0518222799532513,1.6065305866899198,4.790026025433708,2.6190798445888808,1.6585672651550505,3.1663374809065647,1.2636909419967233,1.5791218719995883,1.9090799314736029,7.211124760209991,8.72834537143936,4.905050294646773,4.711689292098814,1.9478683012713536,1.7794609325342126,0.9605792008373518,2994,3.2353207674183775,0.2145162997649955,0.981629926519706,0.9004676018704075,0.0761523046092184,0.0153640614562458,3,3,4115.282073157726,11.197611176282392,0.3732537058760797,0.1371760691052575,0.4400217678613077,1.009266293045628,3.2503249203140796,4.0,1.0,0.1333333333333333,4.0,0.0,0.0,0.0,0.0,0.0,0.0,0.0,1.0,36.0,5.0,0.0331797235023041,20.0,1.0,0.0,2.0,3.0,0.0833333333333333,0.0,0.0555555555555555,9.0,27.0,9.0,998.0,0.919815668202765,29.914285714285715,2.0,9.0,0.15,6,461.0,5,10.0,84.2,28.691462144686877,71.0,0.014033333333333333,-0.9182959937037249,-1.2225208339365718,-1.3068545434965082,-1.377925027124619,-1.0474707826916887,0.22516654858684118,-0.5724047778580313,-0.4422356860072883,-0.40401275130766484,-1.2859357705194052,-1.2143527498004698,-0.972852200131306,1.1943293214657782,-0.4759451540784841,-0.08167607713684638,-0.14510376024931074,-0.43938695877001527,-0.8539545882224782,-0.6061385696857131,0.6462292325992504,-0.8985900865890565,-0.42412146964149,0.36476785356893693,-0.9423240907352008,-1.450079978463941,-1.2177804139051396,1.7677916030878718,-1.2811880658043198
subject_05_task_1,5,1,,1,213,1060.0,1090.0,0.7715064614772092,30.0,0.6055555555555555,eye,中,4.066666666666666,6,67.33333333333333,0.5163977794943223,67.0,68.0,-1.229868228404134,2.9481816337540403,1.618492465306423,0.9684751912363194,2.014584149873329,1.038326663477827,1.6711759681116,2.0801608219840775,2.7109206434754003,2.183282961721279,1.2155079532387496,1.8016324929285097,0.6988627513570137,1.7961897788524297,1.4822054336444423,4.75177987790379,2.6370374668395034,1.6555021066009123,3.161948176132624,1.2549942201341793,1.592892848837194,1.9099632453049284,7.680650947341848,8.537477874569367,5.243780001594977,4.882678520053589,1.950258135625452,1.6281151901819988,0.9311371793951018,2994,3.2640120724346073,0.2167554189144523,0.9859719438877756,0.8967935871743486,0.0811623246492986,0.011690046760187,3,3,4115.282073157726,11.197611176282392,0.3732537058760797,0.1371760691052575,0.4400217678613077,1.009266293045628,3.2503249203140796,0.0,0.0,0.0,0.0,0.0,0.0,0.0,0.0,0.0,0.0,0.0,0.0,36.0,5.0,0.0330275229357798,20.0,1.0,0.0,2.0,3.0,0.0833333333333333,0.0,0.0555555555555555,9.0,32.0,9.0,998.0,0.9155963302752294,29.914285714285715,2.0,8.0,0.1333333333333333,5,351.0,4,8.0,77.75,28.64000698323937,65.5,0.010366666666666666,-0.8869642402069706,-1.0139901538169644,-1.0924689943337589,-1.4158553009110013,-1.0759187668957437,0.18755465984572847,-1.0144172955158564,-0.2995264437049543,-0.661425691320031,-0.9177080056891296,-1.222038838854066,-1.0172521038953732,0.19496760325795154,-0.9474402512644627,-0.10009121316832863,-0.117221544553665,-0.44703668335770613,-0.858947990282976,-0.6195725879468167,0.737774630526667,-0.8953239221576208,-0.12418512582722353,0.22143627777427335,-0.7594309895018164,-1.3707840103584161,-1.216604770210966,1.211350422590953,-1.444111008643602
subject_05_task_1,5,1,,1,214,1065.0,1095.0,0.7750454819427011,30.0,0.6083333333333333,eye,中,4.066666666666666,6,67.33333333333333,0.5163977794943223,67.0,68.0,-3.1512605042016784,2.9608599252027736,1.6261316922616402,0.9560820345844888,1.9792030158462195,0.9757531245641056,1.7008286249917386,2.070118404333763,2.561969148166888,2.0874092898471317,1.1597073990074802,1.7787394621113923,0.6763527855033279,1.7999447892059777,1.5337829728720385,4.858949979170919,2.5844844895636587,1.6624190424970091,3.2658529798375504,1.3321917599981663,1.554652842331303,1.9645185096846156,6.715708133670575,8.089609894306777,4.906967608947947,4.822811764111454,1.916439538838165,1.6485965547347865,0.9828497248110964,2995,3.244049949715052,0.2138658115844737,0.9853088480801336,0.8921535893155259,0.0838063439065108,0.0120200333889816,3,3,3776.457182467737,10.275674522768464,0.3425224840922822,0.1258819060822578,0.4400217678613076,1.009266293045628,3.250324920314079,0.0,0.0,0.0,0.0,0.0,0.0,0.0,0.0,0.0,0.0,0.0,0.0,36.0,5.0,0.0328767123287671,20.0,1.0,0.0,2.0,3.0,0.0833333333333333,0.0,0.0555555555555555,9.0,37.0,9.0,998.0,0.9114155251141552,29.914285714285715,2.0,8.0,0.1333333333333333,5,361.0,4,8.0,80.25,26.961392150010848,70.5,0.0107,-0.8723726571792771,-0.993755522784231,-1.1453519540533503,-1.4704730182388022,-1.1983339475451542,0.38317473039474326,-1.0459937183122132,-0.40563663951007317,-0.8616253025708696,-1.1426174008201502,-1.262502884813902,-1.083446663240749,0.209647323491686,-0.7518357715994872,-0.04848988543203544,-0.19881884220272691,-0.4297740675219224,-0.7407428330571406,-0.5003238438066074,0.4835663304466685,-0.6935989431690054,-0.7405967924274813,-0.11488931150473808,-0.9412888595423416,-1.3985471181667302,-1.2332413291384012,1.2866526708921868,-1.1579499480856619
subject_05_task_1,5,1,,1,215,1070.0,1100.0,0.7785845024081929,30.0,0.6111111111111112,eye,中,4.066666666666666,7,67.57142857142857,0.7867957924694432,67.0,69.0,0.7716049382715594,3.255795503109398,1.6198825263434078,0.9323787585264056,1.7733365190700856,0.856425735563695,1.7373653266228195,1.9019486478572147,2.699950313327996,2.0521539721256605,1.2157257887341444,1.7624536138032951,0.6668998962264531,1.6880072719872414,1.4497131097617193,4.766673121911742,2.5737672371185005,1.67743130356326,3.2425813952212144,1.3039379506395543,1.5343503079090104,1.9330636004784256,7.523474233000353,7.566415322708963,4.88575372406391,4.546968776097727,1.8644157810672153,1.5486689976700894,0.9306586113218196,2995,3.2392091853838423,0.2043804098596041,0.9853088480801336,0.8954924874791319,0.0797996661101836,0.0120200333889816,6,3,3403.1811210451815,9.130939251561712,0.3043646417187238,0.113439370701506,0.417650883555588,1.0415407629884563,3.250667058618766,0.0,0.0,0.0,0.0,0.0,0.0,0.0,0.0,0.0,0.0,0.0,0.0,36.0,5.0,0.0327272727272727,20.0,1.0,0.0,2.0,3.0,0.0833333333333333,0.0,0.0555555555555555,9.0,42.0,9.0,998.0,0.9072727272727272,29.914285714285715,2.0,4.0,0.0666666666666666,5,361.0,4,8.0,80.25,26.961392150010848,70.5,0.0107,-0.5329281042403058,-1.0103081880419909,-1.2464964346903167,-1.7882683189651223,-1.431779012895367,0.6242091908004702,-1.5747707037921443,-0.3073414970387718,-0.9352440632211184,-0.9168299991857488,-1.2912885584845557,-1.111244565924857,-0.22795771130596046,-1.0706652868393542,-0.09292026571167408,-0.21545917131591047,-0.3923079265158417,-0.7672172713928334,-0.5439681268903374,0.34860106149433195,-0.8099074419152792,-0.22459062039676977,-0.5077812581383097,-0.952743045921816,-1.5264688418992594,-1.2588336479808073,0.919256753748701,-1.4467592547567636
subject_05_task_1,5,1,,1,216,1075.0,1105.0,0.7821235228736846,30.0,0.6138888888888889,eye,中,4.066666666666666,6,67.5,0.8366600265340756,67.0,69.0,2.208087233076075,3.159466866124858,1.7353156851022784,0.9707638943372416,1.8640959941071165,0.8783091459070511,1.787577489464635,1.9202362232268324,2.588668076441757,2.10036054928354,1.250071764592908,1.75198710697446,0.6507377123609146,1.6801919767922546,1.4015092225885153,4.603578260905505,2.6493527728312527,1.6877922851319789,3.361337548200014,1.3460717461860592,1.5697149442913136,1.991558782327987,6.7662860546396155,7.674441327440846,5.45997393979799,4.8116059241268525,1.8636483668427888,1.405582043441912,0.8812507123989815,2995,3.224157559503855,0.1850339174837794,0.9879799666110184,0.8958263772954925,0.0814691151919866,0.010016694490818,6,3,3531.3744320389987,9.143663582008449,0.3047887860669483,0.1177124810679666,0.3700490863604095,1.0884869250367477,3.251513279862029,0.0,0.0,0.0,0.0,0.0,0.0,0.0,0.0,0.0,0.0,0.0,0.0,36.0,5.0,0.0325791855203619,20.0,1.0,0.0,2.0,3.0,0.0833333333333333,0.0,0.0555555555555555,9.0,47.0,9.0,998.0,0.9031674208144796,29.914285714285715,2.0,4.0,0.0666666666666666,4,301.0,3,6.0,87.0,28.583211855912904,71.0,0.0087,-0.6437937764949762,-0.7045511539701735,-1.082702846991605,-1.6481632746046455,-1.3889675996860096,0.9554613574187583,-1.517268991366034,-0.38661683375944716,-0.8345809946426059,-0.7783953050864131,-1.309788390016004,-1.158772342998898,-0.25851058232482593,-1.2534754094149367,-0.17144880375896687,-0.09809996970218772,-0.3664499964743965,-0.6321167829278445,-0.478883122709719,0.5836947479012012,-0.5936141205702627,-0.708287291681955,-0.4266593398497862,-0.6426996281398379,-1.4037438076929825,-1.2592111660678744,0.39318002052191403,-1.7201671220733432
subject_05_task_1,5,1,,1,217,1080.0,1110.0,0.7856625433391764,30.0,0.6166666666666667,eye,中,4.066666666666666,6,67.83333333333333,1.3291601358251257,67.0,70.0,7.137096774193592,3.07616321546403,1.766099206108363,0.9570898741647728,1.9102139842596448,0.907303887232228,1.8452804211825884,1.995856435036091,2.6000070274502485,2.122149219744179,1.2046936351007165,1.788479749919569,0.7020382162471915,1.7615675537015354,1.484593010047775,4.301442673030611,2.512385367098416,1.5951602555427562,3.4032633693645344,1.3621160586918843,1.5750049929896053,2.133493081675714,7.141272583044393,7.563637440148781,5.136579731736032,5.2544698062222,2.269889972622488,1.4725046305457554,1.022951084309622,2995,3.256152422611036,0.1940294039840863,0.9869782971619364,0.8964941569282137,0.0774624373956594,0.0113522537562604,6,3,3659.567743032816,9.15638791245518,0.3052129304151726,0.1219855914344271,0.3468876989595563,1.0974474845592554,3.252300215467959,0.0,0.0,0.0,0.0,0.0,0.0,0.0,0.0,0.0,0.0,0.0,0.0,36.0,5.0,0.0324324324324324,20.0,1.0,0.0,2.0,3.0,0.0833333333333333,0.0,0.0555555555555555,9.0,52.0,9.0,998.0,0.8990990990990991,29.914285714285715,2.0,4.0,0.0666666666666666,4,340.0,3,6.0,100.0,26.457513110645905,110.0,0.01,-0.7396688508330795,-0.6230123813825734,-1.1410513919427203,-1.5769711147392464,-1.3322439980035397,1.3361305034982678,-1.2794959905623497,-0.3785391819759346,-0.7890827543997724,-0.9612961346008758,-1.2452866648786456,-1.0079140844381997,0.059616557260362774,-0.9383855222675352,-0.3169240557778976,-0.31076480342111557,-0.5976320060966145,-0.5844207370679416,-0.4540991189670654,0.6188614335220826,-0.06879412603377524,-0.46874348903192725,-0.5098673036476429,-0.8173125080264262,-1.1983664240427685,-1.0593666114330558,0.6392291183770002,-0.936041560641173
subject_05_task_1,5,1,,1,218,1085.0,1115.0,0.7892015638046682,30.0,0.6194444444444445,eye,中,4.066666666666666,6,68.83333333333333,1.4719601443879744,67.0,70.0,8.114359139094134,3.1537209825158827,1.6554678318264913,0.9448781638108396,1.9930630036555188,0.9462934189546665,1.7520436975172902,2.1093333299366215,2.6099849994589155,2.153426483072191,1.198820097789485,1.8274176206639992,0.71922462813228,1.796288272980169,1.5243468340525743,4.366732871047981,2.5156508321279354,1.5521770532713142,3.4798153222373847,1.399954510867447,1.6207241479482235,2.24189329104141,7.701900967549872,8.116690534370996,5.668770211035056,5.416937537193657,2.3910747272834936,1.431825639813503,0.9555754309195368,2995,3.247884383378016,0.1940792777320912,0.993322203672788,0.8974958263772955,0.0801335559265442,0.0060100166944908,6,3,3787.7610540266337,9.169112242901914,0.3056370747633971,0.1262587018008877,0.4207800021310626,1.0795593558498475,3.253033884841185,0.0,0.0,0.0,0.0,0.0,0.0,0.0,0.0,0.0,0.0,0.0,0.0,36.0,5.0,0.032286995515695,20.0,1.0,0.0,2.0,3.0,0.0833333333333333,0.0,0.0555555555555555,9.0,57.0,9.0,998.0,0.895067264573991,29.914285714285715,2.0,4.0,0.0666666666666666,2,180.0,2,4.0,90.0,28.284271247461902,90.0,0.006,-0.6504067762108175,-0.9160505451079057,-1.1931601003934422,-1.4490774096143004,-1.255967177927576,0.7210431426965049,-0.9226900364816988,-0.37143106559627215,-0.7237708096619322,-0.9849699805356944,-1.1764629340250317,-0.9573743826520559,0.19535265312566039,-0.7876217174097947,-0.2854874809680617,-0.30569462213380816,-0.7049053015774075,-0.4973329865248842,-0.3956492265210736,0.9227889096153186,0.3320293362900272,-0.11061047644268489,-0.09455315748383453,-0.5299625496102796,-1.1230222858921648,-0.9997515622130809,0.4896678206974117,-1.3088773643091847
subject_05_task_1,5,1,,1,219,1090.0,1120.0,0.7927405842701599,30.0,0.6222222222222222,eye,中,4.066666666666666,5,69.2,1.3038404810405295,67.0,70.0,8.417266187050442,3.4249292163166167,1.7222712165950085,0.9181429255051748,2.1734915633406295,1.135164778349953,1.875820385641365,2.367269303027897,2.6826356113695216,2.3262754706180604,1.1385731397596317,1.964428793843547,0.7909380102926127,2.043149789313639,1.7253426461986137,4.082451049090707,2.677307683953986,1.521665884661296,3.5114869001920304,1.4317072608746195,1.7594583087797369,2.3076596088461585,8.501346258022066,8.212355020248973,5.354299927460506,6.009326666344414,2.516412894807695,1.5337868874566418,1.1223365795263884,2995,3.221331769436998,0.1963269280338861,0.989983305509182,0.8891485809682804,0.0841402337228714,0.008347245409015,6,3,3813.0554548363,8.944331875866474,0.2981443958622158,0.1271018484945433,0.4889372040922591,1.0418013542371811,3.2537106109614644,0.0,0.0,0.0,0.0,0.0,0.0,0.0,0.0,0.0,0.0,0.0,0.0,36.0,5.0,0.0321428571428571,20.0,1.0,0.0,2.0,3.0,0.0833333333333333,0.0,0.0555555555555555,9.0,62.0,9.0,998.0,0.8910714285714286,29.914285714285715,2.0,0.0,0.0,3,250.0,3,6.0,83.33333333333333,23.09401076758503,70.0,0.008333333333333333,-0.33827028074534315,-0.739103080337861,-1.3072422967322828,-1.1705505522446953,-0.8864703909270291,1.5376041868224717,-0.11166069829592686,-0.3196761594825129,-0.36283438743739344,-1.2278010254177738,-0.9342920107935412,-0.7464884238671629,1.1604253573398473,-0.02535810734928069,-0.42236632395546747,-0.054695288904336614,-0.7810521085346307,-0.4613024689912498,-0.34660005257039234,1.8450527482098824,0.5752086009892028,0.4000803094504262,-0.02271409775216956,-0.6997570619572173,-0.8483028193324208,-0.938093302913068,0.8645408506334068,-0.386073298848563
subject_05_task_1,5,1,,1,220,1095.0,1125.0,0.7962796047356517,30.0,0.625,eye,中,4.066666666666666,5,70.0,0.7071067811865476,69.0,71.0,4.771784232365283,3.1816043496358453,1.620801286957591,0.9378634230136964,2.2514515147212544,1.2023326486399888,1.7281847731617117,2.4006176800098693,2.6352366804359733,2.209702613316695,1.1525530749880972,2.0512525757948596,0.835384139415288,1.9172241706435211,1.7797467381847414,4.045333066178853,2.690602918184678,1.4886926013589226,3.4926719764730505,1.4426204274392802,1.8073596360515367,2.346133764139646,8.773500357488407,8.437701823975418,5.699074003300488,6.102766920103076,2.6607950380575196,1.480539087418222,1.0708348262487553,2994,3.249866242038216,0.1967088289592876,0.9893119572478288,0.8824315297261189,0.0895123580494322,0.0083500334001336,12,9,3507.3101547937313,8.121781883999207,0.2707260627999736,0.1169103384931243,0.5169203520601175,1.085247334889503,3.2539128833946815,0.0,0.0,0.0,0.0,0.0,0.0,0.0,0.0,0.0,0.0,0.0,0.0,36.0,5.0,0.032,20.0,1.0,0.0,2.0,3.0,0.0833333333333333,0.0,0.0555555555555555,9.0,67.0,9.0,998.0,0.8871111111111111,29.914285714285715,2.0,0.0,0.0,3,250.0,3,6.0,83.33333333333333,23.09401076758503,70.0,0.008333333333333333,-0.6183155068100624,-1.007874593367505,-1.2230927693203617,-1.0502040821701768,-0.7550671313682529,0.5636446173458799,-0.006803233906158122,-0.35344225113466354,-0.6062572193569671,-1.171453578344514,-0.780828647582681,-0.615786673762046,0.668135675477684,0.18096589073122943,-0.4402382600505039,-0.03405221136485765,-0.8633436218641876,-0.48270687896164916,-0.32974224324484147,2.1634866631064193,0.7174716484958192,0.5739340960658996,0.1465096465105975,-0.5136003751895856,-0.8049700581377871,-0.8670666411815541,0.6687687842921645,-0.671067901608196
subject_05_task_1,5,1,,1,221,1100.0,1130.0,0.7998186252011436,30.0,0.6277777777777778,eye,中,4.066666666666666,6,70.5,0.5477225575051661,70.0,71.0,3.6065573770492425,2.9271836916775436,1.5171939035892243,0.8993748716223925,2.2520041618045115,1.2670516991969674,1.686942732625319,2.503966068945306,2.704333444115926,2.1971232598579067,1.125872652490385,2.075670098829597,0.8707989518005824,1.9514847038854335,1.84361001596255,3.821613756858547,2.6938030251871177,1.4532335721270324,3.440329675278534,1.484369121582529,1.8536614325832836,2.367361820745084,8.60458080173448,8.605355522112745,5.526246060619994,6.146387698304003,2.750866370022637,1.5571792185357929,1.1122175217826682,2994,3.239342608112638,0.2002595413999039,0.9849699398797596,0.8894455577822311,0.0861723446893787,0.0083500334001336,12,9,3836.167901648747,9.291271669292074,0.3097090556430691,0.1278722633882915,0.4299818380361994,1.5741861263682546,3.2519833123987,0.0,0.0,0.0,0.0,0.0,0.0,0.0,0.0,0.0,0.0,0.0,0.0,36.0,5.0,0.031858407079646,20.0,1.0,0.0,2.0,3.0,0.0833333333333333,0.0,0.0555555555555555,9.0,72.0,9.0,998.0,0.8831858407079646,29.914285714285715,2.0,0.0,0.0,3,250.0,3,6.0,83.33333333333333,23.09401076758503,70.0,0.008333333333333333,-0.9111309993052963,-1.2823077509390433,-1.3873276426519356,-1.0493509630431233,-0.6284545982923336,0.2915687992522138,0.3181556094701098,-0.3042190385150531,-0.6325249279260322,-1.2789915368552893,-0.7376700207413539,-0.511643117286599,0.80207273441938,0.4231632387726871,-0.5479568612711877,-0.02908350935933006,-0.9518388181093002,-0.5422530185206085,-0.26525211370382734,2.471287368767181,0.7959650683589923,0.46602719898513084,0.2724088652664956,-0.6069167798870179,-0.7847409952995497,-0.8227573804710814,0.9505456243254576,-0.4420690011002334
subject_05_task_1,5,1,,1,222,1105.0,1135.0,0.8033576456666354,30.0,0.6305555555555555,eye,中,4.066666666666666,6,70.5,0.5477225575051661,70.0,71.0,3.6065573770492425,3.0473267342408707,1.5552715824281629,0.8751621042119608,2.20452051668048,1.221439322354814,1.7771240035908618,2.518985346909575,2.7183433891467934,2.145999765236825,1.142718226299108,2.111233475363828,0.8384029468415773,1.877978066550158,1.8475538647890697,4.330560801093581,2.627878175535546,1.472840527477992,3.509355629027449,1.4537990775391918,1.784224514812459,2.3827125636179156,9.308469651677456,8.83390024189431,5.353336647294243,5.953394076506957,2.549259037049779,1.6501671432076408,1.1120903594800082,2994,3.2282121926574603,0.2039292464892198,0.9789579158316634,0.8851035404141616,0.0865063460253841,0.0130260521042084,12,9,3663.556276087391,9.303301852931458,0.3101100617643819,0.1221185425362463,0.3340076352846191,1.853556043038203,3.2498531973389797,0.0,0.0,0.0,0.0,0.0,0.0,0.0,0.0,0.0,0.0,0.0,0.0,36.0,5.0,0.0317180616740088,20.0,1.0,0.0,2.0,3.0,0.0833333333333333,0.0,0.0555555555555555,9.0,77.0,9.0,998.0,0.879295154185022,29.914285714285715,2.0,0.0,0.0,4,390.0,4,8.0,97.5,34.03429642777023,90.0,0.013,-0.7728570695844547,-1.1814483594841736,-1.4906461788116927,-1.122651279112439,-0.717687961913978,0.886499184741397,0.36538079842457477,-0.29423862168630477,-0.7392789882311411,-1.2110938632900377,-0.6748107989081269,-0.6069093334483978,0.5147081815134568,0.43812003021992185,-0.3029039694713679,-0.13144287810172625,-0.9029056860090041,-0.4637270656808857,-0.31247433564123206,2.0096911913032276,0.8527263785403529,0.9156759169686407,0.44403407837522124,-0.7002771736963138,-0.874241464198304,-0.9219351286284754,1.2924271320057081,-0.44277267753115435
subject_05_task_1,5,1,,1,223,1110.0,1140.0,0.8068966661321271,30.0,0.6333333333333333,eye,中,4.066666666666666,6,70.33333333333333,0.816496580927726,69.0,71.0,-0.9210526315790356,3.008056093433508,1.532520067423015,0.8353640022088201,2.2762313230579503,1.2672180785870772,1.8345536357453949,2.7248376959496388,2.7989671556978877,2.0571191071788086,1.1397430778295474,2.076363911851306,0.8525303896606259,1.8048972151655904,1.821782428198993,4.343518974809805,2.5979495300104323,1.508500726280854,3.4523406219881623,1.437384825308489,1.7222063501524252,2.2885906263364983,9.044158442986438,8.889829725971106,5.353864156523503,5.966681274235891,2.554348098757973,1.660451118308474,1.1144625825004713,2994,3.193874496644295,0.1728487912008221,0.9822979291917168,0.8861055444221777,0.0878423513694054,0.0093520374081496,12,9,3490.9446505260344,9.31533203657084,0.3105110678856946,0.1163648216842011,0.2459121733313234,1.98714484480173,3.247512432922196,0.0,0.0,0.0,0.0,0.0,0.0,0.0,0.0,0.0,0.0,0.0,0.0,36.0,5.0,0.031578947368421,20.0,1.0,0.0,2.0,3.0,0.0833333333333333,0.0,0.0555555555555555,9.0,82.0,9.0,998.0,0.875438596491228,29.914285714285715,2.0,0.0,0.0,3,280.0,3,6.0,93.33333333333333,40.414518843273804,70.0,0.009333333333333334,-0.8180540756801469,-1.2417121157861717,-1.6604690483416604,-1.0119515895809417,-0.6281291034673611,1.2653653598394734,1.0126433434859812,-0.23680379273367524,-0.9248760644992898,-1.2230854797162933,-0.7364436876174332,-0.5653650744227545,0.22900818290894634,0.3403835247581854,-0.2966647389314246,-0.17791211207733307,-0.8139084303153581,-0.5285890126843181,-0.33782979344416975,1.5974126994080997,0.5046986302314087,0.7468322193504497,0.48603421573527655,-0.6999923513235202,-0.8680795485038014,-0.9194316399259059,1.3302374275341498,-0.4296455369126673
subject_05_task_1,5,1,,1,224,1115.0,1145.0,0.8104356865976189,30.0,0.6361111111111111,eye,中,4.066666666666666,6,69.66666666666667,1.505545305418162,68.0,71.0,-9.550338241146036,3.030809231762473,1.5601460972138046,0.8355815086714615,2.1247212081820503,1.1743677389421194,1.8671381319751432,2.5428054428349727,2.764862768604441,2.0428969781627,1.1184640325815367,1.9926224288166123,0.8267389108574809,1.8265200477188983,1.781570413326053,5.1728160877017775,2.5437469309917886,1.4686863763938782,3.3993906417008626,1.4063547562790657,1.7319878306746113,2.314578998170812,8.576459234434754,8.9921692961156,5.3876954387549505,5.576193085158054,2.503269900671483,1.669019601856636,1.0349866930203953,2994,3.2054791946308723,0.1760235856038738,0.9802939211756848,0.8861055444221777,0.0878423513694054,0.0100200400801603,12,9,3318.3330249646774,9.327362220210222,0.3109120740070074,0.1106111008321559,0.3431263028774652,1.9349570139021792,3.2449281467443356,0.0,0.0,0.0,0.0,0.0,0.0,0.0,0.0,0.0,0.0,0.0,0.0,36.0,5.0,0.0314410480349345,20.0,1.0,0.0,2.0,3.0,0.0833333333333333,0.0,0.0555555555555555,9.0,87.0,9.0,998.0,0.8716157205240175,29.914285714285715,2.0,0.0,0.0,4,300.0,3,6.0,93.33333333333333,40.414518843273804,70.0,0.009333333333333334,-0.7918672421931429,-1.1685368425559193,-1.659540924391826,-1.245837157529499,-0.8097760311993675,1.4803269222058102,0.4402784422172089,-0.2610991056797038,-0.9545741520401719,-1.3088526779390992,-0.8844590048259806,-0.6412095064106524,0.31353980936465775,0.18788206068497856,0.10263349450437255,-0.2620707237248201,-0.9132732122324768,-0.5888264658317165,-0.3857626261336859,1.6624371008926413,0.6007939167602955,0.4480629611867438,0.5628859170228462,-0.6817255503931918,-1.0491677922315885,-0.9445588046547672,1.3617405080074132,-0.8694402644676913
subject_05_task_1,5,1,,1,225,1120.0,1150.0,0.8139747070631107,30.0,0.6388888888888888,eye,中,4.066666666666666,7,69.42857142857143,1.5118578920369088,68.0,71.0,-8.678269049858882,3.2606470074485925,1.634413730064917,0.878866606892879,2.060171929288282,1.0819856981470726,1.859683502873296,2.344123571348054,2.7758865902710936,2.050645679196262,1.1916359159026964,1.921870009034524,0.8062847922012022,1.7208659556411934,1.612799667571832,5.11425257190235,2.5329990566136047,1.5541341898811958,3.325990763573873,1.3897234223266044,1.6298457836560671,2.140092396930103,8.477195495699274,9.303785818321176,5.586652234897492,5.495985127368789,2.587854455701272,1.665359758784393,0.9837707622174257,2995,3.2123388124790337,0.1790772093610715,0.9836393989983304,0.89449081803005,0.0854757929883138,0.0076794657762938,9,6,3248.6203095874725,9.57689710133178,0.319229903377726,0.1082873436529157,0.4367235207412086,1.5244776393765596,3.242440010528532,0.0,0.0,0.0,0.0,0.0,0.0,0.0,0.0,0.0,0.0,0.0,0.0,36.0,5.0,0.0313043478260869,20.0,1.0,0.0,2.0,3.0,0.0833333333333333,0.0,0.0555555555555555,9.0,92.0,9.0,998.0,0.8678260869565217,29.914285714285715,2.0,0.0,0.0,3,230.0,2,4.0,105.0,49.49747468305833,105.0,0.007,-0.5273444553187753,-0.9718182272789566,-1.4748386592620082,-1.3454816252741426,-0.9905068066838751,1.4311483586553435,-0.18443793530228145,-0.2532459460108704,-0.9383936208860665,-1.0139265030098639,-1.0095158043691583,-0.7013584813158584,-0.09950099937358518,-0.45217007053925296,0.07443574964432631,-0.27875859851692064,-0.7000208703867701,-0.672328323541752,-0.41145341486479975,0.9834268571241069,-0.04439232455471216,0.38465264737331323,0.7968937386992658,-0.574301180131118,-1.0863640983307599,-0.9029486827755248,1.3482846461648448,-1.152853215003032
subject_05_task_1,5,1,,1,226,1125.0,1155.0,0.8175137275286025,30.0,0.6416666666666667,eye,中,4.066666666666666,7,69.71428571428571,1.9760470401187071,68.0,73.0,-0.5421686746987684,3.5312364632793596,1.731462676128533,0.8996300984413482,1.9511114239132896,1.0048643482341637,1.9246384476557352,2.1687929597883424,2.8530102339593046,2.196945881422969,1.2346283809437535,1.8439860047026957,0.7809773515442983,1.7794389917908875,1.4935554966694893,5.6771569712677366,2.479380214602765,1.647301536242083,3.3165419858561043,1.381938957068216,1.5051161915740492,2.0133180919760365,8.685178885349197,9.592902527554148,5.273970899900505,5.279640403148124,2.4982955335516457,1.8189145730279097,1.0010749970667694,2995,3.1922648048452222,0.1709319718775821,0.9836393989983304,0.89449081803005,0.0854757929883138,0.008347245409015,9,6,3848.772185752491,11.34613826079909,0.378204608693303,0.1282924061917497,0.4367235207412087,1.5244776393765596,3.242440010528532,0.0,0.0,0.0,0.0,0.0,0.0,0.0,0.0,0.0,0.0,0.0,0.0,36.0,5.0,0.0311688311688311,20.0,1.0,0.0,2.0,3.0,0.0833333333333333,0.0,0.0555555555555555,9.0,97.0,9.0,998.0,0.8640692640692641,29.914285714285715,2.0,0.0,0.0,3,250.0,2,4.0,115.0,35.35533905932738,115.0,0.007666666666666666,-0.2159201181248621,-0.7147569268064293,-1.3862385618014808,-1.5138378981294551,-1.1413824666738348,1.8596594000844495,-0.7357308323448356,-0.1983045376281604,-0.6328953225612286,-0.8406413190043402,-1.1471778708729414,-0.7757795130194093,0.12948259932821277,-0.9043958717646527,0.34546856618943383,-0.36201082965487974,-0.4675028692332568,-0.6830775306611132,-0.4234782502093127,0.15426126668528692,-0.5131563254982643,0.5175137724295337,1.0140053695557,-0.7431297708402832,-1.1866936018719882,-0.9470058710495202,1.912847750357103,-1.0570969887952948
subject_05_task_1,5,1,,1,227,1130.0,1160.0,0.8210527479940942,30.0,0.6444444444444445,eye,中,4.066666666666666,5,69.2,2.16794833886788,68.0,73.0,12.966101694915356,3.7012118242593104,1.7321690050768506,0.8858449784288331,1.9464645346457905,0.9549730290859328,1.9553861536237285,2.197297023795417,2.831880511277958,2.2864653630021423,1.1756687638031582,1.8979402792152744,0.7868388600888382,1.9448210528326704,1.6143494984723823,5.216845154254235,2.438896842250327,1.6277341512950518,3.4098117418921627,1.414734036690109,1.4983385587320268,2.0948210364568816,8.731780486198804,9.362655735041116,5.300580862245586,5.376724831022728,2.514611521995984,1.766345232411875,1.0143652121825917,2995,3.228541005737428,0.1930762268151516,0.9796327212020032,0.867779632721202,0.1001669449081803,0.0126878130217028,9,6,3848.772185752491,11.34613826079909,0.378204608693303,0.1282924061917497,0.4367235207412087,1.5244776393765596,3.242440010528532,0.0,0.0,0.0,0.0,0.0,0.0,0.0,0.0,0.0,0.0,0.0,0.0,36.0,5.0,0.0310344827586206,20.0,1.0,0.0,2.0,3.0,0.0833333333333333,0.0,0.0555555555555555,9.0,102.0,9.0,998.0,0.8603448275862069,29.914285714285715,2.0,0.0,0.0,6,380.0,3,6.0,106.66666666666667,28.867513459481287,90.0,0.010666666666666666,-0.020293633087012902,-0.7128860168647914,-1.4450611819645116,-1.5210112828002627,-1.2389869006309626,2.0625035646054366,-0.6461053648685251,-0.2133569478532587,-0.44596428027202883,-1.0782836150519468,-1.0518122436195072,-0.7585427043220099,0.7760220650524192,-0.44629243714668004,0.12383304798275745,-0.42486804450573107,-0.5163372453682317,-0.5769711161014286,-0.37281896669096154,0.10920555982834759,-0.21178889652782779,0.5472831743453372,0.8411019882375151,-0.7287620362213064,-1.1416708610340456,-0.9389794616475893,1.7195701232781995,-0.9835530929767268
subject_05_task_1,5,1,,1,228,1135.0,1165.0,0.824591768459586,30.0,0.6472222222222223,eye,中,4.066666666666666,6,69.33333333333333,1.96638416050035,68.0,73.0,7.358490566037729,3.3847099552689435,1.7672097617600102,0.9148307242610512,1.8589421912078128,0.8934289716171472,1.931734161188632,2.032006732949816,2.662178105542861,2.455923269849425,1.1800342744672143,1.8365638446230748,0.7834451600204478,2.0812304549020615,1.5563648313963452,4.939127504306237,2.542010538931179,1.616214046455091,3.3919492671470373,1.420458351288299,1.572817996791128,2.0987005245912447,8.325698944414706,9.550273628972636,5.209307769173462,5.293612964452429,2.5405168836325625,1.833309539798593,1.0161835696823005,2995,3.255404312668464,0.1895269889751389,0.9826377295492488,0.862771285475793,0.1011686143572621,0.0110183639398998,10,6,3424.7657832887508,10.0961720290677,0.33653906763559,0.1141588594429583,0.4367235207412087,1.5244776393765596,3.2424400105285316,0.0,0.0,0.0,0.0,0.0,0.0,0.0,0.0,0.0,0.0,0.0,0.0,36.0,5.0,0.030901287553648,20.0,1.0,0.0,2.0,3.0,0.0833333333333333,0.0,0.0555555555555555,9.0,107.0,9.0,998.0,0.8566523605150215,29.914285714285715,2.0,0.0,0.0,6,330.0,3,6.0,90.0,0.0,90.0,0.009,-0.384559064156158,-0.6200707638623539,-1.3213758229917365,-1.6561191798535189,-1.3593880645051546,1.9064701795539483,-1.1658284325214565,-0.33424969527988896,-0.09210897869621673,-1.060688012706824,-1.1602967378758409,-0.7685224831469826,1.3092967224012646,-0.6661955345376972,-0.009885212088675056,-0.2647667631720494,-0.5450880025282654,-0.5972919921379805,-0.3639764915537967,0.6043229269501581,-0.19744399927016976,0.28787567744468356,0.9819932810216276,-0.778043863910771,-1.1802138499671977,-0.9262357018128978,1.9657726108692148,-0.9734908710070997
subject_05_task_1,5,1,,1,229,1140.0,1170.0,0.8281307889250779,30.0,0.65,eye,中,4.066666666666666,7,69.85714285714286,1.9518001458970664,68.0,73.0,7.355305466237915,3.6175247179894146,1.762717700841414,0.9032284091636006,1.732662813634607,0.8118185323194355,1.951574688038998,1.91829973023,2.628355216142412,2.4754802047662037,1.2235077932689795,1.8564388085415449,0.7636808119917303,2.0232647625007703,1.517308527787546,4.812788272224887,2.5704190497356545,1.6811438302815664,3.4072442146745576,1.48979513016027,1.5289703375975556,2.0267416465513812,9.49414708053604,9.957678854044056,5.346356579443365,5.551357957475013,2.5031354421571503,1.8625167824254616,1.038344127441831,2995,3.263555630706797,0.2027944576403516,0.9792988313856428,0.851085141903172,0.1091819699499165,0.0146911519198664,15,8,2953.6734852676877,8.885267679963205,0.2961755893321068,0.0984557828422562,0.4115330350739879,1.693212617077756,3.238149898874947,0.0,0.0,0.0,0.0,0.0,0.0,0.0,0.0,0.0,0.0,0.0,0.0,36.0,5.0,0.0307692307692307,20.0,1.0,0.0,2.0,3.0,0.0833333333333333,0.0,0.0555555555555555,9.0,112.0,9.0,998.0,0.852991452991453,29.914285714285715,2.0,0.0,0.0,7,441.0,4,8.0,95.25,10.5,90.0,0.0127,-0.11661003064124277,-0.6319692446637755,-1.3708841749951672,-1.8510561579430098,-1.5190459141799542,2.037359134222892,-1.5233579157405592,-0.35834447465449676,-0.05127096038461345,-0.8854638961613486,-1.1251672061038516,-0.826643064804612,1.0826874543864216,-0.8143140384338461,-0.0707162838475001,-0.2206577929092963,-0.38304256343008974,-0.5798920104933809,-0.2568704384622374,0.3128366034745592,-0.4635210374018111,1.0342878510140523,1.2879334429353166,-0.7040459788228793,-1.0606850411027975,-0.9446249495339016,2.073156619918723,-0.8508612719415445
subject_05_task_1,5,1,,1,230,1145.0,1175.0,0.8316698093905697,30.0,0.6527777777777778,eye,中,4.066666666666666,5,70.6,1.8165902124584947,68.0,73.0,4.965517241379213,4.976736099045612,1.9556370897630713,1.0340407687450748,1.8388477822376117,0.736336362166354,1.8912572394379168,1.7783126524781618,2.91969529956677,2.4996738357731614,1.2003816262713118,1.8342876327327855,0.7184389912321123,2.082399281250063,1.5280870621375189,4.74451783694987,2.620819337339914,1.7025711351784327,3.4434719029376852,1.4970235648455597,1.5393303006192731,2.0225127936148186,10.93697446334697,10.045836903532432,5.100625140057968,5.549313197929521,2.388848873455757,1.9695305237464016,1.0879672678448302,2995,3.251905985796415,0.1999907253127341,0.9792988313856428,0.84440734557596,0.1148580968280467,0.0146911519198664,15,8,2609.540831163539,8.18118825667473,0.272706275222491,0.0869846943721179,0.3584510524828971,1.833734630054784,3.229109674914287,0.0,0.0,0.0,0.0,0.0,0.0,0.0,0.0,0.0,0.0,0.0,0.0,36.0,5.0,0.0306382978723404,20.0,1.0,0.0,2.0,3.0,0.0833333333333333,0.0,0.0555555555555555,9.0,117.0,9.0,998.0,0.8493617021276596,29.914285714285715,2.0,0.0,0.0,8,441.0,4,8.0,95.25,10.5,90.0,0.0127,1.4477210780941474,-0.12096823935601408,-0.812693478555452,-1.6871388398837128,-1.6667147795743131,1.6394418886156934,-1.9635199670549663,-0.15079937257943482,-0.000750776608849887,-0.9786760927568748,-1.1643200034398797,-0.9596846877298202,1.3138660956319579,-0.7734371444476075,-0.10358781297430925,-0.1424029064609628,-0.32956637998887245,-0.5386783280227165,-0.24570451581963743,0.38170658623036063,-0.4791577551315058,1.9559752495358451,1.3541355588501054,-0.836725764793382,-1.0616332949176266,-1.0008465381105704,2.4666057624221014,-0.5762623255600404
subject_05_task_1,5,1,,1,231,1150.0,1180.0,0.8352088298560614,30.0,0.6555555555555556,eye,中,4.066666666666666,6,69.66666666666667,2.6583202716502514,66.0,73.0,-16.47761194029849,4.082526765024489,1.7419095032120326,0.9260252547323669,1.7536313491166018,0.7267335494631575,1.8810604724980928,1.893718708161392,2.70828143845921,2.430945679475864,1.1355523338536089,1.8360959764855211,0.7331717484295184,2.1407605858430236,1.6169188523919005,4.754417452567939,2.6794286683457917,1.6736210704763488,3.5314258852799756,1.5419120781108404,1.6009768971079985,2.1100510429609107,10.701670190694434,9.802288077466407,5.083010327486973,5.690932918757593,2.4757533522680486,1.9284415033468232,1.119598929001424,2994,3.2646600135318,0.1899086888196655,0.9769539078156312,0.8363393453573814,0.1195724782899131,0.0146960587842351,15,8,2001.3796904125024,6.423102898668144,0.2141034299556048,0.0667126563470834,0.3273996953124375,1.86235548907834,3.2238214168387387,0.0,0.0,0.0,0.0,0.0,0.0,0.0,0.0,0.0,0.0,0.0,0.0,36.0,5.0,0.0305084745762711,20.0,1.0,0.0,2.0,3.0,0.0833333333333333,0.0,0.0555555555555555,9.0,122.0,9.0,998.0,0.8457627118644068,29.914285714285715,2.0,0.0,0.0,8,441.0,4,8.0,95.25,10.5,90.0,0.0127,0.41856586469105794,-0.6870855809049943,-1.2736075327469036,-1.8186871122573613,-1.6855011559278246,1.5721733036722552,-1.6006481433164481,-0.30140656287030904,-0.14426619542756008,-1.2399766684466218,-1.16112370735718,-0.9163603940830122,1.542021957596742,-0.436548328683405,-0.09882124744967676,-0.05140210545977622,-0.40181713565297666,-0.43861929378466985,-0.17636423836212997,0.7915150023639277,-0.15547402431605137,1.8056613689525303,1.1712430412898154,-0.8462366746211009,-0.9959573865565086,-0.9580951640097316,2.3155369403907895,-0.4012226010412662
subject_05_task_1,5,1,,1,232,1155.0,1185.0,0.8387478503215532,30.0,0.6583333333333333,eye,中,4.066666666666666,6,68.5,2.4289915602982237,66.0,71.0,-15.547024952015317,4.747272783903559,1.832617507718555,0.9987830344844671,1.9055966350547853,0.7694415183388554,1.834850457451433,1.9079185060831352,2.720960931428293,2.3967373527201965,1.1637597017526045,1.8719885992966545,0.705310233664787,2.059477870827411,1.6085697042761216,4.688262801706225,2.673547107492016,1.624553004443852,3.547565670200425,1.5385885340903442,1.645712451473552,2.1837180199699886,10.627702663659909,8.885857093388779,5.072907803105358,6.130730775779859,2.5272677943651725,1.7516299208019,1.2085239893433426,2994,3.261343676222597,0.1834383689979386,0.9779559118236472,0.8430193720774883,0.115564462257849,0.0136940547762191,15,8,1359.9176594537537,4.532079855201629,0.1510693285067209,0.0453305886484584,0.2758325415188119,1.8517180402336757,3.21503917856216,0.0,0.0,0.0,0.0,0.0,0.0,0.0,0.0,0.0,0.0,0.0,0.0,36.0,5.0,0.030379746835443,20.0,1.0,0.0,2.0,3.0,0.0833333333333333,0.0,0.0555555555555555,9.0,127.0,9.0,998.0,0.8421940928270042,29.914285714285715,2.0,0.0,0.0,8,411.0,4,8.0,87.75,20.982135258357285,90.0,0.0117,1.183629261918113,-0.44682003916042173,-0.9631421005723747,-1.584098898531635,-1.6019498047361225,1.2673235075801759,-1.555999649456432,-0.2923739346387339,-0.21569867093570858,-1.1262842125239139,-1.0976825338991505,-0.9982921350964747,1.2242578493992384,-0.4682119325949106,-0.13067404762466697,-0.06053421360100634,-0.524276442266162,-0.42025820030211286,-0.18149819018542843,1.0889037914231496,0.11691892544379112,1.7584104376354912,0.48305097501899047,-0.8516914132417145,-0.792001866899213,-0.9327533954865349,1.665467475682215,0.09086088417335833
subject_05_task_1,5,1,,1,233,1160.0,1190.0,0.842286870787045,30.0,0.6611111111111111,eye,中,4.066666666666666,6,68.5,2.4289915602982237,66.0,71.0,-15.547024952015317,4.075456763480141,1.5905766042371097,0.940509092434014,1.798786460542971,0.7467196795771082,1.6911868444788098,1.912566794955439,2.7452576039094883,2.1222158228693493,1.1811261047499482,1.8237068096349152,0.6844356366549667,1.796773277920765,1.5440407271508112,5.0315418666666805,2.565756189677729,1.6643292266974343,3.4785834728755933,1.5039392922554844,1.5416157744036112,2.090081347533759,10.799671357949508,8.369351531467638,5.0524168605723,6.044866441348238,2.472281098158089,1.6565045526587094,1.1964306604470325,2994,3.238352326365476,0.1693285149525515,0.9832999331997327,0.864061456245825,0.1038744154976619,0.0120240480961923,15,8,718.4556284950048,2.6410568117351136,0.0880352270578371,0.0239485209498334,0.4746291719007237,1.511323384114437,3.19057476819916,0.0,0.0,0.0,0.0,0.0,0.0,0.0,0.0,0.0,0.0,0.0,0.0,36.0,5.0,0.0302521008403361,20.0,1.0,0.0,2.0,3.0,0.0833333333333333,0.0,0.0555555555555555,9.0,132.0,9.0,998.0,0.838655462184874,29.914285714285715,2.0,0.0,0.0,6,361.0,4,8.0,85.25,21.219095173922945,85.0,0.011366666666666667,0.4104289232934398,-1.087933126320593,-1.2118034075123396,-1.748981344491379,-1.6464014698487717,0.3195674188549611,-1.541384012084801,-0.2750654499601975,-0.7889436763869405,-1.0562872878061778,-1.1830218920428075,-1.0596776014076594,0.197248716297151,-0.7129339023308391,0.034611375516625846,-0.22789766398349615,-0.4250068155879942,-0.49873437454831576,-0.235021639009022,0.3968997427876034,-0.22931449482344213,1.8682651439955664,0.09518212720101446,-0.8627552554444864,-0.8318213081934495,-0.9598032881070947,1.3157273949760289,0.023940182536929006
subject_05_task_1,5,1,,1,234,1165.0,1195.0,0.8458258912525367,30.0,0.6638888888888889,eye,中,4.066666666666666,6,68.0,2.3664319132398464,66.0,71.0,-11.545189504373104,4.801201200328568,1.7959525994244696,0.9995648077950796,1.8685018691485549,0.738304063962681,1.7967345242837491,1.8693153806307432,2.8715992164473776,2.0993549270961056,1.1188452112264116,1.7638319658125778,0.6523435697509999,1.876358683070125,1.5764754124291869,5.049286178643703,2.522332698627998,1.5812861848713309,3.410304077097636,1.530253089117796,1.595114611611712,2.1566646883562903,10.80384331036367,8.0732261803222,4.747841192902865,5.800980087951154,2.504180791766655,1.7003993714849104,1.221814263000737,2994,3.2012113958192856,0.1753069622503066,0.9829659318637276,0.8784235136940548,0.0965263861055444,0.0120240480961923,10,3,632.0767703507582,2.4083388484447275,0.0802779616148242,0.0210692256783586,0.5394914288825502,1.0069477909771902,3.1601655579812116,0.0,0.0,0.0,0.0,0.0,0.0,0.0,0.0,0.0,0.0,0.0,0.0,36.0,5.0,0.0301255230125523,20.0,1.0,0.0,2.0,3.0,0.0833333333333333,0.0,0.0555555555555555,9.0,137.0,9.0,998.0,0.8351464435146444,29.914285714285715,2.0,0.0,0.0,6,361.0,4,8.0,85.25,21.219095173922945,85.0,0.011366666666666667,1.2456960608239047,-0.5439373123516763,-0.9598061880477102,-1.6413619426459098,-1.6628652838442783,1.0158707772078737,-1.6773796450899872,-0.18506210211221008,-0.8366808951372267,-1.3073163014705007,-1.2888522843407781,-1.1540500336449366,0.5083774142985136,-0.5899274574328356,0.043155083574707154,-0.29531990545895437,-0.6322575622210368,-0.5764110211077839,-0.1943741360585418,0.7525442550559996,0.016885815653248412,1.8709302139915862,-0.12719262967722963,-1.0272072868950657,-0.9449231961408178,-0.9441107052413993,1.4771120789832453,0.1644051039426853
subject_05_task_1,5,1,,1,235,1170.0,1200.0,0.8493649117180285,30.0,0.6666666666666666,eye,中,4.066666666666666,6,66.33333333333333,0.5163977794943223,66.0,67.0,-0.8689024390244202,3.919694670789578,1.6021185315162634,0.9405696440751046,1.9080336810756544,0.7742548613199813,1.703349179519485,2.0285937283803066,2.734220769594702,2.0334354733585167,1.1486201347665712,1.8680768830971977,0.6603321791936184,1.770328946716368,1.626366129718628,4.95860177744491,2.51401883289338,1.5924428116853482,3.652977124820781,1.494534891415291,1.5787184409044428,2.2939455646477405,9.078911667677298,7.028072047356461,4.843804315884841,5.960362837387649,2.5825373869959063,1.4509405395070358,1.230512722787159,2995,3.1887964841108856,0.1846274475277178,0.9772954924874792,0.882804674457429,0.0908180300500834,0.0156928213689482,10,3,638.7421135216097,2.279731294607746,0.0759910431535915,0.0212914037840536,0.4823728386415129,1.0167605784488924,3.1496928024183304,0.0,0.0,0.0,0.0,0.0,0.0,0.0,0.0,0.0,0.0,0.0,0.0,36.0,5.0,0.03,20.0,1.0,0.0,2.0,3.0,0.0833333333333333,0.0,0.0555555555555555,9.0,142.0,9.0,998.0,0.8316666666666667,29.914285714285715,2.0,0.0,0.0,9,470.0,5,10.0,86.0,18.16590212458495,90.0,0.014333333333333333,0.23116064276430612,-1.0573611010005681,-1.211545027013593,-1.580336840182101,-1.5925332644414374,0.39980295553266215,-1.1765599594351321,-0.28292787959062843,-0.9743312923125496,-1.1873056647349782,-1.1045965971938325,-1.130558106323783,0.09386807355618762,-0.40072014080513285,-0.0005085451006502795,-0.30822857423715083,-0.604413938164572,-0.30033903273226537,-0.24954882461053318,0.6435473415048921,0.5244991908299722,0.7690328024813006,-0.912049094412666,-0.9753931329953665,-0.8710097130105826,-0.905564336150927,0.5599460933811363,0.21253966118947007
subject_05_task_1,5,1,,1,236,1175.0,1205.0,0.8529039321835203,30.0,0.6694444444444444,eye,中,4.066666666666666,6,66.33333333333333,0.5163977794943223,66.0,67.0,-0.8689024390244202,3.4445911354984813,1.6770746969463148,0.9742959406724374,1.852569747784428,0.7573465612830227,1.7213195980153988,1.9014445923954333,2.6818273379612827,2.1775775813615064,1.2469492552166952,1.8351888351390289,0.6614409954660131,1.7463241364886868,1.4717429979298629,4.764165449157973,2.753209628108179,1.6246524966694502,3.543288547148528,1.54539178443988,1.6946452449076213,2.1809516523763057,8.199037588868546,8.237441807120794,5.481784212511518,5.924437549007422,2.5350735103342705,1.502693555196831,1.0807498652510985,2995,3.213069830508474,0.191267501799966,0.9739565943238732,0.8767946577629382,0.0934891485809682,0.0176961602671118,10,3,354.30089020771294,1.132937685459931,0.037764589515331,0.0118100296735904,0.9060095779375862,0.3705486414404548,3.133559438556643,0.0,0.0,0.0,0.0,0.0,0.0,0.0,0.0,0.0,0.0,0.0,0.0,36.0,5.0,0.0298755186721991,20.0,1.0,0.0,2.0,3.0,0.0833333333333333,0.0,0.0555555555555555,9.0,147.0,9.0,998.0,0.8282157676348548,29.914285714285715,2.0,0.0,0.0,8,530.0,6,12.0,85.0,16.431676725154983,85.0,0.017,-0.31564116487542526,-0.8588187144479882,-1.0676312175981122,-1.6659562956825127,-1.6256116653027455,0.5183547112210565,-1.5763556078389824,-0.3202519579962146,-0.6733394410256227,-0.7909808735412408,-1.162727104016616,-1.1272974348050775,2.4417952603264628e-05,-0.9871183616323885,-0.09412768496473661,0.06315518979991849,-0.5240281392465956,-0.42512398113992206,-0.17098905917318444,1.4141945895594992,0.10668993194416024,0.20696359005475215,-0.003875223910741416,-0.630923429201571,-0.8876700053322353,-0.9289134888662951,0.7502224017670521,-0.616201175293341
subject_05_task_1,5,1,,1,237,1180.0,1210.0,0.8564429526490122,30.0,0.6722222222222223,eye,中,4.066666666666666,5,66.8,1.3038404810405295,66.0,69.0,6.348547717842424,3.4365879592603945,1.6497450348439189,0.9777823963651756,1.865678129353663,0.7884879207385274,1.687231270451082,1.9080708921424296,2.730430718128627,2.047276031788434,1.2537360428970377,1.8292285488963491,0.6533405002154596,1.6329402376099398,1.4590220639023086,4.707353604943091,2.671878393838474,1.6548428339647456,3.5237728083297952,1.4660024738069306,1.6145813602353218,2.129370074309344,9.13991101540087,7.93787223488215,5.651005417985782,5.748395205265542,2.45469108508579,1.4046831754253544,1.0172340636888777,2995,3.1994030612244893,0.1879001524545125,0.9716193656093488,0.8764607679465777,0.092821368948247,0.0210350584307178,5,1,321.0000000000011,1.000000000000003,0.0333333333333334,0.0107,1.0,-1.000088900581841e-12,3.12998,0.0,0.0,0.0,0.0,0.0,0.0,0.0,0.0,0.0,0.0,0.0,0.0,36.0,5.0,0.0297520661157024,20.0,1.0,0.0,2.0,3.0,0.0833333333333333,0.0,0.0555555555555555,9.0,152.0,9.0,998.0,0.824793388429752,29.914285714285715,2.0,0.0,0.0,9,630.0,7,14.0,87.14285714285714,16.035674514745462,90.0,0.02033333333333333,-0.3248521071412283,-0.9312089748935934,-1.052754128480064,-1.64572093865227,-1.5646885465277278,0.2934722978176189,-1.5555205012269813,-0.28562783975110695,-0.945429985384394,-0.7636260858855096,-1.1732620698052978,-1.1511183822500908,-0.44323505614641573,-1.0353616806928858,-0.12148201754419581,-0.06312517098795746,-0.4486820318790959,-0.4473256589564525,-0.2936234800085638,0.8819534661901594,-0.08403946640207327,0.8079995775679586,-0.22883641192456375,-0.5395544396243668,-0.9693093474214934,-0.9684564350975596,0.3898752220355435,-0.9676777655679134
subject_05_task_1,5,1,,1,238,1185.0,1215.0,0.8599819731145039,30.0,0.675,eye,中,4.066666666666666,5,67.4,1.51657508881031,66.0,69.0,9.130434782608676,3.474983437713265,1.6663812645198015,0.9504845083585524,2.0013868611497645,0.9744296251200047,1.753191398561112,2.1056491121628875,2.6899770128662257,2.0765705639637693,1.1436995243301915,1.8046228854987576,0.6979602884396559,1.81566094921646,1.5778819935731254,4.644881032635519,2.6455793038561835,1.58915603597569,3.56665790505346,1.6286770031224462,1.6647700061950708,2.244372373958639,9.545571025974008,8.40370564344289,4.996794268586161,5.685992497132403,2.5374651134028117,1.6818194209586124,1.1379280777836087,2995,3.2063035165585525,0.1935539182071496,0.969949916527546,0.8741235392320534,0.0941569282136894,0.0227045075125208,7,3,1393.5502183406245,2.9825327510917283,0.0994177583697242,0.0464516739446874,0.4488457428640375,1.0624782305744,3.2812031586566937,0.0,0.0,0.0,0.0,0.0,0.0,0.0,0.0,0.0,0.0,0.0,0.0,36.0,5.0,0.0296296296296296,20.0,1.0,0.0,2.0,3.0,0.0833333333333333,0.0,0.0555555555555555,9.0,157.0,9.0,998.0,0.8213991769547325,29.914285714285715,2.0,0.0,0.0,9,680.0,7,14.0,94.28571428571429,12.724180205607036,90.0,0.022,-0.2806623348837802,-0.887143263632404,-1.1692372128499322,-1.4362279035654197,-1.200923163791376,0.7286145842731954,-0.9342743403961681,-0.3144462854977919,-0.8842583014524811,-1.2071386490514922,-1.2167532397838898,-1.0199059566612256,0.27108758873209915,-0.5845930894717627,-0.1515619338646725,-0.10395891218440083,-0.6126167532934836,-0.39853831303872395,-0.0423365431624782,1.215592802019749,0.3411960584217085,1.0671377976238179,0.12098028081641615,-0.8927880164876143,-0.998248498811384,-0.9277369750791892,1.4088006125108858,-0.29979482152585446
subject_05_task_1,5,1,,1,239,1190.0,1220.0,0.8635209935799957,30.0,0.6777777777777778,eye,中,4.066666666666666,6,67.66666666666667,1.505545305418162,66.0,69.0,8.056379821958371,3.7014138255992353,1.743624470829877,0.9268352470559504,2.0339494291225164,0.9422532018118898,1.8812668986946923,2.194510227770538,2.767962534668469,2.1429098015491985,1.134966329566888,1.890968976324538,0.6760048838951671,1.8880822679267932,1.666101387383136,4.641391170931782,2.7772856089529925,1.6263871190251231,3.6850137855783416,1.5200249975392752,1.7076411737801591,2.265766706137703,9.281305490817047,8.119620097687218,5.000849139752209,5.929187780293247,2.4163017712836843,1.6236482786780375,1.1856362018925124,2995,3.201383219178082,0.2109209598672423,0.9662771285475792,0.8647746243739566,0.0968280467445742,0.0263772954924874,11,4,1419.9052708146778,3.0241159355416216,0.100803864518054,0.0473301756938225,0.4443958431381528,1.1136002047798228,3.278675961102193,0.0,0.0,0.0,0.0,0.0,0.0,0.0,0.0,0.0,0.0,0.0,0.0,36.0,5.0,0.0295081967213114,20.0,1.0,0.0,2.0,3.0,0.0833333333333333,0.0,0.0555555555555555,9.0,162.0,9.0,998.0,0.8180327868852459,29.914285714285715,2.0,0.0,0.0,10,790.0,7,14.0,107.14285714285714,29.840847683606285,100.0,0.025,-0.020061147555729932,-0.682543009099811,-1.2701512065965421,-1.3859611955610815,-1.2638712204347102,1.5735351076854736,-0.6548679012012003,-0.2588908916344348,-0.7457313282422136,-1.2423386139772048,-1.0641342084490735,-1.0844697298147916,0.554209230892501,-0.25002674759142035,-0.1532422672356376,0.1005371817825183,-0.5196990374888302,-0.2638931862765772,-0.21017369492840457,1.5005876968969543,0.42030430321474616,0.8983232765525153,-0.0923532076055671,-0.8905986367330547,-0.8854670935287253,-0.9873414907156158,1.1949272746925799,-0.035792976665765926
subject_05_task_1,5,1,,1,240,1195.0,1225.0,0.8670600140454875,30.0,0.6805555555555556,eye,中,4.066666666666666,7,68.14285714285714,1.4638501094227998,66.0,69.0,7.043147208121772,3.507780016687334,1.7436403634484137,0.9832054444976492,2.022557559513595,1.0227332918062175,1.7734242351956204,2.0571057359705565,2.744002467741518,2.241665888594387,1.253930350825807,1.928333478516583,0.7235039691350602,1.7877116437273268,1.5378314092538163,4.2779926281254195,2.737060042514189,1.6175661167675206,3.53675077915658,1.5864459892717602,1.69208542027563,2.1864644310331385,9.639125707947896,9.20421926007184,5.719506887208568,5.988396276913974,2.376419203764897,1.6092679738976592,1.047012687458558,2995,3.2182301369863016,0.2085050833105504,0.9659432387312188,0.8647746243739566,0.0974958263772955,0.0263772954924874,11,4,1484.9453312606938,2.8955443207584772,0.0965181440252825,0.0494981777086897,0.4249314683283912,1.2671719045897485,3.2607602029196534,0.0,0.0,0.0,0.0,0.0,0.0,0.0,0.0,0.0,0.0,0.0,0.0,36.0,5.0,0.0293877551020408,20.0,1.0,0.0,2.0,3.0,0.0833333333333333,0.0,0.0555555555555555,9.0,167.0,9.0,998.0,0.8146938775510204,29.914285714285715,2.0,0.0,0.0,10,791.0,7,14.0,107.28571428571429,29.747348821445616,100.0,0.025033333333333335,-0.242916396713835,-0.6825009130508103,-1.0296133868591917,-1.4035467798348502,-1.106424719463737,0.8620916263422408,-1.0869095149115018,-0.2759595849554156,-0.5395127715872234,-0.7628429094577709,-0.9980914487095099,-0.944790219094951,0.16182344651209515,-0.7364823386173507,-0.3282150169534162,0.03808025378430525,-0.5417136369512167,-0.43256153807510306,-0.1075717226038817,1.3971776293740665,0.12707412715177313,1.1269011293122255,0.722124425304597,-0.5025678810550754,-0.8580092523783163,-1.0069611304326944,1.1420563207857477,-0.8028921706733352
subject_05_task_1,5,1,,1,241,1200.0,1230.0,0.8705990345109793,30.0,0.6833333333333333,eye,中,4.066666666666666,5,69.0,0.0,69.0,69.0,1.0557805425601385e-13,3.379094470484153,1.6969892631185282,0.92029562816793,1.9028344146148837,0.9155234621854684,1.843961017718615,2.067633873696579,2.5604353612761166,2.267750033383534,1.2449060858277068,1.9017224733703308,0.7179630282830999,1.8216233812334237,1.5276031622143798,4.411863139897196,2.5843025169357183,1.6103816191186482,3.522441225082323,1.5076655227510036,1.604776461836475,2.1873332278905004,8.790301460083704,9.248351714918352,5.578187306180379,5.762005023472642,2.2659805738238905,1.657949295584176,1.0329529481895672,2994,3.217739707383464,0.1861548667186698,0.9752839011356046,0.8770875083500334,0.0938543754175016,0.0190380761523046,11,4,1504.0270859489335,2.6238004138950326,0.087460013796501,0.0501342361982977,0.4195403167236712,1.1204999092232883,3.2478427208459,0.0,0.0,0.0,0.0,0.0,0.0,0.0,0.0,0.0,0.0,0.0,0.0,36.0,5.0,0.0292682926829268,20.0,1.0,0.0,2.0,3.0,0.0833333333333333,0.0,0.0555555555555555,9.0,172.0,9.0,998.0,0.8113821138211382,29.914285714285715,2.0,0.0,0.0,6,571.0,5,10.0,110.2,35.21647341799005,100.0,0.018366666666666667,-0.3910219864520647,-0.8060694112745188,-1.2980564781873423,-1.588362927351854,-1.3161637063941793,1.327426332410045,-1.0538058401121626,-0.4067292799496068,-0.48504489167278,-0.7992160604091535,-1.0451271140120812,-0.9610843414600565,0.294396934294619,-0.7752723035903862,-0.2637577096402292,-0.19910138518041773,-0.5596440073852643,-0.4488405071782317,-0.22926564849753023,0.816773389559054,0.13028661323885316,0.5846667483067991,0.7552656064934821,-0.5788717183302642,-0.9629978170205395,-1.0612897823999885,1.3210391695027959,-0.8806943725958514
subject_05_task_1,5,1,,1,242,1205.0,1235.0,0.874138054976471,30.0,0.6861111111111111,eye,中,4.066666666666666,6,68.83333333333333,0.408248290463863,68.0,69.0,-2.0297699594045464,3.5067830981842736,1.6958197903696994,0.8898900389379502,2.105220867204004,1.149465290719912,1.9056509413158456,2.3657089922216734,2.7810873495433537,2.150978361728884,1.2070035175487277,1.8889065691679108,0.7532605370711201,1.7820812702329571,1.564955314301024,4.361850358379748,2.384810721707415,1.5381900864531155,3.453439536701652,1.5566487972275602,1.5504005276789337,2.2451318384614445,9.370489588803151,8.67630476595525,5.424254086391396,5.6313745391267735,2.350155223751269,1.5995387804053538,1.0381841354473071,2994,3.187215039128955,0.1874107439884684,0.9732798931195724,0.8841015364061456,0.0858383433533734,0.0200400801603206,6,3,1687.255763205008,2.8634176365263992,0.0954472545508799,0.0562418587735002,0.3739800531493736,1.0882642376082974,3.2250076780209733,0.0,0.0,0.0,0.0,0.0,0.0,0.0,0.0,0.0,0.0,0.0,0.0,36.0,5.0,0.0291497975708502,20.0,1.0,0.0,2.0,3.0,0.0833333333333333,0.0,0.0555555555555555,9.0,177.0,9.0,998.0,0.8080971659919028,29.914285714285715,2.0,0.0,0.0,8,601.0,5,10.0,110.2,35.21647341799005,100.0,0.018366666666666667,-0.24406376102298286,-0.8091670872192327,-1.4278004647819083,-1.2759397571386186,-0.858493712037867,1.7343978646755613,-0.11656679117381982,-0.24954102459620592,-0.7288828798647752,-0.95198593560083,-1.0677795684121265,-0.8572857370819013,0.13981224016996466,-0.633616684057341,-0.28783836179574823,-0.5088458038143657,-0.7398126129241369,-0.5273388550221688,-0.15360010299574306,0.45529819510998726,0.34400427432191566,0.9552946511199859,0.3256880620294343,-0.6619861407518921,-1.0235774853668929,-1.01988130727841,1.106285747871034,-0.8517466176244041
subject_05_task_1,5,1,,1,243,1210.0,1240.0,0.8776770754419628,30.0,0.6888888888888889,eye,中,4.066666666666666,7,68.14285714285714,1.2149857925879115,66.0,69.0,-6.50837988826817,3.32926635918183,1.6157501354243526,0.8781947691193983,2.0731650955566563,1.034077176646185,1.8398539734466093,2.360712188750001,2.7480457367082174,2.2684038042263666,1.21730349813714,2.011366259320646,0.7514928741725133,1.863466101672872,1.6523128886088585,4.549269235187346,2.5503160633971778,1.5572024835103488,3.651271469109964,1.5308644669249374,1.637754942214121,2.344763450979751,8.586543352041584,9.029305358473648,5.220682932430498,5.826597442591132,2.3236411145872897,1.7295257105893689,1.1160603924817456,2994,3.2152077080491135,0.2008565677301604,0.969939879759519,0.8774215096860387,0.0891783567134268,0.022378089512358,6,3,1782.9999999999957,2.999999999999991,0.0999999999999997,0.0594333333333331,0.3931575995513205,1.0823342789984118,3.215268524957935,0.0,0.0,0.0,0.0,0.0,0.0,0.0,0.0,0.0,0.0,0.0,0.0,36.0,5.0,0.0290322580645161,20.0,1.0,0.0,2.0,3.0,0.0833333333333333,0.0,0.0555555555555555,9.0,182.0,9.0,998.0,0.8048387096774193,29.914285714285715,2.0,0.0,0.0,9,671.0,6,12.0,103.5,34.37295448459442,90.5,0.0207,-0.44836969975562924,-1.0212539821675328,-1.4777054647830883,-1.3254241256503192,-1.084232212278464,1.3003319545441676,-0.13227826470000714,-0.273079237491561,-0.4836797132455471,-0.9104708926784979,-0.8513287817009808,-0.8624838643205209,0.45797555912826055,-0.3023187368660979,-0.19759805436139244,-0.2518710456101986,-0.6923633215837891,-0.3022794367779035,-0.19342972726228652,1.0360046136628338,0.7124047425513479,0.45450476027799724,0.5907731708710665,-0.7719019789728975,-0.9330431908283374,-1.0329245314633002,1.5841986363118359,-0.42080375596505787
subject_05_task_1,5,1,,1,244,1215.0,1245.0,0.8812160959074546,30.0,0.6916666666666667,eye,中,4.066666666666666,7,67.71428571428571,1.3801311186847085,66.0,69.0,-7.953020134228324,3.267284465455739,1.8205314349292383,0.9361360045869028,2.2022034104730976,1.1927878993890555,1.9447296397200329,2.352439602453795,2.72848358428214,2.3297476791751466,1.1931552255107098,2.023515527026825,0.7750008001254414,1.9525939537145616,1.6959365250742573,4.656733443816346,2.5305502453762982,1.5556465898549132,3.5374245036923337,1.5338770581528849,1.626687103535713,2.2739255347335994,9.332621578074088,10.193852617956397,5.1734136125698775,5.97622338952415,2.5272192538632,1.9704306249916543,1.1551798941812192,2994,3.2297150170648465,0.2111877699309358,0.9645958583834336,0.8704074816299265,0.0911823647294589,0.0253841015364061,6,3,710.4497816593727,1.017467248908266,0.0339155749636088,0.0236816593886457,0.9866988745674632,0.0797066141014044,3.047401854044113,0.0,0.0,0.0,0.0,0.0,0.0,0.0,0.0,0.0,0.0,0.0,0.0,36.0,5.0,0.0289156626506024,20.0,1.0,0.0,2.0,3.0,0.0833333333333333,0.0,0.0555555555555555,9.0,187.0,9.0,998.0,0.8016064257028113,29.914285714285715,2.0,0.0,0.0,10,761.0,7,14.0,101.57142857142857,35.739134212872514,90.0,0.0237,-0.5197053329657565,-0.47883338618626986,-1.230463853350798,-1.1262281868440098,-0.7737399158086118,1.9922020057915355,-0.15828979813789057,-0.2870149406545356,-0.35558385880193044,-1.0078027823826665,-0.8298546251872178,-0.7933546257560389,0.8064092010673434,-0.13687891868758956,-0.14585511688329525,-0.282560788036423,-0.6962463696354958,-0.43179508925044807,-0.18877611108263234,0.9624288820383029,0.45047260220096985,0.9311043226635988,1.4652876719058463,-0.7974244894736482,-0.8636544085192105,-0.9327772742691619,2.4699150950249944,-0.20432866264356242
subject_05_task_1,5,1,,1,245,1220.0,1250.0,0.8847551163729463,30.0,0.6944444444444444,eye,中,4.066666666666666,6,67.5,1.378404875209022,66.0,69.0,-9.473684210526262,3.4675676754915106,1.6518387293858756,0.9782872439837956,2.8211729745406937,2.013666159130796,1.6885007338532123,2.883787958894641,2.8952840171085605,2.136979599135316,1.1609145957543834,2.276933087936951,1.2945015116008192,1.840772445234585,1.9613269539929927,5.047458776852727,2.4152939438692034,1.540806948304499,3.679584284832558,1.7185068987522492,1.5675513058446342,2.3880891041421934,10.01017640199232,9.42112707701175,4.969540868200643,6.472270488582851,3.1839517548537732,1.8957741422947436,1.3023880193838333,2995,3.274308743169399,0.2298457533733359,0.9459098497495826,0.8634390651085142,0.0974958263772955,0.0260434056761268,5,2,2210.808499618415,3.9577468973355128,0.1319248965778504,0.0736936166539471,0.6905680752976145,0.6186453818132079,3.290421407388355,0.0,0.0,0.0,0.0,0.0,0.0,0.0,0.0,0.0,0.0,0.0,0.0,36.0,5.0,0.0288,20.0,1.0,0.0,2.0,3.0,0.0833333333333333,0.0,0.0555555555555555,9.0,192.0,9.0,998.0,0.7984,29.914285714285715,2.0,0.0,0.0,11,781.0,8,16.0,92.625,19.07082663576565,90.0,0.0247,-0.2891972159921629,-0.9256632388132157,-1.050599888278794,-0.17072730722684154,0.8321778922925939,0.3018470118032138,1.5124314304897322,-0.16818950321309917,-0.7581145424728783,-1.1377516805080394,-0.38193228962518133,0.7343296408147594,0.36925768721087143,0.8695971081667332,0.04227520796008023,-0.46151549674190223,-0.7332817036437367,-0.27006994583367827,0.09642567981734122,0.5693115167834613,0.872606816049427,1.3639306956954453,0.8850109288424631,-0.9075031678706155,-0.633613397069059,-0.6097074254220102,2.1954313816547177,0.6102750837366486
subject_05_task_1,5,1,,1,246,1225.0,1255.0,0.8882941368384382,30.0,0.6972222222222222,eye,中,4.066666666666666,6,66.83333333333333,0.7527726527090811,66.0,68.0,-1.153846153846165,3.615740738089295,1.732468358400168,1.0246231406634267,3.0089085225547056,2.118341667098477,1.690834697797693,2.9366002026915834,3.025997282333112,2.0913528756193913,1.2017636528668227,2.417091129652453,1.281192231721725,1.7402364188918862,2.0112865985640775,4.9101341211619,2.4977947837466212,1.6185509200110677,3.818644927203106,1.7924231444157488,1.5432290407826903,2.3592986046907902,10.784762650948704,9.18856210993044,5.06980461066809,6.955181553885716,3.3067788088944106,1.8124095138884624,1.3718835513404872,2995,3.3231470888661896,0.2647101175647575,0.932220367278798,0.8454090150250417,0.1071786310517529,0.0303839732888146,5,2,3848.3618230770935,7.259366683704106,0.2419788894568035,0.1282787274359031,0.8731985398404243,0.3802608660337544,3.3556862301973736,0.0,0.0,0.0,0.0,0.0,0.0,0.0,0.0,0.0,0.0,0.0,0.0,36.0,5.0,0.0286852589641434,20.0,1.0,0.0,2.0,3.0,0.0833333333333333,0.0,0.0555555555555555,9.0,197.0,9.0,998.0,0.7952191235059761,29.914285714285715,2.0,0.0,0.0,14,910.0,10,20.0,84.0,22.705848487901868,80.0,0.028,-0.11866323244194192,-0.7120930957902819,-0.8528795312688519,0.1190793192637782,1.0369588818271753,0.317244289467866,1.6784892262341937,-0.0750718736211596,-0.853390462670536,-0.9731057042556589,-0.13419919185744766,0.6951913354735875,-0.023774715143947727,1.05906582704942,-0.023845234969363485,-0.33341912738797264,-0.5392558608025638,-0.11187047372826203,0.210605736363981,0.40762426250594436,0.7661503088187794,1.8587413662141075,0.7103667188379537,-0.8533669453162094,-0.4096641992740421,-0.5492844712916812,1.8889311027494515,0.9948416327002835
subject_05_task_1,5,1,,1,247,1230.0,1260.0,0.89183315730393,30.0,0.7,eye,中,4.066666666666666,6,66.83333333333333,0.7527726527090811,66.0,68.0,-1.153846153846165,3.5516506455852976,1.6490101225741394,1.055195914771755,3.214960854645236,2.275093057791553,1.5627525651772736,3.046790467664625,3.0739882119728854,2.099511281944586,1.1945721869692891,2.4597608940261537,1.354266649450033,1.757542411288839,2.0591144853847085,4.825571655154932,2.4547633534215256,1.5674321209344804,3.774878239272725,1.786542721657515,1.5661050457215533,2.4083200725924874,10.271599310050153,8.882525511150805,5.086478129506109,7.208025505654785,3.5600631843498554,1.746301720953883,1.4170955466891344,2995,3.3487750000000003,0.265174095356038,0.9165275459098498,0.823372287145242,0.1171953255425709,0.0387312186978297,5,2,5485.915146535772,10.5609864700727,0.3520328823357566,0.182863838217859,0.9467981075543852,0.2078372181162212,3.3819877717156346,0.0,0.0,0.0,0.0,0.0,0.0,0.0,0.0,0.0,0.0,0.0,0.0,36.0,5.0,0.0285714285714285,20.0,1.0,0.0,2.0,3.0,0.0833333333333333,0.0,0.0555555555555555,9.0,202.0,9.0,998.0,0.792063492063492,29.914285714285715,2.0,0.0,0.0,18,1161.0,13,26.0,83.15384615384616,20.148805398195673,80.0,0.036033333333333334,-0.19242521447289354,-0.9331555957634264,-0.7224221484479811,0.4371614932334332,1.3436180566454217,-0.5277199887940575,2.0249610138044227,-0.04088405341567125,-0.8363544011241043,-1.0020915856219281,-0.058779238924793004,0.9100796614882274,0.04388079118890758,1.2404499926208432,-0.06456121331614385,-0.40023262893464145,-0.6668331874832564,-0.16166074370227185,0.20152211750555127,0.5596972054651499,0.9474133765520357,1.5309293283194008,0.4805491298128177,-0.8443642759128293,-0.29240824008310434,-0.42468496575432657,1.6458776955716234,1.2450306813118384
subject_05_task_1,5,1,,1,248,1235.0,1265.0,0.8953721777694218,30.0,0.7027777777777777,eye,中,4.066666666666666,6,66.83333333333333,0.752772652709081,66.0,68.0,3.3103448275862113,3.4429028283015897,1.656252676535353,1.0499514573906736,3.221402575371572,2.332994313956949,1.5774564289395352,3.068144296287146,3.007550529096292,2.006910372530577,1.1687938446760686,2.4889786227091735,1.3372935906369794,1.717078149985289,2.129527490281226,4.577220776700303,2.3822808945316147,1.6134253577980018,3.7433386539682254,1.751929657880714,1.4765361676123303,2.3201188923156155,11.085588386934234,8.519231680983488,4.9194284739015055,7.1660514112728935,3.585563831212108,1.7317523216730597,1.4566837284636105,2995,3.4019952005485092,0.3010046893691606,0.8964941569282137,0.8170283806343906,0.1208681135225375,0.0420701168614357,5,2,7123.468469994449,13.862606256441287,0.4620868752147096,0.2374489489998149,0.9865593232849584,0.0712721310263908,3.396196839769112,0.0,0.0,0.0,0.0,0.0,0.0,0.0,0.0,0.0,0.0,0.0,0.0,36.0,5.0,0.0284584980237154,20.0,1.0,0.0,2.0,3.0,0.0833333333333333,0.0,0.0555555555555555,9.0,207.0,9.0,998.0,0.7889328063241107,29.914285714285715,2.0,0.0,0.0,21,1261.0,13,26.0,85.46153846153847,21.43445584650792,81.0,0.037033333333333335,-0.31758425592513906,-0.9139716641956215,-0.744800823730349,0.4471055521622985,1.4568926589192033,-0.4307178591655544,2.092103961288244,-0.08821298773937293,-1.0297199591940438,-1.1059936248134974,-0.007136119858717401,0.8601673623680907,-0.1143089285383865,1.5074867568924788,-0.1841396677657732,-0.5127737841451652,-0.552047740437663,-0.19754110251939977,0.14805455372695467,-0.03573031468212061,0.6212783749086787,2.0509107783781126,0.2077343341651951,-0.9345607628072206,-0.31187365605799305,-0.4121402993720991,1.592385044998729,1.4640993036550862
subject_05_task_1,5,1,,1,249,1240.0,1270.0,0.8989111982349135,30.0,0.7055555555555556,eye,中,4.066666666666666,6,67.0,0.6324555320336759,66.0,68.0,2.1428571428570833,3.306896574222788,1.507613276223112,1.0555291024038866,3.353560455764338,2.4853675551342316,1.428301003534283,3.177136895730171,2.7456218652845643,1.7943906804598793,1.1330583583424323,2.468336808202945,1.428554894047367,1.5836701324766005,2.1784727944762796,4.648927458100204,2.2366473540658043,1.5677440017182556,3.7282706472178817,1.7290794854567464,1.4266661850496172,2.378111887611547,9.77054503191036,7.383199195077872,4.912097047019007,7.092360907392219,3.5989503604192925,1.503064602430544,1.443856023100428,2995,3.4200853909465025,0.3013000577188072,0.891151919866444,0.8136894824707847,0.1195325542570951,0.0470784641068447,1,1,8861.394387454917,17.307410912997884,0.5769136970999295,0.2953798129151639,1.0,-1.000088900581841e-12,3.401,0.0,0.0,0.0,0.0,0.0,0.0,0.0,0.0,0.0,0.0,0.0,0.0,36.0,5.0,0.0283464566929133,20.0,1.0,0.0,2.0,3.0,0.0833333333333333,0.0,0.0555555555555555,9.0,212.0,9.0,998.0,0.7858267716535433,29.914285714285715,2.0,0.0,0.0,23,1411.0,15,30.0,84.06666666666666,20.964141720930005,80.0,0.04203333333333333,-0.4741153276946464,-1.3076847244144805,-0.7210004002506414,0.6511171519149451,1.7549866802685852,-1.414703711040001,2.4348099232912355,-0.27480595712493927,-1.4734951782296932,-1.2500288718954538,-0.04362108061148576,1.1285374613634234,-0.6358500667976414,1.6931086555424053,-0.1496136206308983,-0.7388942432525784,-0.666054825758101,-0.21468290966878253,0.11275738791381804,-0.36725127010699704,0.8357147980582376,1.210852637483962,-0.6453670530746131,-0.938519280089589,-0.3460475038219441,-0.40555499415113044,0.7515866024213852,1.3931147922232106
subject_05_task_1,5,1,,1,250,1245.0,1275.0,0.9024502187004052,30.0,0.7083333333333334,eye,中,4.066666666666666,6,67.0,0.6324555320336759,66.0,68.0,-2.114093959731539,3.278342986773344,1.5213975052765962,1.0487607132292605,3.1319844480114565,2.0377238825170676,1.4506621825983834,2.986367060192119,2.5145082589202423,1.7358901878607202,1.1079434390035825,2.474251605386535,1.1709743422306431,1.5667678752824017,2.233193065894887,4.273910702604422,2.0977180840346987,1.6004652414853398,3.564445864151693,1.538426464981858,1.3106926846395457,2.2271310689906936,8.253802108677887,6.588140349072231,4.593793398406599,6.909974655874339,3.0072843992404494,1.4341394524528226,1.504197959418708,2995,3.4353657614300444,0.2916178422138613,0.8934891485809683,0.8193656093489149,0.1135225375626043,0.0470784641068447,1,1,10695.064541710371,20.88879793302807,0.696293264434269,0.3565021513903457,1.0,-1.000088900581841e-12,3.401,0.0,0.0,0.0,0.0,0.0,0.0,0.0,0.0,0.0,0.0,0.0,0.0,36.0,5.0,0.028235294117647,20.0,1.0,0.0,2.0,3.0,0.0833333333333333,0.0,0.0555555555555555,9.0,217.0,9.0,998.0,0.7827450980392157,29.914285714285715,2.0,0.0,0.0,23,1412.0,15,30.0,84.13333333333334,19.17165566539262,81.0,0.04206666666666667,-0.5069779609360283,-1.2711733351596488,-0.7498818597644614,0.3090711409307637,0.8792430032879096,-1.2671858867937555,1.8349713989940277,-0.4394468690792075,-1.5956535940636896,-1.3512569223168553,-0.033166517954760555,0.37107602253787997,-0.7019272233346465,1.9006317436589486,-0.33018042310787277,-0.9546051998248827,-0.5843923381689804,-0.40105479575424774,-0.1817485419153535,-1.1382089421207184,0.27744415616367313,0.24194751702738088,-1.242414948165393,-1.1103835725755344,-0.4306288225180746,-0.6966163202736171,0.498174836596646,1.727028204414633
subject_05_task_1,5,1,,1,251,1250.0,1280.0,0.9059892391658972,30.0,0.7111111111111111,eye,中,4.066666666666666,7,66.71428571428571,0.951189731211342,65.0,68.0,-4.037328094302464,2.850082481665492,1.5458029120728536,0.9295681944615626,2.493313560466252,1.4410215296847833,1.662925777025143,2.6822277002608335,2.4398922667243115,1.8052226130605304,1.0618055355412266,2.063027685640557,0.8565246126308935,1.700144285027076,1.942943049914488,3.988365868070029,2.1499536709080287,1.525859159006567,3.3190268922920536,1.3738296268467485,1.4090118725687548,2.175185614413426,7.470470775189703,6.937039124109937,4.528317472909417,5.800310173228094,2.562864623886697,1.531924200458704,1.280897421156611,2994,3.4265885183911995,0.3081604829275504,0.9074816299265196,0.8193052772211089,0.1098864395457581,0.0487641950567802,1,1,11002.020925532732,21.488322120181117,0.7162774040060372,0.3667340308510911,1.0,-1.000088900581841e-12,3.401,0.0,0.0,0.0,0.0,0.0,0.0,0.0,0.0,0.0,0.0,0.0,0.0,36.0,5.0,0.028125,20.0,1.0,0.0,2.0,3.0,0.0833333333333333,0.0,0.0555555555555555,9.0,222.0,9.0,998.0,0.7796875,29.914285714285715,2.0,0.0,0.0,23,1462.0,16,32.0,82.625,18.78252734147706,80.0,0.044066666666666664,-0.9998676174825731,-1.2065287834764749,-1.2584894200455425,-0.6768425941889754,-0.28811028348415635,0.13312773382357615,0.8786645262259266,-0.49260187451036797,-1.4508763648124674,-1.5372200924553507,-0.7600158251222245,-0.5536193511656599,-0.18050965148114137,0.7998773416687853,-0.4676673939700905,-0.8735007039253584,-0.7705869422812742,-0.6802506280976184,-0.43600491163443095,-0.484611939597201,0.08536927847221798,-0.2584495696544293,-0.980410091188384,-1.1457365245743292,-0.9452338679717196,-0.9152420612437338,0.8576924534738969,0.49135283128793483
subject_05_task_1,5,1,,1,252,1255.0,1285.0,0.909528259631389,30.0,0.7138888888888889,eye,中,4.066666666666666,5,66.6,1.140175425099138,65.0,68.0,-9.932885906040353,3.043079074141769,1.582037096407649,0.9434644537120416,2.378617868254022,1.3254219132835166,1.6768380516967614,2.5211526082359534,2.477442905914535,1.7775334942542358,1.1174851787419708,2.0554633764692443,0.8080802632819609,1.590655095985547,1.8393652243184284,4.301096545551509,2.195199755747004,1.6016624039705996,3.2389057533953527,1.295471820014927,1.3705758156681436,2.022215009458889,8.015604810116935,7.008979401147674,4.436451547926553,5.544891775661102,2.388912635081698,1.5798615910554537,1.2498483789939274,2994,3.3938551224560194,0.2852384865093405,0.9201736806947228,0.834001336005344,0.1002004008016032,0.0447561790247161,1,1,10975.616075311493,21.43675014709276,0.7145583382364253,0.3658538691770497,1.0,-1.000088900581841e-12,3.401,0.0,0.0,0.0,0.0,0.0,0.0,0.0,0.0,0.0,0.0,0.0,0.0,36.0,5.0,0.0280155642023346,20.0,1.0,0.0,2.0,3.0,0.0833333333333333,0.0,0.0555555555555555,9.0,227.0,9.0,998.0,0.7766536964980545,29.914285714285715,2.0,0.0,0.0,20,1342.0,14,28.0,88.0,17.110500599609317,81.0,0.04106666666666667,-0.7777457476259789,-1.1105524032635654,-1.1991925565553572,-0.8538978827832907,-0.5142625544029505,0.22490771036193896,0.37219532878318534,-0.4658515174976427,-1.5086956880170195,-1.3127980406332758,-0.773385944457125,-0.6960785791702616,-0.6085432685467937,0.40706514116530107,-0.31709071268384875,-0.8032485803837762,-0.5814045764799189,-0.7713987895174976,-0.557045945775402,-0.7401235249568234,-0.4802588496506341,0.08978555291366587,-0.9263866799737078,-1.19533844484629,-1.0636837220899766,-1.000815171520941,1.0339401483150272,0.3195371381498898
subject_05_task_1,5,1,,1,253,1260.0,1290.0,0.9130672800968808,30.0,0.7166666666666667,eye,中,4.066666666666666,7,66.71428571428571,0.951189731211342,65.0,68.0,-1.9491525423728728,2.838635780866678,1.7136130481840648,0.930711298095503,2.2465184296542393,1.2078183977803123,1.8411864685543184,2.4137650786567733,2.38879040120853,2.12484561980946,1.1915321524746778,1.9629091298195571,0.7407361124712907,1.783288529307745,1.6473824275264557,4.337099381616618,2.4210434362268707,1.6066034085312169,3.285963615671939,1.2162896369518688,1.5069328394119543,2.045286097504312,7.771421801259995,8.029324487654899,5.137802139841945,5.326487985198426,2.161977098664909,1.5627936360939556,1.0367250120228035,2994,3.377906035665295,0.2815649432008822,0.933867735470942,0.8490313961255845,0.095190380761523,0.0364061456245825,1,1,9141.945921056038,17.855363127062574,0.5951787709020858,0.3047315307018679,1.0,-1.000088900581841e-12,3.401,0.0,0.0,0.0,0.0,0.0,0.0,0.0,0.0,0.0,0.0,0.0,0.0,36.0,5.0,0.027906976744186,20.0,1.0,0.0,2.0,3.0,0.0833333333333333,0.0,0.0555555555555555,9.0,232.0,9.0,998.0,0.7736434108527132,29.914285714285715,2.0,0.0,0.0,16,1091.0,11,22.0,90.0909090909091,18.387248545960027,81.0,0.03303333333333333,-1.0130417494840698,-0.7620366630474393,-1.253611671371232,-1.057819266170152,-0.744335135325389,1.3091224918653233,0.03453619578126184,-0.5290058659215003,-0.7834522383853806,-1.0143447312901,-0.9369780577132988,-0.8941160358406325,0.14453186110277433,-0.3210171914448655,-0.29975570859907136,-0.4525884470568367,-0.5690732978828563,-0.7178643829186251,-0.6793604120807555,0.16633780643814305,-0.39495058831004104,-0.0662001213796177,-0.16016052045615767,-0.8166524832193979,-1.164968114152585,-1.1124527550692411,0.9711877189447847,-0.8598209505214218
subject_05_task_1,5,1,,1,254,1265.0,1295.0,0.9166063005623724,30.0,0.7194444444444444,eye,中,4.066666666666666,6,66.5,0.8366600265340756,65.0,67.0,0.2409638554216468,3.279854886380919,1.8300591105561084,0.9776084935253836,2.1364532075152147,1.0282163627495546,1.871975461216255,2.1853873218826956,2.626577414681192,2.2004227422021754,1.2428005136707685,1.93706592126266,0.6783127014205701,1.77053575211596,1.5586298041841735,4.662219043841382,2.5301636356427952,1.6756502959856547,3.2255843275704343,1.1846358595711393,1.5099592329642366,1.924974641366368,8.586953168869504,7.438991414348855,5.0016543853556055,5.458699968081931,2.1315884393688935,1.4873061673612542,1.0913788813686356,2994,3.3539706694271914,0.2288940380875843,0.9492317969271876,0.8383433533734135,0.1008684034736139,0.0394121576486306,1,1,7308.2757668005825,14.273976107032388,0.4757992035677462,0.2436091922266861,1.0,-1.000088900581841e-12,3.401,0.0,0.0,0.0,0.0,0.0,0.0,0.0,0.0,0.0,0.0,0.0,0.0,36.0,5.0,0.0277992277992277,20.0,1.0,0.0,2.0,3.0,0.0833333333333333,0.0,0.0555555555555555,9.0,237.0,9.0,998.0,0.7706563706563706,29.914285714285715,2.0,0.0,0.0,14,1181.0,13,26.0,90.07692307692308,19.106986237419104,81.0,0.03903333333333334,-0.5052378992926531,-0.4535966702149479,-1.0534961909852198,-1.2277265163392603,-1.0956979628874846,1.5122390267851775,-0.6835530986782107,-0.3596109464060017,-0.6256350793394598,-0.8077027675170972,-0.9826566219518974,-1.077683181797058,0.0946765521282814,-0.6576057718182411,-0.143213855548508,-0.28316106438866634,-0.3967527919988612,-0.7865536348947967,-0.728256700830323,0.18645637938295234,-0.8398173896622679,0.45476655389967113,-0.6034699944536877,-0.8901638538880935,-1.1036550285079645,-1.1274020069345332,0.6936487835144403,-0.5573835228182207
subject_05_task_1,5,1,,1,255,1270.0,1300.0,0.9201453210278644,30.0,0.7222222222222222,eye,中,4.066666666666666,5,67.4,2.701851217221259,65.0,72.0,16.845827439886893,3.151370974248667,1.9302829443392515,0.97663609036863,2.1638717774462486,0.9815944864312108,1.9764607957613656,2.2156377373167704,2.487489950508499,2.3107784585574644,1.310726585673881,1.894318649386297,0.6539451763361265,1.7629751954481254,1.445243172825685,4.362695049514754,2.5668732577441635,1.605714218387737,3.262684177246776,1.2111071525357526,1.5985866154448736,2.031920836151508,8.392072644546632,8.474644004191594,5.6678544833453515,5.662882806776882,2.1928484296717925,1.4952119940788573,0.999122829179352,2994,3.318912624699003,0.228726822493187,0.9579158316633266,0.8540414161656646,0.0935203740814963,0.0317301269205076,5,3,5786.9214020188165,11.195513063610395,0.3731837687870131,0.1928973800672938,0.9460307531799662,0.2473372028149266,3.3839800123760244,0.0,0.0,0.0,0.0,0.0,0.0,0.0,0.0,0.0,0.0,0.0,0.0,36.0,5.0,0.0276923076923076,20.0,1.0,0.0,2.0,3.0,0.0833333333333333,0.0,0.0555555555555555,9.0,242.0,9.0,998.0,0.7676923076923077,29.914285714285715,2.0,0.0,0.0,11,951.0,10,20.0,94.1,18.89414959422331,95.0,0.03136666666666667,-0.6531114261934672,-0.18812579087382644,-1.057645541987106,-1.1854005778637353,-1.1869062517393243,2.2015340399663534,-0.588436569892749,-0.458694195129578,-0.39519463534939053,-0.5339203297203561,-1.058213571474257,-1.1493402245392181,0.0651195479537819,-1.0876172333959757,-0.2874316514952257,-0.2261632287481205,-0.5712924521561406,-0.7443477559779695,-0.6873659101735303,0.7756251138985119,-0.4443703298551966,0.33027562336591865,0.1742513049412184,-0.5304569859517636,-1.0089655790115744,-1.0972660599885793,0.7227155248920037,-1.0678996756202546
subject_05_task_1,5,1,,1,256,1275.0,1305.0,0.923684341493356,30.0,0.725,eye,中,4.066666666666666,6,69.66666666666667,3.777124126457412,65.0,74.0,22.33240223463694,3.170003723566376,1.7961830212925851,0.9784480207723107,2.0871741336158127,0.9398574932269264,1.83574700255903,2.1331476882832874,2.550749664927134,2.2369051628317274,1.3336789291842177,1.8741839429225184,0.6573130679623883,1.6772441356631418,1.4052737146180423,4.572453133682266,2.566368116311721,1.6543633774010504,3.265683555260151,1.2044579228641532,1.5512723210443642,1.9739820162063977,8.848857372770196,7.776062460561509,5.862073011022065,5.659599264752145,2.2198718876732344,1.3265038572431114,0.9654603847667502,2995,3.2876032887975333,0.2267163404859181,0.9619365609348914,0.8550918196994992,0.0948247078464106,0.0280467445742904,5,3,4312.813519780037,8.193131312528159,0.273104377084272,0.1437604506593345,0.8442135143546313,0.5402759530231425,3.3518704639420216,0.0,0.0,0.0,0.0,0.0,0.0,0.0,0.0,0.0,0.0,0.0,0.0,36.0,5.0,0.0275862068965517,20.0,1.0,0.0,2.0,3.0,0.0833333333333333,0.0,0.0555555555555555,9.0,247.0,9.0,998.0,0.7647509578544062,29.914285714285715,2.0,0.0,0.0,10,840.0,9,18.0,92.22222222222223,17.159383568311664,90.0,0.027666666666666666,-0.6316667930737014,-0.5433269755321888,-1.0499138360751663,-1.3037984287418158,-1.2685580434001813,1.2732380607990457,-0.8478104333858537,-0.41362918474056415,-0.5494539309099568,-0.4414087450799215,-1.0938022051613683,-1.1394363400299097,-0.270034780394742,-1.239198817013169,-0.1864352400102201,-0.2269475454120755,-0.44987861293656756,-0.7409355754337714,-0.6976371220442074,0.4610936206262715,-0.6586064328041228,0.6220726413991082,-0.350347147448871,-0.42559098773800885,-1.010488316126544,-1.0839722691701186,0.10243937201650136,-1.2541771198379472
subject_05_task_1,5,1,,1,257,1280.0,1310.0,0.9272233619588478,30.0,0.7277777777777777,eye,中,4.066666666666666,6,71.0,3.1622776601683795,67.0,74.0,20.090744101633415,3.3570748127934364,1.8175179037664644,1.0487107543807914,2.3511614824442435,1.068971695932338,1.733097420975351,2.241954201978677,2.5622927805647566,2.2425878152292573,1.316732693479396,1.9077447806842365,0.7023992685398874,1.7031458445095171,1.448847431321176,4.601428910776822,2.5791904318716803,1.6293696787842349,3.277908022455014,1.229758109911388,1.5829375404826245,2.011764466429035,8.694103361254205,7.824450262352927,6.054324791055656,6.024051791201752,2.4279526814836223,1.2923737216596576,0.9949997727411936,2995,3.266999319264806,0.1696252473790261,0.9659432387312188,0.8731218697829716,0.0881469115191986,0.0203672787979966,5,3,2838.7056375412576,5.190749561445921,0.1730249853815307,0.0946235212513752,0.6366511836005577,0.906420609242058,3.2864126614194498,0.0,0.0,0.0,0.0,0.0,0.0,0.0,0.0,0.0,0.0,0.0,0.0,36.0,5.0,0.0274809160305343,20.0,1.0,0.0,2.0,3.0,0.0833333333333333,0.0,0.0555555555555555,9.0,252.0,9.0,998.0,0.7618320610687023,29.914285714285715,2.0,0.0,0.0,8,610.0,6,12.0,95.0,16.431676725154983,95.0,0.019,-0.41636464912350674,-0.48681556704590906,-0.7500950396544159,-0.8962821974819806,-1.0159666329897707,0.5960536023407542,-0.5056895817067207,-0.4054060899809423,-0.5375876408365718,-0.5097121459085708,-1.034482524316604,-1.0068523459366403,-0.1687754485579683,-1.0739483163024786,-0.17248369426573001,-0.20703875330302962,-0.512255454939819,-0.7270286624206406,-0.6585553645528319,0.6715946728115061,-0.5189010521417627,0.5232147849540065,-0.31401042174261995,-0.32178691166575984,-0.8414740673402417,-0.981609997616754,-0.0230442566565792,-1.0907153810470995
subject_05_task_1,5,1,,1,258,1285.0,1315.0,0.9307623824243396,30.0,0.7305555555555555,eye,中,4.066666666666666,7,70.85714285714286,2.911389784311004,67.0,74.0,10.773949976403973,3.1589735771727003,1.7207635625139277,1.019949230002907,2.26760604781329,1.0394993129317054,1.6871070754267086,2.2232538454946695,2.4168058460935185,2.1616535809173203,1.2130336518939495,1.9386502868727284,0.6910878428048135,1.782022763789165,1.5981834336136094,4.474915271822251,2.509986126279762,1.5770616446629413,3.317149666923084,1.2063068295880592,1.5915586653026554,2.1033734972560594,7.736680169510904,7.9800901407764835,5.85728334876065,5.943737768780955,2.4851597676691033,1.362421734721951,1.0147601566925386,2995,3.2714904632152595,0.1754166670075688,0.9659432387312188,0.8694490818030051,0.0901502504173622,0.0210350584307178,4,2,1242.0000000000132,2.0000000000000213,0.0666666666666673,0.0414000000000004,0.5322061191626409,0.6910712754761865,3.0856354428341386,0.0,0.0,0.0,0.0,0.0,0.0,0.0,0.0,0.0,0.0,0.0,0.0,36.0,5.0,0.0273764258555133,20.0,1.0,0.0,2.0,3.0,0.0833333333333333,0.0,0.0555555555555555,9.0,257.0,9.0,998.0,0.75893536121673,29.914285714285715,2.0,0.0,0.0,8,630.0,6,12.0,98.33333333333333,19.407902170679517,95.0,0.019666666666666666,-0.6443615080959699,-0.7430965242078366,-0.8728236210707611,-1.0252663930246746,-1.0736246646725516,0.292652976988192,-0.5644892038040066,-0.5090481989228816,-0.7065913091992865,-0.9276809105553506,-0.9798562132434507,-1.0401156057286831,0.13958351690534632,-0.5076011919319149,-0.2333987411829077,-0.3144900265646863,-0.6428007587744997,-0.6823862148267703,-0.6947810750089438,0.7289053713580647,-0.18016509276421755,-0.0883932988648127,-0.19713295755010135,-0.4281771092587426,-0.8787195607346582,-0.9534678169586438,0.23449585298943196,-0.9813675935216373
subject_05_task_1,5,1,,1,259,1290.0,1320.0,0.9343014028898314,30.0,0.7333333333333333,eye,中,4.066666666666666,5,72.4,1.51657508881031,70.0,74.0,-7.435897435897608,3.253642454232418,1.635296061370371,1.0260391692708732,2.2964446016930924,1.113485197084935,1.5937949645065206,2.238164653426436,2.5676179021298795,1.9787498543184536,1.2029583336120282,1.9836304671980312,0.7226458427904717,1.644903068568483,1.6489602439029956,4.497421032216845,2.323383869227074,1.5851598557010362,3.237506690585598,1.2285491468080458,1.4657095061239478,2.04238498656264,7.865719773639011,8.203400870933331,5.559557454060131,6.065782332027638,2.6891991329315315,1.475549257062252,1.0910548873989625,2995,3.288474350205198,0.1796948558435915,0.962270450751252,0.8647746243739566,0.0914858096828046,0.025041736227045,4,2,1242.0000000000132,2.0000000000000213,0.0666666666666673,0.0414000000000004,0.5322061191626409,0.6910712754761865,3.0856354428341386,0.0,0.0,0.0,0.0,0.0,0.0,0.0,0.0,0.0,0.0,0.0,0.0,36.0,5.0,0.0272727272727272,20.0,1.0,0.0,2.0,3.0,0.0833333333333333,0.0,0.0555555555555555,9.0,262.0,9.0,998.0,0.7560606060606061,29.914285714285715,2.0,0.0,0.0,9,750.0,7,14.0,101.42857142857143,19.518001458970662,100.0,0.023666666666666666,-0.5354060715262113,-0.9694811258262632,-0.8468371817760517,-0.9807484309168818,-0.9288830449503224,-0.32293171733007986,-0.5176050777017654,-0.40161257524790184,-1.0885236400011153,-0.9682904308684949,-0.900352538151035,-0.9473136922806462,-0.39646793831172267,-0.31503342494569087,-0.22256244351830773,-0.6042212787218023,-0.6225900313356891,-0.7729904044717546,-0.6604228765491909,-0.10770277138343724,-0.4056778123535267,-0.0059619710067231255,-0.029438198777006812,-0.5889306867640912,-0.8221215989190674,-0.8530936664563107,0.6504230611115694,-0.559176404163167
subject_05_task_1,5,1,,1,260,1295.0,1325.0,0.9378404233553232,30.0,0.7361111111111112,eye,中,4.066666666666666,6,71.5,2.588435821108957,67.0,74.0,-13.85665529010241,3.2073558532944917,1.7411630999108665,1.0221467846818395,2.3641618264338344,1.2099685573819017,1.7034374377578585,2.312937693356556,2.3955576686211786,2.0791873089648054,1.207029543194747,2.0010516522480866,0.7499863253331845,1.722565384324931,1.657831544828417,4.932935450126077,2.4913500927013503,1.5049781935167337,3.292123555614383,1.219567551363785,1.6554061071673922,2.1874892073496204,7.048873730330269,7.995151121998613,5.803595552519938,6.2028174815001895,2.6253057413609073,1.3776203130707645,1.068788723364244,2995,3.2964945615227736,0.1912251071980666,0.9682804674457428,0.8744574290484141,0.091151919866444,0.0193656093489148,9,3,2093.9999999999886,2.9999999999999925,0.0999999999999997,0.0697999999999996,0.4068767908309361,1.0855920415079523,3.0808768385864376,0.0,0.0,0.0,0.0,0.0,0.0,0.0,0.0,0.0,0.0,0.0,0.0,36.0,5.0,0.0271698113207547,20.0,1.0,0.0,2.0,3.0,0.0833333333333333,0.0,0.0555555555555555,9.0,267.0,9.0,998.0,0.7532075471698113,29.914285714285715,2.0,0.0,0.0,7,580.0,5,10.0,106.0,15.165750888103101,110.0,0.017666666666666667,-0.588677822170731,-0.6890626389881288,-0.863446414049786,-0.8762136176381689,-0.7401286899073576,0.4003851995753101,-0.2824958435694488,-0.5241849940750349,-0.8787941179940891,-0.9518810367806524,-0.8695601263392636,-0.8669141392129782,-0.09285730593852483,-0.28138959029488886,-0.012866624006117103,-0.3434255894522813,-0.8226996249699574,-0.710856654272449,-0.6742969453212087,1.1533443593166808,0.13086336698519446,-0.5277684695660259,-0.18582294297463894,-0.4571652002098307,-0.7585717778462139,-0.8845250762402307,0.2903752900112361,-0.6823903953422082
subject_05_task_1,5,1,,1,261,1300.0,1330.0,0.941379443820815,30.0,0.7388888888888889,eye,中,4.066666666666666,7,69.85714285714286,3.532165125838609,66.0,74.0,-18.50393700787401,3.3715733220102164,1.6495528718737482,1.042087524997693,2.397340361957218,1.2292075030307692,1.5829312148011752,2.3005172832891603,2.5448253568140955,2.077891611583561,1.2039313768959998,1.9986020657602384,0.782763839842817,1.725921968194585,1.660063110003059,5.623883771362055,2.516371135002088,1.6354370980612316,3.27836470702209,1.20310445645008,1.53865357339954,2.0045801277887767,6.991416060914653,7.915732470328205,5.811760141107707,5.824690539986437,2.71998727468096,1.362019814675195,1.0022248679513237,2995,3.3250486063902107,0.195172963204157,0.9646076794657764,0.8737896494156928,0.0914858096828046,0.0203672787979966,9,3,1781.6842105262997,2.497076023391797,0.0832358674463932,0.0593894736842099,0.4781992201346947,1.0527978616287368,3.080042691191723,0.0,0.0,0.0,0.0,0.0,0.0,0.0,0.0,0.0,0.0,0.0,0.0,36.0,5.0,0.0270676691729323,20.0,1.0,0.0,2.0,3.0,0.0833333333333333,0.0,0.0555555555555555,9.0,272.0,9.0,998.0,0.750375939849624,29.914285714285715,2.0,0.0,0.0,8,610.0,5,10.0,106.0,15.165750888103101,110.0,0.017666666666666667,-0.3996781577401934,-0.9317179723120955,-0.7783570864048914,-0.8249960429505383,-0.7024907514433424,-0.39460042116248273,-0.3215493995206817,-0.41784954850785855,-0.8814997420403279,-0.9643684881665041,-0.8738898361543909,-0.7705260263431175,-0.0797351817608828,-0.272926523786459,0.3198180553156771,-0.30457623130104505,-0.49711298005400617,-0.7265091246405861,-0.699727851494894,0.3772079029960954,-0.5454660514636757,-0.5644727978035664,-0.24546222508436646,-0.45275682711328324,-0.9339275137177432,-0.8379478951015056,0.23301814465217455,-1.050733962779426
subject_05_task_1,5,1,,1,262,1305.0,1335.0,0.9449184642863068,30.0,0.7416666666666667,eye,中,4.066666666666666,6,67.83333333333333,3.0605010483034745,65.0,73.0,-18.082758620689596,3.2177906697013885,1.8482982602975255,1.021682248862675,2.3666113520238365,1.2135387819688574,1.8090734789167868,2.3163868753306827,2.6252864967227496,2.193582552736958,1.2332367654645295,1.979169775236032,0.7468708508623222,1.7787197188454646,1.6048579077923677,5.377150858477533,2.556057589958741,1.6014224305297455,3.315645743989153,1.2203627304525555,1.5961170152420088,2.0704379311661993,7.0376462998863145,9.12204595225346,5.922608068211798,5.7618909934094376,2.6872434972047974,1.540207598948492,0.9728638003812928,2994,3.3537488135593216,0.1950824423987569,0.9679358717434868,0.8787575150300602,0.0918503674014696,0.0173680694722778,12,6,1681.0085016572978,2.3509190459463976,0.0783639681982132,0.0560336167219099,0.506838602636449,1.3693056132973902,3.1302482993795753,0.0,0.0,0.0,0.0,0.0,0.0,0.0,0.0,0.0,0.0,0.0,0.0,36.0,5.0,0.0269662921348314,20.0,1.0,0.0,2.0,3.0,0.0833333333333333,0.0,0.0555555555555555,9.0,277.0,9.0,998.0,0.7475655430711611,29.914285714285715,2.0,0.0,0.0,7,520.0,4,8.0,110.0,14.142135623730951,115.0,0.014666666666666666,-0.5766682788820582,-0.40528517645623696,-0.8654286393781135,-0.8724322946268872,-0.733144113114062,1.0972714822297789,-0.2716505638659917,-0.3605305716642442,-0.6399184925544682,-0.8462503564054747,-0.9082369308295284,-0.876075746169247,0.12667069613318563,-0.4822886805495415,0.20101863504313625,-0.24295636415752264,-0.5820034788526577,-0.6840971217388868,-0.6730686146273871,0.7592079391433045,-0.3019485073072316,-0.5349406242404208,0.660416539514641,-0.3929057991771377,-0.9630506982713825,-0.854055712552222,0.8881473837715556,-1.213208932196705
subject_05_task_1,5,1,,1,263,1310.0,1340.0,0.9484574847517986,30.0,0.7444444444444445,eye,中,4.066666666666666,5,66.8,1.9235384061671343,65.0,70.0,-14.391891891891875,3.1545913681446303,1.8048635272423776,1.0202069711130757,2.2565845153248407,1.1144106283871815,1.769115070124662,2.211888939420637,2.5701077750948698,2.264488541412121,1.3562218094909917,1.9726215356148131,0.7738395395169865,1.6697036764672104,1.4544977243472916,5.4235413501978265,2.6679699762248337,1.6923422763617522,3.311354305860512,1.193921949075292,1.5764954959114506,1.9566693759960665,7.21898753638071,9.249672168889184,6.367453846183302,6.05805582886637,2.7216332451984138,1.4526484827893185,0.951409460548758,2994,3.3524036759700473,0.1928556712201919,0.9679358717434868,0.8637274549098196,0.1002004008016032,0.0227120908483633,12,6,1645.9468101716727,2.3144661604310706,0.077148872014369,0.054864893672389,0.5176351961890626,1.372160961246185,3.1958980150096297,0.0,0.0,0.0,0.0,0.0,0.0,0.0,0.0,0.0,0.0,0.0,0.0,36.0,5.0,0.026865671641791,20.0,1.0,0.0,2.0,3.0,0.0833333333333333,0.0,0.0555555555555555,9.0,282.0,9.0,998.0,0.744776119402985,29.914285714285715,2.0,0.0,0.0,8,681.0,6,12.0,105.16666666666667,20.884603579351623,115.0,0.021033333333333334,-0.6494050399580003,-0.5203342255980424,-0.8717238114637291,-1.0422802893433187,-0.9270725857368948,0.8336638473882124,-0.6002239334010466,-0.3998388373790891,-0.49185541026470125,-0.3505475404887607,-0.9198111199836748,-0.796769519175312,-0.29951321614008536,-1.0525199456613172,0.2233551910303318,-0.0691936438298114,-0.35509457091666013,-0.6889791878285499,-0.7139122733615875,0.6287698579353521,-0.7226221061287096,-0.4190986777259176,0.7562571988363764,-0.1527165797644251,-0.8257047518204023,-0.837138184229151,0.5662255562946249,-1.3319305420238963
subject_05_task_1,5,1,,1,264,1315.0,1345.0,0.9519965052172904,30.0,0.7472222222222222,eye,中,4.066666666666666,5,65.8,0.8366600265340756,65.0,67.0,-6.245353159851311,3.185569117156423,1.7717436611126578,0.9528901222849115,2.407085348759637,1.2297089392551814,1.8593367899168032,2.5260890972274397,2.568694420309397,2.1480746946734577,1.3203794775449818,1.9810499731780056,0.7655020525712,1.6268616191062228,1.5003641050688146,5.151805481735673,2.575256594204568,1.6511062123622589,3.324167608775029,1.2244398175780529,1.5597158892159428,2.013297257248581,6.9070012116169295,8.183717404210633,5.887550415071942,5.749755461017162,2.6152964179470257,1.3900037922835575,0.9765955373049496,2994,3.3470177474402725,0.2144139073994186,0.9609218436873748,0.8517034068136272,0.1078824315297261,0.0260521042084168,8,4,1759.8877242097503,2.5179530583677603,0.0839317686122586,0.058662924140325,0.4841217927027433,1.147064546448616,3.2492697831443187,0.0,0.0,0.0,0.0,0.0,0.0,0.0,0.0,0.0,0.0,0.0,0.0,36.0,5.0,0.0267657992565055,20.0,1.0,0.0,2.0,3.0,0.0833333333333333,0.0,0.0555555555555555,9.0,287.0,9.0,998.0,0.7420074349442379,29.914285714285715,2.0,0.0,0.0,10,781.0,7,14.0,101.57142857142857,18.81362221775437,110.0,0.0237,-0.6137524129029737,-0.6080614622565523,-1.1589721941833804,-0.8099527451825845,-0.7015097711909674,1.4288610758231992,0.3877171551951596,-0.40084568429068274,-0.7349462026137078,-0.4950134388856084,-0.9049136305402228,-0.8212873828633989,-0.46699861753256583,-0.8785746650313149,0.09251709868523753,-0.2131466950346958,-0.4580075286332034,-0.6744023980018354,-0.6667706481336053,0.5172239748712669,-0.5132333645339273,-0.618397545678984,-0.04421945985462155,-0.4118347645828588,-0.9686785310947226,-0.8894490149786173,0.3359046698585365,-1.1925586666333594
subject_05_task_1,5,1,,1,265,1320.0,1350.0,0.955535525682782,30.0,0.75,eye,中,4.066666666666666,7,65.28571428571429,1.1126972805283737,64.0,67.0,-6.2005277044854505,2.8617600708003565,1.7097592980555332,0.948193960587142,2.5494257478811915,1.3179452692907183,1.8031746342244297,2.6887175555331866,2.360456056343188,2.112101096639298,1.3742027662557186,2.1204739884113355,0.8470985186303638,1.5369646667166346,1.5430575752579638,5.158127619017387,2.5885574857242895,1.7999422979005657,3.5896602284474066,1.2658709467397702,1.4381335939177364,1.9943196138200372,6.0805144588726066,7.82615533135504,5.515791271429598,5.6223227235030535,2.53712684813671,1.4188635766354218,1.0193139020008355,2994,3.3455633754697645,0.2240249229326038,0.9562458249833,0.8557114228456913,0.0995323981295925,0.0283901135604542,8,4,2084.388304740801,3.0605054418003808,0.1020168480600127,0.0694796101580266,0.4087530130840587,1.1972132612756643,3.2748851155996825,0.0,0.0,0.0,0.0,0.0,0.0,0.0,0.0,0.0,0.0,0.0,0.0,36.0,5.0,0.0266666666666666,20.0,1.0,0.0,2.0,3.0,0.0833333333333333,0.0,0.0555555555555555,9.0,292.0,9.0,998.0,0.7392592592592593,29.914285714285715,2.0,0.0,0.0,12,851.0,7,14.0,105.85714285714286,25.82265524320696,110.0,0.0247,-0.9864277535928933,-0.7722443990396173,-1.1790112316035322,-0.5902224313494941,-0.5288894197028614,1.0583565067676817,0.8990706098108456,-0.5491907111655441,-0.8100648478157673,-0.2780735988667697,-0.6584779442663019,-0.5813384575725222,-0.8184389563581573,-0.7166624422594976,0.09556114431000001,-0.19249483360663866,-0.08655690284389922,-0.3723701941800185,-0.6027710682305363,-0.2910193135502477,-0.5834055975054877,-1.1463625913420112,-0.3127300034895423,-0.6125617197271044,-1.027775249703167,-0.9279033796780554,0.44201120595299564,-0.9561685905243892
subject_05_task_1,5,1,,1,266,1325.0,1355.0,0.959074546148274,30.0,0.7527777777777778,eye,中,4.066666666666666,6,65.0,0.8944271909999159,64.0,66.0,-5.5193560751245485,2.8557587251140273,1.763224696890786,0.9411581459790264,2.5091463233761675,1.2444319420354804,1.8734627165731177,2.666019875720316,2.4354052449207693,2.077611690082772,1.4053214815322654,2.0921856666300385,0.7660888836649505,1.4783889077234398,1.4887594718532755,4.370344879279887,2.478975924154562,1.7472319611752845,3.5170370292390376,1.1934839017452972,1.4188018415637649,2.0129193532341776,6.4625088233126595,7.536504441629085,5.015824951306754,5.3169260954748845,2.4195200527421186,1.5025453469355283,1.0600302337284888,2995,3.338879550867642,0.2046921623672576,0.9592654424040068,0.8744574290484141,0.0838063439065108,0.0253756260434056,3,3,1556.888885271875,2.60305782523303,0.0867685941744343,0.0518962961757291,0.6432034776793178,0.8808700952711308,3.413806620966394,3.0,1.0,0.1,2.0,0.0,1.0,0.0,1.0,0.3333333333333333,0.3333333333333333,0.0,1.0,39.0,6.0,0.0287822878228782,22.0,1.0,1.0,2.0,4.0,0.1025641025641025,0.0256410256410256,0.0512820512820512,10.0,2.0,10.0,1290.0,0.9520295202952028,35.31578947368421,2.0,3.0,0.05,11,761.0,6,12.0,105.16666666666667,28.216425476425368,100.0,0.021033333333333334,-0.9933347673820985,-0.6306263237040717,-1.2090338247949555,-0.6524016204070366,-0.6727065569834862,1.5220505252626975,0.8277021844750331,-0.4957983430061662,-0.8820842630516046,-0.1526466828348034,-0.70847831170691,-0.8195617016289859,-1.0474331996593216,-0.9225844855039812,-0.28374833527017523,-0.3626385582774757,-0.21810623438777016,-0.45498847913484,-0.7145889347431273,-0.4195311092455114,-0.5146307123468667,-0.9023421380256808,-0.530242776148921,-0.8825126243092423,-1.1694024244984218,-0.9857583047110315,0.7496774959203667,-0.7308571390093687
subject_05_task_1,5,1,,1,267,1330.0,1360.0,0.9626135666137656,30.0,0.7555555555555555,eye,中,4.066666666666666,6,63.666666666666664,1.3662601021279464,62.0,65.0,-8.008474576271098,2.729960729872931,1.5802271571422706,0.9799082533461896,2.7660042412943233,1.3522672895029784,1.612627663606376,2.822717567536527,2.3591898374278126,1.936207259111959,1.4772588002508849,2.269243096700531,0.8038602236077761,1.3106757318237876,1.5361175010872452,3.9178571809941074,2.25520224440086,1.7494126435466806,3.722942578790212,1.1855372015821262,1.2891196669464813,2.128110021682755,6.373294870173278,6.631894713627666,4.618153742146305,5.425090129096868,2.297552205983721,1.4360489242927343,1.1747313822808196,2995,3.292122795115332,0.2026973097296098,0.9676126878130216,0.882804674457429,0.0797996661101836,0.0213689482470784,3,3,1881.389465802925,3.14561020866565,0.1048536736221883,0.0627129821934308,0.6432034776793178,0.8808700952711308,3.413806620966394,4.0,1.0,0.1333333333333333,2.0,0.0,2.0,0.0,2.0,0.5,0.5,0.0,1.0,40.0,6.0,0.0294117647058823,22.0,1.0,2.0,2.0,5.0,0.125,0.05,0.05,10.0,5.0,10.0,1290.0,0.9485294117647058,34.46153846153846,2.0,4.0,0.0666666666666666,9,641.0,5,10.0,108.2,30.433534135883725,110.0,0.018033333333333332,-1.1381170434246037,-1.1153465340625692,-1.0436828634057242,-0.25589106357999736,-0.4617438438336467,-0.19869145307876074,1.320407501092377,-0.5500927412979998,-1.1773594053937484,0.1373034630597257,-0.39552455538094905,-0.7084883566203205,-1.703085853024646,-0.7429822244229985,-0.5016166188662351,-0.7100846688383965,-0.21266389942865624,-0.22074427684090348,-0.7268643779267645,-1.2816200096503436,-0.08869867010154033,-0.9593325842568061,-1.2095576931457162,-1.0972304929303904,-1.1192415350503315,-1.0457585845159953,0.505195243964654,-0.09613683945906493
subject_05_task_1,5,1,,1,268,1335.0,1365.0,0.9661525870792574,30.0,0.7583333333333333,eye,中,4.066666666666666,6,63.166666666666664,1.3291601358251257,62.0,65.0,-8.795811518324664,2.7588760240570935,1.4860357828388997,0.9744775365887164,2.8622528588138274,1.4185765542294346,1.524956427462616,2.937217895071764,2.12584517683301,1.8258027054965984,1.5242845009966135,2.3264939661079436,0.8282523897877319,1.1978096636834166,1.5262859161703908,3.729353180798995,2.1734261658504583,1.8148548728632932,3.6449632231679567,1.2119827520806554,1.1975757391672028,2.0084047918483448,5.70297978891324,5.3450638069516865,4.087652315485304,5.269697645273934,2.3239980838596743,1.3076121436999215,1.289174626058746,2995,3.2679236770691995,0.1931272753786872,0.9652754590984975,0.8764607679465777,0.0808013355592654,0.0220367278797996,3,3,1947.0034831863015,3.255314300595723,0.1085104766865241,0.06490011610621,0.6432034776793178,0.8808700952711306,3.413806620966393,4.0,1.0,0.1333333333333333,2.0,0.0,2.0,0.0,2.0,0.5,0.5,0.0,1.0,40.0,6.0,0.0293040293040293,22.0,1.0,2.0,2.0,5.0,0.125,0.05,0.05,10.0,10.0,10.0,1290.0,0.945054945054945,34.46153846153846,2.0,4.0,0.0666666666666666,11,661.0,5,10.0,108.2,30.433534135883725,110.0,0.018033333333333332,-1.1048381179822846,-1.3648387558106283,-1.0668563278911865,-0.10731245157609726,-0.3320203095548663,-0.7770630124599713,1.680431439397779,-0.7163230136058368,-1.4079018294195225,0.3268449838571548,-0.2943321082362939,-0.6367588523529045,-2.144320935803251,-0.7802678739662476,-0.5923794023166754,-0.837055724864888,-0.049339548719053286,-0.3094558826861389,-0.6860133522256557,-1.890177078275097,-0.531323873145461,-1.3875341631822378,-2.1759008613634836,-1.3836684673404758,-1.1913045391848422,-1.032748925704946,0.0329816705826663,0.5371562956928739
subject_05_task_1,5,1,,1,269,1340.0,1370.0,0.9696916075447491,30.0,0.7611111111111111,eye,中,4.066666666666666,7,63.142857142857146,1.2149857925879115,62.0,65.0,-5.814726840855068,2.709888675286132,1.497313577589154,0.9563314182678224,2.863900125855986,1.4151500694718058,1.5656848128039107,2.9946732598655936,2.1936119189365244,1.7823407028007745,1.469183145905407,2.3555800964612517,0.8516193068591328,1.2131507959154944,1.6033263810752394,3.8358248209199215,2.116037356702018,1.777908458027754,3.751910194851923,1.219289042045412,1.1901835255620263,2.1102943618446717,5.97365969898419,5.144853573603357,3.853380668711204,5.199939293640591,2.198592731579094,1.3351532111474722,1.3494486376244148,2995,3.27065,0.201846303357566,0.967278797996661,0.8854757929883138,0.0757929883138564,0.0180300500834724,3,3,1947.0034831863015,3.255314300595723,0.1085104766865241,0.06490011610621,0.6432034776793178,0.8808700952711306,3.413806620966393,4.0,1.0,0.1333333333333333,2.0,0.0,2.0,0.0,2.0,0.5,0.5,0.0,1.0,40.0,6.0,0.0291970802919708,22.0,1.0,2.0,2.0,5.0,0.125,0.05,0.05,10.0,15.0,10.0,1290.0,0.9416058394160584,34.46153846153846,2.0,4.0,0.0666666666666666,12,540.0,3,6.0,116.66666666666667,30.550504633038933,110.0,0.011666666666666667,-1.16121818857685,-1.334966359431772,-1.144287806503944,-0.10476957192721163,-0.3387236822245174,-0.5083758035526283,1.861088623137995,-0.668047282913874,-1.4986574651826827,0.10475377678598591,-0.24292159274744793,-0.5680442754914719,-2.0843467924502663,-0.4880968965110468,-0.5411143766094946,-0.9261614612959782,-0.14154681728363863,-0.18778986579407478,-0.6747271648140295,-1.9393183370275155,-0.15457432201834817,-1.214622098220341,-2.3262483469575317,-1.5101606737536526,-1.2236548579293343,-1.0944402355530214,0.1342397822710405,0.8706938335371918
subject_05_task_1,5,1,,1,270,1345.0,1375.0,0.9732306280102412,30.0,0.7638888888888888,eye,中,4.066666666666666,7,63.142857142857146,1.2149857925879115,62.0,65.0,0.4693971468016354,2.8017073679430022,1.65502205336423,1.0072077711132827,2.7269762427006805,1.2800762916838144,1.6431783995618976,2.7074614800544183,2.2332613382212245,1.8409989153737911,1.5678668449175257,2.319061458369348,0.8505930280472054,1.1742061651100435,1.47911888428978,3.678281850824004,2.15410185632628,1.8333123031942409,3.631499237329242,1.2066616075618326,1.174978127061667,1.9808404880073955,5.703579447438624,5.715276067640438,4.054809822157314,4.915895718361458,2.178132461282887,1.4095053327555798,1.2123615986867695,2995,3.251351677852349,0.1802753567284649,0.9789649415692822,0.9065108514190318,0.0671118530884808,0.0106844741235392,3,3,1947.0034831863015,3.255314300595723,0.1085104766865241,0.06490011610621,0.6432034776793178,0.8808700952711306,3.413806620966393,4.0,1.0,0.1333333333333333,2.0,0.0,2.0,0.0,2.0,0.5,0.5,0.0,1.0,40.0,6.0,0.029090909090909,22.0,1.0,2.0,2.0,5.0,0.125,0.05,0.05,10.0,20.0,10.0,1290.0,0.9381818181818182,34.46153846153846,2.0,4.0,0.0666666666666666,9,320.0,1,2.0,150.0,,150.0,0.005,-1.0555430601248343,-0.9172313141515637,-0.9271928246690467,-0.3161384313840964,-0.6029740538027409,0.0028532903518494984,0.9580072231000637,-0.6398017951116556,-1.3761697047347214,0.5025077303062145,-0.30746926500395527,-0.571062230923417,-2.2365957161556085,-0.9591457899450667,-0.6169697349263189,-0.8670599514157546,-0.003275289355497034,-0.32477290852328267,-0.6942330416403206,-2.040399347675875,-0.6332463672690827,-1.3871510974649885,-1.8978906837628056,-1.4014013833905914,-1.3553795902725356,-1.1045053631689032,0.40760447477611944,0.11209701461110781
subject_05_task_1,5,1,,1,271,1350.0,1380.0,0.9767696484757328,30.0,0.7666666666666667,eye,中,4.066666666666666,5,62.8,1.3038404810405295,62.0,65.0,9.90291262135903,2.65328523042064,1.532545789453352,0.9974680140899396,2.6401228105596344,1.2667816212942502,1.5364360238173669,2.6468245329835507,2.224699466727456,1.823015152568884,1.6057239641840813,2.2685004078234554,0.8263143999857064,1.1353228781730336,1.412758642470751,3.591183013077611,2.0744218643303993,1.827068552873551,3.568933274926018,1.1712699862964329,1.135382611160276,1.9533658270856455,6.139112817431443,5.848192969425412,4.114070440308374,5.197987564273377,2.134236489124712,1.4215101696185484,1.2634658642071663,2995,3.239745564111148,0.167685803444218,0.9859766277128548,0.8991652754590985,0.0754590984974958,0.0070116861435726,3,3,1947.0034831863015,3.255314300595723,0.1085104766865241,0.06490011610621,0.6432034776793178,0.8808700952711306,3.413806620966393,4.0,1.0,0.1333333333333333,2.0,0.0,2.0,0.0,2.0,0.5,0.5,0.0,1.0,40.0,6.0,0.0289855072463768,22.0,1.0,2.0,2.0,5.0,0.125,0.05,0.05,10.0,25.0,10.0,1290.0,0.9347826086956522,34.46153846153846,2.0,4.0,0.0666666666666666,7,210.0,1,2.0,80.0,,80.0,0.0026666666666666666,-1.2263637067050692,-1.2416439837884796,-0.9687534369338796,-0.4502137327012976,-0.6289829627707455,-0.7013315372714958,0.7673461746890737,-0.6459011085746076,-1.4137226872375284,0.6550944189680383,-0.3968372778900795,-0.6424578561539209,-2.388604824057003,-1.2108127125210877,-0.6589069507996077,-0.9907764820594174,-0.018857834109373115,-0.39594978542554016,-0.7489032603599936,-2.30361867496685,-0.7348373953793407,-1.1089295835538446,-1.798076994711488,-1.3694043131238491,-1.2245599691547862,-1.126099337989321,0.4517417295933539,0.3948920443801919
subject_05_task_1,5,1,,1,272,1355.0,1385.0,0.9803086689412246,30.0,0.7694444444444445,eye,中,4.066666666666666,6,63.5,2.073644135332772,62.0,67.0,12.55501678478182,2.759866593278774,1.5030056357778794,0.9846647908559514,2.7413984899672417,1.3349632441517114,1.5264135061347563,2.784093140554151,2.221957877062565,1.7931682672994649,1.615839781754605,2.265334678290064,0.8672615992023234,1.1097438542776206,1.4019550105581549,3.692610771976584,2.0233951678026396,1.8391091059376483,3.4813267940913857,1.1976268551749825,1.1002039853263816,1.8929419591538976,5.952939537988627,5.327626648647606,3.7788128684537674,4.993991176522733,2.136108830044248,1.4098678167219192,1.3215767359673989,2994,3.24100301406564,0.159130001711961,0.9879759519038076,0.896125584502338,0.0774883099532398,0.0056780227120908,3,3,1947.0034831863015,3.255314300595723,0.1085104766865241,0.06490011610621,0.6432034776793178,0.8808700952711306,3.413806620966393,1.0,1.0,0.0333333333333333,0.0,0.0,1.0,0.0,1.0,1.0,1.0,0.0,1.0,40.0,6.0,0.0288808664259927,22.0,1.0,2.0,2.0,5.0,0.125,0.05,0.05,10.0,30.0,10.0,1290.0,0.9314079422382672,34.46153846153846,2.0,4.0,0.0666666666666666,6,170.0,1,2.0,80.0,,80.0,0.0026666666666666666,-1.1036980611298868,-1.3198893499462705,-1.0233861957688875,-0.29387486504862703,-0.49559645748494896,-0.7674505910910624,1.1989605269542019,-0.6478541646050713,-1.4760477730632793,0.6958671754824768,-0.4024327897451453,-0.5220453319329014,-2.4886026614216545,-1.2517847873893788,-0.610070503258535,-1.0700039732588118,0.01119180710721972,-0.49561349173952285,-0.708189223115117,-2.537475818035248,-0.9582622770573244,-1.2278582701370035,-2.188995261500177,-1.5504226760566264,-1.3191629523380064,-1.1251782675429025,0.4089371915278845,0.7164594427568193
subject_05_task_1,5,1,,1,273,1360.0,1390.0,0.9838476894067164,30.0,0.7722222222222223,eye,中,4.066666666666666,6,64.83333333333333,1.9407902170679512,62.0,67.0,11.050359712230172,2.73416702801304,1.5760821027951533,0.9466587669545272,2.565617081848379,1.2849982998065208,1.6648893538117526,2.7101815051078684,2.2807632130362436,1.9011764759961156,1.4950659699826438,2.191575976662595,0.8289976872748367,1.2716338370126814,1.465872423467733,3.880533197187466,2.071390234256189,1.7326922675908052,3.4286003759777355,1.191160755734315,1.195474968637288,1.9787705180591468,5.939299324829105,6.15406562244288,4.041454130423704,5.048301756906678,2.158908680670449,1.5227354867436516,1.24913003933498,2994,3.2822314410480353,0.1672564405766012,0.983633934535738,0.8867735470941884,0.0798263193052772,0.0086840347361389,3,3,1947.0034831863015,3.255314300595723,0.1085104766865241,0.06490011610621,0.6432034776793178,0.8808700952711306,3.413806620966393,0.0,0.0,0.0,0.0,0.0,0.0,0.0,0.0,0.0,0.0,0.0,0.0,40.0,6.0,0.0287769784172661,22.0,1.0,2.0,2.0,5.0,0.125,0.05,0.05,10.0,35.0,10.0,1290.0,0.9280575539568344,34.46153846153846,2.0,4.0,0.0666666666666666,7,260.0,2,4.0,85.0,7.0710678118654755,85.0,0.005666666666666667,-1.1332759693099395,-1.1263258708221957,-1.185562071338407,-0.565227932837878,-0.5933449274346486,0.146081548757517,0.9665598111416226,-0.6059623682076689,-1.2505093017574802,0.20907693965937252,-0.5328032730784455,-0.6345671724960449,-1.85571501759683,-1.0093821353640562,-0.5195877423237932,-0.9954835954210208,-0.2543929874369796,-0.5555966139903341,-0.7181775496750549,-1.9041423819992354,-0.6409003425373798,-1.2365717259059044,-1.5683825204377992,-1.4086126312680933,-1.2939765116397832,-1.113962217957365,0.8239090207364699,0.3155620710362598
subject_05_task_1,5,1,,1,274,1365.0,1395.0,0.9873867098722082,30.0,0.775,eye,中,4.066666666666666,6,65.5,1.378404875209022,63.0,67.0,7.138592750533031,2.822166765971781,1.6302292618157763,0.967279229202612,2.492091992426386,1.2214950336960764,1.6853760657712822,2.576393576114284,2.3553203634684583,1.967842626842871,1.5890384962975943,2.164473437083437,0.8052347520963837,1.238385748002882,1.3621277534349148,3.8834531845758744,2.1300784942236044,1.802900069086276,3.3891006906597285,1.1526634835689435,1.18147341094903,1.8798050700488085,6.236619011788171,6.240722723619474,4.095434689979889,4.899497244308314,2.2314986796343823,1.52382425701681,1.19633143126313,2994,3.283654685925428,0.1703819821196634,0.9843019372077488,0.8894455577822311,0.0794923179692718,0.0080160320641282,3,3,1947.0034831863015,3.255314300595723,0.1085104766865241,0.06490011610621,0.6432034776793178,0.8808700952711306,3.413806620966393,0.0,0.0,0.0,0.0,0.0,0.0,0.0,0.0,0.0,0.0,0.0,0.0,40.0,6.0,0.028673835125448,22.0,1.0,2.0,2.0,5.0,0.125,0.05,0.05,10.0,40.0,10.0,1290.0,0.9247311827956988,34.46153846153846,2.0,4.0,0.0666666666666666,5,240.0,2,4.0,85.0,7.0710678118654755,85.0,0.005666666666666667,-1.031996117207429,-0.9829019627911899,-1.09757229560167,-0.6787283239636903,-0.7175789715320487,0.2812334191292014,0.5458897735020306,-0.5528492805233327,-1.111299681199397,0.5878420674183666,-0.5807077386741204,-0.7044463110569262,-1.9856940586689795,-1.4028270825965605,-0.5181817977139292,-0.9043602439897438,-0.07917518520533041,-0.6005326164358558,-0.7776451359042628,-1.9972206135067487,-1.0068375833789371,-1.0466420003771753,-1.5033075387404224,-1.3794664662254925,-1.3629843551518843,-1.0782526406824169,0.8279120181559564,0.023391079253084802
subject_05_task_1,5,1,,1,275,1370.0,1400.0,0.9909257303377,30.0,0.7777777777777778,eye,中,4.066666666666666,5,66.0,0.7071067811865476,65.0,67.0,2.2975929978118548,2.700733461335675,1.5433196646119332,0.9164756244669596,2.5402773924820417,1.2604170515793225,1.683972408441914,2.7717893686037938,2.3471595876010527,1.9462037220685249,1.5057473602070044,2.214434455038154,0.8226113095684257,1.2925167750591098,1.4706547151002292,3.712524633960561,2.0777431563198223,1.7401366292109732,3.5039445201951747,1.1323383712108652,1.194011505442495,2.0136031052825785,6.59910899584868,6.214312519880377,3.8147034185103834,5.061810550492513,2.2311171097699845,1.6290421136610995,1.3269211247015154,2994,3.259857910648304,0.1731635504963407,0.9896459585838344,0.8974615898463594,0.0744822979291917,0.0056780227120908,3,3,1947.0034831863015,3.255314300595723,0.1085104766865241,0.06490011610621,0.6432034776793178,0.8808700952711306,3.413806620966393,0.0,0.0,0.0,0.0,0.0,0.0,0.0,0.0,0.0,0.0,0.0,0.0,40.0,6.0,0.0285714285714285,22.0,1.0,2.0,2.0,5.0,0.125,0.05,0.05,10.0,45.0,10.0,1290.0,0.9214285714285714,34.46153846153846,2.0,4.0,0.0666666666666666,2,170.0,2,4.0,85.0,7.0710678118654755,85.0,0.005666666666666667,-1.17175502353088,-1.2131063595099216,-1.314356853267106,-0.6043447115687256,-0.6414342315487976,0.27197342104850514,1.160273716803236,-0.5586628611350515,-1.1564851866570864,0.25212929008160373,-0.49240029948575964,-0.6533474523435059,-1.774075911624639,-0.9912456038352295,-0.6004821786551161,-0.9856196200681756,-0.23581407377896352,-0.46988290205685845,-0.8090417856871424,-1.9138710542713153,-0.5121024528073814,-0.8150810705117914,-1.5231402299060712,-1.5310439978061525,-1.2877118312377533,-1.0784403483384712,1.2147583704256586,0.7460336193108059
subject_05_task_1,5,1,,1,276,1375.0,1405.0,0.9944647508031916,30.0,0.7805555555555556,eye,中,4.066666666666666,6,65.83333333333333,0.7527726527090811,65.0,67.0,-4.9285714285715985,2.585189378638655,1.352751381447574,0.835743346500865,2.482085183487744,1.190533997043579,1.61862058143968,2.969913184328504,2.310668037708025,1.7110443998246512,1.3015893025216856,2.190494389067831,0.8014225577268649,1.314580871638766,1.6829382239266952,4.008890116723575,1.957764887844389,1.560590547150291,3.423925862814105,1.1363640866635436,1.2545025928930278,2.193993721842253,6.705425189685826,5.095152818013478,3.6388269441692978,5.224646227004813,2.189821253855334,1.400218503432194,1.4358050842117034,2994,3.2751357070876725,0.1695763886992519,0.9869739478957916,0.8810955243820975,0.0801603206412825,0.0066800267201068,3,3,1947.0034831863015,3.255314300595723,0.1085104766865241,0.06490011610621,0.6432034776793178,0.8808700952711306,3.413806620966393,0.0,0.0,0.0,0.0,0.0,0.0,0.0,0.0,0.0,0.0,0.0,0.0,40.0,6.0,0.0284697508896797,22.0,1.0,2.0,2.0,5.0,0.125,0.05,0.05,10.0,50.0,10.0,1290.0,0.9181494661921707,34.46153846153846,2.0,4.0,0.0666666666666666,5,200.0,2,4.0,85.0,7.0710678118654755,85.0,0.005666666666666667,-1.3047359605009554,-1.717879803076587,-1.6588503446102667,-0.6941757955327266,-0.778149317411549,-0.15915587236893997,1.7832353968678873,-0.584658743192908,-1.6475355863646757,-0.5707490109980328,-0.5347150081603464,-0.7156567468287736,-1.6878192213618775,-0.18617413460082133,-0.4577851743137616,-1.1719059732242092,-0.6839077218902149,-0.5609144774938379,-0.8028231741505112,-1.511744121881239,0.15491463067673286,-0.7471656030858876,-2.3635710327668136,-1.6260064211378433,-1.212197058958788,-1.098755234396701,0.37346030797324903,1.3485634132038358
subject_05_task_1,5,1,,1,277,1380.0,1410.0,0.9980037712686836,30.0,0.7833333333333333,eye,中,4.066666666666666,6,65.83333333333333,0.7527726527090811,65.0,67.0,-4.9285714285715985,2.80922856524208,1.3860712721381387,0.8553100524537747,2.3319069532412677,1.1544429418121187,1.6205483241564604,2.726387871335461,2.4733909221530745,1.883284805934493,1.2689185524513729,2.1187064733404233,0.7912515481783675,1.4841652384199528,1.6696946145577107,3.9230003653838175,2.0596668383950267,1.5693255431598638,3.3352239331342624,1.1552279637656877,1.312453523344718,2.1252594451618574,6.4348669990554255,5.822432008333635,3.647128367004536,4.956183303287784,2.2626125430449364,1.5964428510411115,1.3589275738485735,2995,3.309698593436035,0.1790543882393549,0.9893155258764608,0.896160267111853,0.071118530884808,0.0040066777963272,3,3,1947.0034831863015,3.255314300595723,0.1085104766865241,0.06490011610621,0.6432034776793178,0.8808700952711306,3.413806620966393,0.0,0.0,0.0,0.0,0.0,0.0,0.0,0.0,0.0,0.0,0.0,0.0,40.0,6.0,0.0283687943262411,22.0,1.0,2.0,2.0,5.0,0.125,0.05,0.05,10.0,55.0,10.0,1290.0,0.9148936170212766,34.46153846153846,2.0,4.0,0.0666666666666666,4,120.0,1,2.0,90.0,,90.0,0.003,-1.0468868326433214,-1.6296227453759864,-1.5753570626464686,-0.9260053384215061,-0.8487557290463281,-0.14643845659802657,1.0175175675120747,-0.4687380732145704,-1.2878699798346382,-0.7024315496039514,-0.6616020745588544,-0.7455664099325117,-1.0248513927883434,-0.23639966606860366,-0.4991402272218892,-1.013686130674542,-0.6621077684562889,-0.6618243985963949,-0.7736837267275846,-1.1265034050443066,-0.09923903674299747,-0.919999912887433,-1.8174221383730325,-1.6215241660068562,-1.3366962902332404,-1.0629466353698476,1.0949031839257268,0.9231473034069493
subject_05_task_1,5,1,,1,278,1382.8203125,1412.8203125,1.0,30.0,0.7849001736111111,eye,中,4.066666666666666,7,65.14285714285714,0.8997354108424375,64.0,66.0,-4.9088649544325325,2.787622159184622,1.4827656258024382,0.8383350912085149,2.2636544581110423,1.073425688354027,1.7687028031534917,2.7001785823468705,2.4935478559188176,1.970589064283833,1.2142597035969895,2.10200566741746,0.7636374565756276,1.6228728157958108,1.7311005719704848,3.9874208598864262,2.1485251330003816,1.554156190748428,3.3292730759557245,1.139670475709127,1.3824383583774331,2.142174059321838,6.848360347844904,5.970355583979393,3.829107415906971,5.129760697833402,2.2631937011982717,1.559202951365949,1.3396753187239474,2994,3.322802680067001,0.1910724537094277,0.990313961255845,0.9094856379425518,0.0624582498329993,0.0040080160320641,3,3,1947.0034831863015,3.255314300595723,0.1085104766865241,0.06490011610621,0.6432034776793178,0.8808700952711306,3.413806620966393,0.0,0.0,0.0,0.0,0.0,0.0,0.0,0.0,0.0,0.0,0.0,0.0,40.0,6.0,0.0283121637239342,22.0,1.0,2.0,2.0,5.0,0.125,0.05,0.05,10.0,57.8203125,10.0,1290.0,0.9130672800968808,34.46153846153846,2.0,3.0,0.05,4,120.0,1,2.0,90.0,,90.0,0.003,-1.0717538795314847,-1.373500682133776,-1.6477910854700324,-1.0313664464934935,-1.0072531049333835,0.8309441014203767,0.9351075723183674,-0.45437865920342707,-1.1055646791153304,-0.9227391935647412,-0.6911211969429379,-0.8267705591190329,-0.4825923206521636,-0.0035215464853259903,-0.46812240592229554,-0.8757187482474034,-0.6999659627622397,-0.6685942685478858,-0.797715721995696,-0.6612648350062785,-0.036695115000166506,-0.6558577060703197,-1.7063392167537,-1.523266729677667,-1.2562000642056574,-1.062660743204512,0.9579861262353287,0.8166113419632288
