sample_id,subject,task,repeat_id,label_task,window_id,window_start_sec,window_end_sec,progress_end_ratio,task_required_time_min,elapsed_required_ratio,anchor_source,task_difficulty,nasa_tlx_weighted_task_label,hr_n,hr_mean,hr_std,hr_min,hr_max,hr_slope_bpm_per_min,eeg_frontal_delta_power,eeg_frontal_theta_power,eeg_frontal_alpha_power,eeg_frontal_beta_power,eeg_frontal_gamma_power,eeg_frontal_theta_alpha,eeg_frontal_beta_alpha,eeg_central_delta_power,eeg_central_theta_power,eeg_central_alpha_power,eeg_central_beta_power,eeg_central_gamma_power,eeg_central_theta_alpha,eeg_central_beta_alpha,eeg_parietal_delta_power,eeg_parietal_theta_power,eeg_parietal_alpha_power,eeg_parietal_beta_power,eeg_parietal_gamma_power,eeg_parietal_theta_alpha,eeg_parietal_beta_alpha,eeg_occipital_delta_power,eeg_occipital_theta_power,eeg_occipital_alpha_power,eeg_occipital_beta_power,eeg_occipital_gamma_power,eeg_occipital_theta_alpha,eeg_occipital_beta_alpha,eye_n,eye_pupil_filtered_mean,eye_pupil_filtered_std,eye_valid_ratio,eye_fixation_ratio,eye_saccade_ratio,eye_eyes_not_found_ratio,eye_aoi_interval_n,eye_aoi_unique_hit_n,eye_aoi_total_fix_ms,eye_aoi_fixation_n,eye_aoi_fixation_density_per_sec,eye_aoi_coverage_ratio,eye_aoi_max_share,eye_aoi_entropy,eye_aoi_pupil_weighted_mean,log_action_count_win,log_unique_device_count_win,log_action_density_win,log_correct_action_count_win,log_error_action_count_win,log_duplicate_action_count_win,log_extra_action_count_win,log_disallowed_action_count_win,log_error_rate_win,log_duplicate_rate_win,log_extra_rate_win,log_unique_step_count_win,log_action_count_cum,log_unique_device_count_cum,log_action_density_cum,log_correct_action_count_cum,log_error_action_count_cum,log_duplicate_action_count_cum,log_extra_action_count_cum,log_disallowed_action_count_cum,log_error_rate_cum,log_duplicate_rate_cum,log_extra_rate_cum,log_unique_step_count_cum,log_time_since_last_action_sec,log_cum_gap_count,log_cum_idle_gap_total_sec,log_cum_idle_ratio,log_cum_mean_inter_action_sec,log_action_type_diversity_cum,log_recent_60s_action_count,log_recent_60s_action_density,blink_count_raw,blink_total_ms_raw,blink_count,blink_rate_per_min,blink_duration_mean_ms,blink_duration_std_ms,blink_duration_median_ms,blink_total_duration_ratio,eeg_frontal_delta_power_z_within_subject,eeg_frontal_theta_power_z_within_subject,eeg_frontal_alpha_power_z_within_subject,eeg_frontal_beta_power_z_within_subject,eeg_frontal_gamma_power_z_within_subject,eeg_frontal_theta_alpha_z_within_subject,eeg_frontal_beta_alpha_z_within_subject,eeg_central_delta_power_z_within_subject,eeg_central_theta_power_z_within_subject,eeg_central_alpha_power_z_within_subject,eeg_central_beta_power_z_within_subject,eeg_central_gamma_power_z_within_subject,eeg_central_theta_alpha_z_within_subject,eeg_central_beta_alpha_z_within_subject,eeg_parietal_delta_power_z_within_subject,eeg_parietal_theta_power_z_within_subject,eeg_parietal_alpha_power_z_within_subject,eeg_parietal_beta_power_z_within_subject,eeg_parietal_gamma_power_z_within_subject,eeg_parietal_theta_alpha_z_within_subject,eeg_parietal_beta_alpha_z_within_subject,eeg_occipital_delta_power_z_within_subject,eeg_occipital_theta_power_z_within_subject,eeg_occipital_alpha_power_z_within_subject,eeg_occipital_beta_power_z_within_subject,eeg_occipital_gamma_power_z_within_subject,eeg_occipital_theta_alpha_z_within_subject,eeg_occipital_beta_alpha_z_within_subject
subject_23_task_3,23,3,,3,1,0.0,30.0,0.0817108203000319,10.0,0.05,eye,低,2.4,0,,,,,,9.317785837213576,4.905656600418762,3.834712162730888,5.92254121739428,4.731722959146911,1.279276355627485,1.5444552201218007,5.358172067277621,3.5889252438257184,3.5870718894971225,4.606512004460124,2.836737520326416,1.0005166761039896,1.2841984064907934,6.710884674033055,3.966439323128519,6.185400269493993,7.027879787669532,4.936632079358784,0.6412583099416782,1.136204527026423,14.143649817086024,9.799337502040746,11.056742720870474,10.766355333974817,5.938360367160872,0.8862770663500855,0.9737366244086038,2994,3.2691178101178098,0.3033405496504533,0.7144288577154309,0.6806947227788911,0.1726786907147628,0.0674682698730795,0,0,0.0,0.0,,,,,,0.0,0.0,0.0,0.0,0.0,0.0,0.0,0.0,0.0,0.0,0.0,0.0,0.0,0.0,0.0,0.0,0.0,0.0,0.0,0.0,0.0,0.0,0.0,0.0,,0.0,0.0,0.0,,0.0,0.0,0.0,62,2022.0,15,30.0,85.46666666666667,22.093524153557066,90.0,0.04273333333333333,0.36323190178532044,0.2537829637328653,0.09318806605412856,-0.4990974709323524,0.20206442258634152,-0.020134359932489236,-0.5607792300517014,0.3551512473483539,-0.5013293275991423,-0.5118795954123702,-0.19700638233167675,0.2873829796193595,0.1367061196218632,0.12422466834169191,0.9266617453658544,-0.7058082700867994,-0.419443317319085,1.0145084697684041,1.5269770123676283,-0.08252724809346708,0.95298124902811,-0.2562462594704941,-1.4943999071255993,-1.1609292455878877,-1.6337260877172646,-1.4444821401073866,-0.5183452444089518,-1.1688910411172702
subject_23_task_3,23,3,,3,2,5.0,35.0,0.0953292903500372,10.0,0.0583333333333333,eye,低,2.4,0,,,,,,9.698289403166813,4.692135608927735,3.7604604777262542,5.651738584921398,4.249388288272176,1.247755597145596,1.502937903056675,5.062515415558276,3.618524887824701,3.6372576702127017,4.660641357773084,2.6907585980665787,0.994849751079938,1.2813613387749174,6.468870519628517,3.850773310354536,6.185083083599274,7.597718770728647,5.037563668266911,0.6225903934201742,1.2283939711133711,12.693877987443017,9.35155475583166,10.322170982378635,11.481533735618902,6.323224644311726,0.9059678212845,1.1123177241705702,2994,3.2593087225274724,0.3033942007305198,0.7267869071476286,0.7020708082832331,0.1643286573146292,0.0587842351369405,0,0,0.0,0.0,,,,,,0.0,0.0,0.0,0.0,0.0,0.0,0.0,0.0,0.0,0.0,0.0,0.0,0.0,0.0,0.0,0.0,0.0,0.0,0.0,0.0,0.0,0.0,0.0,0.0,,0.0,0.0,0.0,,0.0,0.0,0.0,59,1762.0,12,24.0,85.16666666666667,24.793083101884882,85.0,0.03406666666666667,0.4534489877826196,-0.06430745523198769,-0.01913149423904155,-0.6479840110231186,0.00910444693501105,-0.14342260657743722,-0.6362217436708141,0.1310559185407808,-0.42345963349658333,-0.45355108538250327,-0.14877678461751015,0.1914643534978208,0.10782454873806928,0.11622968038016775,0.642901960215754,-1.014655999143764,-0.41971055755746095,1.7276562419790686,1.6219029255740514,-0.2376381434519906,1.4374992343050303,-0.7703064551403562,-1.7719432113956297,-1.6456821598743057,-1.3644808957649985,-1.2806972057271369,-0.38371739422047574,-0.38938485264592443
subject_23_task_3,23,3,,3,3,10.0,40.0,0.1089477604000425,10.0,0.0666666666666666,eye,低,2.4,0,,,,,,10.291422574085018,4.824101288834729,4.006443959495563,5.6504582268882215,4.483228673186478,1.204085552576184,1.4103425092209827,5.330018343522046,3.50405349623454,3.7296469290252374,4.895670245300988,3.0502743133386634,0.9395134614391883,1.3126363804577337,6.599708764565757,4.056039495397393,6.303259932437724,7.747959761554002,5.906562885888725,0.6434828229951733,1.229198834349443,12.181925063208022,8.845405462102462,11.381797244794122,11.984683412125392,7.293596953134018,0.7771536666714239,1.0529693293918956,2995,3.2288230690711126,0.3072516580044214,0.728881469115192,0.7378964941569283,0.1475792988313856,0.0460767946577629,0,0,0.0,0.0,,,,,,0.0,0.0,0.0,0.0,0.0,0.0,0.0,0.0,0.0,0.0,0.0,0.0,0.0,0.0,0.0,0.0,0.0,0.0,0.0,0.0,0.0,0.0,0.0,0.0,,0.0,0.0,0.0,,0.0,0.0,0.0,52,1381.0,9,18.0,80.11111111111111,22.4746771080501,80.0,0.024033333333333334,0.5940803801705553,0.1322868848254929,0.35296452634268105,-0.6486879483367864,0.10265325796601373,-0.31423078141761557,-0.8044799490254223,0.3338119067805923,-0.7246069123938037,-0.3461715102825375,0.06063544743228555,0.4276919741992526,-0.17419770582191957,0.20436419347305554,0.7963088233976012,-0.4665607239435037,-0.3201424185578413,1.915681335184582,2.4391945703484645,-0.06404386720482388,1.441729335890167,-0.9518347584395065,-2.0856630869934034,-0.946421772025831,-1.1750587447041103,-0.8677402898464401,-1.264433891234766,-0.7232142210466656
subject_23_task_3,23,3,,3,4,15.0,45.0,0.1225662304500478,10.0,0.075,eye,低,2.4,0,,,,,,10.399349989744872,4.76004143874734,3.715798161121615,5.683460880345717,4.486579648923201,1.281027987082732,1.52953972037872,5.167119970664061,3.638433561589652,3.76662898220625,4.920691745788974,3.0061725465682776,0.9659654770294076,1.3063914096754887,6.369416146461276,4.169021747659413,5.919530734421228,8.280351845898739,5.835645375441631,0.7042824735104669,1.3988189634272312,14.56829574848664,9.265446246994856,11.346145269520653,12.811545113187664,7.451927873932696,0.816616218715689,1.1291539821549383,2995,3.1740850629465807,0.2838821165029691,0.733889816360601,0.8143572621035059,0.1075125208681135,0.0393989983305509,0,0,0.0,0.0,,,,,,0.0,0.0,0.0,0.0,0.0,0.0,0.0,0.0,0.0,0.0,0.0,0.0,0.0,0.0,0.0,0.0,0.0,0.0,0.0,0.0,0.0,0.0,0.0,0.0,,0.0,0.0,0.0,,0.0,0.0,0.0,33,1181.0,9,18.0,80.11111111111111,22.4746771080501,80.0,0.024033333333333334,0.6196698826385766,0.0368544666317078,-0.08669160095438899,-0.6305431805321633,0.10399382963877724,-0.013283142471792641,-0.5878826864416725,0.21034177947061589,-0.37108460033342594,-0.3031890553095071,0.08292976334186528,0.39871394906615587,-0.03938459994074713,0.18676557714651426,0.5262924518520358,-0.16487908732435738,-0.643447723292688,2.581964689220496,2.37249682473342,0.44113774843230785,2.3331980286145693,-0.10567527573164957,-1.8253147186067913,-0.9699489484856334,-0.8637678319630377,-0.8003601223095828,-0.9946240966196858,-0.29468241983180005
subject_23_task_3,23,3,,3,5,20.0,50.0,0.1361847005000531,10.0,0.0833333333333333,eye,低,2.4,0,,,,,,10.107786002910116,4.181484491911471,3.442327008618923,5.58091258405725,4.516289061014927,1.2147261086590089,1.6212615971939102,4.987578309551293,3.344113035312527,3.28931450481281,4.8994204815585,2.8785980128101407,1.0166595594369396,1.4894959039002926,6.359547637844475,3.857493989069285,5.3904343626368085,8.072970592582966,6.05285071545509,0.7156183953944549,1.497647508434544,12.58522169913838,8.901395702691262,10.417363257828669,13.100032765698296,8.446075680798904,0.8544768462405155,1.257519051747917,2995,3.084445226130653,0.1868593445426792,0.8651085141903172,0.8761268781302171,0.0924874791318864,0.0096828046744574,0,0,0.0,0.0,,,,,,0.0,0.0,0.0,0.0,0.0,0.0,0.0,0.0,0.0,0.0,0.0,0.0,0.0,0.0,0.0,0.0,0.0,0.0,0.0,0.0,0.0,0.0,0.0,0.0,,0.0,0.0,0.0,,0.0,0.0,0.0,7,290.0,2,4.0,75.0,35.35533905932738,75.0,0.005,0.5505402985094773,-0.8250440302277058,-0.5003678643287752,-0.6869239508635654,0.1158792025551346,-0.27261200173208006,-0.42121177825302464,0.07425673843485248,-1.1453726069760588,-0.8579486283413401,0.06397693176495639,0.31488832673147854,0.21897857377832783,0.7027625055371594,0.5147216993406988,-0.9967106553993779,-1.089229969204842,2.32242913058523,2.576777917274797,0.5353274235958007,2.852608987092969,-0.8088338093657427,-2.050959390811609,-1.5828636078882197,-0.7551600871017229,-0.3772851762084451,-0.7357668355633521,0.4273595202534784
subject_23_task_3,23,3,,3,6,25.0,55.0,0.1498031705500585,10.0,0.0916666666666666,eye,低,2.4,1,81.0,,81.0,81.0,,10.874524267797211,4.271464716032771,3.2014285375407803,4.471742805409388,2.7604341344861503,1.3342370963288634,1.396796071807499,4.714404314122263,3.534030434866377,3.482718462172905,3.558863009540685,1.8133745271593753,1.0147333105592056,1.021863537978971,6.363685625071125,3.9979559484565943,5.825541266909519,7.224273143589091,4.4138660873212,0.686280598708647,1.2401033333374027,14.210782777935124,9.772064126015074,10.11215070115899,11.813515437132123,7.4478728328520445,0.9663685218709273,1.168249543173653,2995,3.0753499165275455,0.1816730119262382,0.8771285475792988,0.8918196994991653,0.0858096828046744,0.0063439065108514,0,0,0.0,0.0,,,,,,0.0,0.0,0.0,0.0,0.0,0.0,0.0,0.0,0.0,0.0,0.0,0.0,0.0,0.0,0.0,0.0,0.0,0.0,0.0,0.0,0.0,0.0,0.0,0.0,,0.0,0.0,0.0,,0.0,0.0,0.0,6,190.0,1,2.0,50.0,,50.0,0.0016666666666666668,0.7323333174722488,-0.6909970356468546,-0.8647718552295258,-1.2967424345618672,-0.5865578071166251,0.1948355101381777,-0.8290956361964908,-0.1327976808428768,-0.645744644946514,-0.6331645459609639,-1.130468293071297,-0.38503993465238423,0.20916141663120016,-0.6150471170666607,0.5195734584011432,-0.6216535739347351,-0.7226371453976818,1.2602927850132604,1.0353168718282801,0.2915609643586363,1.4990398656631567,-0.2324422495674435,-1.5113044059363454,-1.7842771235050865,-1.2394988259162922,-0.8020858076400595,0.029248817431292345,-0.07477341486508422
subject_23_task_3,23,3,,3,7,30.0,60.0,0.1634216406000638,10.0,0.1,eye,低,2.4,2,81.0,0.0,81.0,81.0,-1.2789769243681805e-12,11.447419608399237,4.83713795422624,3.8212228611208543,4.553395083740677,2.883699097035189,1.2658612517583947,1.191606783804559,4.818234323199902,3.541239268778573,3.847229236540508,3.741472288723739,1.9100898915810471,0.920464846530152,0.9725108795669616,6.335071946505802,3.980737695190074,6.631049436751474,7.174107725849476,4.673754932444194,0.6003179033966337,1.0818962811660238,13.759677515975662,9.900122375988394,10.539488938707253,11.713743799179024,8.19249552632611,0.939336094336536,1.111414781807798,2995,3.037661769616027,0.1123317748732121,0.8924874791318865,0.9001669449081803,0.0838063439065108,0.005008347245409,2,2,5.162511264644138,0.007810153199159,0.0002603384399719,0.0001720837088214,0.537821482602118,0.6902835168968109,2.963810809379728,0.0,0.0,0.0,0.0,0.0,0.0,0.0,0.0,0.0,0.0,0.0,0.0,0.0,0.0,0.0,0.0,0.0,0.0,0.0,0.0,0.0,0.0,0.0,0.0,,0.0,0.0,0.0,,0.0,0.0,0.0,5,150.0,1,2.0,50.0,,50.0,0.0016666666666666668,0.8681663367530638,0.15170810578991692,0.07278297456823993,-1.2518502372436184,-0.5372451501413571,-0.07260532555123571,-1.2019519946739734,-0.054098893282927406,-0.6267799002489712,-0.20951127095880623,-0.967762265106171,-0.32149100076137826,-0.27127926582111755,-0.7541251897066705,0.4860241343873167,-0.6676292092329256,-0.043968267284407565,1.1975112678363062,1.279741696824535,-0.4226992811229026,0.6675546242250909,-0.3923951845666617,-1.4319317410949068,-1.502271370788746,-1.2770601305506606,-0.48520012551973335,-0.1555748531924402,-0.394463822006269
subject_23_task_3,23,3,,3,8,35.0,65.0,0.1770401106500691,10.0,0.1083333333333333,eye,低,2.4,3,80.33333333333333,1.1547005383792517,79.0,81.0,-13.972602739725902,11.653480318929702,5.362544014028022,4.199006278069872,4.791799027707709,2.959898449997872,1.2770983558740916,1.1411745328254956,4.923820490722071,3.902334809507358,4.293750965589136,3.648634467430451,1.8796907890910424,0.908840508166716,0.8497545611450781,6.253624270476023,4.476411216762619,7.645046188206301,7.079535152999776,4.319107624130568,0.5855309577682075,0.9260290884731456,15.926736618875031,11.474001579316166,11.509744009716302,12.74701641467396,8.167249656892503,0.9968945938006994,1.1074978213167188,2995,3.04936694490818,0.1143278018173419,0.8924874791318865,0.904507512520868,0.0787979966611018,0.005008347245409,2,2,203.72063682787635,0.308200660859117,0.0102733553619705,0.0067906878942625,0.537821482602118,0.6902835168968109,2.9638108093797277,0.0,0.0,0.0,0.0,0.0,0.0,0.0,0.0,0.0,0.0,0.0,0.0,0.0,0.0,0.0,0.0,0.0,0.0,0.0,0.0,0.0,0.0,0.0,0.0,,0.0,0.0,0.0,,0.0,0.0,0.0,5,150.0,1,2.0,50.0,,50.0,0.0016666666666666668,0.9170231636162218,0.9344256855555809,0.644251046641176,-1.1207764066936186,-0.5067612845182178,-0.02865324665100836,-1.2935941346360096,0.02593098864536003,0.3231774471878739,0.3094593773005566,-1.0504813537261146,-0.3414653922764698,-0.33052288577300964,-1.10005816920235,0.3905273436807993,0.6559025510473384,0.8103595514581061,1.079154641411895,0.9461967683035487,-0.5455633604324989,-0.15163307044303165,0.3760007820861858,-0.4564148452082883,-0.8619881300552241,-0.8880611296602446,-0.4959438949835203,0.23795891779526357,-0.4164963715244821
subject_23_task_3,23,3,,3,9,40.0,70.0,0.1906585807000744,10.0,0.1166666666666666,eye,低,2.4,4,80.75,1.2583057392117916,79.0,82.0,0.8955223880595817,13.13641482415392,6.133280597309359,4.76150140148215,4.8358255588786125,2.892324793459627,1.2880980346661677,1.0156093952578336,5.070929147519264,4.13385104455297,4.3691137750440845,3.619815597854768,1.8088493313967575,0.946153214907126,0.8285011066845573,6.579799409007387,4.799954974241754,8.010958988111215,6.776030765242124,3.853724794305908,0.5991735797630722,0.845845144794549,17.191605369747062,11.493689658811348,12.428494246282872,12.865138325659435,8.378723651676522,0.924785370701595,1.0351325004239476,2994,3.043547094188377,0.1063285414345314,0.9208416833667334,0.9114896459585838,0.0731462925851703,0.0060120240480961,2,2,402.27876239110856,0.608591168519075,0.0202863722839691,0.0134092920797036,0.537821482602118,0.6902835168968109,2.963810809379728,0.0,0.0,0.0,0.0,0.0,0.0,0.0,0.0,0.0,0.0,0.0,0.0,0.0,0.0,0.0,0.0,0.0,0.0,0.0,0.0,0.0,0.0,0.0,0.0,,0.0,0.0,0.0,,0.0,0.0,0.0,5,180.0,1,2.0,50.0,,50.0,0.0016666666666666668,1.2686257286303366,2.0826215653869213,1.4951301199548221,-1.0965707413410468,-0.5337944046889996,0.014370182265268332,-1.5217627705373722,0.13743317411521705,0.9322421509186873,0.3970499323241894,-1.0761591496195204,-0.38801331295770364,-0.14035809975315036,-1.1599513862735538,0.7729652529786711,1.5198188593171515,1.1186539160546551,0.6993219440706578,0.5085053518738781,-0.43220741574398824,-0.5730540175752207,0.8244980312913114,-0.44421184122011664,-0.25569356229609624,-0.843591446957382,-0.4059478719302987,-0.25505974588363,-0.8235447754087142
subject_23_task_3,23,3,,3,10,45.0,75.0,0.2042770507500798,10.0,0.125,eye,低,2.4,5,80.4,1.3416407864998738,79.0,82.0,-3.610698365527592,12.716121620537498,5.626091199142538,4.37473147356984,4.869147020546742,2.6828103372599243,1.2860426367041842,1.1130162045291097,5.096267845706157,3.871184131296266,4.285519062593114,3.759445502275506,1.765687122798771,0.9033174452743796,0.8772439107996204,6.622365612617222,4.677178777526528,7.85936963973595,6.946946875281542,3.8026865313362777,0.5951086399956711,0.8839063682866731,18.964136079931738,11.146281679074368,12.35437906425114,13.27223503143741,8.53625005888563,0.9022130226947184,1.074293978063389,2994,3.0339071476285904,0.104636567645767,0.9853039412157648,0.924181696726787,0.0694722778891115,0.003006012024048,2,2,600.8368879543408,0.9089816761790328,0.0302993892059677,0.0200278962651446,0.537821482602118,0.6902835168968109,2.9638108093797277,0.0,0.0,0.0,0.0,0.0,0.0,0.0,0.0,0.0,0.0,0.0,0.0,0.0,0.0,0.0,0.0,0.0,0.0,0.0,0.0,0.0,0.0,0.0,0.0,,0.0,0.0,0.0,,0.0,0.0,0.0,2,90.0,1,2.0,50.0,,50.0,0.0016666666666666668,1.1689745519067967,1.3270420458707068,0.9100682693716238,-1.078250693661925,-0.6176115275459955,0.006330832227541728,-1.3447615803228112,0.15663884349125318,0.24122734726544426,0.29989183387247714,-0.9517480176382452,-0.41637398095688904,-0.35867126108125014,-1.0225919112317206,0.8228738082063642,1.1919857419791766,0.9909345745910562,0.9132217416155352,0.46050399002796727,-0.4659828210589704,-0.3730165023670186,1.4530020931565122,-0.6595411709950403,-0.3046030814078909,-0.6903306235903005,-0.33891007757094505,-0.4093893638182254,-0.6032649953949828
subject_23_task_3,23,3,,3,11,50.0,80.0,0.2178955208000851,10.0,0.1333333333333333,eye,低,2.4,6,80.33333333333333,1.2110601416389968,79.0,82.0,-3.07046979865764,15.598429551014457,5.638517862037629,4.573223369628842,4.488719584915069,2.420425843846125,1.232941714477254,0.9815220517600408,5.468914113018034,3.7702301226753314,4.17464562966985,3.555334322818973,1.6656444922681335,0.9031257877027272,0.8516493705599019,7.056675182679896,4.540998472127423,7.728312657549254,6.529020187567174,3.678681799979048,0.5875795498117736,0.8448183292881437,20.39203019793928,10.949024037546314,13.391718224230177,13.53648887236584,9.2153429860741,0.8175966559493317,1.0108104610410429,2994,3.0287247737177343,0.1141578722582544,0.9789579158316634,0.928189712758851,0.0624582498329993,0.0066800267201068,2,2,799.3950135175729,1.2093721838389908,0.0403124061279663,0.0266465004505857,0.537821482602118,0.6902835168968109,2.9638108093797277,0.0,0.0,0.0,0.0,0.0,0.0,0.0,0.0,0.0,0.0,0.0,0.0,0.0,0.0,0.0,0.0,0.0,0.0,0.0,0.0,0.0,0.0,0.0,0.0,,0.0,0.0,0.0,,0.0,0.0,0.0,5,200.0,1,2.0,110.0,,110.0,0.0036666666666666666,1.8523674178398704,1.3455545226957346,1.2103243845791563,-1.2874086480347449,-0.7225795269821427,-0.2013646647050437,-1.5837040292183613,0.43908906849563045,-0.024358879717874593,0.17102899559241536,-1.1336123753599494,-0.48210916741759596,-0.35964804685441665,-1.0947185086873308,1.3320985293506329,0.8283613975748872,0.8805144716056235,0.3901906834543835,0.34387784262116283,-0.5285416994594678,-0.5784506287094124,1.9593048883208726,-0.7818047867455359,0.37994977375051603,-0.5908462488366193,-0.04991159909158563,-0.9879207397677164,-0.9603540534977406
subject_23_task_3,23,3,,3,12,55.0,85.0,0.2315139908500904,10.0,0.1416666666666666,eye,低,2.4,6,79.66666666666667,1.7511900715418265,77.0,82.0,-6.88216892596452,13.733016005959334,4.856180336651765,3.821414988964531,4.584983642932213,2.4150663873661675,1.270780679584768,1.199813068241139,5.222507475093006,3.4323350222708613,3.67007622592927,3.7282945051447527,1.5790044121365578,0.9352217259198172,1.0158629618655242,6.735047558948033,4.199261237703803,6.944907320443028,6.500738977278328,3.560693097269049,0.6046533155803042,0.9360440215152696,20.274345085227424,11.275711033084027,13.090776443231787,13.869124391430873,9.447478276908097,0.8613477651215877,1.0594577374057526,2994,3.0043838417700304,0.1107901556332323,0.978623914495658,0.9321977287909152,0.0584502338009352,0.0066800267201068,2,2,997.9531390808052,1.5097626914989488,0.0503254230499649,0.0332651046360268,0.537821482602118,0.6902835168968109,2.9638108093797277,0.0,0.0,0.0,0.0,0.0,0.0,0.0,0.0,0.0,0.0,0.0,0.0,0.0,0.0,0.0,0.0,0.0,0.0,0.0,0.0,0.0,0.0,0.0,0.0,,0.0,0.0,0.0,,0.0,0.0,0.0,5,200.0,1,2.0,110.0,,110.0,0.0036666666666666666,1.410079383578853,0.1800762740038556,0.07307360386399932,-1.2344829345644204,-0.7247235996651231,-0.05336379519407701,-1.187040079137672,0.2523231823737973,-0.9132813312228251,-0.41540766250484856,-0.9795037540004544,-0.5390379166139254,-0.19607060216184538,-0.631957017919839,0.9549925471280518,-0.0841345574139147,0.22046800510466869,0.354797032418719,0.2329097554846093,-0.3866765324255453,-0.09899781237946607,1.9175760929124364,-0.5793186727288769,0.18135459546469238,-0.46561803448489886,0.04887715744890146,-0.6887896099130815,-0.6867175111142432
subject_23_task_3,23,3,,3,13,60.0,90.0,0.2451324609000957,10.0,0.15,eye,低,2.4,6,79.0,1.8973665961010275,77.0,82.0,-8.537030280919435,13.649038887070365,4.629647434009464,3.526581225785025,4.400897926840119,2.293739126149525,1.3127862758864697,1.2479218951948197,5.05194684084501,3.297427334231576,3.606755506686436,3.4619356043142484,1.5625781011723252,0.9142364455030546,0.9598475965161178,7.069442462873598,4.0831982847099235,6.4784324711231385,6.0596812803954965,3.1263494231379565,0.6302756574079156,0.935362266629439,20.608596994832755,11.36818440469666,11.764435202189242,13.52884596110366,9.123977542505209,0.9663179072618088,1.149978365182043,2994,3.014291987931613,0.1163739299655393,0.9789579158316634,0.9311957247828992,0.0584502338009352,0.0073480293921175,2,2,1191.3487533793932,1.802343045959748,0.0600781015319915,0.0397116251126464,0.537821482602118,0.6902835168968109,2.9638108093797277,0.0,0.0,0.0,0.0,0.0,0.0,0.0,0.0,0.0,0.0,0.0,0.0,0.0,0.0,0.0,0.0,0.0,0.0,0.0,0.0,0.0,0.0,0.0,0.0,,0.0,0.0,0.0,,0.0,0.0,0.0,7,220.0,1,2.0,110.0,,110.0,0.0036666666666666666,1.3901684769947538,-0.1573984885833253,-0.3729176034444428,-1.335692753312499,-0.7732610712255824,0.11093416484035225,-1.099619911139839,0.12304538263156324,-1.2681916943360987,-0.48900227744938535,-1.2168312269589587,-0.549831181528773,-0.3030224078237618,-0.7898109066806864,1.3470680698456077,-0.3940421836917344,-0.17255341231696117,-0.19718225172886533,-0.1755894107165399,-0.17378162380064055,-0.10258089618051139,2.036095158148414,-0.5220021161361039,-0.6939142833158668,-0.593723596789423,-0.08879357403177421,0.028902759799858322,-0.1775471433142384
subject_23_task_3,23,3,,3,14,65.0,95.0,0.2587509309501011,10.0,0.1583333333333333,eye,低,2.4,6,78.5,2.258317958127243,76.0,82.0,-12.635761589403923,11.69961342174637,4.665673217115438,3.4226028998479636,4.44651462218226,2.2221758678372376,1.3631944323201188,1.2991617059577023,4.829385478503345,3.194206088560397,3.8199446052379185,3.6000483379729196,1.6581387145062696,0.8361917301576816,0.9424346973609312,6.5368090721183405,4.131306578754835,6.503244104667289,6.140358469667586,3.3327826852581426,0.6352685693882923,0.944199290514212,18.388870557592075,11.331786560688649,11.37094574097208,12.822552609495952,8.754158350691442,0.9965562072693448,1.1276592907565643,2995,3.002754691689008,0.1113889008794286,0.9726210350584308,0.917863105175292,0.0697829716193656,0.0073455759599332,3,3,1257.9522945853532,2.1409084433634855,0.0713636147787828,0.0419317431528451,0.4781060996139198,0.9623074839969336,2.969543300533379,0.0,0.0,0.0,0.0,0.0,0.0,0.0,0.0,0.0,0.0,0.0,0.0,0.0,0.0,0.0,0.0,0.0,0.0,0.0,0.0,0.0,0.0,0.0,0.0,,0.0,0.0,0.0,,0.0,0.0,0.0,7,220.0,1,2.0,110.0,,110.0,0.0036666666666666666,0.9279612847707687,-0.1037294963137874,-0.5302042676937705,-1.310612820086421,-0.8018902480509305,0.30809735261325016,-1.0065103271256386,-0.04564678574610299,-1.5397424881759174,-0.24122288065984404,-1.093771903766071,-0.4870410019574489,-0.7007785046110361,-0.8388812613789232,0.7225594046547129,-0.26558493848860765,-0.15164874103985923,-0.09621555849082142,0.01856056883819328,-0.1322957382798634,-0.05613634874994022,1.2490244044405774,-0.5445621142151088,-0.9535828127063838,-0.859623809367241,-0.2461758400923702,0.23564533198300042,-0.30308992415157154
subject_23_task_3,23,3,,3,15,70.0,100.0,0.2723694010001063,10.0,0.1666666666666666,eye,低,2.4,6,77.5,1.6431676725154984,76.0,80.0,-9.2669621547903,11.697809582544007,4.814993792054883,3.4756502348884144,4.680611055403072,2.503687284907382,1.385350500381828,1.3466864439981092,4.440927646321881,3.1311251358979804,3.906235291931873,3.6564631711140785,1.8499470325338403,0.8015710529176667,0.9360580963124046,5.844359778715388,4.076574005293927,6.439482505158779,6.16580368151599,3.9847923611138127,0.6330592562411831,0.9574998730995014,15.23879661758618,11.429419594601956,10.63544326831365,12.663185411060368,8.843143787170051,1.0746538067344884,1.1906589214563348,2995,3.0086159517426276,0.107570179761016,0.9756260434056762,0.9185308848080134,0.0697829716193656,0.0060100166944908,3,3,1230.721237608892,2.391408831480927,0.0797136277160309,0.0410240412536297,0.4019154171358024,1.081129833765716,2.9768573692279188,0.0,0.0,0.0,0.0,0.0,0.0,0.0,0.0,0.0,0.0,0.0,0.0,0.0,0.0,0.0,0.0,0.0,0.0,0.0,0.0,0.0,0.0,0.0,0.0,,0.0,0.0,0.0,,0.0,0.0,0.0,6,180.0,1,2.0,110.0,,110.0,0.0036666666666666666,0.9275335959630772,0.11871909719865445,-0.4499602524085137,-1.1819072470587066,-0.689270443870331,0.39475715762535835,-0.9201515267428012,-0.3400815130703396,-1.7056936221722996,-0.1409313815031922,-1.0435059290041206,-0.36100917449170034,-0.8772233207165345,-0.8568508178802109,-0.08933221055602185,-0.41173012507748186,-0.205370124416565,-0.06437113106028303,0.6317740787965199,-0.1506528238164697,0.01376722362821283,0.13207096882808622,-0.4840475118379225,-1.438949929903204,-0.9196212195729223,-0.20830671391017036,0.7696071813835494,0.051277317025123795
subject_23_task_3,23,3,,3,16,75.0,105.0,0.2859878710501117,10.0,0.175,eye,低,2.4,6,77.16666666666667,1.4719601443879742,76.0,80.0,-7.602427921092601,10.372607768671225,5.2608590367678385,3.4713795668608003,5.0898214269471955,2.746052688771901,1.5154951901515283,1.4662244012543886,4.255310754352854,3.230633538615534,3.799743046079269,3.897520518611083,1.959517510277598,0.8502242123843174,1.025732653852135,5.912560598524394,4.469990553767811,6.21157581888772,6.458652199313659,4.2345748676526345,0.7196226342719315,1.0397767631966508,14.289957696698684,11.61272453229444,10.762626138618884,12.523689907299742,8.93460530362797,1.0789861491727564,1.1636277007116078,2995,3.0216437667560325,0.1016378779689742,0.9782971619365608,0.925542570951586,0.0627712854757929,0.0060100166944908,3,3,1032.1631120456598,2.091018323820969,0.0697006107940323,0.0344054370681886,0.3757710478043087,1.0942642141892054,2.9793671474192474,0.0,0.0,0.0,0.0,0.0,0.0,0.0,0.0,0.0,0.0,0.0,0.0,0.0,0.0,0.0,0.0,0.0,0.0,0.0,0.0,0.0,0.0,0.0,0.0,,0.0,0.0,0.0,,0.0,0.0,0.0,6,180.0,1,2.0,110.0,,110.0,0.0036666666666666666,0.6133293237733372,0.782941670830581,-0.4564204365105954,-0.9569245139437965,-0.5923111638260232,0.9037966409574687,-0.7029350829595631,-0.4807713240255288,-1.4439104439517625,-0.2647021775683095,-0.8287223008198722,-0.2890135087752848,-0.6292617422780129,-0.6041437696933896,-0.009367259647756917,0.6387582997895261,-0.39738949911321264,0.30212585189698393,0.8666939170026717,0.5685984678925405,0.4461880221214031,-0.20436840139385676,-0.37043201743379356,-1.3550203913746013,-0.972137477894156,-0.1693838536689568,0.7992278815896617,-0.10077086190145612
subject_23_task_3,23,3,,3,17,80.0,110.0,0.299606341100117,10.0,0.1833333333333333,eye,低,2.4,6,76.5,0.5477225575051661,76.0,77.0,-2.138143422789246,7.646274679304579,5.626463268290542,3.943872122288527,5.395738340762729,2.9905885280495426,1.426634306039733,1.3681321740299537,3.950801761308467,3.3755486531940497,4.275246489525534,3.987731541742856,2.077900612080128,0.7895564995993173,0.9327489190419552,5.810913677584949,4.788662600631839,6.543357747897262,6.623410244892902,4.510741267019677,0.7318356698700599,1.0122341617377355,13.250205068911008,12.706094074665438,11.476294159423023,12.546113591983172,8.105582434737707,1.1071600203130592,1.0932199382221075,2995,3.0265479131886477,0.0935753420909983,0.9863105175292154,0.923873121869783,0.069449081803005,0.0013355592654424,4,3,872.3205127731042,1.984205447614394,0.0661401815871464,0.0290773504257701,0.4009025595178688,1.08692301489235,2.986797431626558,0.0,0.0,0.0,0.0,0.0,0.0,0.0,0.0,0.0,0.0,0.0,0.0,0.0,0.0,0.0,0.0,0.0,0.0,0.0,0.0,0.0,0.0,0.0,0.0,,0.0,0.0,0.0,,0.0,0.0,0.0,3,41.0,0,0.0,,,,0.0,-0.03308203419774934,1.327596331565739,0.2583129202358096,-0.7887322388638969,-0.49448359213743165,0.5562319526344427,-0.8811817691965392,-0.7115763558904006,-1.0626728978699882,0.28795251814078315,-0.748343706051272,-0.21122731673385306,-0.9384556772111577,-0.86617623238891,-0.12854751386847915,1.489666320455972,-0.11785159003980983,0.5083188935310476,1.1264277420661888,0.670076042237221,0.30143299186465683,-0.5730439600991192,0.30725688002131935,-0.8840620971879677,-0.9636955712691966,-0.5221873333426398,0.99185572728373,-0.496808176306208
subject_23_task_3,23,3,,3,18,85.0,115.0,0.3132248111501223,10.0,0.1916666666666666,eye,低,2.4,6,76.5,0.5477225575051661,76.0,77.0,1.0721145374565113e-13,7.957252037290355,6.002957245950734,4.163428289619137,5.91924921314559,3.297760586311604,1.4418303446989051,1.4217247905780723,4.302569288080844,3.492546014510028,4.525885487170999,4.428390522041748,2.3435135871075974,0.7716823645693073,0.9784583667868731,5.971744346800362,4.968328789674536,7.070785282838267,7.211261642150212,4.961120893976276,0.7026558707323963,1.0198671510578745,13.544150331892496,12.066320220629407,11.775816206518655,13.33755976145973,8.418706345772597,1.0246695438359457,1.1326229560271626,2995,3.051043405676127,0.0861897487988956,0.986644407345576,0.9198664440734556,0.0734557595993322,0.0013355592654424,4,3,721.4768637820641,1.9223873228153965,0.0640795774271798,0.0240492287927354,0.5508561990186294,0.9980020810581004,2.998427748019601,0.0,0.0,0.0,0.0,0.0,0.0,0.0,0.0,0.0,0.0,0.0,0.0,0.0,0.0,0.0,0.0,0.0,0.0,0.0,0.0,0.0,0.0,0.0,0.0,,0.0,0.0,0.0,,0.0,0.0,0.0,3,41.0,0,0.0,,,,0.0,0.04065044444100173,1.8884738652236286,0.5904326852308914,-0.5009074057844469,-0.37159814254799156,0.6156687508737562,-0.783796822633806,-0.4449513396174298,-0.7548803873656418,0.5792581246210861,-0.355713754866136,-0.036700534029286594,-1.0295514823726404,-0.7373648958094099,0.060025242358941716,1.9694052960060808,0.3265246023142581,1.244009021458793,1.5500086827897026,0.4276223776618978,0.341549521947493,-0.46881682841198935,-0.08928575351691162,-0.6864038187456991,-0.6657376417082183,-0.38893261923563405,0.42785929616024976,-0.27516975464377036
subject_23_task_3,23,3,,3,19,90.0,120.0,0.3268432812001277,10.0,0.2,eye,低,2.4,6,76.83333333333333,1.1690451944500122,76.0,79.0,6.213017751479388,7.668270810639241,5.354223327658527,4.383226744435927,5.748008583029403,3.285022845497328,1.2215255198593558,1.311364644853459,4.383405951978952,3.380325974935253,4.6246549884918515,4.311502851506369,2.2904707824400212,0.7309358175576277,0.932286378602352,5.664471503483008,4.738960872998689,7.886210199791315,7.197774800917862,5.1788282545320765,0.6009173928846192,0.9127038994101792,12.853145919987474,11.290587915570534,13.355802705033398,12.791551200381514,8.056676316012554,0.845369474596645,0.957752333041036,2995,3.0265632721202005,0.0950145451016465,0.9903171953255424,0.9278797996661102,0.0671118530884808,0.0006677796327212,4,3,570.6332147910239,1.8605691980163983,0.0620189732672132,0.0190211071597007,0.7800886241753052,0.6785969678126244,3.016206880563449,0.0,0.0,0.0,0.0,0.0,0.0,0.0,0.0,0.0,0.0,0.0,0.0,0.0,0.0,0.0,0.0,0.0,0.0,0.0,0.0,0.0,0.0,0.0,0.0,,0.0,0.0,0.0,,0.0,0.0,0.0,1,21.0,0,0.0,,,,0.0,-0.027866769349295956,0.9220300396058992,0.9229189553619916,-0.5950550317072297,-0.3766939283286783,-0.24601722655906372,-0.9843359563108721,-0.3836805423239873,-1.0501048891929314,0.6940531475597222,-0.45986141196215397,-0.07155346259311689,-1.2372168883543624,-0.8674796927277846,-0.3002498672383581,1.3569543392821992,1.0135486875978565,1.2271303749201243,1.754761924426775,-0.4177181493971239,-0.22166596653179985,-0.7138332205984086,-0.570097729855357,0.35624868141814087,-0.8712949956455447,-0.5430000871411748,-0.7980349339356921,-1.2588012385449843
subject_23_task_3,23,3,,3,20,95.0,125.0,0.340461751250133,10.0,0.2083333333333333,eye,低,2.4,6,76.83333333333333,1.1690451944500122,76.0,79.0,1.8495684340321288,7.074248524325252,5.302712322258517,4.835454034060987,6.0169967956613455,3.45787909270771,1.09663172990709,1.24434991073797,4.458704464509908,3.447976448244616,5.362638832707472,4.701605077175346,2.246423648178077,0.6429626450349282,0.876733493312958,5.357110807082668,4.5359567577331585,8.532270242832496,7.282924298345228,4.853835576136484,0.5316236627108211,0.8535740302486579,13.0526812774114,11.48375053451942,13.976196485440427,12.50631762821994,8.063691086433712,0.8216649319779177,0.8948298373773066,2994,3.028505344021376,0.0957197232766315,0.995991983967936,0.9365397461589846,0.0611222444889779,0.0006680026720106,2,1,353.1860245940238,1.4601856758136624,0.0486728558604554,0.0117728674864674,1.0,-1.000088900581841e-12,3.0419887508530725,0.0,0.0,0.0,0.0,0.0,0.0,0.0,0.0,0.0,0.0,0.0,0.0,0.0,0.0,0.0,0.0,0.0,0.0,0.0,0.0,0.0,0.0,0.0,0.0,,0.0,0.0,0.0,,0.0,0.0,0.0,1,21.0,0,0.0,,,,0.0,-0.16870897027439194,0.8452921171441702,1.6069973075244919,-0.44716605463836856,-0.30754207326421407,-0.7345186815257798,-1.1061106842697699,-0.32660743124660324,-0.8721324222715572,1.551776140914449,-0.11227785036598883,-0.10049559024820667,-1.6855735204436995,-1.0240302913022354,-0.6606279839180919,0.8148991712572484,1.55787692785717,1.333694116960364,1.449107103019134,-0.993476698435451,-0.5324334883405607,-0.6430819597564477,-0.4503722782197245,0.7656541585127605,-0.9786776678729603,-0.5400148432998205,-0.96010549055426,-1.612734602100235
subject_23_task_3,23,3,,3,21,100.0,130.0,0.3540802213001383,10.0,0.2166666666666666,eye,低,2.4,6,76.33333333333333,1.96638416050035,73.0,79.0,-6.847306343640355,7.546520197754377,5.216541957052223,5.4142693841476355,6.226380819295109,3.606733782927942,0.963480312288425,1.1499946488671664,5.091174895190313,3.545905206016066,6.039494648674405,4.874776075470995,2.424972091050566,0.587119521133171,0.8071496638449622,5.788662221799765,4.6432780483126415,9.36845035078112,7.316265349650987,4.814936939755632,0.4956292529132627,0.7809472298736122,12.192865920367645,10.71244599478394,14.233896003317165,12.65522857333975,7.513261153673078,0.7526011144304721,0.8890909818640301,2994,3.0272441549766196,0.1059038114575055,0.995991983967936,0.9308617234468938,0.0654642618570474,0.0006680026720106,1,1,200.0,1.0,0.0333333333333333,0.0066666666666666,1.0,-1.000088900581841e-12,3.0670000000000006,0.0,0.0,0.0,0.0,0.0,0.0,0.0,0.0,0.0,0.0,0.0,0.0,0.0,0.0,0.0,0.0,0.0,0.0,0.0,0.0,0.0,0.0,0.0,0.0,,0.0,0.0,0.0,,0.0,0.0,0.0,1,21.0,0,0.0,,,,0.0,-0.056733740635992104,0.7169208156650061,2.4825637759300574,-0.3320472962110993,-0.24799214012672716,-1.2553184848022971,-1.2775668050387694,0.15277860082865213,-0.6145049179756109,2.3384529782072314,0.04201860936208443,0.016823547825612618,-1.9701788636405586,-1.2201207391263198,-0.1546371792784066,1.1014650870349865,2.2623879893321566,1.3754201082820154,1.4125230303726792,-1.2925526625458301,-0.9141365275913216,-0.9479553485508092,-0.9284398508740378,0.9357132361427138,-0.9226167522882504,-0.7742587983000635,-1.4323023826079682,-1.6450151468139496
subject_23_task_3,23,3,,3,22,105.0,135.0,0.3676986913501436,10.0,0.225,eye,低,2.4,6,75.33333333333333,2.875181153713043,71.0,79.0,-14.09847198641752,9.135694740104206,5.032113546731171,5.479437152188677,6.159015441652972,3.654670306776,0.9183632199743674,1.124023375136778,5.804958002672927,3.594709152901539,6.60773759167645,4.8246269248564095,2.4257535146794846,0.5440151190975979,0.7301480813847441,6.526738626803908,4.5968157885871115,10.017578081242844,7.119311049464657,4.684232124819461,0.4588749647176997,0.7106818625946153,19.059008482834994,10.771778587848098,13.8698068072433,12.35737191650143,6.994587663550317,0.7766350849402385,0.8909548696848449,2994,3.0208937875751505,0.1117959130255266,0.995991983967936,0.914495657982632,0.0814963259853039,0.0006680026720106,1,1,200.0,1.0,0.0333333333333333,0.0066666666666666,1.0,-1.000088900581841e-12,3.0670000000000006,0.0,0.0,0.0,0.0,0.0,0.0,0.0,0.0,0.0,0.0,0.0,0.0,0.0,0.0,0.0,0.0,0.0,0.0,0.0,0.0,0.0,0.0,0.0,0.0,,0.0,0.0,0.0,,0.0,0.0,0.0,1,21.0,0,0.0,,,,0.0,0.32005825076813804,0.44217073185176947,2.581142212920413,-0.3690845949532007,-0.22881493592999014,-1.4317865481680445,-1.3247600802939363,0.6937962279931743,-0.4861132246464637,2.9988943169230535,-0.0026646024595040115,0.017336999218077066,-2.189861114157415,-1.4371147577543413,0.71075188287641,0.9774030306111606,2.8093008638112695,1.1289337769131758,1.2895954707006894,-1.5979424227642183,-1.283428636096208,1.4866419563425193,-0.8916645082121154,0.6954463028961857,-1.0347516721352905,-0.9949883089042225,-1.2679794913831126,-1.6345309459132704
subject_23_task_3,23,3,,3,23,110.0,140.0,0.3813171614001489,10.0,0.2333333333333333,eye,低,2.4,6,74.66666666666667,3.1411250638372654,71.0,79.0,-16.806938644394467,8.95042309463915,4.5268672749209475,5.329775642664313,5.915071808666704,3.3756966802622084,0.8493541901996464,1.109816285945914,5.980827415670483,3.6034228353381272,6.433048252292738,4.838735958510834,2.2285819088818415,0.5601423608246475,0.7521684540118767,6.3248400632378825,4.351081438149052,9.496364281485938,6.72967568075739,4.394549259276966,0.4581839227283958,0.7086581223382016,19.031716767609225,9.932493824011749,12.398489147094324,11.899054838396031,6.543182468634953,0.8011051754914429,0.9597181315583652,2994,3.025265197060788,0.1097981707522755,0.997995991983968,0.9128256513026052,0.0828323313293253,0.0006680026720106,2,1,190.76202266273327,0.8837912634374565,0.0294597087812485,0.0063587340887577,1.0,-1.000088900581841e-12,3.0876043966329547,0.0,0.0,0.0,0.0,0.0,0.0,0.0,0.0,0.0,0.0,0.0,0.0,0.0,0.0,0.0,0.0,0.0,0.0,0.0,0.0,0.0,0.0,0.0,0.0,,0.0,0.0,0.0,,0.0,0.0,0.0,1,20.0,0,0.0,,,,0.0,0.2761304943227852,-0.31051403772648495,2.3547511897195306,-0.5032041312399623,-0.34041948652520276,-1.7017039833237633,-1.350576260036197,0.8270978591375798,-0.46318957779897824,2.795861331502333,0.00990663616871751,-0.11221889313619096,-2.107668377686932,-1.3750603298402575,0.4740273278165219,0.3212509400883838,2.370159961233485,0.6413090207472006,1.017149442164417,-1.6036842601871457,-1.2940647621893058,1.4769648580693522,-1.4118673712091314,-0.2754942958568026,-1.2072955708126174,-1.1870907580466699,-1.1006747996230073,-1.2477437991670468
subject_23_task_3,23,3,,3,24,115.0,145.0,0.3949356314501542,10.0,0.2416666666666666,eye,低,2.4,6,74.33333333333333,2.943920288775949,71.0,79.0,-11.181818181818064,9.549841249370218,4.784701095910808,5.477930189497085,6.926816868634578,4.630414501803468,0.8734505425214408,1.2644952799718887,5.949132008252192,3.528780174732263,6.923582654270476,5.525657645305837,3.131137594268815,0.5096754600821739,0.7980922480787607,6.415362172000762,4.437060691914835,9.825295587265504,6.972830265599945,4.924434739505422,0.4515956443758983,0.70968147509347,19.659952201775138,9.453561954965858,11.585365970857548,11.746261437923431,6.514392793232318,0.8159916552265899,1.0138878191220382,2995,2.9977582637729547,0.1104970808244815,0.995659432387312,0.9175292153589316,0.07779632721202,0.0006677796327212,2,1,196.64308964219555,0.7858895985598411,0.0261963199519947,0.0065547696547398,1.0,-1.000088900581841e-12,3.123330309774834,0.0,0.0,0.0,0.0,0.0,0.0,0.0,0.0,0.0,0.0,0.0,0.0,0.0,0.0,0.0,0.0,0.0,0.0,0.0,0.0,0.0,0.0,0.0,0.0,,0.0,0.0,0.0,,0.0,0.0,0.0,1,20.0,0,0.0,,,,0.0,0.41825205126073267,0.0735909046928195,2.5788626500136966,0.05305051095826774,0.1615355561318266,-1.6074550765279485,-1.0695038560778636,0.8030740710516816,-0.6595568431816133,3.365985784639935,0.621958223478696,0.4808249518266269,-2.364873716542296,-1.2456449554176965,0.5801638230024707,0.55083002416612,2.6472961202789635,0.9456145450066523,1.5155054439835876,-1.6584259745584256,-1.2886863501582861,1.6997246217858215,-1.7087174275825647,-0.8120842688986044,-1.2648181251077593,-1.1993426488471273,-0.9988943056656919,-0.9430441918182009
subject_23_task_3,23,3,,3,25,120.0,150.0,0.4085541015001596,10.0,0.25,eye,低,2.4,6,74.16666666666667,2.6394443859772205,71.0,78.0,5.856573705179356,9.259773002219855,5.1078353973240835,5.540702819662162,7.825802480042668,6.001887990039686,0.9218749973736234,1.4124205420784213,6.215586800500208,3.694583527957414,6.7855675065890795,5.866300958518589,4.096116526753197,0.5444767183245637,0.864526209903911,6.703071201911556,4.7004211028256755,9.49054438871146,7.410490635917361,5.388676069298986,0.495274128680816,0.7808288262928077,18.44706317626444,10.373565613750424,11.317815811406382,11.690831969859198,6.454824944826246,0.9165695737242588,1.0329583167519727,2995,2.989624373956594,0.1205340327307038,0.992320534223706,0.9158597662771284,0.0771285475792988,0.0023372287145242,2,1,202.52415662165785,0.6879879336822257,0.0229329311227408,0.0067508052207219,1.0,-1.000088900581841e-12,3.1569813446247137,0.0,0.0,0.0,0.0,0.0,0.0,0.0,0.0,0.0,0.0,0.0,0.0,0.0,0.0,0.0,0.0,0.0,0.0,0.0,0.0,0.0,0.0,0.0,0.0,,0.0,0.0,0.0,,0.0,0.0,0.0,2,70.0,1,2.0,50.0,,50.0,0.0016666666666666668,0.34947710579421326,0.5549764799503384,2.673817993022373,0.5473103194826034,0.7101991850942034,-1.4180508102285405,-0.8007038856082619,1.0050356164251109,-0.22336725937226937,3.205577441658656,0.9254735798378186,1.1148853490898594,-2.1875085665699787,-1.0584309802079317,0.9175005077682933,1.2540466638912315,2.365256497497332,1.493342109030437,1.9521232824180124,-1.2955033741367497,-0.9147588186246297,1.269658347195986,-1.1384836310343651,-0.9886439059165345,-1.2856858103377078,-1.2246926662989601,-0.3112320505173447,-0.8357743624886899
subject_23_task_3,23,3,,3,26,125.0,155.0,0.4221725715501649,10.0,0.2583333333333333,eye,低,2.4,6,74.66666666666667,3.265986323710904,71.0,79.0,19.027576197387535,10.002094092079574,5.403659338358849,5.413387153601426,7.351724787747945,5.028062272146667,0.9982030076610896,1.3580637370185096,6.243958038743654,3.4805489990594,6.700531012241144,5.459256728243503,3.387848464075512,0.5194437564277837,0.81474986359589,7.498826365721406,4.734982060520018,10.069731550337773,7.172352042505976,4.646207364941476,0.4702192940149622,0.7122684459513116,20.050603852460743,10.530047714038195,10.638149825896988,12.894136056582674,6.488053537270322,0.9898382600707848,1.2120656568676844,2995,2.983790984974959,0.1126702662491666,0.9929883138564274,0.9232053422370616,0.0701168614357262,0.0023372287145242,2,1,208.4052236011201,0.5900862688046101,0.019669542293487,0.006946840786704,1.0,-1.000088900581841e-12,3.1887331565428387,0.0,0.0,0.0,0.0,0.0,0.0,0.0,0.0,0.0,0.0,0.0,0.0,0.0,0.0,0.0,0.0,0.0,0.0,0.0,0.0,0.0,0.0,0.0,0.0,,0.0,0.0,0.0,,0.0,0.0,0.0,2,70.0,1,2.0,50.0,,50.0,0.0016666666666666668,0.5254808324181931,0.9956767627960034,2.4812292372320965,0.2866637124115126,0.3206161877274698,-1.1195063902506337,-0.8994774648256071,1.0265398238422947,-0.7864417103098031,3.1067436297152162,0.5627945844961226,0.6495024126623419,-2.315089443392,-1.1987030249230886,1.850517483037124,1.346330240042414,2.8532419902772066,1.195314047740196,1.253833276773887,-1.503682890774488,-1.2750900656766344,1.8382419111165478,-1.0414933839990248,-1.4371638393044823,-0.8326745909524197,-1.21055172582693,0.18971399049638613,0.17168827318565064
subject_23_task_3,23,3,,3,27,130.0,160.0,0.4357910416001702,10.0,0.2666666666666666,eye,低,2.4,6,75.33333333333333,3.265986323710904,71.0,79.0,17.040302267002556,9.466341453527296,5.311048512224843,5.554884641492812,7.696974441769728,5.754717313640324,0.9561041956755306,1.385622733598524,5.799843865914809,3.5605800264982075,6.449762075207158,5.4210149381971755,3.7679444306865,0.5520482748014928,0.8404984362191469,6.713152422507157,4.5186958035865805,9.647597689765416,7.130106015964805,4.725397076586013,0.468375231730507,0.7390550731120066,18.500131711452504,11.300214211369685,10.942847174576103,12.461448854558546,6.812741535179268,1.032657591858165,1.138775736858563,2995,2.983865776293823,0.1043272208904631,0.9929883138564274,0.9278797996661102,0.0674457429048414,0.0023372287145242,1,1,243.85972316002704,0.6400517668242179,0.0213350588941406,0.0081286574386675,1.0,-1.000088900581841e-12,3.20034,0.0,0.0,0.0,0.0,0.0,0.0,0.0,0.0,0.0,0.0,0.0,0.0,0.0,0.0,0.0,0.0,0.0,0.0,0.0,0.0,0.0,0.0,0.0,0.0,,0.0,0.0,0.0,,0.0,0.0,0.0,2,70.0,1,2.0,50.0,,50.0,0.0016666666666666668,0.3984543175826109,0.8577108593972976,2.6952706508586943,0.4764810195234917,0.6113175359412438,-1.284168948054155,-0.8493990849641284,0.6899199270484381,-0.5758989204847759,2.815287000956918,0.5287209065945913,0.8992527351559534,-2.148920012078617,-1.1261423570908065,0.9293206634831396,0.7688095174196594,2.4975794106853977,1.1424435692221213,1.3283110074400863,-1.5190051229962382,-1.1343081925152856,1.2884753920749767,-0.5641311892358359,-1.2360903157698075,-0.9955695392568737,-1.0723757360331907,0.4824744562196619,-0.2405609173447266
subject_23_task_3,23,3,,3,28,135.0,165.0,0.4494095116501755,10.0,0.275,eye,低,2.4,6,76.33333333333333,2.503331114069145,72.0,79.0,12.24770642201844,7.963332690614355,5.354299749885322,5.757844300941579,7.474908711917708,4.928958360454664,0.929913952172992,1.298213067466124,5.366720747452799,3.4859010717096144,6.686431897224064,5.320640047002489,3.196648455473866,0.5213395014397469,0.7957368187973923,5.957478356583547,4.523258385527004,10.04805075588732,6.883856659975449,4.19696927789903,0.4501627724040657,0.685093738797257,10.738063337497048,11.287335669109462,10.799408424306792,12.165820075705698,6.601956702620768,1.0451809234017362,1.126526527909015,2995,2.971357262103506,0.0999643285234155,0.9926544240400668,0.9345575959933222,0.0587646076794657,0.0023372287145242,1,1,297.45526671168136,0.7807224848075626,0.0260240828269187,0.009915175557056,1.0,-1.000088900581841e-12,3.20034,0.0,0.0,0.0,0.0,0.0,0.0,0.0,0.0,0.0,0.0,0.0,0.0,0.0,0.0,0.0,0.0,0.0,0.0,0.0,0.0,0.0,0.0,0.0,0.0,,0.0,0.0,0.0,,0.0,0.0,0.0,2,70.0,1,2.0,50.0,,50.0,0.0016666666666666668,0.042092162398300714,0.9221438887313161,3.0022850937647965,0.3543898940108585,0.2809692588588484,-1.386607764762436,-1.0082341300440265,0.361630788003322,-0.772361667316678,3.090356909015448,0.43928624080552287,0.5238702881364985,-2.3054277496677607,-1.252282664007936,0.04329847557607704,0.7809923794129205,2.8349751607189417,0.8342649699108452,0.8313259515555375,-1.6703316446008785,-1.417911562119923,-1.4637993490482066,-0.5721135271069218,-1.3307473091866906,-1.1068657237136033,-1.1620784754625864,0.5680978469187061,-0.3094616130128358
subject_23_task_3,23,3,,3,29,140.0,170.0,0.4630279817001809,10.0,0.2833333333333333,eye,低,2.4,6,77.0,1.4142135623730951,75.0,79.0,-4.6292594487161674e-14,7.866633109725212,5.2386672727889705,5.413167256994423,7.846178682890383,5.804199859477583,0.9677637922641354,1.4494617125957516,4.915681389717331,3.5017941526385825,6.27267169917175,5.290160166745586,3.646893781558635,0.5582619847777085,0.8433663390105535,5.803076505397517,4.349728974720982,9.088519292872194,6.87489419483714,4.5418683505640995,0.4785959994751094,0.7564372119701476,11.232187015550087,12.898701724448124,10.6614372214785,12.480406867994796,7.1296648246127425,1.2098464265645572,1.170612048706886,2995,2.9712761268781307,0.0924062409929084,0.9939899833055093,0.9425709515859766,0.0524207011686143,0.001669449081803,1,1,321.5732613099257,0.8440243079000675,0.0281341435966689,0.0107191087103308,1.0,-1.000088900581841e-12,3.2003400000000006,0.0,0.0,0.0,0.0,0.0,0.0,0.0,0.0,0.0,0.0,0.0,0.0,0.0,0.0,0.0,0.0,0.0,0.0,0.0,0.0,0.0,0.0,0.0,0.0,,0.0,0.0,0.0,,0.0,0.0,0.0,1,50.0,1,2.0,50.0,,50.0,0.0016666666666666668,0.019164770422030096,0.749881747999041,2.480896602488427,0.558513099582932,0.631113232615106,-1.2385643595471096,-0.7333951284735454,0.019761891805331045,-0.7305507134305942,2.6094634065544584,0.4121284738418739,0.819713773121434,-2.117251743243625,-1.118060474461143,-0.13773653961601007,0.3176396350180844,2.0265362573039285,0.8230485346775291,1.155702688223992,-1.4340812144127286,-1.0429532767463283,-1.2885929410939254,0.4266383524003607,-1.4217962008796015,-0.9884323634767568,-0.9375041377967854,1.6939339443589925,-0.06148453429900312
subject_23_task_3,23,3,,3,30,145.0,175.0,0.4766464517501862,10.0,0.2916666666666667,eye,低,2.4,6,77.33333333333333,1.0327955589886446,76.0,79.0,-5.26138279932525,7.488425249667936,4.525668184565658,5.178062865750616,5.623802265894443,2.89099278201149,0.874007964348964,1.0860822689295822,4.698998588649124,3.3960970457174544,5.825808819608501,3.986479774979186,1.655518454201905,0.5829400089970125,0.6842791959738699,5.561380176440165,3.901782659255498,9.41210986200312,5.961186474467741,3.0159931236211053,0.4145492048501341,0.6333528360663504,11.441748545710643,12.361369322164895,11.085714280576704,12.430791574638553,7.243036959428063,1.115071975454326,1.1213342920463467,2994,2.985681362725451,0.0921515950945131,0.9963259853039412,0.935871743486974,0.0594522378089512,0.0016700066800267,1,1,297.926907494936,0.7819603871258163,0.0260653462375272,0.0099308969164978,1.0,-1.000088900581841e-12,3.20034,0.0,0.0,0.0,0.0,0.0,0.0,0.0,0.0,0.0,0.0,0.0,0.0,0.0,0.0,0.0,0.0,0.0,0.0,0.0,0.0,0.0,0.0,0.0,0.0,,0.0,0.0,0.0,,0.0,0.0,0.0,1,50.0,1,2.0,50.0,,50.0,0.0016666666666666668,-0.07050800557459508,-0.31230036866672267,2.1252572409594612,-0.6633433221376875,-0.5343272813659626,-1.6052748130106083,-1.3937041408475253,-0.14447457393946647,-1.008614915275609,2.090096255522198,-0.7494590381908364,-0.48876270098484753,-1.9914798117751848,-1.5663753970462162,-0.42112367680743684,-0.8784524490177574,2.29917265845081,-0.3204475135131993,-0.2793792412645772,-1.9662432072992821,-1.6898450594511776,-1.2142865992292624,0.09359065977799949,-1.141810557428373,-1.0071111702650493,-0.8892568756743053,1.045950631973989,-0.33866747148779974
subject_23_task_3,23,3,,3,31,150.0,180.0,0.4902649218001915,10.0,0.3,eye,低,2.4,6,77.16666666666667,0.9831920802501752,76.0,79.0,-3.85112039498674,7.834877979737383,4.6346101651805265,4.684095196679232,5.697863162782192,3.0783315647091234,0.9894355196850424,1.216427703438151,4.451666633558475,3.4378141681022414,5.1019760546875,4.1131299009554745,1.7373415059910355,0.6738201299364605,0.8061836937036363,5.61335369844422,4.0628464768328,8.081528138875058,5.93829441758633,3.082081592518691,0.50273245443384,0.7347984583535628,13.062384606041569,12.83925635303312,10.715222818635796,12.218122206484772,7.544971684503831,1.1982257924401931,1.1402583421070025,2994,2.9994943219772883,0.0736781960952097,0.9996659986639946,0.9335337341349366,0.064128256513026,0.0,3,3,334.06143677016746,0.8544252340519389,0.0284808411350646,0.0111353812256722,0.7313964949249153,0.7653095072583612,3.137746224639797,0.0,0.0,0.0,0.0,0.0,0.0,0.0,0.0,0.0,0.0,0.0,0.0,0.0,0.0,0.0,0.0,0.0,0.0,0.0,0.0,0.0,0.0,0.0,0.0,,0.0,0.0,0.0,,0.0,0.0,0.0,0,0.0,0,0.0,,,,0.0,0.011635654930588268,-0.15000531741832782,1.3780387585010827,-0.622624845389718,-0.4593816282112192,-1.1537989730470977,-1.1568490665498172,-0.3319418116232386,-0.8988669886095307,1.2488203784382648,-0.6366129712709411,-0.43499908503818974,-1.5283078721958916,-1.222842887634752,-0.36018511115349355,-0.4483849374039726,1.1781109000697283,-0.34909669310891095,-0.21722319744931445,-1.233532474272565,-1.1566795868466802,-0.6396413528193535,0.3897931078129876,-1.3863024245710212,-1.0871753958055572,-0.7607638923822508,1.6144823948779874,-0.2322213965283683
subject_23_task_3,23,3,,3,32,155.0,185.0,0.5038833918501968,10.0,0.3083333333333333,eye,低,2.4,6,76.83333333333333,0.408248290463863,76.0,77.0,0.13824884792629,7.580982147731147,4.318568252521747,5.356988814852134,5.395507248514448,3.0300926669337738,0.8061559211302833,1.007190314371298,4.7417776738577855,3.470238863481581,5.732054039055985,4.050598584351005,1.7354380332567374,0.6054093070017701,0.7066574314812462,5.509883108644658,3.761808194342575,9.625004047424683,5.848784376577694,3.17222579915848,0.390837050645096,0.6076656537243353,12.172780627117248,12.776944118745364,11.928689188901329,12.024958237910417,7.29005693069401,1.071110489711918,1.0080703795265835,2994,2.990085504342017,0.0716936444451091,0.9996659986639946,0.9328657314629258,0.0647962591850367,0.0,3,3,561.751387973641,1.3818910831829123,0.046063036106097,0.018725046265788,0.3772949249244499,1.091795614617922,3.0464297832047347,0.0,0.0,0.0,0.0,0.0,0.0,0.0,0.0,0.0,0.0,0.0,0.0,0.0,0.0,0.0,0.0,0.0,0.0,0.0,0.0,0.0,0.0,0.0,0.0,,0.0,0.0,0.0,,0.0,0.0,0.0,0,0.0,0,0.0,,,,0.0,-0.04856284032681883,-0.6208250888425788,2.395916202124672,-0.788859292744334,-0.4786797983454492,-1.8706668861269602,-1.5370613656620653,-0.11204982343859693,-0.8135652494857558,1.9811296004292387,-0.6923287716599453,-0.4362498032015195,-1.8769646875624557,-1.5033124949940588,-0.48150360346696325,-1.2522078381552317,2.4785434747706994,-0.4611176117078971,-0.13244279095695752,-2.1632664511833033,-1.8248486052373494,-0.9550771932213101,0.3511709332270184,-0.5855210596596981,-1.1598963695898665,-0.8692468010439294,0.7453811344455944,-0.9757667649072024
subject_23_task_3,23,3,,3,33,160.0,190.0,0.5175018619002022,10.0,0.3166666666666666,eye,低,2.4,6,76.83333333333333,0.408248290463863,76.0,77.0,0.7374301675978376,8.388512000843106,5.0120643651228525,5.348799536318257,5.540634989162867,3.1447633549112863,0.9370447202388164,1.0358651416158058,4.664900751221999,3.674983441511305,5.885422143607215,4.2347925106536275,1.8341747909848016,0.6244213841997888,0.719539296812122,5.670312608340102,4.047196018999499,9.32279977393251,6.172730419964364,3.4583448983939764,0.4341180886793115,0.6621112294210095,12.60119092201712,11.962586203899413,11.903076336280064,12.80660839557923,8.193280434937614,1.0049995367531976,1.0759074405450328,2994,2.980358049432198,0.0678663122749455,0.9996659986639946,0.9352037408149632,0.0624582498329993,0.0,3,3,789.4413391771147,1.909356932313886,0.0636452310771295,0.0263147113059038,0.4720208755866939,1.0260479453521651,3.007788151315615,0.0,0.0,0.0,0.0,0.0,0.0,0.0,0.0,0.0,0.0,0.0,0.0,0.0,0.0,0.0,0.0,0.0,0.0,0.0,0.0,0.0,0.0,0.0,0.0,,0.0,0.0,0.0,,0.0,0.0,0.0,0,0.0,0,0.0,,,,0.0,0.1429018310254106,0.4123026962401019,2.3835283867641732,-0.7090684613959833,-0.43280531638060493,-1.3587169418759117,-1.4849553723598958,-0.17031930310562168,-0.2749304719566732,2.1593819439620967,-0.5282108130431852,-0.3713726688703478,-1.7800693425716103,-1.4670108030513525,-0.29340121549992454,-0.49017429492217385,2.2239257776066705,-0.05570238736250106,0.13665152405923853,-1.803646214302546,-1.5387002191063455,-0.8031714412124299,-0.15358184802297792,-0.6024232957528508,-0.8656263717022711,-0.48486609554329246,0.29337330130820916,-0.5941894144429777
subject_23_task_3,23,3,,3,34,165.0,195.0,0.5311203319502075,10.0,0.325,eye,低,2.4,6,76.83333333333333,0.408248290463863,76.0,77.0,1.923664122137518,7.46025593659756,5.151389965060313,5.131270772696719,5.848602339820452,3.4089982146276565,1.003920898595071,1.1397960853947964,4.481650463989674,3.400838656847345,5.658114424332194,4.445429276743363,1.9786370442839951,0.6010551222192247,0.7856732726411839,5.659427131443197,4.0659138645918365,9.417154803858782,6.327278756147787,3.516362833868615,0.4317560823069175,0.6718885786559562,13.99409113841604,11.65605860069837,11.815583137948227,13.303493351917938,8.279928958533446,0.9864988011689824,1.1259277850782474,2994,2.994438543754175,0.0705458958314405,0.9996659986639946,0.9352037408149632,0.0647962591850367,0.0,3,3,925.5447332883195,2.21927751519244,0.0739759171730813,0.0308514911096106,0.5196939517888893,0.924461032762196,2.9883408356777315,0.0,0.0,0.0,0.0,0.0,0.0,0.0,0.0,0.0,0.0,0.0,0.0,0.0,0.0,0.0,0.0,0.0,0.0,0.0,0.0,0.0,0.0,0.0,0.0,,0.0,0.0,0.0,,0.0,0.0,0.0,0,0.0,0,0.0,,,,0.0,-0.07718692679150518,0.6198613917442809,2.054475449048842,-0.5397488617982236,-0.32709707026875734,-1.0971418031750197,-1.296098957837871,-0.3092153270326996,-0.9961408528088247,1.8951931559318769,-0.34053211617080503,-0.27645060307912306,-1.899155857536381,-1.2806422022448605,-0.30616435571014133,-0.44019449562427176,2.3034231988643237,0.1377133053589618,0.19121725087341288,-1.8232720211162063,-1.4873136249080203,-0.30927678610181175,-0.3435728303969739,-0.6601611321671338,-0.678562717179064,-0.4479914787138221,0.16688174387913382,-0.3128294874393479
subject_23_task_3,23,3,,3,35,170.0,200.0,0.5447388020002127,10.0,0.3333333333333333,eye,低,2.4,6,76.83333333333333,0.408248290463863,76.0,77.0,-1.94413407821233,8.447764486959814,5.927283239781312,5.295643613227017,6.159985917963617,3.6963805228849487,1.1192753275497314,1.1632176120344877,4.615881850062785,3.763326599728897,5.853496780736397,4.6798104713831306,2.0392524063943935,0.6429193934322882,0.7994897147264491,5.841848934574443,4.444139405502727,9.529251815314415,6.527085897637734,3.648952730982456,0.466368135886657,0.6849526095163194,13.415633899247297,12.450534792829515,13.122981536140465,13.695047712986986,8.051356707650115,0.9487580820365372,1.0435926984482191,2995,2.991306844741235,0.0769168212943283,0.9996661101836394,0.9325542570951586,0.0674457429048414,0.0,5,3,871.9491897366654,2.078606797209095,0.0692868932403031,0.0290649729912221,0.5516376477685193,0.8090426749512204,2.9753100185405774,0.0,0.0,0.0,0.0,0.0,0.0,0.0,0.0,0.0,0.0,0.0,0.0,0.0,0.0,0.0,0.0,0.0,0.0,0.0,0.0,0.0,0.0,0.0,0.0,,0.0,0.0,0.0,,0.0,0.0,0.0,0,0.0,0,0.0,,,,0.0,0.15695054728948318,1.7757393927996759,2.303120111743706,-0.3685510297555048,-0.21212859183990362,-0.6459519849883549,-1.2535389138031476,-0.20747357211725664,-0.04252042315019846,2.122276636007017,-0.13169698259947374,-0.23662196093351234,-1.6857939529043695,-1.2417068298092102,-0.09227615652369828,0.5697313813049462,2.397868861680347,0.38776993900726925,0.3159177257359818,-1.535681993875285,-1.4186532921036612,-0.5143861939918487,0.14885692352880425,0.20260713190776122,-0.5311531633342768,-0.5452639285998334,-0.0911556903529049,-0.7759569244900807
subject_23_task_3,23,3,,3,36,175.0,205.0,0.5583572720502181,10.0,0.3416666666666667,eye,低,2.4,6,76.66666666666667,0.5163977794943223,76.0,77.0,-2.8732394366197673,8.066722771922867,5.571074255734111,4.894722057316486,6.105613350223278,3.6773845489926753,1.1381798987762,1.2473871404192989,4.630401192478409,3.616321958755831,5.340069339621036,4.620298683162336,2.0537258764353012,0.6772050564819946,0.8652132377536169,5.727302685568385,4.220252567127513,8.508784505454493,6.6819525008212075,3.7277068077515656,0.4959877129832294,0.7853004734739482,12.380773100426971,12.321631451810466,12.945658398545456,13.6329503266116,7.811089767433501,0.951796430314807,1.0530905348269786,2995,2.983073121869783,0.0787232814283542,0.9969949916527546,0.933889816360601,0.064440734557596,0.0013355592654424,5,3,1746.7332791217714,2.71294978654198,0.0904316595513993,0.0582244426373923,0.5179573149122431,1.0217164678221151,2.9259491332887424,0.0,0.0,0.0,0.0,0.0,0.0,0.0,0.0,0.0,0.0,0.0,0.0,0.0,0.0,0.0,0.0,0.0,0.0,0.0,0.0,0.0,0.0,0.0,0.0,,0.0,0.0,0.0,,0.0,0.0,0.0,2,40.0,0,0.0,,,,0.0,0.06660586658215088,1.2450811929505965,1.6966512771426563,-0.39844491746547955,-0.2197280095908169,-0.5720098734295544,-1.10059163203336,-0.19646852016331792,-0.429255021195451,1.525544708722092,-0.18472236401396805,-0.22711185262442346,-1.5110565417924795,-1.0564949039708742,-0.22658077638232707,-0.028084173494587875,1.5380893705923944,0.5815839396872993,0.3899857428643097,-1.2895742336280254,-0.8912572832315756,-0.8813272076433843,0.06896045699284682,0.08558941503224753,-0.5545311382226956,-0.6475132340652424,-0.07038217007957066,-0.7225324514050201
subject_23_task_3,23,3,,3,37,180.0,210.0,0.5719757421002234,10.0,0.35,eye,低,2.4,6,76.5,0.5477225575051661,76.0,77.0,-2.9808917197450824,8.751280202387063,5.538963821800479,5.154409350345678,6.598164699164365,3.922463442453614,1.0746068938876596,1.2801010262644084,4.818615428769426,3.5769778618205534,5.777997036273415,4.864927266983376,2.0610385858804037,0.6190688294515924,0.8419746906137331,5.65198239866016,4.22067518413407,8.386787099910766,6.8498074654184595,3.8118417186323,0.5032529303359777,0.8167379693579369,13.543137737197751,11.164183415876655,13.525283538267544,13.711296922997583,7.412464454266157,0.8254306376860383,1.013753011846572,2995,2.9753946577629384,0.0881817889020327,0.9969949916527546,0.9325542570951586,0.0657762938230384,0.0013355592654424,5,3,2624.425446587628,3.2621642927851857,0.1087388097595061,0.0874808482195876,0.7133582406955994,0.794881272409909,2.910347169998188,0.0,0.0,0.0,0.0,0.0,0.0,0.0,0.0,0.0,0.0,0.0,0.0,0.0,0.0,0.0,0.0,0.0,0.0,0.0,0.0,0.0,0.0,0.0,0.0,,0.0,0.0,0.0,,0.0,0.0,0.0,2,40.0,0,0.0,,,,0.0,0.22891387654668416,1.1972450466693005,2.089476875173762,-0.12764154494574642,-0.1216831868350435,-0.820665194054603,-1.0411461294607265,-0.05381003126201169,-0.5327600766345222,2.034526928034569,0.03324325842494321,-0.2223068778216111,-1.8073487204905538,-1.1219822039697451,-0.3148932491924753,-0.026955714930092713,1.4353022786013394,0.7916527444124615,0.4691144213513248,-1.2292078629480967,-0.7260319440539618,-0.469175874308917,-0.6484453723597817,0.4680911653049011,-0.5250357782757815,-0.8171543897545993,-0.934358947792677,-0.9438024705853436
subject_23_task_3,23,3,,3,38,185.0,215.0,0.5855942121502288,10.0,0.3583333333333333,eye,低,2.4,6,76.33333333333333,0.5163977794943223,76.0,77.0,-2.9101283880171804,8.498261974906804,5.070754865061436,4.375136448709589,6.2646855357464295,3.8116437860534216,1.158993536431764,1.431883464478953,4.7498607362183405,3.38826218499176,4.919525390057966,4.803776260959828,2.047116424961579,0.6887376151852398,0.9764714845598604,5.725893520704674,4.072164098563401,7.9147097134493904,6.565572786945238,3.4952145107108854,0.5145058057711973,0.8295405674561157,14.3042593318054,12.215849542847709,13.430963340017174,12.610428608843696,6.952638466223419,0.9095289171440838,0.9389072317151878,2995,2.971121202003338,0.0956340599092204,0.9959933222036728,0.9248747913188649,0.0724540901502504,0.0013355592654424,5,3,3310.5621921252423,3.3563777968235415,0.111879259894118,0.1103520730708414,0.8577327942854217,0.506220233503617,2.898819453452486,4.0,1.0,0.1333333333333333,0.0,4.0,0.0,0.0,4.0,1.0,0.0,0.0,1.0,4.0,1.0,0.0186046511627906,0.0,4.0,0.0,0.0,4.0,1.0,0.0,0.0,1.0,1.0,0.0,0.0,0.0,1.0,1.0,4.0,0.0666666666666666,2,40.0,0,0.0,,,,0.0,0.16892346060856891,0.49973618736598585,0.9106808700098913,-0.310987468802789,-0.16601704772439138,-0.49060076348278214,-0.7653371545170748,-0.10592320153806835,-1.0292265891209753,1.0367667793897186,-0.021242676466618645,-0.23145473648027187,-1.4522806782958502,-0.7429640217650721,-0.22823301164084542,-0.4235053185540427,1.0375605271858954,0.4359358949789363,0.17132730452213346,-1.1357082170661246,-0.65874561753062,-0.1992973266281349,0.003395044314336517,0.4058481077761533,-0.9394827188952756,-1.0128404374061282,-0.35936979142476305,-1.3648032339909746
subject_23_task_3,23,3,,3,39,190.0,220.0,0.599212682200234,10.0,0.3666666666666666,eye,低,2.4,6,76.5,0.8366600265340756,76.0,78.0,1.1397214014351849,8.552709784910254,4.94151152177704,4.438665467600597,6.554978776113078,3.730467138653638,1.1132876667203009,1.4767904506343643,5.012152111833838,3.467242926751417,4.909493341184992,4.880616496990819,1.9581015331204064,0.7062323310768638,0.99411816206126,5.96521660859546,3.955359133439633,7.937325837811059,6.497782980891635,3.341590612478483,0.4983238957631648,0.8186362905675524,15.23439107207588,12.287923593988213,15.121953982058898,13.491951301763768,6.106636344670544,0.8125883472841501,0.892209519865686,2995,2.9704143572621033,0.0975873121595987,0.9959933222036728,0.9181969949916527,0.0751252086811352,0.0013355592654424,5,3,3996.6989376628567,3.4505913008618965,0.1150197100287298,0.1332232979220952,0.9525360952572052,0.2233948489155269,2.891249798315718,4.0,1.0,0.1333333333333333,0.0,4.0,0.0,0.0,4.0,1.0,0.0,0.0,1.0,4.0,1.0,0.0181818181818181,0.0,4.0,0.0,0.0,4.0,1.0,0.0,0.0,1.0,6.0,0.0,0.0,0.0,1.0,1.0,4.0,0.0666666666666666,2,40.0,0,0.0,,,,0.0,0.18183299207416784,0.3071974166967818,1.006780392428126,-0.1513850462736964,-0.1984921005281051,-0.66937173250456,-0.6837351591543079,0.09288264882967953,-0.8214468536272281,1.0251070133172597,0.04722246204352508,-0.28994390736594944,-1.3631185886314767,-0.6932348688812375,0.052371518157989315,-0.7353942421529384,1.0566154049915613,0.351097632587357,0.02684440290730317,-1.2701629939056103,-0.716054980020814,0.13050885019620806,0.048067757756319406,1.5217536059154524,-0.6076134312882647,-1.3728697001630294,-1.0221630951735667,-1.627473651794432
subject_23_task_3,23,3,,3,40,195.0,225.0,0.6128311522502394,10.0,0.375,eye,低,2.4,6,76.0,1.2649110640673518,74.0,78.0,-2.735331363444308,8.462881260193425,4.310818902514048,3.955019985705453,6.381196331976253,3.6335472118706327,1.089961344846436,1.613442246825472,4.775082571878603,3.1727522875671936,4.252408930280752,4.630941973214894,1.866042371006916,0.7461070512232516,1.089016143353163,6.367910683834158,3.73590498709489,7.18698052615197,6.069669596371062,3.02122347763291,0.519815654641151,0.8445368085087696,15.838890480567324,11.010219082739647,13.44801132992314,11.506756504341958,5.3283645567697215,0.8187247030526241,0.8556474427366298,2995,2.975315472203617,0.1035384210404644,0.992320534223706,0.904507512520868,0.0824707846410684,0.0043405676126878,6,3,4389.569901373474,3.771615763408576,0.1257205254469525,0.1463189967124491,0.8672831474465885,0.473817107046416,2.9100086020380203,6.0,2.0,0.2,2.0,4.0,0.0,0.0,4.0,0.6666666666666666,0.0,0.0,2.0,6.0,2.0,0.0266666666666666,2.0,4.0,0.0,0.0,4.0,0.6666666666666666,0.0,0.0,2.0,1.0,1.0,10.0,0.0444444444444444,2.6,1.0,6.0,0.1,3,130.0,1,2.0,90.0,,90.0,0.003,0.16053472192764145,-0.6323695930781627,0.2751761485533794,-0.2469301545312381,-0.2372653172206997,-0.7606087922395559,-0.43542058287636154,-0.08680610905072429,-1.5961823872752223,0.26140952559442177,-0.17523912495470517,-0.3504333822512933,-1.159896461729935,-0.4258079711177328,0.5245273081864782,-1.3213737628886466,0.4244231691745818,-0.18468197446129228,-0.2744601060727654,-1.0915889169027553,-0.5799302111300126,0.34485229228664155,-0.743875064817436,0.41709828574598634,-1.3549852102258448,-1.7040752738655012,-0.9802081580544492,-1.8331320383595517
subject_23_task_3,23,3,,3,41,200.0,230.0,0.6264496223002447,10.0,0.3833333333333333,eye,低,2.4,6,75.83333333333333,1.3291601358251257,74.0,78.0,-3.900303132367913,9.118598259732824,3.836329333488139,3.869554568338075,6.201778077677543,3.425851939612029,0.9914136797238124,1.6027111048962743,5.057749071873764,2.968725807010627,4.105971994434527,4.648056494356186,1.8032207880606717,0.7230263165541826,1.132023428473558,6.795672985308805,3.397790791783301,7.073885693688684,5.812140927667524,2.8625449882014165,0.4803287668070191,0.821633424590549,20.31360665778327,10.585010287490476,13.349626211177211,11.068076534950308,4.784390638145081,0.7929068664580278,0.8290926172661947,2994,2.990508207705193,0.1099616830182625,0.9919839679358716,0.9038076152304608,0.0831663326653306,0.0043420173680694,6,3,4972.1398027469495,4.543231526817154,0.1514410508939051,0.1657379934248983,0.7656663229575225,0.6897711693677886,2.9272733072483037,8.0,2.0,0.2666666666666666,4.0,4.0,0.0,0.0,4.0,0.5,0.0,0.0,2.0,8.0,2.0,0.0347826086956521,4.0,4.0,0.0,0.0,4.0,0.5,0.0,0.0,2.0,5.0,1.0,10.0,0.0434782608695652,2.0,1.0,8.0,0.1333333333333333,3,130.0,1,2.0,90.0,,90.0,0.003,0.3160046891778488,-1.3392349216435115,0.1458937208431253,-0.3455738156645369,-0.3203546680343899,-1.1460617264036455,-0.4549205019070683,0.1274432301436852,-2.1329280194290265,0.09121294482073714,-0.15998997788023878,-0.3917116697855608,-1.2775277823430593,-0.304611453716587,1.026075405901717,-2.2241955934289677,0.32913680717116894,-0.5069765205107221,-0.4236968383827177,-1.4196837270449816,-0.7003030102285065,1.9314974640259415,-1.0074266532545413,0.35217273724554643,-1.5201362722447014,-1.9355717723871915,-1.1567275372669263,-1.9825005368311
subject_23_task_3,23,3,,3,42,205.0,235.0,0.64006809235025,10.0,0.3916666666666666,eye,低,2.4,6,75.66666666666667,1.3662601021279464,74.0,78.0,-4.819773429454165,8.668252521571725,4.191283881444026,3.67882798138512,6.147950472959532,3.4534963418059217,1.1392986849757407,1.67117095555111,4.905283014519477,3.0651195862085387,3.827861528831994,4.537074544650011,1.8511889969671096,0.8007394110580084,1.1852765598954205,6.6884911619979155,3.814020332616863,6.64551987756006,5.438044901769606,2.6418963013035395,0.5739235459208651,0.8183024055246999,19.204397335175333,10.488556719337486,12.12107264616364,9.511692379177855,4.544973039364914,0.8653158862682957,0.784723650855136,2994,2.99934539363484,0.109530552771069,0.9946559786239144,0.9051436205744824,0.083500334001336,0.003006012024048,4,3,4649.9764249986565,4.601897503683753,0.153396583456125,0.1549992141666218,0.6241465451900794,0.8950657839142592,2.9513175268631633,8.0,2.0,0.2666666666666666,4.0,4.0,0.0,0.0,4.0,0.5,0.0,0.0,2.0,8.0,2.0,0.0340425531914893,4.0,4.0,0.0,0.0,4.0,0.5,0.0,0.0,2.0,10.0,1.0,10.0,0.0425531914893617,2.0,1.0,8.0,0.1333333333333333,1,90.0,1,2.0,90.0,,90.0,0.003,0.2092280809575984,-0.8104455034025756,-0.14261591205525448,-0.37516808420858655,-0.3092954108498395,-0.5676339257825079,-0.3305198040660163,0.01188035998294032,-1.8793386823481828,-0.23202142258390376,-0.2588756001952783,-0.3601931147463149,-0.881461796295038,-0.15454166784269072,0.9004055200658011,-1.1127926378860542,-0.031776413499368175,-0.975153944999575,-0.6312163902709235,-0.6420088337322346,-0.7178097721217883,1.5381939456653462,-1.0672102028451624,-0.4585648528229469,-2.1060725222895718,-2.0374596274928405,-0.661659130607027,-2.2320719715570756
subject_23_task_3,23,3,,3,43,210.0,240.0,0.6536865624002554,10.0,0.4,eye,低,2.4,6,75.66666666666667,1.3662601021279464,74.0,78.0,-3.18973418881762,9.392484741906676,4.424720675919214,3.241451690516848,6.531562233127051,3.634572696615299,1.365042918536816,2.015011438311949,5.011503090711291,3.270089507236502,3.1862669470099227,4.732344326305169,1.9280026415870264,1.026307450574799,1.4852315907636446,7.148735981413388,3.893065381841376,5.450594237794313,5.33845375191296,2.630593281013023,0.714246045843394,0.9794260073326,20.77326134108248,10.70970899660397,10.856823838014565,10.524193055746382,4.812211322131543,0.986449550659975,0.9693620540195658,2994,3.021685762144054,0.1013680372181859,0.9946559786239144,0.9061456245824984,0.0824983299933199,0.003006012024048,4,3,4265.12408607939,4.611163195939657,0.1537054398646552,0.142170802869313,0.4536431863496012,1.0276409965023188,2.980286058821773,12.0,2.0,0.4,8.0,4.0,0.0,0.0,4.0,0.3333333333333333,0.0,0.0,3.0,12.0,2.0,0.05,8.0,4.0,0.0,0.0,4.0,0.3333333333333333,0.0,0.0,3.0,1.0,2.0,23.0,0.0958333333333333,2.5454545454545454,1.0,12.0,0.2,1,90.0,1,2.0,90.0,,90.0,0.003,0.380942951330201,-0.46268574808341156,-0.8042293511296168,-0.16425939699266653,-0.2368550678164784,0.31532740149468474,0.2942843050915193,0.09239071806805343,-1.3401110804479128,-0.977715829790756,-0.08488898408866061,-0.3097210387419722,0.26814919992823827,0.690745474008131,1.4400391270137605,-0.901729047461348,-1.0385431648877748,-1.0997912702153507,-0.641846853287261,0.5239246316792672,0.1290039135632627,2.094481853435373,-0.9301362885440482,-1.2928581723449355,-1.7248935907281577,-1.9237322508424304,0.1665450127497059,-1.193497605042768
subject_23_task_3,23,3,,3,44,215.0,245.0,0.6673050324502606,10.0,0.4083333333333333,eye,低,2.4,6,76.0,1.6733200530681511,74.0,78.0,1.147593241950939,9.06155087274994,4.442643353315886,3.2630341838058974,6.777574482759276,3.667122896640789,1.36150683782728,2.077077376754335,4.976314275817839,3.389040861928931,3.214749934646875,4.6373293604035775,1.9520537270934188,1.0542160139436167,1.4425163557590883,6.99443152952957,3.960375929807405,5.579671532050837,5.423660821739727,2.643293841086894,0.7097865720335239,0.9720394454377912,18.334218320446585,10.197932449441652,10.60094520625801,10.094600106197154,4.4115842422067315,0.9619833185649852,0.9522358534820136,2994,3.037522613065327,0.0975224637688686,0.9936539746158984,0.9064796259185036,0.0821643286573146,0.0040080160320641,4,3,3880.271747160123,4.620428888195562,0.1540142962731853,0.1293423915720041,0.5170258980780383,1.027085445468482,3.0150008931044345,8.0,1.0,0.2666666666666666,8.0,0.0,0.0,0.0,0.0,0.0,0.0,0.0,2.0,12.0,2.0,0.0489795918367346,8.0,4.0,0.0,0.0,4.0,0.3333333333333333,0.0,0.0,3.0,6.0,2.0,23.0,0.0938775510204081,2.5454545454545454,1.0,12.0,0.2,2,120.0,1,2.0,90.0,,90.0,0.003,0.3024788001248444,-0.4359856474409928,-0.7715817936215944,-0.029002540982022977,-0.22383322596344754,0.30149660516647464,0.40706640993894233,0.06571907378730009,-1.0271780734393572,-0.944611428377174,-0.16954792238715025,-0.29391774986442776,0.4103856240524929,0.5703719673328924,1.2591183117747193,-0.7219985511615393,-0.9297910184009673,-0.9931554768946721,-0.6299020075131333,0.4868710603993636,0.09018252655044398,1.2296458104119403,-1.2473440308026418,-1.4617156248549867,-1.8866236372407816,-2.0942252892771633,-0.0007332983222563809,-1.2898309385705997
subject_23_task_3,23,3,,3,45,220.0,250.0,0.680923502500266,10.0,0.4166666666666667,eye,低,2.4,6,76.16666666666667,1.9407902170679516,74.0,79.0,12.026383290582451,9.248017118252218,4.712909525076396,3.2923052594483417,6.816229430567842,3.798113137412942,1.4314922686926337,2.070351590578198,4.856270647269929,3.5150662206247603,3.315425705486005,4.683176074066256,2.0077650993559804,1.0602156503788975,1.4125414019433602,7.079199973605337,4.12933267407459,6.1956514130695055,5.509535002666238,2.7204046434195117,0.6664888643289243,0.8892583903355297,17.520059227538038,10.206369701469194,10.17013070356399,10.415702022911278,5.140307326425669,1.0035632774997183,1.0241463287449424,2995,3.0480519089082385,0.0968550332820486,0.9936560934891486,0.9175292153589316,0.0741235392320534,0.0040066777963272,3,2,3495.4194082408567,4.629694580451465,0.1543231526817155,0.1165139802746952,0.6887417218543046,0.620103738858782,3.0573600662251654,8.0,1.0,0.2666666666666666,8.0,0.0,0.0,0.0,0.0,0.0,0.0,0.0,2.0,12.0,2.0,0.048,8.0,4.0,0.0,0.0,4.0,0.3333333333333333,0.0,0.0,3.0,11.0,2.0,23.0,0.092,2.5454545454545454,1.0,12.0,0.2,2,120.0,1,2.0,90.0,,90.0,0.003,0.3466897952673706,-0.03335975475006096,-0.7273038173674219,-0.007750157339914657,-0.17143003955323644,0.5752330721058184,0.3948447576005577,-0.025268956599495997,-0.6956350274774947,-0.8276008404093386,-0.12869820922536093,-0.25731138091714373,0.4409628637807621,0.4859011619436059,1.3585086781672597,-0.2708555963356956,-0.4108063694019258,-0.8856848007233226,-0.5573794859845501,0.12711231596230596,-0.34488800060683983,0.9409612229137659,-1.2421144795827521,-1.7460154076461811,-1.7657375100825963,-1.7841059313212964,0.28355343933474647,-0.8853410003347881
subject_23_task_3,23,3,,3,46,225.0,255.0,0.6945419725502713,10.0,0.425,eye,低,2.4,6,77.16666666666667,2.136976056643281,75.0,80.0,13.400673400673504,9.398264713544355,4.987815850861561,3.6899310207004783,7.024634820580154,3.896412384362856,1.3517368814972317,1.9037306608638531,5.066501102959715,3.700498972706036,3.5915541292494955,4.843828980324335,2.1573779577902665,1.0303336214730268,1.348672136353551,7.536062324721931,4.212141770071322,6.674282273499502,5.860345764984453,2.828589635814109,0.6311003337086589,0.8780488335432237,17.87883650927157,10.64615104750949,11.266159368738968,10.878399760238787,6.082299054940286,0.944967197699168,0.965581916977304,2995,3.043175959933222,0.0921070618613353,0.9973288814691152,0.9262103505843072,0.0717863105175292,0.0010016694490818,3,2,3495.4194082408567,4.629694580451465,0.1543231526817155,0.1165139802746952,0.6887417218543046,0.620103738858782,3.0573600662251654,6.0,1.0,0.2,6.0,0.0,0.0,0.0,0.0,0.0,0.0,0.0,2.0,12.0,2.0,0.0470588235294117,8.0,4.0,0.0,0.0,4.0,0.3333333333333333,0.0,0.0,3.0,16.0,2.0,23.0,0.0901960784313725,2.5454545454545454,1.0,12.0,0.2,1,30.0,0,0.0,,,,0.0,0.3823133779042388,0.37617875354581404,-0.1258204885744135,0.10683055102268633,-0.13210502013549374,0.2632830327861824,0.09207226053661244,0.13407690225129623,-0.207805117034625,-0.5066701045441451,0.014444550963199415,-0.15900499798886503,0.2886686420761234,0.3059146192733523,1.8941763663443594,-0.04974136726802102,-0.007543086371350847,-0.4466486500695048,-0.4556317644894,-0.16692942477554285,-0.40380181581254654,1.0681764962959608,-0.9695305781937699,-1.022732627021037,-1.5915444125054934,-1.3832268095081013,-0.11707438216299895,-1.2147605350005624
subject_23_task_3,23,3,,3,47,230.0,260.0,0.7081604426002767,10.0,0.4333333333333333,eye,低,2.4,6,77.83333333333333,1.9407902170679512,75.0,80.0,10.504451038575668,8.221351394258619,4.95456924734075,3.6542609259895023,7.358024391666297,3.990973744933216,1.3558334633696552,2.0135465257380023,4.903517109134293,3.6782619447912546,3.675713094616261,4.985842203567129,2.179679430526067,1.0006934301207369,1.3564285555555973,7.301775929482815,4.252434296010623,6.7392729235303195,6.07648572938232,2.880678369074749,0.6309930380120318,0.9016530118799814,15.022504297940358,10.8030286793976,10.729258229160594,11.65884549666398,5.855148485803061,1.0068756337727531,1.08664040399148,2995,3.034893155258765,0.0980208554991564,0.9976627712854758,0.9225375626043406,0.0754590984974958,0.0010016694490818,3,2,3495.4194082408567,4.629694580451465,0.1543231526817155,0.1165139802746952,0.6887417218543046,0.620103738858782,3.0573600662251654,4.0,1.0,0.1333333333333333,4.0,0.0,0.0,0.0,0.0,0.0,0.0,0.0,1.0,12.0,2.0,0.0461538461538461,8.0,4.0,0.0,0.0,4.0,0.3333333333333333,0.0,0.0,3.0,21.0,2.0,23.0,0.0884615384615384,2.5454545454545454,1.0,12.0,0.2,1,30.0,0,0.0,,,,0.0,0.10326818716766367,0.3266500118083179,-0.17977817792924142,0.2901272172629272,-0.09427535758993717,0.2793061369439951,0.29162236316888956,0.010541877842813763,-0.2663055017532246,-0.4088562021697074,0.14097923515740785,-0.1443513302388226,0.13760694919734082,0.32777256711078956,1.6194773209921738,0.05784646113442122,0.04721381516686866,-0.17615165235876645,-0.4066424378967824,-0.16782093998843672,-0.27974586726971223,0.05537802316200961,-0.8722951739963215,-1.3770402847437104,-1.2977278464164321,-1.4798942407802276,0.30620038230784746,-0.5338174629899085
subject_23_task_3,23,3,,3,48,235.0,265.0,0.7217789126502819,10.0,0.4416666666666666,eye,低,2.4,6,78.5,1.378404875209022,76.0,80.0,6.184210526315828,7.75767952890197,4.698487174947498,3.9203166233442497,7.428257114047931,3.9299350017732553,1.198496862975171,1.894810503267772,4.895244466960715,3.492095300186533,3.8768362012976456,4.952529629046821,2.300683687103706,0.9007590516766396,1.2774668239501896,7.00103175892739,3.782022660329165,7.085938629497132,6.262148509939846,3.1205226287729433,0.5337362991806724,0.8837429785056227,15.900423187415589,12.430810072901282,12.097003893415907,12.2675803938225,6.374003095224712,1.027594120199222,1.014100722948385,2995,3.046032387312187,0.1067163594873878,0.9976627712854758,0.9195325542570952,0.0784641068447412,0.0010016694490818,3,2,3495.4194082408567,4.629694580451465,0.1543231526817155,0.1165139802746952,0.6887417218543046,0.620103738858782,3.0573600662251654,7.0,2.0,0.2333333333333333,4.0,3.0,0.0,0.0,3.0,0.4285714285714285,0.0,0.0,2.0,15.0,3.0,0.0566037735849056,8.0,7.0,0.0,0.0,7.0,0.4666666666666667,0.0,0.0,4.0,4.0,3.0,44.0,0.1660377358490566,3.5714285714285716,1.0,15.0,0.25,1,30.0,0,0.0,,,,0.0,-0.006668034971578654,-0.05484528346985321,0.22268082267812633,0.3287409742307587,-0.11869415869451841,-0.33609001879439454,0.07586314206512379,0.004271562403555572,-0.7560661106297265,-0.17510052520239883,0.11129751960746444,-0.06484285143853355,-0.3717101535543579,0.1052547575873707,1.266857031356947,-1.1982318104152847,0.339291828224147,0.05620345544069672,-0.18106949660588811,-0.9759228951479636,-0.3738752263599168,0.3666705637385736,0.13663120918177046,-0.47444811844062096,-1.068555735154808,-1.2590876520624454,0.4478549453779335,-0.9418466269953528
subject_23_task_3,23,3,,3,49,240.0,270.0,0.7353973827002873,10.0,0.45,eye,低,2.4,6,79.16666666666667,0.7527726527090811,78.0,80.0,2.816901408450573,6.6944543060084625,4.538162071052167,4.007939762538401,7.3513984026157875,3.8617172063379224,1.1322929834099984,1.834208805064433,4.336504311685771,3.4834161547771347,4.057069753643289,4.892552428988433,2.241461178027613,0.8586039595816641,1.2059325390190472,6.694609485973924,3.836856137847655,7.672552658143115,6.392474932797958,3.33358159663372,0.5000755692143061,0.8331614284867017,13.595121245844195,12.95817067013584,11.89854087085332,11.754409247079138,6.26516531450023,1.0890554405606314,0.9878866135487884,2995,3.051655425709516,0.131818796801358,0.995659432387312,0.9065108514190318,0.087813021702838,0.0010016694490818,3,2,3495.4194082408567,4.629694580451465,0.1543231526817155,0.1165139802746952,0.6887417218543046,0.620103738858782,3.0573600662251654,3.0,1.0,0.1,0.0,3.0,0.0,0.0,3.0,1.0,0.0,0.0,1.0,15.0,3.0,0.0555555555555555,8.0,7.0,0.0,0.0,7.0,0.4666666666666667,0.0,0.0,4.0,9.0,3.0,44.0,0.1629629629629629,3.5714285714285716,1.0,15.0,0.25,1,30.0,0,0.0,,,,0.0,-0.2587578705240516,-0.2936877462765735,0.3552272081935541,0.2864842667664675,-0.14598496928940485,-0.5950355716868857,-0.03425824258203494,-0.4192300164927339,-0.7788988986904442,0.03437623127750844,0.05785745328866753,-0.10375628920140503,-0.5865542313013798,-0.09633216388804203,0.9075792091468491,-1.0518171930032194,0.8335347168900552,0.2193056665644415,0.019311943038461808,-1.2556084164266885,-0.6397155397502114,-0.4507435582161307,0.46349820871987296,-0.6054163051051749,-1.2617506968477956,-1.305405249803698,0.8680727307072388,-1.0892986282953059
subject_23_task_3,23,3,,3,50,245.0,275.0,0.7490158527502926,10.0,0.4583333333333333,eye,低,2.4,6,79.33333333333333,0.5163977794943223,79.0,80.0,-0.1963993453354352,6.842599375693201,4.6624319503708325,3.8654323302379217,7.027479219267187,3.849471842821661,1.2061864112581309,1.8180318833403657,4.474920258240872,3.452736263504606,3.82406521347497,4.833863714972529,2.320740066528057,0.9028968050382872,1.264064142509731,6.1715532156884585,3.8641963817274143,6.878234074171485,6.420248093103559,3.3683354985114913,0.5618006511639217,0.9334151795171216,14.90091525503494,13.953625322521669,11.58304996701442,11.999478038308032,6.772028976740015,1.2046589941559471,1.0359515043515737,2995,3.0514861435726206,0.1271212006615524,0.9973288814691152,0.912186978297162,0.0831385642737896,0.0,3,2,3495.4194082408567,4.629694580451465,0.1543231526817155,0.1165139802746952,0.6887417218543046,0.620103738858782,3.0573600662251654,3.0,1.0,0.1,0.0,3.0,0.0,0.0,3.0,1.0,0.0,0.0,1.0,15.0,3.0,0.0545454545454545,8.0,7.0,0.0,0.0,7.0,0.4666666666666667,0.0,0.0,4.0,14.0,3.0,44.0,0.16,3.5714285714285716,1.0,11.0,0.1833333333333333,0,0.0,0,0.0,,,,0.0,-0.2236327949985663,-0.10855813582865972,0.13965806476603956,0.10839439357208809,-0.15088377750000742,-0.30601361927366316,-0.06365387129207059,-0.3143165404214385,-0.859610469024658,-0.23643369664283795,0.005565436220155981,-0.051664371082775246,-0.3608150605392839,0.06748538177410277,0.2942996460452564,-0.9788141385050311,0.16429345723365646,0.25406349814146095,0.05199790299334602,-0.7427374318015784,-0.11281415807033161,0.012264971915413425,1.0804978046469829,-0.8136126282862938,-1.1694889708445393,-1.0897015937661791,1.6584669002819459,-0.818937952176228
subject_23_task_3,23,3,,3,51,250.0,280.0,0.7626343228002979,10.0,0.4666666666666667,eye,低,2.4,6,79.66666666666667,0.816496580927726,79.0,81.0,1.865793780687346,7.212985561185826,4.2335168250136865,3.713386941812777,6.523171389786925,3.7556592982108015,1.1400688620257269,1.7566635236247383,4.408720445283652,3.5112120066077623,3.8031520006194697,4.563075351566611,2.241747284894482,0.9232373583900524,1.1998140886357849,5.823730181327661,3.7646134542865974,6.307789779817828,6.583941751659827,3.428745718897411,0.5968197396704177,1.0437795141375137,13.57795165906994,14.03949952187849,12.654411768558012,12.970546606506238,6.385514858266461,1.1094549299211172,1.0249821835838877,2994,3.0472785571142285,0.1240995145167643,0.9973279893119572,0.9124916499665998,0.0838343353373413,0.0,3,2,3495.4194082408567,4.629694580451465,0.1543231526817155,0.1165139802746952,0.6887417218543046,0.620103738858782,3.0573600662251654,9.0,1.0,0.3,5.0,4.0,0.0,0.0,4.0,0.4444444444444444,0.0,0.0,1.0,21.0,3.0,0.075,13.0,8.0,0.0,0.0,8.0,0.3809523809523809,0.0,0.0,4.0,1.0,4.0,58.0,0.2071428571428571,3.4,1.0,17.0,0.2833333333333333,0,0.0,0,0.0,,,,0.0,-0.1358145316793039,-0.7475294658721064,-0.09033902111087702,-0.16887265950768332,-0.18841387313064487,-0.5646215053119304,-0.1751683823662413,-0.3644932192324072,-0.7057745570785852,-0.2607401142855574,-0.23570871603575333,-0.1035682964612944,-0.2571491163188711,-0.11357423988207978,-0.11352025913060887,-1.244717321776676,-0.31632586330169477,0.4589244700913314,0.1088135679320457,-0.45176536929932226,0.46722519010348834,-0.45683155148257293,1.1337240828875175,-0.10660781399861083,-0.8039080997747589,-1.2541886435902851,1.007546275865478,-0.8806393922458009
subject_23_task_3,23,3,,3,52,255.0,285.0,0.7762527928503032,10.0,0.475,eye,低,2.4,6,79.66666666666667,0.816496580927726,79.0,81.0,3.4369885433715552,7.476548941540467,4.2479883201842,4.269855330928011,6.802384103086774,3.6995650808105895,0.9948787466906852,1.593118168153098,4.472771379857032,3.5207941133253775,4.277591982395779,4.62395788483015,2.148733399804739,0.8230785282502477,1.0809721693559888,6.067118482628544,3.75428510246169,8.149178674031223,6.719637100353278,3.3132069409810754,0.4606949059081712,0.8245784476129566,14.9648522908408,13.96133507796421,12.67679758412222,12.976496369011969,6.079239745412065,1.1013298102551454,1.0236415216777717,2994,3.043176352705411,0.133480718459227,0.9933199732798932,0.9051436205744824,0.0888443553774215,0.0013360053440213,3,2,3495.4194082408567,4.629694580451465,0.1543231526817155,0.1165139802746952,0.6887417218543046,0.620103738858782,3.0573600662251654,11.0,1.0,0.3666666666666666,7.0,4.0,0.0,0.0,4.0,0.3636363636363636,0.0,0.0,1.0,23.0,3.0,0.0807017543859649,15.0,8.0,0.0,0.0,8.0,0.3478260869565217,0.0,0.0,4.0,5.0,4.0,58.0,0.2035087719298245,3.136363636363636,1.0,17.0,0.2833333333333333,2,40.0,0,0.0,,,,0.0,-0.07332386857178444,-0.7259707238969408,0.7514234894445568,-0.01536228018471837,-0.21085459629926062,-1.1325086886143256,-0.4723521500012629,-0.31594530001535864,-0.6805662904188776,0.29067857126691504,-0.18146199207910774,-0.16468509284477761,-0.7676101406033319,-0.44847626165952703,0.1718507029732981,-1.2722957601573366,1.2351088480945203,0.6287458380514189,0.00014962908882021382,-1.5828206116489438,-0.6848249190485087,0.034935770495494144,1.0852764412040008,-0.09183513930286542,-0.8016681762196806,-1.3845287459051032,0.9519939419505362,-0.8881804945624969
subject_23_task_3,23,3,,3,53,260.0,290.0,0.7898712629003085,10.0,0.4833333333333333,eye,低,2.4,6,79.83333333333333,0.752772652709081,79.0,81.0,2.40589198036006,7.891457458223929,4.394819683094803,4.177872976825421,7.102210525820421,3.853086383344604,1.0519275496102396,1.6999584633655074,4.76401794965179,3.766550916592643,4.081551585205468,4.691649388508224,2.096613327079856,0.9228233033352764,1.1494769306638672,6.164796343579835,3.916391433678071,7.211304847033839,6.566273991323136,3.267582763804141,0.543090538640724,0.910552823740905,15.540276123897266,12.130613599014296,12.153072985089707,12.902877525607108,6.290392048439881,0.9981519582657846,1.0616967034952656,2994,3.032251503006012,0.1335475123750187,0.9933199732798932,0.908817635270541,0.0851703406813627,0.0013360053440213,3,2,3495.4194082408567,4.629694580451465,0.1543231526817155,0.1165139802746952,0.6887417218543046,0.620103738858782,3.0573600662251654,15.0,2.0,0.5,11.0,4.0,0.0,0.0,4.0,0.2666666666666666,0.0,0.0,2.0,27.0,3.0,0.093103448275862,19.0,8.0,0.0,0.0,8.0,0.2962962962962963,0.0,0.0,5.0,1.0,5.0,66.0,0.2275862068965517,3.0,1.0,19.0,0.3166666666666666,2,40.0,0,0.0,,,,0.0,0.02505060325969367,-0.5072304051148565,0.6122829761095557,0.1494814597042375,-0.1494377656468,-0.9093717076566411,-0.2782090551093531,-0.09519262814856973,-0.03403800464954787,0.06283028215532549,-0.12114843222213356,-0.19893172031491954,-0.2592593542986487,-0.25542667778857475,0.28637726405670183,-0.8394445615968118,0.44491726244616714,0.4368134452252845,-0.04275979827345368,-0.898198931877866,-0.2329713264868068,0.2389695930363469,-0.049435632379610545,-0.43744743604836084,-0.8293836659188645,-1.2946696237447635,0.2465556564881995,-0.6741235287779024
subject_23_task_3,23,3,,3,54,265.0,295.0,0.8034897329503139,10.0,0.4916666666666666,eye,低,2.4,6,80.33333333333333,1.0327955589886446,79.0,82.0,4.038461538461571,8.315537348248963,4.872964812562781,4.152926492053739,7.336657633133841,4.118891606156016,1.1733809451929311,1.7666235237180077,5.138500857470039,3.826636707854522,4.158718862154708,4.870557726082157,1.9949811383164584,0.9201479673650916,1.1711678253621194,6.214025066514857,4.390267418868731,7.897108970486642,6.779770351248464,3.137903470268844,0.5559334986102124,0.8585129541185342,15.732982331015242,11.99019196945214,12.524380900650876,12.66175481605442,6.316258072447046,0.957348076888098,1.01096851944166,2994,3.0119552438209753,0.1247441913083574,0.9926519706078824,0.9131596526386104,0.0808283233132932,0.0013360053440213,3,2,3061.870887638715,4.055458129322802,0.1351819376440934,0.1020623629212905,0.6887417218543047,0.6201037388587819,3.0573600662251654,12.0,2.0,0.4,11.0,1.0,0.0,0.0,1.0,0.0833333333333333,0.0,0.0,2.0,27.0,3.0,0.0915254237288135,19.0,8.0,0.0,0.0,8.0,0.2962962962962963,0.0,0.0,5.0,6.0,5.0,66.0,0.223728813559322,3.0,1.0,19.0,0.3166666666666666,2,40.0,0,0.0,,,,0.0,0.1255996002507379,0.20508075219289995,0.5745467523425024,0.27837983238043057,-0.04310128929798137,-0.43432678768528904,-0.15706973110936578,0.18864969324796757,0.12403356491505563,0.15251808263053018,0.038260033255232404,-0.2657113605876306,-0.27289424537854007,-0.19430073390758143,0.3440975733403716,0.4258841064428937,1.0227312840724059,0.704001998452151,-0.16472285756906208,-0.7914873437032409,-0.5064760973771045,0.30729937329028983,-0.13647132857292768,-0.19241678113174635,-0.9201597996336413,-1.2836619379287297,-0.03242495382971999,-0.9594649892484848
subject_23_task_3,23,3,,3,55,270.0,300.0,0.8171082030003192,10.0,0.5,eye,低,2.4,6,79.66666666666667,2.065591117977289,76.0,82.0,-5.239567233384735,9.105658870244945,4.923465474513066,4.434720833906584,7.771468031635414,4.367741129632495,1.1102086600062135,1.7524142607167137,5.850077381698333,4.066362982338985,4.243491994666209,5.10644007107258,1.9954276912757571,0.9582586670247374,1.2033580073889714,6.956897617507695,4.418870756807827,7.656852372062415,6.801932580513858,3.165852944949104,0.5771132238269314,0.888345791454997,16.57900198242157,11.28981208590628,12.64740298819136,13.825937630214574,6.685308084027143,0.8926585241608386,1.0931839242509778,2994,3.002131596526386,0.0947688628762362,0.9929859719438878,0.9218436873747496,0.0744822979291917,0.002004008016032,6,3,2756.5812321411445,3.7109859319250154,0.1236995310641671,0.0918860410713714,0.6379327853066665,0.8436626583826707,3.054923170566492,16.0,2.0,0.5333333333333333,15.0,1.0,0.0,0.0,1.0,0.0625,0.0,0.0,3.0,31.0,3.0,0.1033333333333333,23.0,8.0,0.0,0.0,8.0,0.2580645161290322,0.0,0.0,6.0,3.0,6.0,73.0,0.2433333333333333,2.8666666666666667,1.0,19.0,0.3166666666666666,3,60.0,0,0.0,,,,0.0,0.31293677045478474,0.2803135272263735,1.0008133962313195,0.5174373896767736,0.056451989556685685,-0.6814147593056428,-0.18288986095569282,0.7279948229494952,0.7546969493494355,0.2510458018262049,0.2484327013265975,-0.2654179432525567,-0.07866247612458893,-0.10358731302453834,1.2151100807794075,0.5022598347495387,0.8203066753389232,0.7317378061060793,-0.13843644479814557,-0.6155059406351221,-0.34968432599247307,0.6072810798251568,-0.5705786021765672,-0.11123299426392234,-0.48187667398904016,-1.1266070083905848,-0.4747145177561808,-0.49701075164595687
subject_23_task_3,23,3,,3,56,275.0,305.0,0.8307266730503245,10.0,0.5083333333333333,eye,低,2.4,6,79.66666666666667,2.065591117977289,76.0,82.0,-8.212025316455764,8.492706799009241,4.711560102232382,4.462704469921459,8.558257040585133,4.9233721574458045,1.055763412968124,1.9177288342231975,6.086866107052571,3.654248410757031,4.446447217736893,5.542304741134875,2.0717382109583142,0.8218355536033851,1.2464568833801966,6.6037018684671125,4.2973846879086866,8.459552229334722,6.925682730722577,3.185402141097901,0.507991980120045,0.8186819518303544,16.296514966555087,9.768376651190923,13.253423189990244,12.910484118025954,7.102912448973904,0.7370455550358168,0.9741244909297624,2995,2.998526878130217,0.0951402905110512,0.988313856427379,0.90550918196995,0.0881469115191986,0.0040066777963272,6,3,2831.385076324585,3.95203865123525,0.1317346217078416,0.0943795025441528,0.5220001482207683,1.02214535784051,3.049362815258754,16.0,2.0,0.5333333333333333,15.0,1.0,0.0,0.0,1.0,0.0625,0.0,0.0,3.0,31.0,3.0,0.101639344262295,23.0,8.0,0.0,0.0,8.0,0.2580645161290322,0.0,0.0,6.0,8.0,6.0,73.0,0.2393442622950819,2.8666666666666667,1.0,19.0,0.3166666666666666,5,121.0,0,0.0,,,,0.0,0.16760633292167068,-0.03537004177062909,1.0431438792688246,0.9500118157606752,0.2787344752912104,-0.8943683609562473,0.11750881229279804,0.9074707351523933,-0.32947945579235566,0.4869308592209063,0.6367908916301452,-0.21527645643199447,-0.7739449800829012,0.017867311684225184,0.8009907078432384,0.17787157590227612,1.4966094516392157,0.8866098779645389,-0.12005047349866228,-1.1898313072243483,-0.7158149991501498,0.5071168141929038,-1.5135899650736093,0.2886871817308637,-0.826519991021515,-0.9488890242324924,-1.5386574475486947,-1.1667093269148043
subject_23_task_3,23,3,,3,57,280.0,310.0,0.8443451431003298,10.0,0.5166666666666667,eye,低,2.4,6,78.83333333333333,2.401388487243717,76.0,82.0,-10.99137931034486,7.920890477101782,4.758416763740119,3.8818476108861497,8.86097271075846,5.081998124621304,1.225812355538054,2.2826688729122147,6.030727388674298,3.633857935944483,3.8152896203249056,5.664626836444246,1.9754527624513516,0.9524461567966178,1.4847173871853672,6.503243661002379,4.3210237427255285,6.8912271694963,6.700268617108284,3.0295032874253556,0.6270325497107889,0.9722896158127996,16.152350405239567,10.544037038622513,12.06119023741747,12.778592504474693,6.756205414750209,0.8742119833175097,1.0594802215150891,2995,2.9938133555926543,0.0978917863029201,0.988313856427379,0.8951585976627713,0.0984974958263772,0.0040066777963272,6,3,2906.188920508026,4.193091370545485,0.1397697123515161,0.0968729640169342,0.426497965031591,1.0231960286233914,3.044088701460719,13.0,3.0,0.4333333333333333,13.0,0.0,0.0,0.0,0.0,0.0,0.0,0.0,4.0,34.0,3.0,0.1096774193548387,26.0,8.0,0.0,0.0,8.0,0.2352941176470588,0.0,0.0,7.0,1.0,7.0,85.0,0.2741935483870967,2.9696969696969697,1.0,22.0,0.3666666666666666,5,121.0,0,0.0,,,,0.0,0.03202914809569591,0.03443412589555837,0.16448924677063512,1.116444055919484,0.3421934481001593,-0.22924997602524855,0.7806536343863805,0.8649199436154692,-0.38312199407131614,-0.24663314488839796,0.7457806557275559,-0.2785429047199537,-0.10828602424878639,0.6892964245564398,0.6832042112769766,0.2409918324248295,0.17524059564572425,0.6045063755226955,-0.2666729651565672,-0.20072846267609673,0.09149734135679778,0.4559989340663704,-1.0328225644944597,-0.49808198999704273,-0.8761735917536799,-1.096435554842921,-0.6008355398004341,-0.6865910400269142
subject_23_task_3,23,3,,3,58,285.0,315.0,0.8579636131503351,10.0,0.525,eye,低,2.4,6,78.33333333333333,2.422120283277993,76.0,82.0,-11.057591623036584,8.502558928621973,4.751587985625649,3.789132269392484,9.060972418806267,5.397631243258904,1.25400425422137,2.3913053898905,5.839071725017145,3.5694557715239505,3.824725319035908,5.8114904029784595,2.0700368501941218,0.9332580705230088,1.5194530111886182,6.187481792240763,4.141914618437004,6.736269186248649,6.765455230681768,3.2002164089901055,0.6148677411663219,1.004332671932514,15.28617875196185,10.287998256110376,13.12953911729504,13.23909909501718,7.655957433430042,0.7835764960369698,1.0083445410187948,2995,3.0093525876460765,0.1036548787576467,0.9926544240400668,0.902170283806344,0.0938230383973288,0.0026711185308848,6,3,2980.992764691467,4.43414408985572,0.1478048029951906,0.0993664254897155,0.5874842544079021,0.9116865558038494,3.0390792806813507,16.0,3.0,0.5333333333333333,15.0,0.0,0.0,1.0,1.0,0.0625,0.0,0.0625,3.0,39.0,3.0,0.1238095238095238,30.0,8.0,0.0,1.0,9.0,0.2307692307692307,0.0,0.0256410256410256,7.0,1.0,7.0,85.0,0.2698412698412698,2.710526315789474,1.0,27.0,0.45,3,81.0,0,0.0,,,,0.0,0.16994226483942196,0.0242610329538236,0.02423995292161632,1.2264033435323298,0.46846377981115106,-0.11898201530167932,0.9780607042799134,0.7196529972595549,-0.5525489251229846,-0.23566648781828797,0.8766370266112072,-0.2163943725291414,-0.20607840221100132,0.7871830185873029,0.312975782866054,-0.23725968643737572,0.04468306118147011,0.6860867686336124,-0.10611769067650605,-0.30180532055810705,0.2599053098287259,0.14887172931355558,-1.191519723599632,0.2069345602701385,-0.70280540127021,-0.7135321936140712,-1.2205203027263039,-0.97422463123828
subject_23_task_3,23,3,,3,59,290.0,320.0,0.8715820832003405,10.0,0.5333333333333333,eye,低,2.4,6,77.83333333333333,2.3166067138525404,76.0,82.0,-9.099337748344228,8.33050074960107,4.683132367547429,3.809233928260132,8.97116036609215,5.176116125108453,1.2294157974399986,2.355108805352295,5.619055280841354,3.627372714915475,3.752731956609704,5.688755719206007,2.166612659748284,0.96659520500167,1.515897161049932,6.160921753279914,4.218878052871334,6.528524122737652,6.609035610789688,3.222157672072828,0.6462223273676444,1.012332264772007,13.722806135255007,12.208753516192765,12.237425203327431,13.592508795842877,7.72293175120393,0.9976570490394604,1.110732737483616,2995,3.024049081803005,0.1005248181950006,0.9909849749582638,0.8981636060100167,0.0971619365609348,0.003338898163606,6,3,3055.796608874908,4.675196809165954,0.1558398936388651,0.1018598869624969,0.7405888717703092,0.701233321820198,3.034315114399836,12.0,3.0,0.4,11.0,0.0,0.0,1.0,1.0,0.0833333333333333,0.0,0.0833333333333333,2.0,39.0,3.0,0.121875,30.0,8.0,0.0,1.0,9.0,0.2307692307692307,0.0,0.0256410256410256,7.0,6.0,7.0,85.0,0.265625,2.710526315789474,1.0,27.0,0.45,4,101.0,0,0.0,,,,0.0,0.1291474105405396,-0.07771992958734314,0.05464747141815505,1.1770249247741829,0.37984574261470533,-0.21515570750588697,0.9122866727425359,0.5528897700027917,-0.4001830836483967,-0.31934089723236886,0.7672796435717988,-0.15293713619935076,-0.03617518160695745,0.7771624685339175,0.2818343359219599,-0.03175435798868718,-0.1303494393755905,0.49032918311843554,-0.08548198625966884,-0.04128144615140357,0.3019485897726987,-0.4054690412938579,-0.0010031927809393776,-0.3817823709844469,-0.5697562732234686,-0.6850302387873866,0.2431719078508112,-0.3983002598208396
subject_23_task_3,23,3,,3,60,295.0,325.0,0.8852005532503457,10.0,0.5416666666666666,eye,低,2.4,6,77.33333333333333,1.3662601021279464,76.0,79.0,3.071132856605209,8.850963334237749,4.882704382792762,3.744274376859281,9.149164355404032,5.492628272332379,1.3040455616632465,2.4435079896784715,5.577780921647913,3.38825249251763,3.670284095092771,5.71378005198946,2.2683727998559413,0.9231581002265676,1.5567677879837354,6.323639945061074,3.936907468951569,6.4090261905942665,6.892206727559733,3.20182505307851,0.6142754533799971,1.0753906323045723,14.03776125544501,11.428694328518583,12.861711033321331,14.683886269883414,8.144435196560385,0.8885827320260751,1.141674403338817,2995,3.0455138564273785,0.1204649035097275,0.9903171953255424,0.8737896494156928,0.1158597662771285,0.0036727879799666,3,3,3564.1489736604904,5.490485979604854,0.1830161993201618,0.118804965788683,0.7785565739813602,0.6299561156529135,3.033133670954325,12.0,3.0,0.4,11.0,0.0,0.0,1.0,1.0,0.0833333333333333,0.0,0.0833333333333333,2.0,39.0,3.0,0.12,30.0,8.0,0.0,1.0,9.0,0.2307692307692307,0.0,0.0256410256410256,7.0,11.0,7.0,85.0,0.2615384615384615,2.710526315789474,1.0,24.0,0.4,5,111.0,0,0.0,,,,0.0,0.25254866602920545,0.2195901639062795,-0.04361599896275092,1.2748910269201945,0.5064677333393579,0.0767463031610427,1.072919804623015,0.5216055386452775,-1.029252087738311,-0.41516606621172925,0.7895764830746342,-0.08607342271276901,-0.2575530567728367,0.8923377844021921,0.4726201982341888,-0.7846632930849124,-0.2310306373832032,0.8447149957472189,-0.10460476483467765,-0.306726613662291,0.6333630320044388,-0.2937922329839835,-0.48449704399823573,0.03019151744553966,-0.1588823754450791,-0.5056529407699445,-0.5025811554115656,-0.22425617980437187
subject_23_task_3,23,3,,3,61,300.0,330.0,0.8988190233003511,10.0,0.55,eye,低,2.4,6,77.83333333333333,1.3291601358251257,76.0,79.0,2.7239855363600203,8.695002077074953,4.552905518660003,4.200474947194702,9.115689583405628,5.42157624846417,1.083902552900755,2.170156874639513,4.942252967762538,3.285685294950436,3.934744472676822,5.708308003888951,2.363643314307577,0.8350441350808154,1.4507442715855872,6.204953285161998,3.8730520304508618,6.90199523416429,6.764083888951519,3.15111168931628,0.5611496239927236,0.9800186264212236,12.778429931539366,11.318843535049842,12.974092345722235,14.338082633801372,8.185302201590071,0.8724189125092704,1.1051318467398503,2995,3.060585976627713,0.1266843691849855,0.9919866444073456,0.8791318864774624,0.1118530884808013,0.0030050083472454,3,3,3944.2424733415023,6.076010896312875,0.2025336965437625,0.1314747491113834,0.7785565739813602,0.6299561156529137,3.0331336709543253,8.0,2.0,0.2666666666666666,7.0,0.0,0.0,1.0,1.0,0.125,0.0,0.125,1.0,39.0,3.0,0.1181818181818181,30.0,8.0,0.0,1.0,9.0,0.2307692307692307,0.0,0.0256410256410256,7.0,16.0,7.0,85.0,0.2575757575757575,2.710526315789474,1.0,24.0,0.4,4,91.0,0,0.0,,,,0.0,0.21557037881012583,-0.2717238663141667,0.646472683366414,1.2564866896445264,0.47804307796319917,-0.7843067573820739,0.5762042970487348,0.039902032351295705,-1.2990822350126698,-0.1077965371047504,0.7847008534502746,-0.02347385892213222,-0.7066272406394343,0.5935586144520928,0.3334609775844343,-0.9551680653676491,0.18431306770905495,0.6843705482118072,-0.1523005597684241,-0.7481467878650119,0.13211852836217347,-0.7403260209522129,-0.5525844199726619,0.10435332607912345,-0.2890680272498102,-0.4882613559061698,-0.6130949614911215,-0.4298047651481632
subject_23_task_3,23,3,,3,62,305.0,335.0,0.9124374933503564,10.0,0.5583333333333333,eye,低,2.4,6,78.5,2.5099800796022267,76.0,83.0,15.576192486281276,9.473271722801014,4.610628900781248,3.914961606256113,9.39826295593584,5.636398751917651,1.177694538156762,2.4006015642445657,5.0501149465764295,3.4285500826234903,3.658905124217528,5.703279574850032,2.431962352488067,0.9370426305756424,1.5587393991446286,6.337978738719809,3.73244789518335,6.260474579644828,6.854801870550837,3.233775540413311,0.5961924847229555,1.0949332647781036,13.548667822847436,11.129717314179912,12.900705523248009,14.931252357457106,8.390032408762766,0.862721600312739,1.1573981229592372,2994,3.076789913159653,0.1285245875862889,0.9946559786239144,0.8861055444221777,0.1055444221776887,0.0016700066800267,3,3,3944.2424733415023,6.076010896312875,0.2025336965437625,0.1314747491113834,0.7785565739813602,0.6299561156529137,3.0331336709543253,8.0,2.0,0.2666666666666666,7.0,0.0,0.0,1.0,1.0,0.125,0.0,0.125,1.0,39.0,3.0,0.1164179104477611,30.0,8.0,0.0,1.0,9.0,0.2307692307692307,0.0,0.0256410256410256,7.0,21.0,7.0,85.0,0.2537313432835821,2.710526315789474,1.0,24.0,0.4,3,50.0,0,0.0,,,,0.0,0.400097478790536,-0.18573112773236422,0.21458035782450835,1.4118447501390656,0.5639837070300796,-0.4174548804449773,0.9949530954527853,0.12165688368837733,-0.9232386162681303,-0.4283912947000077,0.7802204912283367,0.021416651151324337,-0.18679033346821705,0.8978938757876529,0.48943232650794793,-1.3306047803709091,-0.35619057854774305,0.7979031923452294,-0.07455540942021986,-0.4569772030037878,0.736072805415723,-0.4672150161566047,-0.6698080439481919,0.05592446038706743,-0.06575577992967813,-0.40113525577635345,-0.6793965480973196,-0.13581167495516425
subject_23_task_3,23,3,,3,63,310.0,340.0,0.9260559634003618,10.0,0.5666666666666667,eye,低,2.4,6,79.5,2.5099800796022267,77.0,83.0,14.609286523216255,11.79585772488601,4.908321476128922,4.187290885159156,8.972136452229135,5.120179355950672,1.172195008836211,2.1427067520025207,5.261364589279933,3.467957881889962,3.8280943473946754,5.7069165827729185,2.3422719915987433,0.9059227822454756,1.490798309779625,6.57374995559961,3.764155241406092,6.522675000148918,6.570275671993478,3.0829975846429303,0.577087658256797,1.007297722459493,13.352566885838732,11.445961401741329,12.956115594761478,15.125410283592217,8.574022816146364,0.8834408212882303,1.167434033215005,2994,3.0825718102872415,0.1224183548820361,0.9943219772879092,0.8794255177020708,0.1122244488977955,0.0016700066800267,3,3,3944.2424733415023,6.076010896312875,0.2025336965437625,0.1314747491113834,0.7785565739813602,0.6299561156529137,3.0331336709543253,5.0,1.0,0.1666666666666666,4.0,0.0,0.0,1.0,1.0,0.2,0.0,0.2,1.0,39.0,3.0,0.1147058823529411,30.0,8.0,0.0,1.0,9.0,0.2307692307692307,0.0,0.0256410256410256,7.0,26.0,7.0,85.0,0.25,2.710526315789474,1.0,18.0,0.3,3,50.0,0,0.0,,,,0.0,0.9507807307629415,0.25775293139372446,0.6265293238235561,1.1775615742389212,0.357468007265254,-0.4389653820940034,0.5263237556920021,0.28177524350482375,-0.819565974994449,-0.23175082880863798,0.7834610883954576,-0.03751635136486039,-0.34539312098101643,0.7064327455064103,0.7658723141235463,-1.245940827317973,-0.13527753025519282,0.4418215084501496,-0.21636170909047722,-0.6157183638302514,0.2754886591135004,-0.5367484999700963,-0.47379462056212673,0.09249024727960439,0.007339391808068734,-0.3228352976118647,-0.5377369628350387,-0.07936058483716568
subject_23_task_3,23,3,,3,64,315.0,345.0,0.939674433450367,10.0,0.575,eye,低,2.4,6,80.0,2.1908902300206643,77.0,83.0,9.91776315789468,9.94076130437508,4.6926817313954565,3.882838983831091,9.629007030909174,5.788976476688251,1.208569747789365,2.47988831651435,4.862927604409671,3.4173779649681832,3.4165250091184327,5.617404201141834,2.4293192999925988,1.0002496559654837,1.6441864719706225,6.177548105619235,3.709913220045982,6.112719406778302,6.757800329680238,3.077652209057428,0.6069169829604997,1.1055309233050377,15.620460121627586,10.092893602607496,12.638021515623912,14.252508472559445,8.085756329265353,0.7986134214228098,1.127748394393822,2994,3.0617317969271873,0.1224170019366518,0.9936539746158984,0.8780895123580494,0.1135604542418169,0.0016700066800267,3,3,3944.2424733415023,6.076010896312875,0.2025336965437625,0.1314747491113834,0.7785565739813602,0.6299561156529137,3.0331336709543253,0.0,0.0,0.0,0.0,0.0,0.0,0.0,0.0,0.0,0.0,0.0,0.0,39.0,3.0,0.1130434782608695,30.0,8.0,0.0,1.0,9.0,0.2307692307692307,0.0,0.0256410256410256,7.0,31.0,7.0,85.0,0.2463768115942029,2.710526315789474,1.0,16.0,0.2666666666666666,3,50.0,0,0.0,,,,0.0,0.5109388783397116,-0.06349387562395714,0.16598888375874365,1.5387072058526907,0.6250230555041946,-0.29669159162418407,1.1390277204711952,-0.02022326258106907,-0.9526298273356166,-0.7100980007233952,0.703704987642809,0.019679976018998197,0.13534524736311085,1.138687676643536,0.30132860963187436,-1.3907761572023414,-0.48067949270044824,0.6765067368035192,-0.22138902179182596,-0.36786781996255896,0.7917706806874302,0.26740124049978936,-1.3124488810316244,-0.11742394326055174,-0.3212843685385999,-0.5306246385865678,-1.11771119536181,-0.30258872422765004
subject_23_task_3,23,3,,3,65,320.0,350.0,0.9532929035003724,10.0,0.5833333333333334,eye,低,2.4,6,80.5,1.6431676725154984,79.0,83.0,2.664473684210685,10.394270425648148,4.715639488036289,4.051934965585323,10.033569437607866,5.632125905384431,1.1637994015422433,2.47624148038577,5.259743826110639,3.4718937841785102,3.558288827984569,5.722704003858401,2.377234863274874,0.9757200587185068,1.6082741678673025,6.170830771362173,3.877291541019663,6.30207703071054,6.500096516967636,3.05781802168618,0.6152402647770413,1.0314213052763606,14.90346681914327,9.64759349156464,12.34845884112265,13.722675657350967,8.088838885160113,0.7812791552121768,1.111286504162926,2994,3.0506943887775546,0.1245085137057274,0.9953239812959253,0.8730794923179692,0.1192384769539078,0.001002004008016,3,3,3944.2424733415023,6.076010896312875,0.2025336965437625,0.1314747491113834,0.7785565739813602,0.6299561156529137,3.0331336709543253,0.0,0.0,0.0,0.0,0.0,0.0,0.0,0.0,0.0,0.0,0.0,0.0,39.0,3.0,0.1114285714285714,30.0,8.0,0.0,1.0,9.0,0.2307692307692307,0.0,0.0256410256410256,7.0,36.0,7.0,85.0,0.2428571428571428,2.710526315789474,1.0,12.0,0.2,2,30.0,0,0.0,,,,0.0,0.6184655221228089,-0.029292824114309907,0.42177818088771796,1.7611345007210064,0.5622743371406691,-0.4718034149537628,1.132400931850305,0.2805467730705211,-0.8092115427844759,-0.5453327582044372,0.797527780888432,-0.014543236037506289,0.010329776250884675,1.0374851437008266,0.2934525854784308,-0.9438478583328843,-0.32113905474126336,0.35399299978331733,-0.24004302664095994,-0.29871003830021226,0.4022744300859971,0.013169705693497267,-1.588453406120979,-0.30850990937904765,-0.520751994665835,-0.5293128093394255,-1.2362274738034036,-0.3951853721901824
subject_23_task_3,23,3,,3,66,325.0,355.0,0.9669113735503776,10.0,0.5916666666666667,eye,低,2.4,6,80.66666666666667,1.505545305418162,79.0,83.0,-1.6683217477656374,9.31953345722445,4.414627442767381,3.623550488675294,9.953327591659429,5.567976335833242,1.2183154220051426,2.746843909796932,4.823420119031854,3.4741987323266255,3.220927064852987,5.663549649541807,2.255173126135305,1.0786331582100566,1.7583601042516337,6.068419329593131,3.9631885855062903,5.865766919556748,6.4923839366457505,3.1032270269793547,0.6756471301805105,1.106826102312356,15.911392263789216,9.47498971161628,11.555244349750597,13.50613974675252,7.943207602234743,0.8199731156546928,1.168832033140349,2995,3.0280437395659434,0.1131099884877415,0.993322203672788,0.887813021702838,0.1051752921535893,0.0030050083472454,3,3,3944.2424733415023,6.076010896312875,0.2025336965437625,0.1314747491113834,0.7785565739813602,0.6299561156529137,3.0331336709543253,0.0,0.0,0.0,0.0,0.0,0.0,0.0,0.0,0.0,0.0,0.0,0.0,39.0,3.0,0.1098591549295774,30.0,8.0,0.0,1.0,9.0,0.2307692307692307,0.0,0.0256410256410256,7.0,41.0,7.0,85.0,0.2394366197183098,2.710526315789474,1.0,12.0,0.2,2,90.0,1,2.0,70.0,,70.0,0.0023333333333333335,0.363646261068437,-0.47772202503003314,-0.22623345790474084,1.717017755234954,0.5366110371000725,-0.25857299472790524,1.6241217102954264,-0.05016827776884303,-0.803147766908585,-0.9374320481613919,0.7448208753535466,-0.09474655544272856,0.5348279768131102,1.4604342498755118,0.1733759363055905,-0.7144882868722588,-0.688745622536001,0.3443407828622827,-0.19733596791058042,0.20320794315961868,0.7985777238301026,0.3705599795981249,-1.6954361423293918,-0.8319618967047121,-0.6022718681402183,-0.5912884499320545,-0.971672624230352,-0.07149696133323985
subject_23_task_3,23,3,,3,67,330.0,360.0,0.980529843600383,10.0,0.6,eye,低,2.4,6,80.83333333333333,1.3291601358251257,80.0,83.0,-7.357594936708867,9.658520944097884,4.3711679650013,3.5597108999282177,10.279046759223714,5.6579907082369845,1.2279558896452647,2.887607181648092,4.794256877250025,3.564723850540716,3.282162166781824,5.6353416565669,2.3182332877932716,1.0860901044496365,1.7169601531579348,6.30969916841492,3.906806430175985,5.822287562686819,6.3479645596058045,3.0353184243039415,0.6710088411320422,1.090287020566947,15.272306298092651,8.760995739219965,11.619405493822574,13.490130231227502,7.670690780187674,0.7539969014660625,1.161000038977854,2995,3.0098560934891485,0.1021246977958698,0.9889816360601,0.8747913188647746,0.1161936560934891,0.005008347245409,3,3,3944.2424733415023,6.076010896312875,0.2025336965437625,0.1314747491113834,0.7785565739813602,0.6299561156529137,3.0331336709543253,0.0,0.0,0.0,0.0,0.0,0.0,0.0,0.0,0.0,0.0,0.0,0.0,39.0,3.0,0.1083333333333333,30.0,8.0,0.0,1.0,9.0,0.2307692307692307,0.0,0.0256410256410256,7.0,46.0,7.0,85.0,0.2361111111111111,2.710526315789474,1.0,8.0,0.1333333333333333,3,150.0,2,4.0,65.0,7.0710678118654755,65.0,0.004333333333333333,0.444019918483851,-0.542465277644554,-0.32280277531377916,1.8960972547843067,0.572621658264411,-0.22086589599578182,1.879907387318914,-0.0722727906157159,-0.5649974950954687,-0.8662614455303702,0.7196873743926535,-0.053311504576495125,0.5728324184602115,1.3437672740576254,0.4562747419294899,-0.8650381347962869,-0.7253785052959497,0.1636013809224805,-0.26120384310477246,0.1646686039456897,0.7116536443437576,0.1439528336607288,-2.1379816579961077,-0.789621169525773,-0.6082990147524304,-0.7072621904592853,-1.4227592336251904,-0.11555122218282636
subject_23_task_3,23,3,,3,68,335.0,365.0,0.9941483136503884,10.0,0.6083333333333333,eye,低,2.4,6,80.33333333333333,0.816496580927726,80.0,82.0,-3.431221020092721,8.042546224887051,4.256743755997127,3.3451372537960404,10.20791341725966,5.847777794681402,1.2725169202449322,3.051567885794757,4.674924075565298,3.524145869761764,3.229937616121223,5.459183632532844,2.2482743599784634,1.0910879059001302,1.6901823754381622,5.915156996712037,3.8735335847741728,5.235512042575174,6.004440745092383,2.857005360728089,0.7398576401457211,1.1468679082894435,14.157881431181927,8.357692996422923,11.68948862234582,11.953883758349058,6.452455865652344,0.7149750743113107,1.022618195247465,2995,3.0136283806343904,0.1092734299553362,0.9873121869782971,0.8764607679465777,0.1151919866444073,0.0056761268781302,3,3,3944.2424733415023,6.076010896312875,0.2025336965437625,0.1314747491113834,0.7785565739813602,0.6299561156529137,3.0331336709543253,0.0,0.0,0.0,0.0,0.0,0.0,0.0,0.0,0.0,0.0,0.0,0.0,39.0,3.0,0.1068493150684931,30.0,8.0,0.0,1.0,9.0,0.2307692307692307,0.0,0.0256410256410256,7.0,51.0,7.0,85.0,0.2328767123287671,2.710526315789474,1.0,8.0,0.1333333333333333,3,170.0,2,4.0,65.0,7.0710678118654755,65.0,0.004333333333333333,0.06087362694443865,-0.7129274150095762,-0.6473855451534722,1.856988339655197,0.6485467654370666,-0.04657277628923996,2.177845899005028,-0.16272204408440813,-0.6717486084083557,-0.9269595194385145,0.5627294557535103,-0.09927953980412955,0.5983037907199348,1.268306258690268,-0.006323002200490972,-0.9538822342440088,-1.219757456184352,-0.2663152276366457,-0.4289068445108055,0.7367302395904145,1.009024541803859,-0.2512000127596309,-2.3879555053689385,-0.7433724520571382,-1.1866539755919685,-1.2257008645134362,-1.6895557438538997,-0.8939366134461006
subject_23_task_3,23,3,,3,69,337.1484375,367.1484375,1.0,10.0,0.6119140625,eye,低,2.4,7,80.28571428571429,0.7559289460184546,80.0,82.0,-2.724844167408847,7.561310701461882,4.33520473678569,3.282515386974348,9.896837623778843,5.710508621675246,1.3206959376302136,3.01501636916963,4.504987420900782,3.5753060951002253,3.2411584889092953,5.342546793667555,2.186639505522941,1.1030951147049204,1.6483448161973138,5.9336260454272445,3.9801364573639866,5.196434296278627,5.967883682017873,2.870306222646992,0.7659360689337148,1.1484574501965148,13.959564050139257,9.208406611539104,11.19598187640051,11.471734802674073,5.933160085894812,0.8224742334523671,1.0246296331414049,2994,3.0155798263193057,0.1103744006851164,0.9829659318637276,0.8797595190380761,0.1118904475617902,0.0056780227120908,3,3,3944.2424733415023,6.076010896312875,0.2025336965437625,0.1314747491113834,0.7785565739813602,0.6299561156529137,3.0331336709543253,0.0,0.0,0.0,0.0,0.0,0.0,0.0,0.0,0.0,0.0,0.0,0.0,39.0,3.0,0.1062240663900414,30.0,8.0,0.0,1.0,9.0,0.2307692307692307,0.0,0.0256410256410256,7.0,53.1484375,7.0,85.0,0.2315139908500904,2.710526315789474,1.0,8.0,0.1333333333333333,3,170.0,2,4.0,65.0,7.0710678118654755,65.0,0.004333333333333333,-0.05322692423709583,-0.59604107949218,-0.7421128304091669,1.6859597267705477,0.5936316662738446,0.14187150184958444,2.1114269084314135,-0.291526893500255,-0.5371581012569555,-0.9139180407242109,0.45880529126920794,-0.13977806157052328,0.6594987157878023,1.1504060828860903,0.015331819222035475,-0.6692346154603631,-1.2526818276944216,-0.3120660254325332,-0.41639741631549904,0.9534147546614784,1.0173786614100153,-0.32151940345205,-1.8606688474399626,-1.0690436163305703,-1.3681699271669436,-1.4466952000781008,-0.9545722076495466,-0.882622456690633
