sample_id,subject,task,repeat_id,label_task,window_id,window_start_sec,window_end_sec,progress_end_ratio,task_required_time_min,elapsed_required_ratio,anchor_source,task_difficulty,nasa_tlx_weighted_task_label,hr_n,hr_mean,hr_std,hr_min,hr_max,hr_slope_bpm_per_min,eeg_frontal_delta_power,eeg_frontal_theta_power,eeg_frontal_alpha_power,eeg_frontal_beta_power,eeg_frontal_gamma_power,eeg_frontal_theta_alpha,eeg_frontal_beta_alpha,eeg_central_delta_power,eeg_central_theta_power,eeg_central_alpha_power,eeg_central_beta_power,eeg_central_gamma_power,eeg_central_theta_alpha,eeg_central_beta_alpha,eeg_parietal_delta_power,eeg_parietal_theta_power,eeg_parietal_alpha_power,eeg_parietal_beta_power,eeg_parietal_gamma_power,eeg_parietal_theta_alpha,eeg_parietal_beta_alpha,eeg_occipital_delta_power,eeg_occipital_theta_power,eeg_occipital_alpha_power,eeg_occipital_beta_power,eeg_occipital_gamma_power,eeg_occipital_theta_alpha,eeg_occipital_beta_alpha,eye_n,eye_pupil_filtered_mean,eye_pupil_filtered_std,eye_valid_ratio,eye_fixation_ratio,eye_saccade_ratio,eye_eyes_not_found_ratio,eye_aoi_interval_n,eye_aoi_unique_hit_n,eye_aoi_total_fix_ms,eye_aoi_fixation_n,eye_aoi_fixation_density_per_sec,eye_aoi_coverage_ratio,eye_aoi_max_share,eye_aoi_entropy,eye_aoi_pupil_weighted_mean
subject_01_task_2,1,2,,2,1,0.0,10.0,0.006669984289060444,30.0,0.005555555555555556,eye,中,4.733333333333333,0,,,,,,9.843537948356492,4.080379949083861,1.3402447576935774,6.1632660563712385,4.150245113501279,3.0445035697104856,4.598612321362541,2.5051981996503714,1.4124979066011372,0.700646644667271,1.9161193273551602,1.372140048689036,2.015991823199148,2.734786988475629,3.946397054557906,2.0597113935906526,1.1324119375818087,2.4458406791314427,1.73279122670849,1.8188711415291425,2.1598506673767277,5.066464968717685,2.140346816149996,1.4332397288942778,2.39199620762554,1.466935897649332,1.493362745254934,1.6689435545237976,975,2.6810874568469503,0.3929315634314005,0.7958974358974359,0.4317948717948718,0.23692307692307693,0.16923076923076924,0,0,0.0,0.0,,,,,
subject_01_task_2,1,2,,2,2,10.0,20.0,0.013339968578120889,30.0,0.011111111111111112,eye,中,4.733333333333333,0,,,,,,5.223638200484405,1.945383638128689,1.1556276472298193,4.6017761082262645,3.94637989570821,1.6834000491352137,3.9820578187596016,2.784807315579305,1.4663265153572282,0.7076937794142086,1.484052983296839,1.1653797197834812,2.0719788106248096,2.097027028449027,4.154746121795149,2.488464325482018,1.335491606977258,3.3586192907283965,2.785317728102502,1.8633320587572915,2.5148935966211505,3.974802514057361,2.890625132447312,1.710049433146971,2.7083327237278993,1.7536387798116897,1.690375188235202,1.5837745220872397,999,2.671371220020855,0.1848858640348384,0.8708708708708709,0.5295295295295295,0.24924924924924924,0.0970970970970971,0,0,0.0,0.0,,,,,
subject_01_task_2,1,2,,2,3,20.0,30.0,0.02000995286718133,30.0,0.016666666666666666,eye,中,4.733333333333333,0,,,,,,14.450695679075173,4.352016448506159,2.007156964689194,5.387712748911335,5.020116043092473,2.168249182833623,2.684250830251144,3.253678455093588,1.387130113439783,0.7305999573885001,2.07369525370207,1.388490660205915,1.8986178406005159,2.838345708524826,3.8216359738045727,1.7663961655683063,0.9692494285349125,2.6283117867094306,1.8882999523175283,1.822437149370659,2.7116980514317204,6.57680092231917,3.2882626245085738,1.8203654846600568,3.278056179848113,1.838812241628743,1.8063749572370291,1.800768146546281,998,2.7387437020810514,0.24893280998790127,0.7304609218436874,0.37675350701402804,0.2965931863727455,0.156312625250501,0,0,0.0,0.0,,,,,
subject_01_task_2,1,2,,2,4,30.0,40.0,0.026679937156241777,30.0,0.022222222222222223,eye,中,4.733333333333333,0,,,,,,4.82852950628268,1.7863281321152147,0.8939962136775361,4.361295105677099,3.711852481967499,1.9981383643304134,4.878426819881606,3.5485713423926595,1.654235367104988,0.7595852687643033,1.7964938176030703,1.5144683332602884,2.177813913895547,2.3650982864973336,4.355972455825493,2.1106631813419483,1.065617659226151,2.0650992031565987,1.4630498148459548,1.9806946357051805,1.937936355762224,5.724167914242351,3.182916998224225,1.4191156072888795,2.918708028197711,1.4802560970549594,2.242887740699973,2.0567091315229047,998,2.622492631578947,0.27789255348767433,0.8386773547094188,0.6352705410821643,0.1963927855711423,0.08917835671342686,0,0,0.0,0.0,,,,,
subject_01_task_2,1,2,,2,5,40.0,50.0,0.03334992144530222,30.0,0.027777777777777776,eye,中,4.733333333333333,2,97.0,4.242640687119285,94.0,100.0,-90.00000000000021,8.060184254304309,3.0543065862408376,1.1388405137273312,5.709585850018372,5.393921975872657,2.681944090875678,5.013507845212994,4.053026056117472,2.0926001407265926,0.772799434853041,3.256775506673756,2.6949217805138588,2.707817897310614,4.214257101900028,3.8624578780957597,2.5666866696518413,1.085505981077328,3.056069046924724,2.2657782553907766,2.364507164764299,2.815340587890339,11.989766641585824,5.012924137528448,1.8293803651805278,3.3165010235174286,2.551551046662373,2.740230644726396,1.8129094892685962,998,2.6259619238476954,0.10153541685408797,0.9929859719438878,0.8476953907815631,0.10420841683366733,0.002004008016032064,8,3,65.87694872863696,0.22234264276782004,0.022234264276782004,0.006587694872863696,0.5506268081002893,0.9988470144153108,2.4086768032786887
subject_01_task_2,1,2,,2,6,50.0,60.0,0.04001990573436266,30.0,0.03333333333333333,eye,中,4.733333333333333,1,83.0,,83.0,83.0,,6.1529009196174975,2.4082408337622656,1.2482809812148246,7.004977534869909,7.657936211059793,1.9292457948198254,5.611699321135758,3.031445956782235,1.6739844226515395,0.859418155634466,2.4186482223513024,2.196158593411454,1.9478113322096615,2.8142856960774045,4.827775675438765,2.460706043740396,1.6702264834583191,7.721801618908695,7.117414555746389,1.4732768688024478,4.623206310871189,5.183918078628177,2.3368577139395987,1.733958155324128,3.479158031276414,2.7241924704327585,1.3477013310639963,2.0064832710026135,998,2.534986748216106,0.30596769675386337,0.9488977955911824,0.720440881763527,0.16032064128256512,0.03807615230460922,8,3,288.1756287341948,0.9726274836737528,0.09726274836737528,0.02881756287341948,0.5506268081002893,0.9988470144153108,2.4086768032786883
subject_01_task_2,1,2,,2,7,60.0,70.0,0.04668989002342311,30.0,0.03888888888888889,eye,中,4.733333333333333,2,73.5,0.7071067811865476,73.0,74.0,-12.00000000000017,3.660825319260602,2.0791099653105443,0.9752341966637952,5.503816849303515,4.38962791526804,2.131908389208487,5.643584759570234,3.0434481562384623,1.5086520255775857,0.7406231043584784,1.7436903714645433,1.332431516459141,2.0370037292913885,2.3543558946556407,3.6254629574694324,1.6605394074102913,1.0041766489081203,2.4678187909021685,1.697097187262355,1.6536327639323811,2.4575544487969543,3.8738831807022955,3.513437723167497,1.5797753899700018,3.0322232852362325,2.0488477597977703,2.2240109229921687,1.9194015202970158,998,2.4060970677451974,0.09123289968712112,0.9709418837675351,0.872745490981964,0.07715430861723446,0.023046092184368736,8,3,288.1756287341948,0.9726274836737528,0.09726274836737528,0.02881756287341948,0.5506268081002893,0.9988470144153108,2.4086768032786883
subject_01_task_2,1,2,,2,8,70.0,80.0,0.053359874312483555,30.0,0.044444444444444446,eye,中,4.733333333333333,3,70.66666666666667,1.1547005383792517,70.0,72.0,-21.290322580645288,14.131722953599445,3.8274575048685358,1.5239033698544178,7.762493982927097,6.910281089823915,2.5116143061184926,5.09382296573612,2.822133872355371,1.661274470807873,0.6044008036188253,2.123446212038805,1.868018678392134,2.7486304797430106,3.5133080553909872,4.67230681938165,2.2014548972744663,0.9835606288414047,3.0209190497169773,2.061459400603481,2.238250325114876,3.071411117050811,5.965298696407435,3.0292895862951212,1.0714562821272182,3.193347813523758,2.2745347188418448,2.827263824783326,2.9803808767482676,999,2.446104104104104,0.11801815004758581,0.983983983983984,0.7857857857857858,0.13913913913913914,0.011011011011011011,8,3,288.1756287341948,0.9726274836737528,0.09726274836737528,0.02881756287341948,0.5506268081002893,0.9988470144153108,2.4086768032786883
subject_01_task_2,1,2,,2,9,80.0,90.0,0.060029858601544,30.0,0.05,eye,中,4.733333333333333,2,73.0,0.0,73.0,73.0,-8.526512829121202e-13,4.193231081716132,1.9297279546124062,1.1450792900530022,7.408805961795202,7.980809911995032,1.6852352246481421,6.470124843016129,2.9906918633353476,1.8755206647494687,0.8946630900869944,3.079637626309964,2.8644783012872295,2.096342953599548,3.4422316740601304,3.01715680767247,1.7751843193061512,1.0649305049704705,2.8566333542743974,2.0093526209111037,1.6669485107437836,2.68245987972108,3.4706953422304534,2.834954799335643,0.9884758570713356,2.9268920836489545,2.0988124262707233,2.8680061116870075,2.9610152465643163,998,2.531850701402806,0.1458877942118841,0.9839679358717435,0.7855711422845691,0.1533066132264529,0.009018036072144289,8,3,288.1756287341948,0.9726274836737528,0.09726274836737528,0.02881756287341948,0.5506268081002893,0.9988470144153108,2.4086768032786883
subject_01_task_2,1,2,,2,10,90.0,100.0,0.06669984289060445,30.0,0.05555555555555555,eye,中,4.733333333333333,1,76.0,,76.0,76.0,,14.496410260074107,3.642363583147721,1.837224833115253,6.5065044240209495,5.36220931470031,1.982535570767145,3.5414851284087683,3.592381645580682,1.52407588806593,0.8223304664266542,2.675202629946934,2.4333914391718356,1.8533618177721576,3.253196542226789,6.279319952748363,2.1892713097984617,1.0962999410705276,2.4418427348419103,1.5227169890756993,1.9969638123492526,2.227349143572398,6.808500067704718,2.8134231366804663,1.3306603668854475,2.9745009132903637,1.6186872922855773,2.1143059541673908,2.2353569605837893,998,2.5461656565656567,0.09872812415832313,0.9498997995991983,0.781563126252505,0.13326653306613226,0.02004008016032064,8,3,288.1756287341948,0.9726274836737528,0.09726274836737528,0.02881756287341948,0.5506268081002893,0.9988470144153108,2.4086768032786883
subject_01_task_2,1,2,,2,11,100.0,110.0,0.07336982717966488,30.0,0.06111111111111111,eye,中,4.733333333333333,3,82.0,1.7320508075688772,80.0,83.0,23.684210526315933,8.506168242835752,3.234562676738594,2.075413510037216,10.459486512454642,10.560251267956218,1.558514802517881,5.039712067918014,2.72981978985322,1.327405967199603,0.9196587555624887,3.604124503821428,4.072740558456252,1.4433679440019302,3.918980254384732,7.918142153533614,5.955189971948713,4.875065026925134,21.731138633524523,25.6142565259724,1.2215611359147038,4.457610003867185,4.269042054158527,2.833078240797457,1.4509092078321861,4.7601905889086416,4.429820104212294,1.9526226903131862,3.2808328482668303,998,2.5031683366733466,0.13041752917144395,0.9599198396793587,0.8206412825651302,0.10821643286573146,0.012024048096192385,8,3,288.1756287341948,0.9726274836737528,0.09726274836737528,0.02881756287341948,0.5506268081002893,0.9988470144153108,2.4086768032786883
subject_01_task_2,1,2,,2,12,110.0,120.0,0.08003981146872532,30.0,0.06666666666666667,eye,中,4.733333333333333,1,86.0,,86.0,86.0,,16.03037897779013,4.3965782742279265,2.023602531205731,7.06817664862103,8.776435476723195,2.172649127696187,3.4928680606114737,4.116791930539543,1.975558182365358,1.0011811619816189,3.626212454574325,3.057890050305229,1.9732274810836166,3.621934363404353,4.148637008607868,2.0245921238773996,1.258800617698468,3.6572415935117437,2.888447526948061,1.6083501194804533,2.905338257776257,7.887477321620321,3.588281973586721,1.5070879276049662,3.438226762090903,3.127018206181192,2.3809373745625755,2.2813710461836583,998,2.428874749498998,0.1249297951042976,0.9819639278557114,0.842685370741483,0.10320641282565131,0.01503006012024048,8,3,279.06927886619417,0.9418924551896621,0.09418924551896621,0.02790692788661942,0.5506268081002893,0.9988470144153108,2.4086768032786883
subject_01_task_2,1,2,,2,13,120.0,130.0,0.08670979575778577,30.0,0.07222222222222222,eye,中,4.733333333333333,2,80.0,0.0,80.0,80.0,-1.4210854715202004e-13,4.211039340653366,1.9709522108458952,0.9718404428517977,5.646075565158905,4.730157228214927,2.0280615252667133,5.8096733951417905,2.602582700709775,1.4666469822927521,0.6512797614240008,1.9275967572820412,1.6599738432419586,2.2519461975695036,2.959706214526638,3.9965216288681233,2.043863759226457,1.0451433035218431,2.5652588309437045,1.8673916872505658,1.9555823132954138,2.4544565537563066,7.105232553105604,4.340992239549498,1.4538977214304485,3.249412011754796,1.8080538766148757,2.9857617737226523,2.2349660253664836,999,2.6536766766766764,0.1099413970629028,0.975975975975976,0.7997997997997998,0.13813813813813813,0.014014014014014014,0,0,0.0,0.0,,,,,
subject_01_task_2,1,2,,2,14,130.0,140.0,0.09337978004684622,30.0,0.07777777777777778,eye,中,4.733333333333333,2,76.0,0.0,76.0,76.0,-2.1316282072803006e-13,12.035863827544386,4.278537442189638,1.550200325462467,7.617874073699351,5.622525410870618,2.7599900296197095,4.914122354752268,2.4728298014764354,2.159947655106022,0.6900523094133,1.929667465517399,1.1170330646588347,3.1301216235946874,2.7964075175084213,5.396218735091366,2.961806754703499,1.8616070364612887,4.605075670965443,3.184602271498532,1.5909946066456482,2.4737098543198397,5.239681306672785,4.668059614772301,1.1705764283692142,3.887709116093781,2.4197620061041416,3.9878298431787127,3.3211920399848935,998,2.5091402805611227,0.17598087443019794,0.9799599198396793,0.8316633266533067,0.12324649298597194,0.011022044088176353,8,0,0.0,0.0,0.0,0.0,,,
subject_01_task_2,1,2,,2,15,140.0,150.0,0.10004976433590666,30.0,0.08333333333333333,eye,中,4.733333333333333,2,72.5,2.1213203435596424,71.0,74.0,-36.00000000000017,3.1471267397550067,2.342680271946162,0.921065670083625,8.325459762542758,10.734134807749145,2.5434454328685017,9.038942643239407,1.9179447568746006,1.6522070276346543,0.5843697291268536,2.5727036017112135,2.867134904046493,2.8273316451612387,4.402527156146956,2.8930577126174453,1.826368213897041,1.1236826224776595,5.094411935231772,3.627286757794953,1.6253416911173706,4.533675108367226,5.305521859887505,3.265498167168093,1.371911324537429,3.560640559757573,3.465696716505128,2.380254546166918,2.5953868125974715,998,2.422372745490982,0.10770501590003799,0.9609218436873748,0.8236472945891784,0.10420841683366733,0.02004008016032064,8,0,0.0,0.0,0.0,0.0,,,
subject_01_task_2,1,2,,2,16,150.0,160.0,0.10671974862496711,30.0,0.08888888888888889,eye,中,4.733333333333333,3,68.33333333333333,0.5773502691896257,68.0,69.0,-8.076923076923592,6.242960700762902,2.0895850089012487,1.2121742728528593,5.857372190151598,5.094743046342153,1.7238321714116223,4.832120530298204,3.38047060398845,1.4702141284441315,0.8972457565445265,2.0651131715048394,1.7492625705526077,1.6385857695289874,2.3016137512402453,4.195331353011885,1.740432144809673,1.1922386466466337,2.5139762305763123,1.4958560673796442,1.4598018187926747,2.108618301920745,4.22750533607918,3.018962421073155,2.079606813029299,3.1055396389649363,1.8459272593160962,1.4516986586880458,1.4933301908360228,998,2.335831632653061,0.10103862679988018,0.9609218436873748,0.779559118236473,0.11122244488977956,0.03507014028056112,2,0,0.0,0.0,0.0,0.0,,,
subject_01_task_2,1,2,,2,17,160.0,170.0,0.11338973291402756,30.0,0.09444444444444444,eye,中,4.733333333333333,1,68.0,,68.0,68.0,,8.293192175747409,2.3554340443682062,1.4299517553819507,6.706968987188421,5.732362441855291,1.6472122471985444,4.69034634346593,4.161553184057961,2.188391084778958,0.90155321633046,3.743902488963507,2.542566942627133,2.4273565277557765,4.152724898705477,5.065643238550724,2.54383916249284,1.5385192491304047,4.328175357756651,3.1581848069477183,1.6534334321333046,2.813208453649835,7.799437463326853,4.286261330297922,1.9489966666945202,4.225955991881079,2.4498585082632416,2.199214294997939,2.1682725599773653,998,2.42403134479272,0.059261139203937066,0.9869739478957916,0.8276553106212425,0.10521042084168336,0.009018036072144289,2,0,0.0,0.0,0.0,0.0,,,
subject_01_task_2,1,2,,2,18,170.0,180.0,0.120059717203088,30.0,0.1,eye,中,4.733333333333333,2,67.0,0.0,67.0,67.0,0.0,8.909124794578272,3.0766903726380255,1.5288404852796842,7.781402188896381,8.304850576114298,2.012433868844845,5.089741057892551,2.421352484773657,1.7626306666483806,0.7565970463415238,2.302537281453625,1.851240772071029,2.3296821936742518,3.0432808224502,4.566584416204856,1.8678893976973368,1.417257954473635,4.684309232996235,3.9749509890449364,1.3179600733947299,3.3051917036062584,5.5951981476590475,3.595874227599465,1.4227624823168694,4.4660399348473,3.3004593962606443,2.527388986068732,3.1389919191393534,999,2.4774054054054053,0.10373329264424438,0.9619619619619619,0.7647647647647647,0.14214214214214213,0.026026026026026026,10,2,322.5857808022911,1.5954871060171896,0.15954871060171896,0.03225857808022911,0.7830034546907007,0.523080219084733,2.4544590668615607
subject_01_task_2,1,2,,2,19,180.0,190.0,0.12672970149214843,30.0,0.10555555555555556,eye,中,4.733333333333333,2,65.5,0.7071067811865476,65.0,66.0,-8.571428571428632,13.424133558387597,3.1853664678817375,1.388468835728216,5.720490957360526,5.5828815789701425,2.294157697973174,4.1199995348547205,4.554732191950577,2.7044039753796287,0.8536244487117138,3.267764697464431,3.302361921702403,3.168142594159648,3.8281057933569347,4.92300735144799,2.478951209291612,1.2362167772471602,3.3369450564488674,2.306681520363691,2.0052722588119254,2.6993203116686897,8.077238572410442,6.930229153712077,1.851241396062826,4.05823288499549,2.5588917002880915,3.7435577923284966,2.1921683977175737,998,2.3949769539078156,0.0806395603038476,0.9729458917835672,0.8356713426853707,0.09519038076152304,0.023046092184368736,8,1,911.5329512893982,2.148997134670487,0.21489971346704867,0.09115329512893981,1.0,-1.000088900581841e-12,2.46494
subject_01_task_2,1,2,,2,20,190.0,200.0,0.1333996857812089,30.0,0.1111111111111111,eye,中,4.733333333333333,2,64.0,0.0,64.0,64.0,-1.4210854715202004e-13,3.757237021810873,2.4824334267258554,1.4038937518040622,8.790261025298669,9.699804485499826,1.768248789152188,6.2613435055201405,2.1382819114736518,1.9796832856701332,0.9940239686621303,2.442582773714777,2.091410161579332,1.9915850604031355,2.457267481187884,3.3181876497279323,2.092306819910258,1.2299077367404108,4.306838322088028,2.843586836440233,1.701190062805393,3.501757240345783,3.781159736385954,2.9878351688910727,1.7174345482099387,4.336804736246056,3.027318260063673,1.739708317854242,2.5251644907028656,998,2.426099198396794,0.06138968365398315,0.9939879759519038,0.9338677354709419,0.05110220440881764,0.002004008016032064,8,1,911.5329512893982,2.148997134670487,0.21489971346704867,0.09115329512893981,1.0,-1.000088900581841e-12,2.46494
subject_01_task_2,1,2,,2,21,200.0,210.0,0.14006967007026933,30.0,0.11666666666666667,eye,中,4.733333333333333,2,71.0,5.656854249492381,67.0,75.0,68.57142857142851,10.572116881784803,3.3632620895806915,1.5528700793090318,9.77118069949392,11.863773341534566,2.165836108502532,6.292336255098511,2.8243980823400885,1.8995307207580814,0.9277664509191474,2.9248587758178854,2.6804929371811057,2.047423377808281,3.152580881664991,4.998948250308116,2.5810656646914656,1.6121776485263908,5.999558340292818,4.9718772288852735,1.6009809260478742,3.7214002723438746,9.788819556420849,4.734290274427045,2.1466968406657143,4.309485668386542,3.753861917009185,2.2053837247735872,2.0074961618940677,998,2.4651615541922287,0.1272884058124942,0.9498997995991983,0.8216432865731463,0.10721442885771543,0.03006012024048096,8,1,469.34831661891127,1.106518624641834,0.11065186246418339,0.04693483166189113,1.0,-1.000088900581841e-12,2.46494
subject_01_task_2,1,2,,2,22,210.0,220.0,0.14673965435932976,30.0,0.12222222222222222,eye,中,4.733333333333333,2,72.5,0.7071067811865476,72.0,73.0,-15.0,6.614904813381777,3.616948637649902,1.1615003941086977,10.171775948549843,12.05852043869071,3.1140313477254096,8.757445111635434,3.0190150611834814,2.070409387061255,0.8636824137119142,2.5237642804843805,2.629234052537918,2.397188311572882,2.922097567829134,4.1906878073381755,2.240191263410252,1.0233956284596248,3.2645196737419484,2.605095278320268,2.1889787303294432,3.189890188074749,5.020657530623311,3.604812588891704,1.8726839146044079,4.265103153467364,2.609717433419291,1.9249444931838362,2.277534996806089,998,2.5416939393939395,0.13910542685758126,0.9849699398797596,0.8416833667334669,0.10420841683366733,0.01002004008016032,8,1,154.26282051282016,0.7345848595848579,0.07345848595848578,0.015426282051282016,1.0,-1.000088900581841e-12,2.48476
subject_01_task_2,1,2,,2,23,220.0,230.0,0.15340963864839022,30.0,0.12777777777777777,eye,中,4.733333333333333,2,71.5,0.7071067811865476,71.0,72.0,-15.000000000000107,11.16837839527082,3.143900205095448,2.027980040435571,8.469011303796592,7.262658061516261,1.550261907124194,4.176082177799744,2.7525319557796215,1.9739997519692631,0.8968004480980429,3.0796067312900157,1.9678018787622278,2.2011583024470736,3.433993301209119,3.529336802033753,1.9589508520260193,1.4618548075250546,5.222915501002692,3.6774159900974275,1.3400447444863262,3.5728004409994574,7.071006559256451,5.17376194849058,2.212943584707973,4.325877710776067,2.8413259168724707,2.337954742381436,1.9548070455428819,999,2.4894214214214214,0.08204340205783785,0.98998998998999,0.8358358358358359,0.11711711711711711,0.006006006006006006,8,1,55.737179487179624,0.2654151404151411,0.026541514041514107,0.005573717948717962,1.0,-1.000088900581841e-12,2.4847600000000005
subject_01_task_2,1,2,,2,24,230.0,240.0,0.16007962293745065,30.0,0.13333333333333333,eye,中,4.733333333333333,2,72.5,0.7071067811865476,72.0,73.0,11.999999999999915,4.916015190032237,1.9499737351245434,1.490954286285805,7.8765638341814554,7.7093483111721115,1.3078695658618924,5.282900962579597,1.9376401871715039,1.4358809525466498,0.8707844548589306,2.246942580667257,1.6397125478665513,1.6489510630725102,2.580365977056019,3.0329992763605382,1.6458313300491456,1.5226278769325248,3.9650001912766974,2.372041273491642,1.0809150121202469,2.6040507016491503,4.143600697386038,2.7345989943300157,1.77095217149245,3.305675557806247,2.222406504150681,1.5441405128549932,1.8666091671015745,998,2.5116372745490976,0.09224162969143145,0.9849699398797596,0.8386773547094188,0.11122244488977956,0.009018036072144289,10,1,129.9999999999989,0.9999999999999916,0.09999999999999916,0.012999999999999888,1.0,-1.000088900581841e-12,2.56631
subject_01_task_2,1,2,,2,25,240.0,250.0,0.1667496072265111,30.0,0.1388888888888889,eye,中,4.733333333333333,2,74.5,0.7071067811865476,74.0,75.0,9.999999999999787,4.496496893587345,2.5742326274546627,1.1583900407544176,6.813761386254935,6.094324735825886,2.2222503102479694,5.882095966413332,2.833344188855753,1.75356795543198,0.6410033983800973,2.5125916573329765,2.075473311536852,2.7356609338787976,3.9197789959969587,3.510213958282754,1.5928810090194068,1.188249858481867,2.575861290405541,1.6504027388005542,1.3405269924075607,2.1677774855336533,3.473222773369813,3.0137489272875997,1.4452817323944058,3.449208583274586,2.1266566082892537,2.0852328371262994,2.386530256326055,998,2.4514939393939397,0.14279584252598576,0.9549098196392786,0.7214428857715431,0.156312625250501,0.03206412825651302,2,0,0.0,0.0,0.0,0.0,,,
subject_01_task_2,1,2,,2,26,250.0,260.0,0.17341959151557154,30.0,0.14444444444444443,eye,中,4.733333333333333,3,75.0,0.0,75.0,75.0,7.882763899050775e-14,4.423478593801765,2.1737278132881555,1.0545102312320045,5.559876830103386,4.0319706064194945,2.0613624684784213,5.272473102141148,1.745734260212078,1.327786259484628,0.5461140694580896,2.3586229248308044,2.0436915258906656,2.4313350154157236,4.318919904721136,3.0164378954034303,1.444844726026163,1.1528621166462831,1.7687693218781466,1.0489365632911491,1.2532675895615928,1.5342418632191328,3.4589644083362514,2.338357244413842,0.9039930794590996,3.1887408634079026,1.748889612106839,2.58669817009328,3.5273952155871284,998,2.4683396793587176,0.06967121416299729,0.9859719438877755,0.8707414829659319,0.08817635270541083,0.014028056112224449,2,0,0.0,0.0,0.0,0.0,,,
subject_01_task_2,1,2,,2,27,260.0,270.0,0.180089575804632,30.0,0.15,eye,中,4.733333333333333,1,75.0,,75.0,75.0,,3.110690730319609,1.6168949855269212,0.9381726603832615,5.5623011649540866,4.758681943548424,1.7234514005837567,5.928867254223524,2.620431610000854,1.4440112692616578,0.5855182156118036,2.0373274510677652,2.031076808947431,2.466210667336491,3.47952872642737,3.5324886336992507,1.7795414650654418,0.848717888237398,1.6526535602746106,0.9302395753785575,2.096740848435705,1.9472354514723516,4.268130843360907,2.7004993327665887,1.4992021828941438,2.9251336508841224,1.7513716232435073,1.801290955669097,1.9511268621803104,998,2.484850701402806,0.1704887209360439,0.9488977955911824,0.7875751503006012,0.13326653306613226,0.028056112224448898,2,0,0.0,0.0,0.0,0.0,,,
subject_01_task_2,1,2,,2,28,270.0,280.0,0.18675956009369243,30.0,0.15555555555555556,eye,中,4.733333333333333,2,78.0,1.4142135623730951,77.0,79.0,14.999999999999893,3.842374379427032,2.3602150100615154,1.1063049575696227,3.900225819842435,2.834380439820026,2.133421706114863,3.525452718218506,2.1891711657643915,1.772364185778349,0.7209223975447517,2.0282656815481057,1.644793120872122,2.458467363220364,2.8134313602348575,3.0054973912937033,2.59391668380614,0.8709376409821024,1.6048213267976963,0.734537898987321,2.978303568187891,1.8426363166346087,6.122437891491906,4.598588330169858,1.5275364969009635,2.354494541391727,1.0859899036859553,3.0104605287660133,1.5413671268532567,999,2.4353705220061412,0.14423825445487873,0.9429429429429429,0.7887887887887888,0.0990990990990991,0.044044044044044044,2,0,0.0,0.0,0.0,0.0,,,
subject_01_task_2,1,2,,2,29,280.0,290.0,0.19342954438275287,30.0,0.16111111111111112,eye,中,4.733333333333333,2,77.5,0.7071067811865476,77.0,78.0,-15.000000000000107,4.3661705844583585,2.6198164615470514,1.222572057218248,8.17927633214604,8.874895911946266,2.1428728442460825,6.690220248249886,2.505637202240241,1.666133775173974,0.7082166186412056,2.45941844073812,2.010639749121891,2.3525765017638838,3.4726923599403743,3.9324140043294955,2.4152102608137933,1.301280117437903,2.25283386685524,1.3840307763955053,1.856026406957722,1.7312443621215514,4.267100197362537,3.4908279759582572,1.209875375606653,3.4409122248346207,2.321877216859481,2.8852789686771616,2.8440220325248675,998,2.4485148305084747,0.20289351691757496,0.908817635270541,0.7114228456913828,0.15030060120240482,0.07014028056112225,2,0,0.0,0.0,0.0,0.0,,,
subject_01_task_2,1,2,,2,30,290.0,300.0,0.20009952867181333,30.0,0.16666666666666666,eye,中,4.733333333333333,2,80.5,0.7071067811865476,80.0,81.0,14.999999999999787,15.82223495310218,5.408942534309851,1.7594776065746873,7.445739946427815,6.566831786251466,3.0741752632134163,4.231790116910337,4.278836545757143,2.48350226833448,0.9129197711610675,3.229816255570603,3.26372417510512,2.720394876732616,3.537897148905939,6.2498829367076265,3.286434331299044,1.7388004383080877,4.025851988467657,2.815405388111123,1.89005837524222,2.3153042176507324,6.251474689127207,4.569574786179182,1.8922531049157547,3.546961750351819,2.1805823851883925,2.414885606110618,1.8744647537569947,998,2.562795291709314,0.13034623289005692,0.9649298597194389,0.8416833667334669,0.0841683366733467,0.02905811623246493,2,0,0.0,0.0,0.0,0.0,,,
subject_01_task_2,1,2,,2,31,300.0,310.0,0.20676951296087376,30.0,0.17222222222222222,eye,中,4.733333333333333,2,79.0,1.4142135623730951,78.0,80.0,-17.142857142857203,4.048146610238813,2.053400468292818,1.3526441146614372,9.281149623615056,13.732556323336224,1.5180640983358569,6.861486715549049,2.112377337152986,1.2684460533830368,0.6375362551692579,2.1738525705105682,1.9793859703331276,1.9896061488240857,3.4097708999050376,3.3299137628156377,1.6828639473865334,1.2685026172530947,3.112632273845758,2.064109874122992,1.3266539024024453,2.45378466824615,3.2525720993368963,2.393712300957778,1.4768612739093747,3.60706871792087,3.233112341465026,1.6208105278713296,2.442388314762062,998,2.489448938321537,0.18806163030480202,0.9819639278557114,0.8086172344689379,0.11923847695390781,0.014028056112224449,10,0,0.0,0.0,0.0,0.0,,,
subject_01_task_2,1,2,,2,32,310.0,320.0,0.21343949724993422,30.0,0.17777777777777778,eye,中,4.733333333333333,2,81.0,0.0,81.0,81.0,-4.263256414560601e-13,21.394565251457912,8.261027809041066,2.3181205906583124,8.827315358909498,9.527423236841562,3.563674746832327,3.807962102783734,1.9920807160247935,3.78901173281166,0.7840658897170051,2.1318028360610035,2.2997433907998834,4.832516989330116,2.718907765303297,5.069949959446019,4.266185063384704,1.3750648031183084,3.7211232063494117,3.050440915099683,3.102533825104131,2.706143883481579,7.420135089267885,7.635673882269138,1.8467562292872648,4.236310048324401,2.5659842821655676,4.134640924003295,2.2939194578806745,998,2.369314629258517,0.1392564983165345,0.9869739478957916,0.842685370741483,0.10420841683366733,0.006012024048096192,8,0,0.0,0.0,0.0,0.0,,,
subject_01_task_2,1,2,,2,33,320.0,330.0,0.22010948153899465,30.0,0.18333333333333332,eye,中,4.733333333333333,2,79.0,0.0,79.0,79.0,-1.4210854715202004e-13,9.406620247610826,2.2604631952580134,1.528690495184994,8.114834911287705,7.923449755304704,1.4786925164890647,5.3083570133048354,3.2789665248581024,1.8121107949622297,0.7673021407829239,2.5694311038938564,1.8732183433910485,2.3616652406485215,3.3486562428616624,7.1278289291780865,2.883865819234167,1.631629409850686,9.562110654182495,4.51205435008955,1.7674759978113386,5.860467209314121,6.791421835523001,5.299501674541531,1.6955948934249079,4.342760995018839,3.491877048455862,3.125452721691762,2.561201978054415,998,2.4604838056680163,0.21746132833696596,0.9488977955911824,0.7965931863727455,0.13627254509018036,0.03006012024048096,8,0,0.0,0.0,0.0,0.0,,,
subject_01_task_2,1,2,,2,34,330.0,340.0,0.2267794658280551,30.0,0.18888888888888888,eye,中,4.733333333333333,2,77.0,0.0,77.0,77.0,-8.526512829121202e-13,17.575953123438953,2.8202025014028504,2.683138429833282,8.81992848174938,6.790711070540482,1.051083488665952,3.28716863195814,3.126391931423709,1.6393917154433095,0.8112509864487145,2.7685978619923883,2.495534047706269,2.0208193799798213,3.412751304145764,4.196186526583019,1.8525837448616835,1.4762884525858793,4.523421590779004,3.785105967299827,1.2548927966053534,3.0640499713018423,5.536486824652303,3.158487466831389,2.2499301989911964,4.225655201916686,2.800299840200404,1.4038157575944195,1.8781272431524085,999,2.616084084084084,0.14281759930161791,0.980980980980981,0.8028028028028028,0.13913913913913914,0.009009009009009009,5,2,16.615124702918035,0.13292099762334428,0.013292099762334428,0.0016615124702918035,0.68,0.6268694575704263,2.5572404000000004
subject_01_task_2,1,2,,2,35,340.0,350.0,0.23344945011711554,30.0,0.19444444444444445,eye,中,4.733333333333333,2,74.5,2.1213203435596424,73.0,76.0,-30.000000000000142,28.259025960929282,9.74888744525951,2.557206852188636,9.534898746124368,10.110562153644585,3.8123186776680704,3.728638040353965,2.680549850553469,2.963037979119145,0.6272901825584717,2.270166633185894,1.791348195335754,4.723552291276216,3.6190055197847526,3.088883081264574,2.611993292865039,0.890953035739382,2.9116872176953663,2.1043012534996404,2.931684598501204,3.268059146663126,4.039758609202436,5.046898963921268,1.5171613612772956,3.6037033328466586,2.618276006947276,3.3265406651750555,2.375293376712881,998,2.49512968591692,0.07887817268399516,0.9789579158316634,0.8086172344689379,0.11723446893787576,0.018036072144288578,5,2,71.58606076224837,0.572688486097987,0.057268848609798695,0.007158606076224837,0.68,0.6268694575704263,2.5572404
subject_01_task_2,1,2,,2,36,350.0,360.0,0.240119434406176,30.0,0.2,eye,中,4.733333333333333,3,71.66666666666667,0.5773502691896257,71.0,72.0,8.571428571428868,5.388003842981252,3.8378196344330138,1.2004505006460897,9.211022096715716,8.81727370651409,3.1969828263368427,7.672971181867381,2.7511430053170574,2.0851016087688223,0.6560254484547162,2.3854586779736584,1.9954805487252036,3.1783852496581186,3.636228874341177,4.0561613625789175,2.7116219215971094,1.0932998579537332,2.815237597659128,1.9203929755079359,2.480217940092206,2.574991277258782,5.2055857832438415,3.9027269071505337,1.206663227718335,3.4165981058110084,2.0397084970121373,3.234313284353708,2.8314429638097227,998,2.4623451417004043,0.0935261250970219,0.9629258517034068,0.8096192384769539,0.10821643286573146,0.02905811623246493,5,2,71.58606076224837,0.572688486097987,0.057268848609798695,0.007158606076224837,0.68,0.6268694575704263,2.5572404
subject_01_task_2,1,2,,2,37,360.0,370.0,0.24678941869523643,30.0,0.20555555555555555,eye,中,4.733333333333333,2,80.0,0.0,80.0,80.0,-4.263256414560601e-13,7.401618791968005,2.3292034250857383,1.2839462139784763,7.609310731306203,7.590208104279971,1.8140973505957037,5.926502721424562,3.0014447041313823,1.9032401431574442,1.1115172774484734,3.529896256619896,3.5778193006514747,1.712290201665959,3.1757457380445726,3.2680300563288176,2.039316584557944,1.3823933822602648,3.8515131423757913,2.572964647752257,1.4752071376554086,2.786119487984255,4.517152650363765,3.4892473798328125,1.9574607858908706,3.625821865203806,2.119332469476604,1.7825375634510106,1.8523088132024257,998,2.5194058116232467,0.14906207819482412,0.9509018036072144,0.6993987975951904,0.1813627254509018,0.028056112224448898,5,2,71.58606076224837,0.572688486097987,0.057268848609798695,0.007158606076224837,0.68,0.6268694575704263,2.5572404
subject_01_task_2,1,2,,2,38,370.0,380.0,0.25345940298429687,30.0,0.2111111111111111,eye,中,4.733333333333333,1,85.0,,85.0,85.0,,7.64183271505886,4.352292896026939,1.3910451415673661,8.90862650992631,9.417704692890286,3.1287934273096085,6.404268448030721,3.792938096385224,2.5468457859961964,1.0323273553914412,4.514907577256916,4.5143497014716685,2.4670912503626092,4.373523140384998,3.6742944494106675,2.13148478195966,1.1539090871781614,3.032765547654407,2.3386465672175816,1.847186061401181,2.6282534571860543,7.91090139379012,5.209523051391303,2.2763503761840536,3.9932991260682904,2.6011420717887477,2.2885418281364296,1.7542550425661771,998,2.4975975359342915,0.2508343246272095,0.905811623246493,0.7244488977955912,0.15430861723446893,0.061122244488977955,10,2,18.62669301033685,0.1490135440826948,0.01490135440826948,0.0018626693010336851,0.6799999999999999,0.6268694575704263,2.5572404
subject_01_task_2,1,2,,2,39,380.0,390.0,0.2601293872733573,30.0,0.21666666666666667,eye,中,4.733333333333333,2,87.0,0.0,87.0,87.0,-4.263256414560601e-13,5.083917254368393,1.9424804071439798,1.0908347595220382,7.881925031788668,8.660802637816914,1.780728373557788,7.2255902766081865,2.344207023169564,1.430097802588066,0.7487818827264924,2.5163377383640304,2.375020268735644,1.9098990448069346,3.3605750838968595,3.501894674888788,1.8732550591162944,1.1775204773254537,3.0131995509139555,1.7175946077279352,1.5908471191695015,2.558936009128222,3.4335420931708627,3.5992531887028485,1.7550849936497483,3.456927138098424,1.9379312649783875,2.050757200776984,1.9696636633589166,999,2.3981101101101094,0.09105365134212552,0.972972972972973,0.7817817817817818,0.13313313313313313,0.009009009009009009,5,1,67.44182429381347,0.13461441974813068,0.013461441974813068,0.006744182429381347,1.0,-1.000088900581841e-12,2.43754
subject_01_task_2,1,2,,2,40,390.0,400.0,0.2667993715624178,30.0,0.2222222222222222,eye,中,4.733333333333333,2,85.5,6.363961030678928,81.0,90.0,-77.14285714285738,3.9997277302873124,1.7975616198790694,1.338094959397254,7.7656554987099575,6.988749476319445,1.3433737323760508,5.803515994266957,2.323744945343924,1.44706819730604,0.7443462642646012,2.198212699842865,1.565689784106685,1.9440793442225623,2.953212510597677,4.71149651942034,1.6465607764998276,1.2373900167223575,2.375340457111926,1.5383512595978162,1.3306724268402423,1.9196376445672416,4.844413326354297,2.5121427661947946,1.3866399044620634,3.362682837465186,2.3572518632528072,1.8116763826794395,2.4250584644538367,998,2.4713151515151512,0.09462184687317121,0.9749498997995992,0.8346693386773547,0.11823647294589178,0.01603206412825651,5,1,125.68360844914957,0.25086548592644625,0.025086548592644625,0.012568360844914958,1.0,-1.000088900581841e-12,2.43754
subject_01_task_2,1,2,,2,41,400.0,410.0,0.2734693558514782,30.0,0.22777777777777777,eye,中,4.733333333333333,2,76.5,2.1213203435596424,75.0,78.0,-30.000000000000142,14.788220826472209,3.4799002813429407,1.4913178722908236,7.770061170687636,6.039506911816224,2.333439668363554,5.210197849202995,2.82734290655536,2.5399477086549447,0.8888386208167165,2.779191862611436,2.607702329610793,2.8576027741921175,3.126767669093579,3.268687418048893,1.8297766889092428,1.233915744713905,2.8809664526566414,1.7637497876255552,1.482902456466745,2.334816185787969,5.233429661162545,4.6921442122843215,1.6410207183482857,3.3047047660043822,1.8300924132400664,2.8592839565164305,2.0138105077251076,998,2.45415625,0.11469098033402547,0.9789579158316634,0.8366733466933868,0.11422845691382766,0.011022044088176353,5,1,125.68360844914957,0.25086548592644625,0.025086548592644625,0.012568360844914958,1.0,-1.000088900581841e-12,2.43754
subject_01_task_2,1,2,,2,42,410.0,420.0,0.28013934014053865,30.0,0.23333333333333334,eye,中,4.733333333333333,2,74.0,0.0,74.0,74.0,-6.394884621840902e-13,7.377702389403491,2.297737661202961,1.3107613487808791,5.7295451402107584,4.448786981742483,1.7529794140939956,4.371158140678872,2.502104926934629,1.4842985602242276,0.7435788859496238,2.154822163765505,1.672146522291068,1.9961547971183062,2.897906603431301,2.8127591137416155,1.577606415248757,1.1171331527996502,2.0959251165173916,1.266060396206607,1.4121919229548543,1.8761641002818583,3.3277047872586,3.315306589938959,1.6172787546858067,3.2296964779482775,1.656275545376183,2.049928981218227,1.9969943144252331,998,2.472659509202454,0.077918465222861,0.9639278557114228,0.8016032064128257,0.125250501002004,0.027054108216432865,5,1,125.68360844914957,0.25086548592644625,0.025086548592644625,0.012568360844914958,1.0,-1.000088900581841e-12,2.43754
subject_01_task_2,1,2,,2,43,420.0,430.0,0.2868093244295991,30.0,0.2388888888888889,eye,中,4.733333333333333,3,71.0,1.0,70.0,72.0,9.999999999999732,4.436297914539616,2.57703472521914,1.3180913201171387,11.107773838597986,15.527912094330926,1.9551260871592109,8.427165606105985,1.7076203091039661,1.2905512923139766,0.6217887677023061,2.802529541204404,2.7672773171602656,2.07554616511158,4.507205158370071,3.0145419072768744,1.893095535173766,1.5180083781395564,5.131757451358267,3.6553934342197962,1.2470916250764765,3.380585723543671,3.3526211096731724,2.864838904089641,1.4525954655983382,4.478375596168596,3.520215203384065,1.9722207400045726,3.083016367756531,998,2.532018036072144,0.09070049290710319,0.9809619238476954,0.8617234468937875,0.09018036072144289,0.01503006012024048,10,1,56.5073503587374,0.11278912247252974,0.011278912247252974,0.005650735035873739,1.0,-1.000088900581841e-12,2.43754
subject_01_task_2,1,2,,2,44,430.0,440.0,0.2934793087186595,30.0,0.24444444444444444,eye,中,4.733333333333333,2,71.0,0.0,71.0,71.0,-2.1316282072803006e-13,5.705160754728108,4.911818470324069,1.156206011796467,8.589124203599525,8.031075163064337,4.2482208362610745,7.42871436056113,2.5727224502258506,2.7777434904834766,0.6412046094921482,2.182206789061214,1.7310548106708883,4.332070370928129,3.40329242297491,4.897670331746652,3.2137781882395036,1.151643463781785,3.4171518746525633,2.2117441404490537,2.790601682994881,2.9671959960865544,5.194687067664998,5.700705893206023,1.2085411182855388,3.7240807444370954,2.3846333254529815,4.717014429176528,3.081467968355229,999,2.5269789789789794,0.10116172174519106,0.980980980980981,0.8658658658658659,0.08508508508508508,0.015015015015015015,5,0,0.0,0.0,0.0,0.0,,,
subject_01_task_2,1,2,,2,45,440.0,450.0,0.30014929300772,30.0,0.25,eye,中,4.733333333333333,2,70.0,0.0,70.0,70.0,-6.394884621840902e-13,8.380985847797202,2.515642593646847,1.746792800324834,7.3490344809657655,8.301844292654051,1.4401493944668409,4.2071586736555915,2.9711579043951772,2.2447670973973772,0.8041065848434359,2.6689610348240893,2.377034991827066,2.7916287961184225,3.3191632616013846,4.258939351080651,2.4779490023315534,1.5617495652538977,4.8817079596629736,2.3363905591106304,1.586649394667004,3.125794345183212,5.547983889057231,5.968275501213966,2.0761091503492692,4.364713620683228,2.9466596112817975,2.8747407139985426,2.102352672521549,998,2.438743174924166,0.11426414266079635,0.9809619238476954,0.8336673346693386,0.11222444889779559,0.009018036072144289,5,0,0.0,0.0,0.0,0.0,,,
subject_01_task_2,1,2,,2,46,450.0,460.0,0.30681927729678043,30.0,0.25555555555555554,eye,中,4.733333333333333,2,70.5,0.7071067811865476,70.0,71.0,19.999999999999716,3.000997650595356,2.1662731158169586,1.3541126984356107,7.0834591095192,5.491210796513577,1.5997731343333732,5.231070587922727,2.2413605405556405,1.8551030477641508,0.8661091280460171,2.5720111566032346,1.9429670245963298,2.1418814185105637,2.9696155753557436,3.327868431741444,2.2145327694543067,1.1491070730887742,3.115938358540037,1.9644591773319489,1.9271770414759453,2.7116170733893963,4.100360557108149,3.430926986743937,1.8131152877850802,3.7812036787776346,2.0383015082524847,1.8922828624622055,2.0854733861942067,998,2.3886803607214433,0.13953122921715658,0.9839679358717435,0.8667334669338678,0.08517034068136273,0.01002004008016032,8,0,0.0,0.0,0.0,0.0,,,
subject_01_task_2,1,2,,2,47,460.0,470.0,0.3134892615858409,30.0,0.2611111111111111,eye,中,4.733333333333333,1,73.0,,73.0,73.0,,11.244828438995746,5.333587850614404,1.7029771838563548,7.739895320955302,7.732431594027576,3.131919735140908,4.544920151794681,2.643574534788486,2.609051232051615,0.9861870632809318,2.50566975545691,2.1301413743481485,2.645594663725966,2.540765184163776,2.8351029811964197,2.620920480703335,1.2227080163023154,2.9223210547139304,1.8085792636819265,2.143537496899268,2.3900399897201496,5.446872209790328,6.600595210705691,2.1909316919971022,3.641414802884745,2.889038793471867,3.012688727273393,1.6620394036865123,998,2.506040404040404,0.32230222517337226,0.9569138276553106,0.8036072144288577,0.10721442885771543,0.03206412825651302,8,2,678.503297903625,4.56648321640129,0.456648321640129,0.0678503297903625,0.6573191250701066,0.6427976929848872,2.5168245092540666
subject_01_task_2,1,2,,2,48,470.0,480.0,0.3201592458749013,30.0,0.26666666666666666,eye,中,4.733333333333333,2,75.5,3.5355339059327378,73.0,78.0,-42.857142857142975,4.81747837589368,1.889983144250133,1.2709028176437347,5.8992945298269825,4.987928497913223,1.4871185412541446,4.641814030095809,3.0511327081183715,1.4520885194528177,0.7403816547724227,2.0236046725229873,1.3269775871480283,1.961270258511684,2.733191266259831,5.282660246399358,2.5931592082451744,1.9006319432462395,8.053635968472458,6.125201425356985,1.3643668451747226,4.237346424219839,8.06625249162017,3.2984601016242774,1.7618700805912806,4.050316307474728,2.624293921357766,1.8721358276981013,2.298873425511289,998,2.497564128256513,0.06682840340976641,0.9889779559118237,0.8466933867735471,0.1092184368737475,0.009018036072144289,8,2,749.0652438768223,5.041381338486745,0.5041381338486745,0.07490652438768222,0.6573191250701065,0.6427976929848873,2.516824509254066
subject_01_task_2,1,2,,2,49,480.0,490.0,0.32682923016396176,30.0,0.2722222222222222,eye,中,4.733333333333333,2,70.5,2.1213203435596424,69.0,72.0,-22.50000000000016,33.386831149167534,8.249200986286718,3.745308654225791,12.045181618321438,9.407216274213582,2.202542366429329,3.2160718195364195,4.466580979422357,1.8647936591311602,1.167658804511616,5.332758089025299,4.970489326917382,1.5970364390059364,4.56705166648041,8.192833149980675,5.2258662596290275,5.219252035888205,19.11188691986261,14.64870796383875,1.0012672742560318,3.661805712475078,10.484621408553076,4.073300784561119,1.5725473958533775,5.584286743970363,4.255950296373887,2.5902562907178086,3.5511087034295246,999,2.443512613521695,0.12029823038880397,0.97997997997998,0.7937937937937938,0.12812812812812813,0.012012012012012012,8,2,355.4314582195525,2.392135445111963,0.2392135445111963,0.03554314582195525,0.6573191250701066,0.6427976929848872,2.516824509254066
subject_01_task_2,1,2,,2,50,490.0,500.0,0.3334992144530222,30.0,0.2777777777777778,eye,中,4.733333333333333,2,68.5,0.7071067811865476,68.0,69.0,19.999999999999716,19.571784374133486,3.8882438922493114,1.6367956087295474,7.752867990788802,6.205640671299827,2.3755219475859293,4.736613386204308,2.142029726080938,1.2336317683291884,0.7765479028614259,3.018415144712773,1.924558956923141,1.5886100056203856,3.8869658054454956,4.43698698734463,1.8735887718647066,1.2441159452854378,4.876167769934968,2.967099778713772,1.505959938030413,3.9193837105079687,5.34481324030219,2.132575876449828,1.15903480091612,3.377839206863674,1.8915075548477833,1.8399584505695645,2.9143552930367362,998,2.6119220647773282,0.2633618961571803,0.9418837675350702,0.7074148296593187,0.18537074148296592,0.03707414829659319,8,1,210.00000000000395,2.0000000000000377,0.20000000000000379,0.021000000000000393,1.0,-1.000088900581841e-12,2.69484
subject_01_task_2,1,2,,2,51,500.0,510.0,0.3401691987420826,30.0,0.2833333333333333,eye,中,4.733333333333333,2,74.0,0.0,74.0,74.0,-3.197442310920451e-13,3.422082503434011,1.617257856842385,0.9656305629952386,5.020155287438043,3.5932153414323915,1.6748204943160643,5.198836366432197,2.2284851213977004,1.1423191059056192,0.636703894980407,1.8099836098605666,1.5245630889196333,1.794113582328205,2.842739967714921,2.7463098947853615,1.6054198450949286,1.0824073702838768,2.083419631469067,1.2194020693650285,1.4831937486474103,1.92480177857867,5.68043064160797,2.891446376897117,1.2953161959426007,2.5533677242354003,1.261224617739338,2.2322320881605386,1.9712312192447468,998,2.4553343434343433,0.13647860209368776,0.9649298597194389,0.8216432865731463,0.09819639278557114,0.01503006012024048,5,0,0.0,0.0,0.0,0.0,,,
subject_01_task_2,1,2,,2,52,510.0,520.0,0.3468391830311431,30.0,0.28888888888888886,eye,中,4.733333333333333,3,73.0,1.0,72.0,74.0,-12.089552238806089,3.8216149385182825,2.0538700754115173,1.209517582148251,5.2114288981435815,3.750839436500123,1.6980903012286876,4.308683871207103,2.162718132711134,1.8204061168271035,0.7766992802382395,1.3402978195264943,1.0554953389228092,2.3437721176575885,1.7256328847316305,3.0334899385620044,1.9638177891918862,1.1901510994684086,1.613999842677941,0.860895745735228,1.6500575347693605,1.3561301950641798,3.9130387752460574,2.8397670619254125,1.8986736391844754,2.7634851265075704,1.16292075589096,1.4956583392315694,1.4554819056183619,998,2.5410863821138214,0.29012017655424455,0.935871743486974,0.7845691382765531,0.11122244488977956,0.050100200400801605,5,0,0.0,0.0,0.0,0.0,,,
subject_01_task_2,1,2,,2,53,520.0,530.0,0.35350916732020354,30.0,0.29444444444444445,eye,中,4.733333333333333,2,71.5,0.7071067811865476,71.0,72.0,19.999999999999858,6.316661864707117,2.4661716562207654,1.3005609086942036,5.151863216749337,5.134681711078368,1.8962369541745374,3.96126254626701,2.9396156591703577,1.4290602204596168,0.7881069599650568,2.8873923332420097,2.9830744362911026,1.8132820709044097,3.663706171773983,4.134834576619248,1.7601529129401385,1.2689221327336493,2.6285965899936032,1.6996208097538765,1.3871244480133913,2.0715192226419727,4.777386772397324,2.891931832255132,1.4669242059243255,2.6928506522990894,1.4956227724882754,1.971425531445841,1.8357121938705032,998,2.454221294363257,0.1923474821863885,0.9128256513026052,0.7254509018036072,0.13927855711422846,0.06513026052104208,5,0,0.0,0.0,0.0,0.0,,,
subject_01_task_2,1,2,,2,54,530.0,540.0,0.360179151609264,30.0,0.3,eye,中,4.733333333333333,1,72.0,,72.0,72.0,,6.416784835295432,5.055803672491053,0.9829939744904732,4.412239708792608,3.396672055593223,5.143270257695819,4.488572487008026,2.516707482258237,2.7839440242231355,0.6429824344983338,2.336196148554315,1.884902371282885,4.329735735930667,3.6333747598829134,2.9304573832792116,2.5491022791982,1.0610961828269345,1.827831522958514,1.0872825713851917,2.4023291389164863,1.7225879732116938,4.544907327865508,7.288564453428372,1.225271310999491,1.9609636997664213,1.1092181361663942,5.94853106246556,1.6004322325696205,998,2.546569165786695,0.11246364796584442,0.906813627254509,0.7625250501002004,0.10821643286573146,0.07214428857715431,5,0,0.0,0.0,0.0,0.0,,,
subject_01_task_2,1,2,,2,55,540.0,550.0,0.3668491358983244,30.0,0.3055555555555556,eye,中,4.733333333333333,3,77.0,1.7320508075688772,75.0,78.0,20.958904109589,3.987804254923092,8.917745526450352,1.1295347715713833,5.939879180696865,5.789157503667854,7.8950606487697454,5.25869528782495,2.401612604744252,3.7982573966977786,0.6087959844274878,2.040068912964754,1.9305716811217728,6.238965916093653,3.3509894367704085,2.907165791127412,3.638570911109383,1.067283126716816,2.408750785866392,1.6765259822312202,3.4091899515945516,2.2568995288777858,3.5803928999671863,6.352134846651204,1.3170276152388163,2.471601948754607,1.3210796424838926,4.823084021286352,1.8766515752264101,999,2.4481587462082914,0.0839035502573928,0.95995995995996,0.7867867867867868,0.11711711711711711,0.035035035035035036,5,0,0.0,0.0,0.0,0.0,,,
subject_01_task_2,1,2,,2,56,550.0,560.0,0.37351912018738487,30.0,0.3111111111111111,eye,中,4.733333333333333,1,82.0,,82.0,82.0,,25.49724246564742,4.848168470472132,1.8612629809634764,7.478296289593702,5.875352392423441,2.60477348986036,4.017861186774685,3.670983653844095,1.6265336099723882,1.0271639482774442,3.7519636220212167,2.727042723258835,1.5835189822424045,3.652740760920656,4.369631110393944,1.9862498916718312,1.3026418094507066,3.291945221493723,2.7644859708498046,1.5247859213956798,2.527130019634376,8.132307521820179,3.100126422819514,2.026039287255706,3.2981908571980454,2.2393115981454166,1.5301413167652202,1.6279007410885324,998,2.460422845691383,0.09605833211452357,0.9949899799599199,0.8476953907815631,0.11623246492985972,0.004008016032064128,5,0,0.0,0.0,0.0,0.0,,,
subject_01_task_2,1,2,,2,57,560.0,570.0,0.3801891044764453,30.0,0.31666666666666665,eye,中,4.733333333333333,2,89.5,0.7071067811865476,89.0,90.0,-60.00000000000128,47.817771427724466,7.833437819474678,1.819380650409168,7.43379185667138,7.757812911242488,4.305551901804048,4.085891457073353,2.5273563058394544,2.3420427134177664,0.8461749822814774,2.1249193886974562,1.6131748413450628,2.7677995242817204,2.5112056409044348,4.093065326713848,2.366613984826879,1.167940628888818,3.0596523315531967,1.98266432643771,2.0263136038674174,2.6196985153810073,5.6362218216445,4.281429062477584,1.6802648104784,3.0538791638130465,1.7342618714155436,2.5480680400957683,1.817498732800073,998,2.4487494949494946,0.09877073510914805,0.9619238476953907,0.7645290581162325,0.14529058116232466,0.014028056112224449,5,0,0.0,0.0,0.0,0.0,,,
subject_01_task_2,1,2,,2,58,570.0,580.0,0.38685908876550573,30.0,0.32222222222222224,eye,中,4.733333333333333,2,82.5,0.7071067811865476,82.0,83.0,60.0,3.9188271321549673,1.7626630025690355,1.2448428986579012,6.112444717058454,7.593527517198099,1.4159722519760607,4.910213749581129,2.496106606134253,1.3511159338861365,0.6330244068395213,2.1440339207807613,1.9659785189720693,2.1343820542904584,3.3869688081778775,2.965754218348677,1.5047772418515808,1.121259913382452,2.2216178750273325,1.5693700183298804,1.342041415992649,1.9813585133222882,4.627418572110946,2.554942454868866,1.3025260297250678,2.481412853616177,1.5175235855107057,1.9615289035015704,1.9050773627456368,998,2.421645096056623,0.13900229525351304,0.935871743486974,0.8066132264529058,0.12424849699398798,0.01603206412825651,0,0,0.0,0.0,,,,,
subject_01_task_2,1,2,,2,59,580.0,590.0,0.3935290730545662,30.0,0.3277777777777778,eye,中,4.733333333333333,2,76.5,0.7071067811865476,76.0,77.0,-60.00000000000128,5.783755996635666,5.609145045466344,1.1346657044952813,5.182611727126406,5.597908754485305,4.943434020473359,4.5675230216213505,2.026647473492901,2.9617452117800798,0.7781684533617117,1.5946856511778111,1.4695952069406435,3.8060463630789054,2.0492807749899393,2.6548126239359675,2.8377006897364065,1.1718741285994687,2.277890030323978,1.1903758634669543,2.421506389195401,1.9438009379440198,4.091143397075876,5.492631307767767,1.5616436021840245,2.224956280381786,1.1594900256807315,3.517211801774803,1.4247529188286563,998,2.4940162436548228,0.12038324531319006,0.9198396793587175,0.720440881763527,0.16132264529058116,0.041082164328657314,0,0,0.0,0.0,,,,,
subject_01_task_2,1,2,,2,60,590.0,600.0,0.40019905734362665,30.0,0.3333333333333333,eye,中,4.733333333333333,2,71.5,0.7071067811865476,71.0,72.0,-12.000000000000085,60.228907507229955,6.398494031820266,2.6019528804239616,9.90786142920389,10.223215567853863,2.4591121845287596,3.807855823887751,3.2047416520908314,1.8895828919094144,0.6632729800804965,2.0774032389944654,2.014885760114365,2.8488766294687444,3.1320486457059453,6.273437261966942,2.1805765141960674,1.3542711673182106,3.156669697453234,2.4289999958746726,1.6101476327773736,2.330899286369815,4.5513292255969375,3.5873555278703364,1.3795953854690055,2.9208995312059396,1.7784426444280401,2.600295395052212,2.11721462826795,999,2.500127127127127,0.1087028217746826,0.92992992992993,0.7847847847847848,0.13313313313313313,0.026026026026026026,0,0,0.0,0.0,,,,,
subject_01_task_2,1,2,,2,61,600.0,610.0,0.4068690416326871,30.0,0.3388888888888889,eye,中,4.733333333333333,2,69.0,0.0,69.0,69.0,-4.263256414560601e-13,3.836367584677469,1.928687371778634,0.9228260622670638,6.058785486126208,4.873736435631789,2.0899793044861754,6.565468546956587,3.080599753818028,1.3984738719706729,0.6373762900577185,1.8996356157695953,1.5427761834127127,2.194110282709186,2.9803989345094264,3.1817030795482846,2.0624735853414817,1.077225217541068,2.7006469479239197,1.5718312908656136,1.9146168802559176,2.5070402214390795,5.6325825199338055,3.4426975908167763,1.4478123144606105,2.2406820542715056,1.3639596323723084,2.3778617963332973,1.5476329575952548,998,2.477612903225806,0.13454199077002676,0.9338677354709419,0.7064128256513026,0.1492985971943888,0.047094188376753505,3,0,0.0,0.0,0.0,0.0,,,
subject_01_task_2,1,2,,2,62,610.0,620.0,0.4135390259217475,30.0,0.34444444444444444,eye,中,4.733333333333333,2,72.5,0.7071067811865476,72.0,73.0,-10.0,3.9062085215273235,2.0237164826624947,1.2665607849701637,8.90653052551015,7.79816967023562,1.5978044691397637,7.032059283060749,2.797639023119421,1.5906817674599312,0.6778090491871182,2.7512708325315693,2.2583697426592875,2.346799248796695,4.059064770278752,5.089808492437741,3.3646641979326466,2.8328721912435135,13.751595264063749,9.64620003672966,1.18772184934178,4.854294276519185,3.1314151549761533,3.0847023983726256,1.372835223318609,3.8391155338635663,3.078054052068706,2.246957497867699,2.7964867659668,998,2.5231049949031603,0.1636796715636635,0.9619238476953907,0.8627254509018036,0.07114228456913828,0.026052104208416832,3,0,0.0,0.0,0.0,0.0,,,
subject_01_task_2,1,2,,2,63,620.0,630.0,0.420209010210808,30.0,0.35,eye,中,4.733333333333333,3,72.33333333333333,0.5773502691896257,72.0,73.0,-0.8108108108107777,36.59195318303587,6.70276654503063,2.1016015555598306,4.958216055453934,3.809213582559718,3.189361240858583,2.3592559885278304,1.9415973513670435,2.0401341243142936,0.5933871551030705,1.702178899250028,1.414155902885117,3.4381164249501244,2.868580630051491,3.352529480770426,2.1300447764146724,0.8614048878906763,2.111016582729267,1.224031039556341,2.4727567794867253,2.450667058435804,4.7193600616817335,5.065081873715055,1.2959627400057034,2.394663958560551,1.0926149585212543,3.9083545516846914,1.8477876598134388,998,2.5268236472945893,0.1475256262250839,0.9749498997995992,0.7525050100200401,0.1683366733466934,0.012024048096192385,3,0,0.0,0.0,0.0,0.0,,,
subject_01_task_2,1,2,,2,64,630.0,640.0,0.42687899449986844,30.0,0.35555555555555557,eye,中,4.733333333333333,2,73.5,0.7071067811865476,73.0,74.0,20.0,2.971793727726653,1.6112459505863221,0.9189716893547091,4.215030700996142,3.395830085329922,1.753314023980129,4.586681776841119,2.272354650869793,1.8287686138302315,0.7889705383966149,1.7984825197555991,1.3812973032479325,2.31791749479866,2.2795306443388426,2.6867301369827015,1.9044699086306744,1.2353211868722236,2.0743519489939573,1.0337573122545045,1.5416799524443554,1.679200495416193,4.611934298089774,4.597935705720024,1.522910377975996,2.2455785709182465,0.7641009370609098,3.0191768157958516,1.4745310054966616,998,2.494896793587174,0.1225833447044756,0.9338677354709419,0.7444889779559118,0.1432865731462926,0.0531062124248497,3,0,0.0,0.0,0.0,0.0,,,
subject_01_task_2,1,2,,2,65,640.0,650.0,0.4335489787889289,30.0,0.3611111111111111,eye,中,4.733333333333333,1,80.0,,80.0,80.0,,3.724626005342738,1.7788218542813665,1.0511391776381016,9.54690861307243,8.79521488814196,1.6922800444736157,9.082440095634368,2.450692121160428,1.552005509085034,0.7157311084850652,2.3568333860062385,1.69893448199665,2.168419802752529,3.292903379587304,3.390073580753813,1.9480009572460295,1.39078715706052,4.000075473562726,2.197769776460435,1.4006463514972352,2.876123390452521,5.191599391784421,2.74050775145486,1.271997375761821,3.329427395281083,1.7701236436080856,2.1544916708759114,2.6174797674303627,999,2.4923143143143145,0.08051067782470156,0.985985985985986,0.8328328328328328,0.10710710710710711,0.006006006006006006,3,0,0.0,0.0,0.0,0.0,,,
subject_01_task_2,1,2,,2,66,650.0,660.0,0.4402189630779893,30.0,0.36666666666666664,eye,中,4.733333333333333,3,78.33333333333333,0.5773502691896257,78.0,79.0,-6.774193548387225,15.932403336488436,3.7370651805170403,1.5675329694138689,7.328635839768426,5.684461281995265,2.3840424753007916,4.675267431541644,2.6424366584604537,1.3223955360613922,0.6555975925101055,1.6249187737584805,1.1503815656800265,2.0170841857400634,2.4785307211655656,2.8821757928772134,1.542452954597473,1.065971473636509,1.6750591266431356,0.8478870535198717,1.4469927129808373,1.571392075745474,2.420206171878324,2.250560940999605,1.1527874085373562,2.5059371464729154,1.290820673931434,1.9522775182417127,2.173806833692277,998,2.5356146044624746,0.1473279829775017,0.9519038076152304,0.8226452905811623,0.10320641282565131,0.028056112224448898,3,0,0.0,0.0,0.0,0.0,,,
subject_01_task_2,1,2,,2,67,660.0,670.0,0.44688894736704976,30.0,0.37222222222222223,eye,中,4.733333333333333,1,74.0,,74.0,74.0,,3.335542123454437,1.451520303979868,0.738573256384734,5.5932714811359245,4.270768993611613,1.9653030913750675,7.573076106918099,2.299804911073157,1.2668422622969862,0.5753651560402294,1.4546156384401232,0.8925710261702514,2.2018056689696532,2.5281608091304313,2.678777300788828,1.343528370255628,0.7927405334546145,1.3372384011096887,0.6352400458145017,1.6947895478496393,1.6868550864710483,4.440624811052619,2.2591082278786505,1.0637128937379856,2.185169365126365,0.9119954044309605,2.1237950965696535,2.0542849278130655,998,2.5278010101010104,0.14078224262029318,0.9769539078156313,0.8236472945891784,0.12625250501002003,0.01603206412825651,4,0,0.0,0.0,0.0,0.0,,,
subject_01_task_2,1,2,,2,68,670.0,680.0,0.4535589316561102,30.0,0.37777777777777777,eye,中,4.733333333333333,2,72.5,0.7071067811865476,72.0,73.0,-20.0,26.957730269445765,5.906074915915838,2.4348254885218896,7.051115627453372,6.420318273308712,2.4256666211841083,2.895942916933195,3.5382908927621997,2.089823123367399,0.8189148224707955,2.417709941331966,1.6367460426492721,2.551941992040237,2.9523338386248192,4.728445962107247,2.4170334990777116,1.3679721233768691,2.4360994142711583,1.2699495806254575,1.7668733578511904,1.780810714371572,13.162583366789315,5.379803997848136,1.8153992414494446,3.1653953116677127,2.7719951433776084,2.963427479209924,1.7436359118121085,998,2.590752293577982,0.148381694809124,0.969939879759519,0.8607214428857716,0.07615230460921844,0.01903807615230461,4,0,0.0,0.0,0.0,0.0,,,
subject_01_task_2,1,2,,2,69,680.0,690.0,0.4602289159451706,30.0,0.38333333333333336,eye,中,4.733333333333333,2,70.0,0.0,70.0,70.0,-2.5579538487363607e-13,22.188651051035084,6.242833135217463,2.567516940790388,7.585837686961049,7.494880478057843,2.431467164261693,2.954542408832486,2.8645219509098596,2.2646217427434103,1.1176080355595153,1.8521004062593338,1.5468411611722115,2.026311256441225,1.6572003308226975,4.144092668638145,3.0941171397656753,1.4059851226178774,3.186913998186965,1.871457844436918,2.2006755903679664,2.2666768992925634,5.499755822633278,3.0796161978046244,1.7710422159873984,2.960617420787623,1.431522683841395,1.738872269675212,1.671680886012651,998,2.5635753846153846,0.30031437362774327,0.8587174348697395,0.6442885771543087,0.18537074148296592,0.08517034068136273,4,0,0.0,0.0,0.0,0.0,,,
subject_01_task_2,1,2,,2,70,690.0,700.0,0.4668989002342311,30.0,0.3888888888888889,eye,中,4.733333333333333,2,68.0,0.0,68.0,68.0,-8.526512829121202e-13,9.46517270210015,10.498354748892156,1.3027662077321374,6.795980483743099,7.3537681574880445,8.058510181322365,5.2165771904489135,6.215553879749849,5.811316420221613,1.0439255210119478,1.558276844109404,0.9291780858085575,5.566792173629695,1.4927088309890733,4.651251047450508,5.1772465896789095,1.1733443192807247,1.8339089798999129,1.1154176870070147,4.41238475748758,1.5629759736887148,5.674678051216998,8.276215640558144,2.0039958017229744,2.555379108797054,1.6156603927501612,4.1298567758687454,1.2751419472036902,999,2.403252837977296,0.080813382199077,0.9329329329329329,0.8168168168168168,0.0990990990990991,0.042042042042042045,4,0,0.0,0.0,0.0,0.0,,,
subject_01_task_2,1,2,,2,71,700.0,710.0,0.47356888452329154,30.0,0.39444444444444443,eye,中,4.733333333333333,2,72.5,2.1213203435596424,71.0,74.0,22.499999999999947,9.527408061892979,4.310232247333155,1.2582525662932877,6.091238375206852,5.584655719867948,3.425570003032664,4.841029963603537,2.095492728164022,2.5833978016109884,0.723324807213352,1.2616387829323399,0.8042460812370397,3.571559796993094,1.7442216419935486,3.2083496706199766,2.4030378130404006,1.097565918203005,1.8548571856280704,0.9720264665656375,2.1894245923513966,1.6899733809746424,3.150844318533791,5.618411806887199,1.6740864271608267,2.5120313728821193,1.5123132055895099,3.3561061816956284,1.5005386413307278,998,2.468246406570842,0.10789354152400879,0.9288577154308617,0.7835671342685371,0.12725450901803606,0.041082164328657314,4,0,0.0,0.0,0.0,0.0,,,
subject_01_task_2,1,2,,2,72,710.0,720.0,0.480238868812352,30.0,0.4,eye,中,4.733333333333333,2,75.0,1.4142135623730951,74.0,76.0,14.999999999999893,3.6586075222417644,2.146825291457792,1.0670093154049904,5.8204045657689125,6.162631846418193,2.0120023887916574,5.454876992858998,2.0256425140003054,1.282790000645345,0.7014060452516602,1.0093676722439322,0.604756014092521,1.828883582240994,1.4390632631085711,2.7684542644467434,1.3906742571410247,0.9621963338271939,1.4079119009560002,0.684768716472383,1.4453123632362368,1.463227255664076,3.525598030471422,2.2050425432635543,1.5498911330048326,2.2090579926440763,1.2361972110159336,1.4227080188455268,1.4252988133181277,998,2.612372990353698,0.19105050733049972,0.7985971943887775,0.5831663326653307,0.2124248496993988,0.10420841683366733,4,0,0.0,0.0,0.0,0.0,,,
subject_01_task_2,1,2,,2,73,720.0,730.0,0.4869088531014124,30.0,0.40555555555555556,eye,中,4.733333333333333,3,76.66666666666667,0.5773502691896257,76.0,77.0,6.885245901639276,7.110071964474456,3.3351426278827434,1.1725576179389732,3.783578862295417,3.089351303883759,2.8443315508409617,3.22677436435566,2.7396590660174627,2.086680554414674,0.611472348584391,1.0132183747467014,0.4182580061687354,3.4125509669333565,1.657014216738313,3.1722124768494737,2.2567407225960885,1.0830588913160395,1.466099811530477,0.6701592602683074,2.083673141590567,1.3536658285949708,4.653507733095243,4.081965258517419,1.410431380631401,2.2478476079937972,0.8610976822401867,2.8941253821863104,1.5937305698541067,998,2.6208319327731093,0.2957144356545939,0.7705410821643287,0.5450901803607214,0.22444889779559118,0.09118236472945891,4,0,0.0,0.0,0.0,0.0,,,
subject_01_task_2,1,2,,2,74,730.0,740.0,0.49357883739047287,30.0,0.4111111111111111,eye,中,4.733333333333333,1,84.0,,84.0,84.0,,4.0257613415645945,1.7229980156362577,1.0498020416342506,5.664670626577343,5.655571010721236,1.6412599207313672,5.395941712743311,2.202723153538575,1.5783503828163516,0.7086570515929767,1.1074576545395676,0.5516171250552201,2.2272414834064067,1.5627554288073966,3.579782180983837,1.7621757019584465,1.0146218723967046,1.6716115910168807,0.7821030515786596,1.736780715948786,1.6475217383873835,4.19901411266122,3.0638306598034046,1.5009698457553506,2.528701532400012,1.0423459998943911,2.041233985124836,1.6847117479082092,998,2.566653102746694,0.16961146659601747,0.9378757515030061,0.7264529058116233,0.1653306613226453,0.047094188376753505,4,0,0.0,0.0,0.0,0.0,,,
subject_01_task_2,1,2,,2,75,740.0,750.0,0.5002488216795333,30.0,0.4166666666666667,eye,中,4.733333333333333,2,77.0,0.0,77.0,77.0,-3.410605131648481e-13,5.97422471052063,2.5292676592472363,1.0568976619998542,3.2284060790143325,2.5269454035984387,2.3931055486123167,3.0546061317853286,2.252250932903978,1.7142364962214236,0.5776368271980846,0.9665815934846824,0.36493659922925786,2.9676717541306856,1.6733378967079255,3.5624954245010447,1.642525354265991,0.954929782180138,1.5286653130265158,0.5995271770450217,1.7200483060817815,1.6008143651531315,3.576601740330737,3.9149694384006786,1.241468536932505,2.0116114580479825,0.642349823113585,3.1534987169904607,1.6203483199166633,998,2.4927456588355468,0.09897714960647712,0.9559118236472945,0.8346693386773547,0.09418837675350701,0.025050100200400802,3,0,0.0,0.0,0.0,0.0,,,
subject_01_task_2,1,2,,2,76,750.0,760.0,0.5069188059685937,30.0,0.4222222222222222,eye,中,4.733333333333333,3,74.0,0.0,74.0,74.0,3.547243754572849e-13,6.142758380323312,2.1317394113200256,1.027907735849795,6.409429134603766,6.223986975578651,2.0738626016445605,6.235412879060535,2.103323232341658,1.580638879180141,0.7439672539720621,1.2066650540913963,0.6248164485590771,2.1246081339481884,1.62193301875718,3.9140430970832307,1.8048522722042937,1.1178451598080112,1.977205286404152,1.0880489805932396,1.6145816407294507,1.7687649036685322,4.288216180847585,2.921934433974709,1.6992904086518068,2.6433566901005303,1.3033898414381475,1.71950269306406,1.5555650032755335,999,2.49962962962963,0.1174675794737331,0.9219219219219219,0.8058058058058059,0.11711711711711711,0.009009009009009009,3,0,0.0,0.0,0.0,0.0,,,
subject_01_task_2,1,2,,2,77,760.0,770.0,0.5135887902576542,30.0,0.42777777777777776,eye,中,4.733333333333333,1,84.0,,84.0,84.0,,4.886296944889315,1.6757598517687475,0.9696568099790722,2.3298467994331635,1.5112087030624997,1.7281989199920278,2.402754021274236,1.8554218227431567,1.2565709195128443,0.7208514123892114,1.3207803931415183,0.7501041733202257,1.743176052534916,1.8322505448992386,3.0721247747735143,1.7202916956501044,1.5634440025345722,2.632827423120304,1.1708145854252017,1.1003219129442814,1.683992147369592,3.084178700167245,3.0675440076759948,1.3682504784239349,2.0904458267126285,0.6350967817785355,2.24194623429582,1.52782393258914,998,2.542068136272545,0.1417710918848272,0.9729458917835672,0.8306613226452906,0.10120240480961924,0.014028056112224449,6,0,0.0,0.0,0.0,0.0,,,
subject_01_task_2,1,2,,2,78,770.0,780.0,0.5202587745467147,30.0,0.43333333333333335,eye,中,4.733333333333333,2,81.5,0.7071067811865476,81.0,82.0,29.999999999999574,5.706107798377641,2.0701419475761775,1.0672102544522653,5.497708197388731,5.633706390499669,1.9397695430116129,5.151476172996833,1.8238136611968818,1.3249077903569901,0.8030780381398598,1.477674703891738,1.2561788481141942,1.6497871034125469,1.8400138388971783,2.9812685844735363,1.9533403298497434,0.9750266597437959,2.242181572030205,1.229624169731193,2.0033712004992923,2.29961052820789,2.874652693486812,2.597599957301477,1.4374242290945427,2.1846550118706394,1.2852235834370207,1.8071213109700732,1.5198401193270477,998,2.4590280561122246,0.09724842921808563,0.9418837675350702,0.751503006012024,0.15831663326653306,0.022044088176352707,3,0,0.0,0.0,0.0,0.0,,,
subject_01_task_2,1,2,,2,79,780.0,790.0,0.5269287588357751,30.0,0.4388888888888889,eye,中,4.733333333333333,3,79.33333333333333,3.214550253664318,77.0,83.0,-37.14285714285715,3.3096261897203685,1.7650319845147964,0.7754317164925371,3.2238988648181985,2.444156890666739,2.2761926640020063,4.157553523088613,1.489877830145775,1.5503755303554545,0.6698068180961417,1.5895103412187959,1.171295955072172,2.314660717790602,2.373087729588687,2.5698598365184298,1.7725678832499532,0.989202706526219,1.7077191417206068,0.9517120551703545,1.7919157231935565,1.726359148083612,3.1358702992924843,4.0435258514746835,1.2218536578278432,1.974025761343645,0.7280404687329248,3.3093372725691905,1.6155991748250602,998,2.560020222446916,0.13643799141577062,0.968937875751503,0.8607214428857716,0.1092184368737475,0.013026052104208416,6,0,0.0,0.0,0.0,0.0,,,
subject_01_task_2,1,2,,2,80,790.0,800.0,0.5335987431248356,30.0,0.4444444444444444,eye,中,4.733333333333333,1,80.0,,80.0,80.0,,7.924798554235047,3.951923211315591,1.2712760159330414,6.838280882668755,6.576609220860588,3.108627207455899,5.379068586966034,3.047723827507573,2.016442315397467,0.6911643948797045,1.918770856574671,1.8881830736027414,2.9174568747112963,2.7761425079030997,4.819674078838615,3.2343438489921175,1.5634222305116205,6.157151512985275,4.8497580464839425,2.068759024830866,3.938252503273146,4.305520320489465,4.0924850194002875,1.4917153314470504,2.9422557292983673,1.7714889616494898,2.7434758717873735,1.9723975930744162,998,2.5401374745417513,0.1545213003238009,0.8997995991983968,0.6783567134268537,0.1623246492985972,0.06713426853707415,3,0,0.0,0.0,0.0,0.0,,,
subject_01_task_2,1,2,,2,81,800.0,810.0,0.540268727413896,30.0,0.45,eye,中,4.733333333333333,2,79.5,0.7071067811865476,79.0,80.0,9.999999999999858,8.200701717223128,2.202764653876654,1.1028809958471582,6.5589884833995455,5.009217818487787,1.9972822654221545,5.947140723339218,2.303872740539399,1.3362037494955334,0.8179450202926951,2.4544537035344143,1.8731313370390128,1.6336107150788493,3.0007563377011666,7.585686062195286,2.226567890350238,1.2084186241207735,3.6548159549829835,2.3798502161101975,1.8425468177224213,3.024461790004412,9.52751337648253,2.7574428380934584,1.2361868330145116,3.391986982737079,2.715600076215013,2.230603630819524,2.7439112698406007,999,2.7508916408668735,0.1467788633753911,0.8198198198198198,0.7727727727727728,0.12812812812812813,0.04104104104104104,3,0,0.0,0.0,0.0,0.0,,,
subject_01_task_2,1,2,,2,82,810.0,820.0,0.5469387117029564,30.0,0.45555555555555555,eye,中,4.733333333333333,3,79.66666666666667,0.5773502691896257,79.0,80.0,-6.734693877550836,10.02805826022652,2.820462476568069,1.243565634503927,5.091072932932972,4.148703501600714,2.2680447242281545,4.093931829311013,2.2863177660258214,1.6014803286027421,0.6975913442577379,1.390452106143183,0.9159874999478604,2.295728497472649,1.9932186911273584,3.138779899855953,1.965842537325772,1.121023625214101,1.877873036499234,1.0886681149873207,1.7536138339192642,1.6751413567582794,5.546475538907234,3.2044989036974147,1.4619830908857467,2.2541342207876873,1.3330960521629063,2.1918850660276514,1.5418333049406292,998,2.6322841880341876,0.16995518882813607,0.8216432865731463,0.6442885771543087,0.1623246492985972,0.10521042084168336,3,0,0.0,0.0,0.0,0.0,,,
subject_01_task_2,1,2,,2,83,820.0,830.0,0.5536086959920169,30.0,0.46111111111111114,eye,中,4.733333333333333,2,76.0,0.0,76.0,76.0,-4.263256414560601e-13,3.783110645872222,1.6572970442313846,0.8848623217030329,4.636636656541431,4.162781550721506,1.8729433987444513,5.239952637623466,1.6899198920725862,1.259962881309355,0.641931993980393,1.0299104896375855,0.5946190142352553,1.9627669178736074,1.6043918971096536,2.770251514789181,1.6819505461101862,0.9531784990479861,1.6816887698060614,0.971292798932816,1.7645703798292574,1.7642957446959782,3.8718325175963195,3.280953313060388,1.8012604733316702,2.614310952764713,0.9996724422866254,1.821476328180249,1.4513786270617475,998,2.675141414141414,0.14415730581219088,0.9318637274549099,0.7945891783567134,0.14228456913827656,0.01503006012024048,2,0,0.0,0.0,0.0,0.0,,,
subject_01_task_2,1,2,,2,84,830.0,840.0,0.5602786802810773,30.0,0.4666666666666667,eye,中,4.733333333333333,1,79.0,,79.0,79.0,,4.120277727656024,2.0320963188823944,1.0095803313237017,5.1763133328209046,4.84808588317364,2.0128129043659464,5.127193123933021,2.0445104111652235,1.666141650197322,0.5990766519362675,1.423541014335294,0.9275704217309649,2.7811827498404558,2.3762251620627954,4.1222380761522075,3.449114704874397,1.581157424827512,8.35025464592751,6.936040743591138,2.1813860218571595,5.281102637100437,7.2920915902828325,3.5669346326014484,1.423479517117655,2.4007502427729315,1.5171224793264624,2.5057857100915557,1.6865365563068386,998,2.486336040609137,0.10391742427350971,0.8787575150300602,0.6923847695390781,0.16733466933867736,0.06713426853707415,2,0,0.0,0.0,0.0,0.0,,,
subject_01_task_2,1,2,,2,85,840.0,850.0,0.5669486645701377,30.0,0.4722222222222222,eye,中,4.733333333333333,3,79.0,0.0,79.0,79.0,-5.968558980384843e-13,6.538076475520054,5.653215046002634,1.1568077478441607,7.5400253944511775,7.2432495817382625,4.886909736330886,6.517958933541766,2.3428038504958675,2.469978905137286,0.6192390327902102,1.8442496189046491,1.421407922516791,3.9887325803864195,2.9782515656267683,4.660584154892368,3.10175914769659,2.3611763945696644,10.916808485466643,10.456375931815968,1.3136499055429107,4.623461639957773,2.9657505252202783,3.792689320671227,1.197241807006524,3.8811783429338114,2.695890123400982,3.1678557317958407,3.2417664670748185,998,2.6900295670538545,0.1669682818941725,0.7545090180360722,0.5160320641282565,0.23346693386773548,0.08617234468937876,2,0,0.0,0.0,0.0,0.0,,,
subject_01_task_2,1,2,,2,86,850.0,860.0,0.5736186488591982,30.0,0.4777777777777778,eye,中,4.733333333333333,1,82.0,,82.0,82.0,,5.74475272804161,1.7086236904489034,0.9884510170577426,5.093770941862714,3.7858127535438353,1.728587113537352,5.1532861557722995,2.106501276849254,1.1601827728126308,0.5470702444966977,1.0938404394363355,0.6613133644651005,2.1207199340187,1.9994515337654015,2.931779802071116,1.5290188796349269,1.0754011516323223,3.5293622395989606,2.3826208803068774,1.4218125741394925,3.2819029756866422,5.785904819032134,2.627991074147582,1.0976442752646405,2.7139434541436835,1.350423519593696,2.3942101583994297,2.4725163837704667,999,2.702286902286902,0.13502024673767954,0.8778778778778779,0.6496496496496497,0.19519519519519518,0.07307307307307308,4,0,0.0,0.0,0.0,0.0,,,
subject_01_task_2,1,2,,2,87,860.0,870.0,0.5802886331482586,30.0,0.48333333333333334,eye,中,4.733333333333333,2,84.0,0.0,84.0,84.0,0.0,9.786759531350988,2.5586222390308557,1.2166199511236084,5.496206328840701,3.693408172375938,2.103057932485689,4.5176033187395,2.386494162261411,1.2104088005456726,0.5570450114313409,1.0551929973025462,0.5239921231539612,2.1729102239610714,1.8942688214569983,2.738545688000756,1.598094153104323,1.0670481419337596,1.9014275519278296,1.0617148858760466,1.4976776494902793,1.7819510453220646,6.882519072787855,3.249139968525137,1.6157593822193295,1.904732115392375,0.8700218146589204,2.010905834297106,1.1788463903431752,998,2.612585170340681,0.11979189687199052,0.9719438877755511,0.7344689378757515,0.1743486973947896,0.022044088176352707,8,0,0.0,0.0,0.0,0.0,,,
subject_01_task_2,1,2,,2,88,870.0,880.0,0.586958617437319,30.0,0.4888888888888889,eye,中,4.733333333333333,3,79.33333333333333,1.1547005383792517,78.0,80.0,-15.91836734693862,7.563360358694029,2.393750756381491,0.9078115730440857,4.191931165880581,3.1463287471116472,2.636836572103542,4.617622522506672,2.4177135044375886,1.5240812610852845,0.5461090143088166,1.049357033067931,0.5433976304173388,2.790800410087058,1.921515678323037,3.5372816775157556,1.7411364049512397,0.9288469879027267,2.0430519803066245,1.1388435747856611,1.874513700994614,2.1995570927346138,2.724623917607591,2.295673479333209,0.959017741373905,1.880585174482585,0.8564754848733211,2.3937758190420837,1.960949306097744,998,2.713523565573771,0.21216464689672523,0.8967935871743486,0.7755511022044088,0.12925851703406813,0.04909819639278557,0,0,0.0,0.0,,,,,
subject_01_task_2,1,2,,2,89,880.0,890.0,0.5936286017263795,30.0,0.49444444444444446,eye,中,4.733333333333333,1,74.0,,74.0,74.0,,72.63399935782412,11.65551359080473,4.3916124858027406,6.4771932542067825,3.5856000267668002,2.6540396331608993,1.474900910575861,3.1621706566314547,1.8240239935320657,0.5447500315434074,0.9663514500927021,0.4786620294601411,3.3483687708363568,1.7739355560105188,3.1180331546149778,1.9723315305030902,1.0357725635126802,2.0765767952903715,1.0567176147113122,1.9042129517451196,2.004857889118,4.504890189302363,2.9612127233504455,1.0065112858630882,2.1548773767107674,1.0120921028055647,2.9420561547019233,2.1409371230874474,998,2.601236704900938,0.3695541850484642,0.8797595190380761,0.6152304609218436,0.1933867735470942,0.07414829659318638,2,0,0.0,0.0,0.0,0.0,,,
subject_01_task_2,1,2,,2,90,890.0,900.0,0.60029858601544,30.0,0.5,eye,中,4.733333333333333,2,77.5,3.5355339059327378,75.0,80.0,37.50000000000006,86.13064709202314,18.705549897459328,5.257109841022401,7.204558070365146,3.7792177188782037,3.5581432504026735,1.3704408483433943,2.7817617590531163,1.8482466416013559,0.6041958203824399,1.0613736074326712,0.5127599253169696,3.0590192438462496,1.7566715485731925,3.5468977510725717,1.9565284442222015,1.0461483475853737,2.3310301062856276,1.1184510949033506,1.8702208427113478,2.2282022541696915,3.7469473725635623,3.0085300832632966,1.1497493111216228,2.268983715020468,0.9775118375872848,2.6166835275842564,1.973459512497547,998,2.6103895833333337,0.273784831173767,0.9048096192384769,0.7234468937875751,0.1462925851703407,0.06713426853707415,2,0,0.0,0.0,0.0,0.0,,,
subject_01_task_2,1,2,,2,91,900.0,910.0,0.6069685703045005,30.0,0.5055555555555555,eye,中,4.733333333333333,2,78.5,3.5355339059327378,76.0,81.0,-75.00000000000011,5.577023952398077,2.29486841217585,0.8481701335609236,3.8882681987817964,3.2382581177297456,2.705669913819255,4.584302187648894,2.302063090688901,1.5823234987682462,0.5092334115054145,1.0546276501703704,0.5104533530490771,3.1072656723181686,2.0710103193202536,3.0005328877284887,1.9294154088326436,0.8471365709940017,2.3226207163884895,1.2996354041531615,2.2775730323727283,2.7417311398364066,4.109191590703257,3.3488280993333626,0.9507559338427929,2.5106156000090674,0.9999152199884568,3.522279462193806,2.6406520439599976,999,2.542257928118393,0.21392802791489154,0.7487487487487487,0.7307307307307307,0.13513513513513514,0.07107107107107107,2,0,0.0,0.0,0.0,0.0,,,
subject_01_task_2,1,2,,2,92,910.0,920.0,0.6136385545935609,30.0,0.5111111111111111,eye,中,4.733333333333333,2,72.5,0.7071067811865476,72.0,73.0,19.999999999999858,7.903849697810914,2.093831132496302,1.0362483302582008,4.797211309125866,4.0153039602051175,2.0205881846628255,4.629403173977178,1.7802861079226513,1.6614350102760058,0.653168234766803,1.1748966737997237,0.5942384790753231,2.543655557391242,1.7987657869173483,3.1408936304687503,1.9659187712197108,1.0715474671815874,1.9601651820606223,0.9519485580341689,1.8346539294152993,1.829284508708047,3.491802908813233,3.1623139919485013,1.3530227412381148,1.9506076313248404,0.9821489611329605,2.337221611703845,1.4416665528769248,998,2.5040494335736354,0.11725110786713523,0.9398797595190381,0.7274549098196392,0.1462925851703407,0.04008016032064128,2,0,0.0,0.0,0.0,0.0,,,
subject_01_task_2,1,2,,2,93,920.0,930.0,0.6203085388826213,30.0,0.5166666666666667,eye,中,4.733333333333333,3,74.33333333333333,0.5773502691896257,74.0,75.0,3.1578947368422585,3.7858129999380767,2.085314507857408,0.7216527297964149,4.337818643401873,2.959991969017769,2.889637109036773,6.010950231734885,2.1284613178300886,1.787812205534956,0.7324378598583404,1.1319957548264121,0.47642259672710247,2.4409063260065964,1.5455178068557918,3.450546099311178,1.9878170503623025,0.9933911887814285,2.1574045802431527,1.1037397329338257,2.0010415562480626,2.1717573143462188,4.722563426725454,3.488210676901829,1.2029578422246627,2.5352481808640968,0.9524344609553538,2.8996948641616447,2.1075120772109464,998,2.4859929859719436,0.11036363234751118,0.9448897795591182,0.779559118236473,0.1312625250501002,0.023046092184368736,2,0,0.0,0.0,0.0,0.0,,,
subject_01_task_2,1,2,,2,94,930.0,940.0,0.6269785231716818,30.0,0.5222222222222223,eye,中,4.733333333333333,1,77.0,,77.0,77.0,,3.8566987433320574,3.2723026208182806,0.6585264811204904,4.250698738720784,2.9907011994832864,4.969128371649413,6.454863791488189,2.922587294624685,3.0778706777189684,0.5692796861795307,1.2178874589440654,0.5239795828167735,5.406605491888773,2.1393481771980647,2.397967199440769,2.191245149874498,0.846399750776859,2.236663651578562,1.0599568262475938,2.588900986635791,2.6425618031263167,3.9427421133522365,4.540507737335755,0.9167176903362001,2.287220773133852,0.910695569917395,4.953005472895973,2.4950110565609673,998,2.4991823647294593,0.13103895004503796,0.9719438877755511,0.9238476953907816,0.04408817635270541,0.011022044088176353,2,0,0.0,0.0,0.0,0.0,,,
subject_01_task_2,1,2,,2,95,940.0,950.0,0.6336485074607422,30.0,0.5277777777777778,eye,中,4.733333333333333,3,76.66666666666667,0.5773502691896257,76.0,77.0,-5.769230769231229,3.983837902861642,2.8359597053653136,0.8224067199385104,3.9653682891383966,3.1202889607669535,3.448366406317001,4.821663287764573,3.1212767235623153,2.3584660661645116,0.6158140641647893,1.0758722745897453,0.4882394293900591,3.8298346910332914,1.7470732436890988,2.5908361203889,1.8766833437540953,0.9467001001698241,2.0207211631020616,1.0039865976158084,1.9823419723072238,2.134489224982203,4.305941673659224,3.1516141378736955,1.2802979674436055,2.201300895394285,0.9234224055745323,2.461625510635295,1.7193660783432025,998,2.5072032520325207,0.2823624672636579,0.9448897795591182,0.7284569138276553,0.13827655310621242,0.04208416833667335,2,0,0.0,0.0,0.0,0.0,,,
subject_01_task_2,1,2,,2,96,950.0,960.0,0.6403184917498026,30.0,0.5333333333333333,eye,中,4.733333333333333,1,73.0,,73.0,73.0,,3.3289200186377443,1.545705247755083,0.7154427302637882,3.664951012701863,2.737235386046017,2.16048774048647,5.122633661188468,1.5904515230957081,1.244131612011444,0.6134428058037529,0.9934559181609112,0.4199220717412702,2.0281134610118086,1.619476027368603,3.029253152847002,1.4170529461504664,0.9717770164579811,1.718861972735582,0.8060833216358723,1.458207924401697,1.7687822860851787,2.7224343261265855,2.301659036827963,1.1485825741228382,2.0220756861572364,0.681923539292934,2.003912551594924,1.7604965735280085,998,2.563417989417989,0.46832553764442136,0.7655310621242485,0.501002004008016,0.2565130260521042,0.11422845691382766,2,0,0.0,0.0,0.0,0.0,,,
subject_01_task_2,1,2,,2,97,960.0,970.0,0.6469884760388631,30.0,0.5388888888888889,eye,中,4.733333333333333,3,66.66666666666667,0.5773502691896257,66.0,67.0,-6.774193548387135,56.58310135359239,10.700394714089725,3.779952207404677,6.6143742724525545,3.9117558587509507,2.8308280441028746,1.7498565880000894,3.274906836942412,1.661245277875536,0.5821219832162386,1.259722901090605,0.527133466090663,2.853775197935515,2.164018775120988,3.4129915141384317,2.179380735272675,1.0902745154808025,2.4233945183816212,1.305031099529781,1.9989284389643696,2.2227379288168754,3.970070689746709,3.793421926640623,1.0777939477754037,2.402465561876465,0.8782914226915777,3.5196170237087987,2.229058315678261,999,2.418923312883436,0.1576924479345308,0.9209209209209209,0.6846846846846847,0.18118118118118118,0.035035035035035036,2,0,0.0,0.0,0.0,0.0,,,
subject_01_task_2,1,2,,2,98,970.0,980.0,0.6536584603279235,30.0,0.5444444444444444,eye,中,4.733333333333333,1,66.0,,66.0,66.0,,18.367840103813798,4.9526191120695096,1.480700720063009,6.581618882944581,5.9358153642798035,3.3447806467324193,4.444935288924902,3.4903907041747875,2.3161678395970777,0.6026522400025226,1.7540771221138953,1.4739054788555912,3.8432908497733,2.9105958721841856,6.4731954534872305,2.9637324487295023,1.1567640642185633,3.3063507025006476,2.163013479559484,2.5620889690514486,2.858275775306185,6.692800327871261,4.23456703793075,1.1781553579000272,3.1520018818394875,1.7214228527297568,3.594234843084316,2.675370324214026,998,2.378997701149425,0.10059349769427736,0.8527054108216433,0.781563126252505,0.07615230460921844,0.1312625250501002,2,0,0.0,0.0,0.0,0.0,,,
subject_01_task_2,1,2,,2,99,980.0,990.0,0.6603284446169839,30.0,0.55,eye,中,4.733333333333333,2,66.0,0.0,66.0,66.0,0.0,8.922326576736147,2.1680442941057385,0.9741224354542651,4.66822227014594,3.1943496301654566,2.2256383953365253,4.792233604566346,2.515814759471104,1.1410497754002884,0.6997456434362693,1.4951499661341208,0.9493202471674699,1.6306636362848776,2.1367049300826326,2.9907414917758928,1.5857976486323992,1.0575843345509817,2.676761249383015,1.6045803840865738,1.499452664742506,2.5310144656402147,6.623168838889318,2.0680040806497844,1.5082028740861289,2.390441231270971,1.162887689947109,1.371171024921205,1.584960002625257,998,2.46012625250501,0.08368047177360514,1.0,0.9799599198396793,0.012024048096192385,0.0,2,0,0.0,0.0,0.0,0.0,,,
subject_01_task_2,1,2,,2,100,990.0,1000.0,0.6669984289060444,30.0,0.5555555555555556,eye,中,4.733333333333333,3,67.66666666666667,0.5773502691896257,67.0,68.0,7.959183673469588,12.252548932143979,3.102031865977901,1.247172421162635,4.763657388578138,3.188237452068552,2.487251813254606,3.81956601007692,2.293303841201454,1.396688498418068,0.6254528462644114,1.7508874216658776,1.2490247537735548,2.233083607757083,2.799391564245415,3.023535060868943,1.7008528126517597,1.0690398687711418,2.4896445409566144,1.5812744881804375,1.5910097109913077,2.3288603294266785,3.402660598929613,2.437107895054751,1.2480325983371146,2.0647970512961504,0.8497156693760136,1.9527598063559932,1.654441601964001,998,2.3965363636363635,0.2289470472528812,0.9478957915831663,0.9218436873747495,0.05110220440881764,0.014028056112224449,2,0,0.0,0.0,0.0,0.0,,,
subject_01_task_2,1,2,,2,101,1000.0,1010.0,0.6736684131951048,30.0,0.5611111111111111,eye,中,4.733333333333333,1,69.0,,69.0,69.0,,3.956432322991149,2.0590839392888998,0.809384889415043,3.4075925275829424,2.3710692421315342,2.5440108485062485,4.210101488360711,2.6475468745851902,1.6471572300987167,0.7197647795447827,1.4188496515720372,0.8940793913220473,2.2884660057143473,1.9712685197925255,3.7529269035589357,1.7572258563832626,1.0891204365543794,1.8406616112026515,1.0945946528745196,1.613435757336948,1.6900441396783468,4.571346204468971,2.653261703266945,1.1896531030606425,2.015647729370244,0.6748399519306979,2.2302818329484873,1.694315531296098,998,2.548917450365726,0.20530008773407304,0.7535070140280561,0.5681362725450901,0.2094188376753507,0.0811623246492986,4,0,0.0,0.0,0.0,0.0,,,
subject_01_task_2,1,2,,2,102,1010.0,1020.0,0.6803383974841652,30.0,0.5666666666666667,eye,中,4.733333333333333,2,68.5,0.7071067811865476,68.0,69.0,19.999999999999716,24.497235175834366,7.824736673321829,2.7664394639412264,4.82059217869172,2.454984926374229,2.8284503511868886,1.7425258139659527,2.6607509441789556,1.2675012503094345,0.5097296368291137,1.2905388097833843,0.8181410120330606,2.4866147830724685,2.5318104276052447,3.96558677369534,1.7175507940841728,0.9418660606788374,1.4834345991638938,0.7258480084795497,1.8235616143194193,1.57499527915331,3.5378260972182614,2.2214799736239015,1.077130005361281,1.9246929665677683,0.6627295175352551,2.06240654569714,1.7868715540258353,999,2.660589189189189,0.1568018571121605,0.8008008008008008,0.5065065065065065,0.23523523523523523,0.14014014014014015,2,0,0.0,0.0,0.0,0.0,,,
subject_01_task_2,1,2,,2,103,1020.0,1030.0,0.6870083817732258,30.0,0.5722222222222222,eye,中,4.733333333333333,3,66.0,0.0,66.0,66.0,1.203160282934217e-13,15.253102421225492,3.536197746571551,1.0471676493825468,4.07889251819882,2.9849775940808723,3.376916531614244,3.895166662763028,2.0330756092110502,1.6644371582429967,0.5098798811878203,1.5319266499822959,1.060971679740426,3.2643711188711944,3.0044853827405524,2.897434207783786,2.0950043280799235,0.7556022314112729,1.985843411305538,1.0504675175016909,2.772628561679851,2.628159802541196,4.757496621714394,3.03331195450593,0.9758404312838512,1.8606941040686513,0.961361657478593,3.108409794534947,1.906760618250521,998,2.686215384615385,0.13158131116100355,0.935871743486974,0.6793587174348698,0.18036072144288579,0.05110220440881764,2,0,0.0,0.0,0.0,0.0,,,
subject_01_task_2,1,2,,2,104,1030.0,1040.0,0.6936783660622862,30.0,0.5777777777777777,eye,中,4.733333333333333,2,65.5,0.7071067811865476,65.0,66.0,29.999999999999574,11.021273336546496,3.4100930172021062,1.3133362774534094,3.4378444109111874,2.228484420805059,2.596511705147107,2.617642160602805,2.419205559305424,1.8639988361893478,0.5532497680163567,1.4289326009509187,1.044825440099775,3.3691814148835557,2.582798373462079,3.5781643140986943,1.9463241689564277,0.8889053970529626,1.584923319089375,0.8495464187943698,2.1895740259977994,1.7830056205575524,5.189781810039984,2.9476511757419055,1.3686573977721679,1.8496164063416927,0.7479814199345439,2.153680811969412,1.351409351494688,998,2.539038054968288,0.2409589761347698,0.8266533066132264,0.5781563126252505,0.18036072144288579,0.12324649298597194,2,0,0.0,0.0,0.0,0.0,,,
subject_01_task_2,1,2,,2,105,1040.0,1050.0,0.7003483503513467,30.0,0.5833333333333334,eye,中,4.733333333333333,1,67.0,,67.0,67.0,,8.068633911251851,2.6311056701329165,1.0633007012277513,3.2293143614731687,2.1808188333743983,2.47446998492043,3.037065956736798,1.9175815898826623,1.378347573650008,0.6181601047552151,1.2413490747806761,0.9635326713561924,2.2297582180522943,2.0081352148602947,3.3274996873344174,1.6781949721944103,0.8680547023024847,1.223770788914222,0.6522574524396736,1.9332825082832417,1.4097853345742068,2.7232041441755803,3.0173393430781528,1.5082654814130618,1.7258028181344585,0.7620887922652799,2.000535966818833,1.1442301368042915,998,2.4117989898989896,0.2752863662017649,0.9719438877755511,0.8376753507014028,0.11523046092184369,0.01603206412825651,2,0,0.0,0.0,0.0,0.0,,,
subject_01_task_2,1,2,,2,106,1050.0,1060.0,0.7070183346404071,30.0,0.5888888888888889,eye,中,4.733333333333333,2,72.0,0.0,72.0,72.0,-8.526512829121202e-13,10.130662931101655,2.441767531747631,1.0157866343623383,3.613188544294029,3.0098244729554797,2.40381931514629,3.5570349343710492,3.278144741743263,1.501499093818339,0.7637445014531389,1.4848496520522818,1.2402987541120096,1.965970414139167,1.9441706607735072,3.1745640112730396,1.6012051603102397,0.9242837791352231,1.4759315132045363,0.7832249262036565,1.7323739704794525,1.596838056149211,4.487218496364267,3.0453055668207494,1.5257213437063915,2.0458535230964254,0.7329629410365213,1.9959775612910253,1.340909027415512,998,2.340060120240481,0.13350278413914926,0.9579158316633266,0.812625250501002,0.1282565130260521,0.011022044088176353,2,0,0.0,0.0,0.0,0.0,,,
subject_01_task_2,1,2,,2,107,1060.0,1070.0,0.7136883189294675,30.0,0.5944444444444444,eye,中,4.733333333333333,3,84.33333333333333,4.618802153517006,79.0,87.0,55.890410958904006,9.18900242164553,2.9065248664547116,1.0606661792533956,4.640046462357375,5.674188543953838,2.7402824029899953,4.374652980472622,3.218329957373189,1.95965175655142,0.911466463567273,2.256983546734202,2.790110231813223,2.1499987491385997,2.4762112891141164,4.166841000285899,2.0889609147747352,1.1553375175676566,2.168103371755766,1.3863078419693844,1.8080958014525879,1.8765973914880696,8.726275706690542,3.3512183018074633,1.6144183332873183,2.575109648282169,1.4910074427278062,2.075805404776115,1.5950696267420772,999,2.419718717683558,0.18190840041067063,0.8618618618618619,0.6266266266266266,0.22922922922922923,0.055055055055055056,2,0,0.0,0.0,0.0,0.0,,,
subject_01_task_2,1,2,,2,108,1070.0,1080.0,0.720358303218528,30.0,0.6,eye,中,4.733333333333333,1,80.0,,80.0,80.0,,8.297566744991512,3.592996668818273,1.7358282130096943,5.7325940201936705,5.257757378059081,2.069903370557906,3.302512297719898,2.353818091576413,1.6072530875660584,0.659434459311662,1.4760336162034857,1.2015970372412097,2.437320441585292,2.2383325520237674,3.444755634622133,1.891764396733521,1.3230431477403561,2.548297401828232,1.8518860859684634,1.429858429004747,1.9260879028628088,4.080756645483745,3.451359169821345,1.3027306058329502,2.250214058035315,1.3687151737920429,2.6493268480589567,1.7273057437662296,998,2.449329820864067,0.17679278725857467,0.8466933867735471,0.5801603206412825,0.23246492985971945,0.0781563126252505,2,0,0.0,0.0,0.0,0.0,,,
subject_01_task_2,1,2,,2,109,1080.0,1090.0,0.7270282875075884,30.0,0.6055555555555555,eye,中,4.733333333333333,2,72.0,1.4142135623730951,71.0,73.0,-30.0,70.49080648531175,9.054547939784982,3.8618166436811796,5.889964526764207,3.607667536480151,2.3446343457554635,1.5251797457555485,3.0200247259394035,1.9225733973559231,0.6943352651522483,1.259946402521068,1.009090445693267,2.768941020062342,1.8146081090160342,4.228143585002049,1.6959265600498494,0.9115065362521075,1.4860541585660338,0.6892819787338758,1.8605753141640493,1.6303274847334897,6.3155082850806314,3.529660081314215,1.463349993663849,1.9400449850932653,0.8956952923330084,2.4120409311492605,1.325755966442379,998,2.371786802030457,0.10261033734327951,0.93687374749499,0.7875751503006012,0.12625250501002003,0.021042084168336674,2,0,0.0,0.0,0.0,0.0,,,
subject_01_task_2,1,2,,2,110,1090.0,1100.0,0.7336982717966488,30.0,0.6111111111111112,eye,中,4.733333333333333,2,68.0,1.4142135623730951,67.0,69.0,-40.00000000000014,5.652853329948503,2.427061184442236,0.9336803700310635,3.6620915944493433,2.7853909918647712,2.599456154745427,3.9222111891754836,2.186944903140899,1.9971511884074369,0.6059400829575703,1.2009828063227497,0.7403121155038344,3.295954904748038,1.9820157802745095,5.964104632472471,2.2327498970915354,0.9553137060667116,1.2195988046659048,0.5605404695075646,2.3371902684034325,1.2766474477659566,14.56404704256831,4.8070918985246385,1.593944019630813,2.039979548695403,0.7897977717810835,3.015847381916242,1.2798313639445758,998,2.476694189602447,0.15982072946975823,0.9348697394789579,0.7294589178356713,0.1623246492985972,0.033066132264529056,2,0,0.0,0.0,0.0,0.0,,,
subject_01_task_2,1,2,,2,111,1100.0,1110.0,0.7403682560857093,30.0,0.6166666666666667,eye,中,4.733333333333333,3,69.0,1.0,68.0,70.0,12.8571428571432,7.07819127518883,2.5389678741447685,1.030694910336832,4.359735706925133,3.731015685112892,2.4633554009838194,4.229899326368429,2.1138658078756563,1.5026827526474884,0.5836032130925688,1.2480045390974324,0.8519896584232459,2.5748363253256095,2.1384469980624985,3.060254287846959,1.9796740563872002,0.9120922640133198,1.3859239942322374,0.6626104844008807,2.170475657447622,1.5194997796977237,2.877786684774071,2.7422376669786197,1.2486496494680874,2.035429687541743,0.9187276664884564,2.1961626050564194,1.6301047202542491,998,2.5322976313079297,0.12601650597397418,0.9168336673346693,0.6723446893787575,0.15831663326653306,0.06312625250501001,5,0,0.0,0.0,0.0,0.0,,,
subject_01_task_2,1,2,,2,112,1110.0,1120.0,0.7470382403747697,30.0,0.6222222222222222,eye,中,4.733333333333333,1,73.0,,73.0,73.0,,22.95728100816495,3.587583867466037,1.4970650149744553,5.392390735790415,4.015423434318095,2.396411532953532,3.601974985623738,4.0144190910526945,1.2252361998764847,0.6937817013199571,1.3024647521751311,0.7439821655322736,1.7660255344662548,1.8773408835907919,3.7346832715986418,1.7510107679622382,0.8955160248233129,1.388908414003612,0.7017447207639009,1.9553092512305585,1.5509587494848531,4.033268240226866,2.0052449337342426,1.2159533379229241,2.352919947901169,1.2112231020174253,1.6491133920974108,1.9350413165692664,999,2.529817356205853,0.09151476086421029,0.94994994994995,0.6896896896896897,0.16316316316316315,0.03303303303303303,5,0,0.0,0.0,0.0,0.0,,,
subject_01_task_2,1,2,,2,113,1120.0,1130.0,0.7537082246638301,30.0,0.6277777777777778,eye,中,4.733333333333333,2,74.0,1.4142135623730951,73.0,75.0,-24.000000000000085,4.629250690814436,1.3771348303105868,0.790908665786276,4.249954362796551,3.8198877755444127,1.741205893782335,5.373508404502674,1.9054651468317145,1.0351222981039776,0.5478794156257437,1.3302390131183748,1.0666723010251418,1.8893250386524274,2.427977717686442,2.176540169478944,1.1858767599355216,0.9544146156061709,1.4765788464727452,0.6949818271562129,1.2425173929072153,1.5471041854644436,8.38097221840222,2.5766198063335852,1.393078543306543,1.773574420411357,0.7139527950644752,1.8495868870522165,1.2731331115054632,998,2.6069565217391304,0.16145811783936273,0.9719438877755511,0.7364729458917836,0.15430861723446893,0.02404809619238477,13,1,32.44648929785872,0.12978595719143488,0.012978595719143487,0.0032446489297858717,1.0,-1.000088900581841e-12,2.3424
subject_01_task_2,1,2,,2,114,1130.0,1140.0,0.7603782089528907,30.0,0.6333333333333333,eye,中,4.733333333333333,3,73.33333333333333,0.5773502691896257,73.0,74.0,-1.4299396722704296e-13,103.30964883030899,10.91058070389419,3.1766720226148775,5.469617733062981,3.290480925510576,3.434594640624293,1.7218075061336253,4.357251386643209,1.7123041556077132,0.7300656613138341,1.3663123626759803,0.8541966981326031,2.3454111682588,1.8714924356490754,5.780884845793019,1.9493295491664029,1.1451400402727492,1.546827192824777,0.759598983433831,1.7022630251424202,1.35077557191726,7.988846148701566,3.3895808697523653,1.2086255027740889,1.492520938545854,0.594302029940405,2.8044922616413888,1.234891151245904,998,2.5084488977955908,0.19566604328619053,0.9549098196392786,0.6613226452905812,0.19739478957915832,0.01903807615230461,8,1,100.02000400080016,0.40008001600320064,0.040008001600320066,0.010002000400080016,1.0,-1.000088900581841e-12,2.3424
subject_01_task_2,1,2,,2,115,1140.0,1150.0,0.7670481932419511,30.0,0.6388888888888888,eye,中,4.733333333333333,1,74.0,,74.0,74.0,,75.57076082172405,8.066599660330473,3.1996568662851725,5.088852388195418,4.431554968038935,2.5210827277538232,1.5904369127254627,2.9929227877839963,1.465557479529406,0.6917641537089417,1.1062360159710405,0.7113550737355313,2.1185796801868344,1.5991519798183802,4.253155772914499,1.6091254684883074,0.9372683645363958,1.9838842544596509,1.1555484656259258,1.7168246890358179,2.1166661860404794,5.369259115268352,2.612323658122034,1.124659917943512,1.6298197271630903,0.7432551768291625,2.322767635303282,1.4491667224553395,998,2.3930781563126255,0.13992988609613116,0.9468937875751503,0.6973947895791583,0.19539078156312625,0.028056112224448898,8,1,100.02000400080016,0.40008001600320064,0.040008001600320066,0.010002000400080016,1.0,-1.000088900581841e-12,2.3424
subject_01_task_2,1,2,,2,116,1150.0,1160.0,0.7737181775310115,30.0,0.6444444444444445,eye,中,4.733333333333333,2,80.5,0.7071067811865476,80.0,81.0,59.99999999999915,36.2765624040081,6.292878735906758,2.252761115295799,5.487704650992767,3.9790095154545426,2.7934070297908487,2.435990489063552,3.92227676427539,1.8001060860001061,0.7263103496290956,2.811389419241594,2.04166075189269,2.478425492517579,3.8707825390031747,4.736576121502598,2.1980422060574565,1.0204276742887588,1.9737245423798733,1.1740207189646905,2.154040174958503,1.9342130678252776,10.44276844236017,3.441705190910044,1.7912572067579504,2.183727142589458,0.9679888329813556,1.9213908409832938,1.2191030603259096,998,2.613145325203252,0.1723290289540332,0.9498997995991983,0.6983967935871743,0.17034068136272545,0.041082164328657314,16,2,87.51350270054488,1.070054010802231,0.10700540108022309,0.008751350270054487,0.7998765657858781,0.5005734920860219,2.607695060574202
subject_01_task_2,1,2,,2,117,1160.0,1170.0,0.780388161820072,30.0,0.65,eye,中,4.733333333333333,3,86.66666666666667,1.5275252316519468,85.0,88.0,-15.4054054054056,45.95255621851459,5.639131466751572,1.4629701893410039,4.7726672443020135,4.346864329156866,3.854577152588272,3.262313394404752,3.4096238691702307,1.8234616954998268,0.6246345853475661,1.0631580599580297,0.6706553328236359,2.919245488920848,1.7020480211905902,4.046505325740709,2.1443343743590777,1.0120695975406533,1.9738728380582498,1.2800504446031067,2.118761772480714,1.9503331024415664,4.225084225428187,3.160627593323964,1.3198201507443337,1.9789352343244069,0.8548686244518572,2.394741125555234,1.499397651421184,998,2.658754048582996,0.09920317404413669,0.9659318637274549,0.8927855711422845,0.06813627254509018,0.023046092184368736,0,0,0.0,0.0,,,,,
subject_01_task_2,1,2,,2,118,1170.0,1180.0,0.7870581461091324,30.0,0.6555555555555556,eye,中,4.733333333333333,1,81.0,,81.0,81.0,,24.7155367612445,4.982142230843472,1.7933050205181535,5.266495189406907,4.766699090243741,2.7781900869289613,2.9367537196127502,2.3350465253086714,1.2777746851033347,0.6328856347941814,1.4753531154736976,0.8872735605594237,2.018966168380288,2.3311527934324063,3.125604167624468,1.795741917583094,1.0101390825222893,1.8354272502390538,1.0240422463414065,1.7777174932180388,1.8170044917537918,4.203954441143349,2.0976479087537583,1.3172279781222638,2.115955240453354,0.9334812662133757,1.5924714199769727,1.606369797481597,999,2.631134419551935,0.10970183970972135,0.9719719719719719,0.8168168168168168,0.1091091091091091,0.01901901901901902,0,0,0.0,0.0,,,,,
subject_01_task_2,1,2,,2,119,1180.0,1190.0,0.7937281303981929,30.0,0.6611111111111111,eye,中,4.733333333333333,2,75.0,0.0,75.0,75.0,0.0,35.47695410822555,10.647115705601017,3.8050102099226257,6.155989315734281,3.660601397605436,2.7981832158651487,1.617864072921755,3.357459574417043,2.6421339933985,0.7491627516782157,1.1031254845126155,0.5531524661344547,3.5267823813714694,1.472477752052515,3.757410332629369,2.4047595922408007,1.1192760743295036,1.7159042284456394,0.9463952454953128,2.1484954850673095,1.5330482512757566,5.503274190488978,4.297064975928704,1.2792588254377486,1.830158104320283,0.7624624231245686,3.3590270322804257,1.4306394202080432,998,2.699534068136273,0.13119585129062192,0.9639278557114228,0.7044088176352705,0.1813627254509018,0.021042084168336674,0,0,0.0,0.0,,,,,
subject_01_task_2,1,2,,2,120,1190.0,1200.0,0.8003981146872533,30.0,0.6666666666666666,eye,中,4.733333333333333,3,73.66666666666667,1.1547005383792517,73.0,75.0,-13.972602739726153,14.12997400398905,4.486875725014283,1.628920004275261,3.7945146610825984,2.959890676188692,2.7545095604683074,2.3294665490776225,1.6317044588919754,1.761151701281704,0.6372995635880007,0.8826775771171409,0.4552393077690964,2.7634597635159337,1.385027744484337,2.633368039811614,1.4319074936407787,1.0342356400563173,1.547716776763429,0.7483862849391012,1.38450797688891,1.4964836994779556,4.524683577019566,2.779496084765869,1.283683177113099,1.6359072037053,0.7411573402345059,2.165250845630566,1.2743854814583804,998,2.697346315789474,0.31409357612806404,0.8517034068136272,0.6172344689378757,0.20440881763527055,0.07214428857715431,8,7,161.03452486550765,1.1167820567465854,0.11167820567465854,0.016103452486550766,0.5186062246278755,1.4116006625270505,2.4434248562246275
subject_01_task_2,1,2,,2,121,1200.0,1210.0,0.8070680989763137,30.0,0.6722222222222223,eye,中,4.733333333333333,1,72.0,,72.0,72.0,,4.460591761622441,2.407092949887863,0.7505280471947303,4.272918503111984,3.265161086312508,3.2071991964656372,5.693216288295941,1.7923183474851203,1.4868329099790147,0.5785192572495785,1.144391855700643,0.5049063076450765,2.5700664089347356,1.9781396061755327,2.377852148197583,1.538704541274683,0.8935378836928798,1.5918913256841276,0.6513740845255517,1.7220361546568237,1.7815599704682255,5.787797609773187,3.1840393159008795,1.1182788379091948,2.063153996985492,0.6516292820093832,2.84726779043227,1.8449369933914659,998,2.715399577167019,0.22943887604564941,0.7735470941883767,0.45090180360721444,0.23647294589178355,0.12625250501002003,8,7,170.26276682756,1.1807803518149458,0.11807803518149458,0.017026276682756,0.5186062246278754,1.4116006625270505,2.443424856224628
subject_01_task_2,1,2,,2,122,1210.0,1220.0,0.8137380832653742,30.0,0.6777777777777778,eye,中,4.733333333333333,3,71.0,1.7320508075688772,70.0,73.0,-27.209302325581124,8.174384423072958,2.9815879112905685,1.0097039296342147,4.371069731188184,3.0957342623127357,2.9529328586159984,4.329060829516322,1.5926694406705992,1.6694264059901673,0.552263137050062,1.0265328052717138,0.47499897867102475,3.022882198706005,1.8587748057112488,3.3497533636018333,1.8190824759322912,0.8882887199799445,1.3204595934073473,0.5520846478187397,2.047850473631323,1.486520726546162,5.409051722662682,3.3489579735735773,1.1673591352480128,1.6644674867410825,0.6067320221590339,2.8688326260984542,1.4258401176493607,998,2.690725165562914,0.17860905969679608,0.8286573146292585,0.46392785571142287,0.24549098196392785,0.13927855711422846,8,7,170.26276682756,1.1807803518149458,0.11807803518149458,0.017026276682756,0.5186062246278754,1.4116006625270505,2.443424856224628
subject_01_task_2,1,2,,2,123,1220.0,1230.0,0.8204080675544346,30.0,0.6833333333333333,eye,中,4.733333333333333,1,69.0,,69.0,69.0,,4.370479139444038,2.8465605372045957,0.7690879579475394,4.555444735568218,3.726549358280128,3.7012158463658635,5.9231778218518825,2.4018442172938115,2.038871001294224,0.6003408834598829,1.12999545255926,0.570184461976495,3.3961888278269647,1.8822563708253106,3.9214695760628384,2.2859815485325274,0.8970102791650825,1.3400052440585546,0.5068568785014975,2.5484452091900986,1.493857177763673,5.006334998628307,2.947993257747792,1.201188492015887,2.045591063786807,0.6454608057614655,2.4542303538059547,1.702972578728095,999,2.5971483007209066,0.13798992434716484,0.8658658658658659,0.6196196196196196,0.20520520520520522,0.06306306306306306,8,7,170.26276682756,1.1807803518149458,0.11807803518149458,0.017026276682756,0.5186062246278754,1.4116006625270505,2.443424856224628
subject_01_task_2,1,2,,2,124,1230.0,1240.0,0.827078051843495,30.0,0.6888888888888889,eye,中,4.733333333333333,3,62.333333333333336,0.5773502691896258,62.0,63.0,-10.645161290322507,5.961447660475209,2.590134199809583,0.9225229512414794,4.980050444347474,3.803465357211251,2.8076636969561855,5.398294359664009,2.1936085563743415,1.5818120921073933,0.590587957872765,1.0783465385097275,0.5470471817283532,2.6783683463592998,1.825886430860895,3.202190332721244,1.7977928187956205,0.7579962490142631,1.2789045659290412,0.4943338609103674,2.3717700729173288,1.6872175391266035,4.049328285026505,2.6690990188957873,1.2955800632135708,2.0106202060087397,0.6596534996312284,2.0601575268728087,1.551907337182679,998,2.474522267206478,0.15534334463214372,0.9108216432865731,0.7555110220440882,0.125250501002004,0.03707414829659319,8,7,170.26276682756,1.1807803518149458,0.11807803518149458,0.017026276682756,0.5186062246278754,1.4116006625270505,2.443424856224628
subject_01_task_2,1,2,,2,125,1240.0,1250.0,0.8337480361325555,30.0,0.6944444444444444,eye,中,4.733333333333333,1,67.0,,67.0,67.0,,5.5111799075259595,2.1563777954680425,0.943248666743518,4.006284368649144,2.3816228206821233,2.2861180423532903,4.247325768803346,1.561262477780365,1.4342632426231479,0.572105933362597,1.067576030840619,0.47663910924881914,2.506988931565793,1.866046073960216,2.8604685017130924,1.7255256285530987,0.8538663220979961,1.4477790192992708,0.5081704076869578,2.0208381381214195,1.6955569997678313,3.1621919388852953,2.705259862090818,0.8556838537345155,2.0022703446816066,0.5974811480660248,3.1615179488126137,2.3399650886749477,998,2.532253507014028,0.09430206520129417,0.9539078156312625,0.8106212424849699,0.10320641282565131,0.013026052104208416,8,7,170.26276682756,1.1807803518149458,0.11807803518149458,0.017026276682756,0.5186062246278754,1.4116006625270505,2.443424856224628
subject_01_task_2,1,2,,2,126,1250.0,1260.0,0.840418020421616,30.0,0.7,eye,中,4.733333333333333,3,75.66666666666667,0.5773502691896257,75.0,76.0,-2.1428571428570113,3.7291466929258905,1.5252592588340308,0.9540081356046769,4.048589444873418,2.2591000634909193,1.5987906202364606,4.2437682591745505,2.2930408469047614,1.2531486359229376,0.6202561238105363,1.0736193601752353,0.5043630466456422,2.020372855368575,1.7309290774583042,3.506523394464578,1.6553385505612432,1.066940429283528,1.2361841658179955,0.47082577065586706,1.55148169956671,1.1586252914308608,7.83946452093766,2.4392637719813197,1.3173996110999264,1.9588109918652454,0.5989264389554102,1.851574686548392,1.4868768560131806,998,2.5455921843687377,0.20287660725760165,0.8276553106212425,0.62625250501002,0.18236472945891782,0.06813627254509018,8,7,170.26276682756,1.1807803518149458,0.11807803518149458,0.017026276682756,0.5186062246278754,1.4116006625270505,2.443424856224628
subject_01_task_2,1,2,,2,127,1260.0,1270.0,0.8470880047106764,30.0,0.7055555555555556,eye,中,4.733333333333333,1,68.0,,68.0,68.0,,12.015548678000826,2.4336102722701023,1.4073124943636897,4.476789450600151,3.6096553327480283,1.7292607590828282,3.1810912420160897,3.312830543343507,1.3281099869478925,0.6817760725618623,1.249963113018557,0.7061859750603148,1.9480149573999368,1.8333924631905278,3.276365301033982,1.7846875580551955,1.0203379147660894,1.333049998009836,0.8227969593187725,1.749114222090171,1.3064789406707829,10.480712088434752,2.568088985942399,1.5602448599856604,2.2539326393439887,1.5038065809208572,1.6459525371972714,1.4446018680457013,998,2.4790010593220337,0.25094580581035364,0.7585170340681363,0.44589178356713427,0.2715430861723447,0.12625250501002003,8,7,170.26276682756,1.1807803518149458,0.11807803518149458,0.017026276682756,0.5186062246278754,1.4116006625270505,2.443424856224628
subject_01_task_2,1,2,,2,128,1270.0,1280.0,0.8537579889997369,30.0,0.7111111111111111,eye,中,4.733333333333333,2,67.0,0.0,67.0,67.0,0.0,11.67260661645932,3.6652751083717723,1.1154683460783648,4.507310564425155,3.674537546313862,3.285862051807857,4.040733724333316,2.4014637812597113,1.635205156651775,0.6344039823735871,1.1148119800014817,0.4999357818885946,2.577545542090934,1.7572587987712103,3.0830367918371504,2.050211607586443,0.9505552701784006,1.3623537628152862,0.5772486257493057,2.1568568098114467,1.4332188832739827,4.693603050067039,2.526280110675393,1.238942948052541,2.2988745784226423,0.7322961837275029,2.0390608902906955,1.8555128644431753,999,2.554865828092243,0.245161691138062,0.7907907907907908,0.4924924924924925,0.24424424424424424,0.1031031031031031,8,7,170.26276682756,1.1807803518149458,0.11807803518149458,0.017026276682756,0.5186062246278754,1.4116006625270505,2.443424856224628
subject_01_task_2,1,2,,2,129,1280.0,1290.0,0.8604279732887973,30.0,0.7166666666666667,eye,中,4.733333333333333,2,63.5,0.7071067811865476,63.0,64.0,-15.000000000000213,10.726720533575811,2.4283312147432934,0.9788592041694871,4.923210728480706,4.207293456517119,2.4807768108015193,5.02953918960981,2.5447163509776063,1.3868805894596496,0.5586831580268625,1.1550036551222134,0.4826287399464169,2.482409876749794,2.0673679500227187,4.173136533030683,1.7734920346953413,0.9385499365557944,1.4557584772588905,0.6560109618871907,1.8896086032497554,1.5510719467960343,8.52490945012144,2.7688260085521814,1.2364931650177777,2.131819544849772,0.7865293196053998,2.239257026958473,1.7240851831308923,998,2.61031532524807,0.22214189083903063,0.7364729458917836,0.45791583166332667,0.23547094188376755,0.16032064128256512,8,7,170.26276682756,1.1807803518149458,0.11807803518149458,0.017026276682756,0.5186062246278754,1.4116006625270505,2.443424856224628
subject_01_task_2,1,2,,2,130,1290.0,1300.0,0.8670979575778578,30.0,0.7222222222222222,eye,中,4.733333333333333,3,64.66666666666667,0.5773502691896257,64.0,65.0,9.23076923076922,2.8042522487678543,3.3623449335681546,0.7840951104429815,4.794022367303268,3.4646794776761025,4.288185054066423,6.114082722177469,1.4936669655109138,2.3120375174552894,0.5368159721860017,1.0567599854602745,0.5454313822817318,4.306946211082911,1.9685703112688253,2.977046922017423,2.1516152833801168,0.9007690421046304,1.5339837502708213,0.6593039795485638,2.388642574075267,1.7029712152259322,5.251466790212903,4.367687559443542,1.1678161857322558,2.2079180187770873,0.8144751450082478,3.7400471176933303,1.8906383091382284,998,2.538803278688525,0.259068413085854,0.6963927855711423,0.3807615230460922,0.2695390781563126,0.187374749498998,8,7,170.26276682756,1.1807803518149458,0.11807803518149458,0.017026276682756,0.5186062246278754,1.4116006625270505,2.443424856224628
subject_01_task_2,1,2,,2,131,1300.0,1310.0,0.8737679418669182,30.0,0.7277777777777777,eye,中,4.733333333333333,1,72.0,,72.0,72.0,,49.41630966995722,7.4276747358409665,1.817321006764654,4.571023197728902,3.0236936844432827,4.087156153586939,2.5152535962078697,2.9304071530361395,1.3806606883639796,0.5582032014741071,1.1699196236123528,0.4343346484027091,2.4734015941111065,2.0958669182169154,3.3762377384264433,1.7397482846081758,0.8953713586895271,1.4980160062681742,0.5582328739406188,1.9430466115807923,1.6730667021342773,10.141512985250179,2.936485038397638,1.1278390362239499,2.228521735569819,0.6869402626970021,2.603638413003603,1.9759217973435277,998,2.645841836734694,0.2291348931728868,0.908817635270541,0.5340681362725451,0.24348697394789579,0.05911823647294589,8,7,170.26276682756,1.1807803518149458,0.11807803518149458,0.017026276682756,0.5186062246278754,1.4116006625270505,2.443424856224628
subject_01_task_2,1,2,,2,132,1310.0,1320.0,0.8804379261559786,30.0,0.7333333333333333,eye,中,4.733333333333333,2,76.5,2.1213203435596424,75.0,78.0,29.99999999999993,5.987358650370207,2.5343212279507465,0.9191267971091909,4.221328160647758,3.446904716798018,2.757314046246519,4.592759316695529,1.9910213507603378,1.7203053966491,0.7825951415956345,3.687301916189476,3.6999617885115526,2.1982060777192745,4.711634049594827,2.4702929403653453,1.6855951649307568,0.9210804391257484,1.7767302571060108,1.185004127916148,1.8300195002845292,1.9289631845752906,3.0711467944825617,3.0422016773144507,1.1590435589955579,2.2332379569631406,1.0942010443583114,2.624751808250297,1.9267938116997894,998,2.533741127348643,0.1757103980736605,0.8256513026052105,0.5230460921843687,0.23446893787575152,0.09719438877755511,8,7,170.26276682756,1.1807803518149458,0.11807803518149458,0.017026276682756,0.5186062246278754,1.4116006625270505,2.443424856224628
subject_01_task_2,1,2,,2,133,1320.0,1330.0,0.8871079104450391,30.0,0.7388888888888889,eye,中,4.733333333333333,3,77.33333333333333,0.5773502691896257,77.0,78.0,-10.645161290322507,24.848114072392775,5.136874274395415,2.2213154977264535,4.528399859050531,3.075376360719693,2.3125369987528,2.0386117432149597,2.728669946473224,1.672500262970136,0.7432458325028798,2.525714466903613,3.048475609034907,2.2502652417679796,3.3982221715233454,3.230687609529392,1.5906942796650891,0.7891385932094399,1.613862483629719,1.0525616081859577,2.0157349968092535,2.045093849821884,4.172464248260433,2.560605849547297,1.1707410128817115,1.7248582374647061,0.8760270832245595,2.1871667784530016,1.4733047006007478,999,2.5873265086206896,0.25925575596078937,0.7847847847847848,0.5535535535535535,0.24324324324324326,0.11611611611611612,8,7,170.26276682756,1.1807803518149458,0.11807803518149458,0.017026276682756,0.5186062246278754,1.4116006625270505,2.443424856224628
subject_01_task_2,1,2,,2,134,1330.0,1340.0,0.8937778947340995,30.0,0.7444444444444445,eye,中,4.733333333333333,1,76.0,,76.0,76.0,,64.51772835136096,6.096956934502114,1.5306746262141668,4.025800123301751,2.6711340716134813,3.9831828594309298,2.6300822228031597,2.92219520982396,1.9151638528709014,0.7748928944127008,2.3498959865701963,2.9989357286746134,2.471520731032672,3.0325429533731967,4.555691061635558,2.0906016554612252,1.0262363504358205,1.4696993323682028,0.9718548152967126,2.0371541648991403,1.4321255836865,6.57094257808789,4.050398073982337,1.5256017342203778,1.9952341700692766,0.8798975550663157,2.6549511469008626,1.3078342304644097,998,2.564989247311828,0.3056827328224917,0.7935871743486974,0.501002004008016,0.2605210420841683,0.11523046092184369,8,7,170.26276682756,1.1807803518149458,0.11807803518149458,0.017026276682756,0.5186062246278754,1.4116006625270505,2.443424856224628
subject_01_task_2,1,2,,2,135,1340.0,1350.0,0.9004478790231599,30.0,0.75,eye,中,4.733333333333333,3,72.66666666666667,0.5773502691896257,72.0,73.0,-1.906586229693906e-13,5.900816769177586,1.7248136380138694,0.7760116269544801,3.4476201136014506,2.531259720673806,2.22266468452675,4.442742858289266,2.0809582492332908,1.5874767961119824,0.67299519137803,2.7029938877787067,2.582015700099605,2.358823386035572,4.016364340202842,2.728736964294768,1.6739597729550766,0.9933150334613928,1.3363309217960464,0.8732708842924238,1.6852254486895757,1.3453243701943685,6.917707925988407,3.6624401379783422,1.2227599975013768,1.834551075246873,0.8485748180411602,2.9952240386194173,1.5003361894367233,998,2.406546739130435,0.1709735994173774,0.7925851703406813,0.5220440881763527,0.23647294589178355,0.1282565130260521,8,7,170.26276682756,1.1807803518149458,0.11807803518149458,0.017026276682756,0.5186062246278754,1.4116006625270505,2.443424856224628
subject_01_task_2,1,2,,2,136,1350.0,1360.0,0.9071178633122204,30.0,0.7555555555555555,eye,中,4.733333333333333,2,84.0,0.0,84.0,84.0,0.0,20.91582663387277,3.657248415693753,1.3590345186450778,4.118588174236894,3.121987817076865,2.6910636672716266,3.0305250659438876,1.9574230031512583,1.5146391550425686,0.8864532068509711,2.3668872546809796,3.005128061080987,1.7086509962811913,2.670064518226619,3.5730314527470286,1.747684559980669,0.8524843184425194,1.5872100441102395,0.8710763272821899,2.0501075763759173,1.8618642123647,3.280224773584861,2.637834662746394,1.4090841679310149,2.1252206296286342,0.8275175101435016,1.87202065198105,1.508228307432576,998,2.3613748733535966,0.18974398064639822,0.8136272545090181,0.6302605210420842,0.20240480961923848,0.04609218436873747,8,7,170.26276682756,1.1807803518149458,0.11807803518149458,0.017026276682756,0.5186062246278754,1.4116006625270505,2.443424856224628
subject_01_task_2,1,2,,2,137,1360.0,1370.0,0.9137878476012808,30.0,0.7611111111111111,eye,中,4.733333333333333,2,75.5,0.7071067811865476,75.0,76.0,-60.00000000000128,3.227373477769172,1.4170328418167313,0.7677058074470107,3.6014313975602965,3.038407643298701,1.8458019049367933,4.691160810072259,2.1144008311113502,1.024211746982214,0.7832967711460571,2.5274689547217384,2.8024037218256432,1.3075653886376544,3.2267067193750183,2.978765397503233,1.3628202355303427,0.9979920089101492,1.5392322478280167,0.9042685956506783,1.3655622724059704,1.5423292311818464,4.321860014963915,1.8669893562349467,1.2268736527451887,1.7581678956359508,0.7461182761713389,1.5217454153143386,1.433047234898203,998,2.404808617234469,0.514826443811538,0.8266533066132264,0.6312625250501002,0.19739478957915832,0.06913827655310621,8,7,170.26276682756,1.1807803518149458,0.11807803518149458,0.017026276682756,0.5186062246278754,1.4116006625270505,2.443424856224628
subject_01_task_2,1,2,,2,138,1370.0,1380.0,0.9204578318903412,30.0,0.7666666666666667,eye,中,4.733333333333333,2,73.0,0.0,73.0,73.0,-8.526512829121202e-13,3.5792073917491924,1.704357988646119,0.736604331901561,3.5214289176358164,2.5006900437762276,2.3138039172893263,4.780624773879848,2.661497551587521,1.536955158375785,0.6763749586252827,2.3820729870141,2.5890335851719932,2.2723418996759026,3.521823149478525,3.147484669371125,1.7281851909611512,1.0333452197542914,1.4652305458739876,0.8651773232650605,1.6724180437705791,1.4179487337468788,5.580125600074088,2.758451748848703,1.126507609125663,1.9601440472481502,0.8108453897923876,2.4486756471975104,1.7400184706870403,998,2.376333333333333,0.2629973633443488,0.7895791583166333,0.531062124248497,0.24448897795591182,0.08817635270541083,8,7,170.26276682756,1.1807803518149458,0.11807803518149458,0.017026276682756,0.5186062246278754,1.4116006625270505,2.443424856224628
subject_01_task_2,1,2,,2,139,1380.0,1390.0,0.9271278161794018,30.0,0.7722222222222223,eye,中,4.733333333333333,1,74.0,,74.0,74.0,,3.1212041039658898,3.856594012006203,0.7229591297517471,3.9636672110005304,2.401107875553,5.334456476579108,5.482560559628857,2.3905153575935327,2.1027488886575676,0.8096549867457048,2.1959156743229955,2.3365738547170345,2.5970924938155115,2.7121622299260726,2.511262505367867,2.3267665262635635,0.8194699003225676,1.4131141936463762,0.8005652815609087,2.8393556924393186,1.7244247690978431,5.299738636770518,3.5339564946109405,1.3285175136109906,1.7031991556906678,0.7930661428571963,2.6600752029270835,1.28202988537296,999,2.367194331983806,0.15892218880792142,0.8698698698698699,0.5875875875875876,0.24724724724724725,0.04904904904904905,8,7,170.26276682756,1.1807803518149458,0.11807803518149458,0.017026276682756,0.5186062246278754,1.4116006625270505,2.443424856224628
subject_01_task_2,1,2,,2,140,1390.0,1400.0,0.9337978004684622,30.0,0.7777777777777778,eye,中,4.733333333333333,2,72.5,0.7071067811865476,72.0,73.0,19.999999999999858,15.91532860991193,6.1015904109274945,1.0540276359317196,3.852988404957167,2.7035197583418356,5.788833426112139,3.655490874820635,1.98001807708999,2.7695378882890704,0.7695556130325358,2.3136102526285174,2.595500941536431,3.5988794589845683,3.0064237248708117,3.566764448092758,2.437391452493525,0.9581640610321454,1.4715994903091354,0.7929418997597747,2.543814312830664,1.5358533576430653,4.354683064844815,4.419463099304196,1.4216128897246996,2.129667310860857,0.7946780475644161,3.108766902190962,1.4980641539296078,998,2.43403582395087,0.18900579981278515,0.8537074148296593,0.6713426853707415,0.16633266533066132,0.07014028056112225,8,7,170.26276682756,1.1807803518149458,0.11807803518149458,0.017026276682756,0.5186062246278754,1.4116006625270505,2.443424856224628
subject_01_task_2,1,2,,2,141,1400.0,1410.0,0.9404677847575226,30.0,0.7833333333333333,eye,中,4.733333333333333,2,70.0,0.0,70.0,70.0,-4.263256414560601e-13,2.335752717043849,1.9208804490176297,0.6722659192301115,4.193429547124938,2.811637115020388,2.8573223691265643,6.237754179071451,1.6544723497893337,1.5531179413141152,0.6752129522792146,2.1660906295041116,2.5108511255057624,2.3001897935628883,3.2080110759018554,2.041698383761903,1.5888467899781333,0.7784908163406515,1.313251625008434,0.816114031743849,2.0409319630083944,1.6869198678302484,4.1908517638401905,2.563200440832693,1.3473809636004994,2.045889986315754,0.9960893848606305,1.9023576182813624,1.5184198393665025,998,2.5079661190965092,0.26290018559668815,0.7855711422845691,0.40080160320641284,0.2865731462925852,0.10320641282565131,8,7,170.26276682756,1.1807803518149458,0.11807803518149458,0.017026276682756,0.5186062246278754,1.4116006625270505,2.443424856224628
subject_01_task_2,1,2,,2,142,1410.0,1420.0,0.9471377690465831,30.0,0.7888888888888889,eye,中,4.733333333333333,3,70.0,0.0,70.0,70.0,-2.1316282072803008e-13,10.896408166300688,5.710690197913583,0.6626781387542484,3.83264494584214,2.7483483858655164,8.61759255956287,5.783569310203941,1.8816380886942865,2.997952238707145,0.4760875841086682,1.3690863924497887,0.9825068775149806,6.297060328342557,2.8757027869420164,2.6778597403729716,2.567288615853742,0.838599290438886,1.0253496735753123,0.46492700999453945,3.0614008920877285,1.2226932281789664,8.862012921956163,5.896917875159244,1.2001974164540454,1.9086113545046197,0.7257795632664629,4.913289925737007,1.5902478445117523,998,2.5456287234042554,0.15538249012330901,0.7274549098196392,0.45490981963927857,0.24949899799599198,0.13026052104208416,8,7,170.26276682756,1.1807803518149458,0.11807803518149458,0.017026276682756,0.5186062246278754,1.4116006625270505,2.443424856224628
subject_01_task_2,1,2,,2,143,1420.0,1430.0,0.9538077533356435,30.0,0.7944444444444444,eye,中,4.733333333333333,1,71.0,,71.0,71.0,,16.095599567868693,1.8923650740396551,0.8758070780218793,3.4805514439032894,3.0135414241976,2.160709957167508,3.974107461844855,2.2805428325336865,1.2587514810327747,0.6940478639020204,1.528783404653731,1.3056515449531918,1.813637857706128,2.2027060152000573,2.9625016540270304,1.5843362462889357,0.9418599753140382,1.1677297007943404,0.5286582342433921,1.6821356547831654,1.239812425838556,7.960638811930038,2.5881456262258715,1.6157239382960213,2.058534151320608,0.6924553292741642,1.6018489080228568,1.2740630391919452,998,2.485554153522608,0.15435528723010425,0.7134268537074149,0.4248496993987976,0.2635270541082164,0.1312625250501002,8,7,170.26276682756,1.1807803518149458,0.11807803518149458,0.017026276682756,0.5186062246278754,1.4116006625270505,2.443424856224628
subject_01_task_2,1,2,,2,144,1430.0,1440.0,0.960477737624704,30.0,0.8,eye,中,4.733333333333333,3,69.66666666666667,2.0816659994661326,68.0,72.0,-23.835616438356258,13.528540534439921,2.68432923416611,0.9783630522330115,3.9341752931840994,2.499104885483063,2.7436944067331743,4.021181384767909,1.9205612583070746,1.458757575848657,0.5917321722209536,1.4575503721255079,1.1416408092032209,2.465232827164846,2.463192708712915,6.762990822564557,1.9193722479038857,0.9249812295149289,1.233696466845577,0.5272782419534519,2.075039132318855,1.3337529751739308,6.417439525032324,2.971414241800217,1.1180350976614963,2.1736531110521904,0.7319460966213022,2.657711057564547,1.9441725180172296,999,2.458959669079628,0.13335680212876455,0.7577577577577578,0.45645645645645644,0.2832832832832833,0.1041041041041041,8,7,170.26276682756,1.1807803518149458,0.11807803518149458,0.017026276682756,0.5186062246278754,1.4116006625270505,2.443424856224628
subject_01_task_2,1,2,,2,145,1440.0,1450.0,0.9671477219137644,30.0,0.8055555555555556,eye,中,4.733333333333333,2,70.0,0.0,70.0,70.0,-1.2789769243681803e-12,4.353110918555413,2.071114637302306,0.7915216831566264,4.032908180814129,3.5680994098457086,2.6166240058549017,5.095132915033607,2.368720622299565,1.63834296045545,0.666561721778819,1.3856027433516276,1.1295420753636465,2.457901356956545,2.0787313433689842,3.475453364153285,2.1746013604558145,1.2623630553470289,1.5951771463937425,0.7067880773780291,1.722643380004501,1.2636437193222687,6.554777216299466,4.34509110350914,1.3163183812125874,2.1066309895738136,0.7535445756012962,3.3009423597856764,1.6003962412446093,998,2.448676130389064,0.30039269079369013,0.7094188376753507,0.374749498997996,0.2905811623246493,0.13226452905811623,8,7,170.26276682756,1.1807803518149458,0.11807803518149458,0.017026276682756,0.5186062246278754,1.4116006625270505,2.443424856224628
subject_01_task_2,1,2,,2,146,1450.0,1460.0,0.9738177062028248,30.0,0.8111111111111111,eye,中,4.733333333333333,2,70.5,0.7071067811865476,70.0,71.0,19.999999999999716,8.09681068143431,3.0123608265382966,0.9860298209469077,4.8178848318351575,4.386164712159099,3.055040286353059,4.886145154523247,2.5428083697811794,1.8747429169155005,0.7771235419039441,1.571531255882699,1.444460955710766,2.4124129766065265,2.0222412153831613,2.948791068836611,2.101229695000525,1.062182556782833,1.4153438854865588,0.6481196741430423,1.9782189808923112,1.3324864699090808,4.376881539023037,3.327536073911657,1.5149807252905678,1.7821703283552537,0.6801259784527584,2.196421392274445,1.17636501811826,998,2.4071082995951416,0.15308333021531398,0.748496993987976,0.4148296593186373,0.3046092184368738,0.08316633266533066,8,7,170.26276682756,1.1807803518149458,0.11807803518149458,0.017026276682756,0.5186062246278754,1.4116006625270505,2.443424856224628
subject_01_task_2,1,2,,2,147,1460.0,1470.0,0.9804876904918853,30.0,0.8166666666666667,eye,中,4.733333333333333,1,76.0,,76.0,76.0,,5.081297850642416,2.196278164238744,0.9626606614400048,4.9134432177654555,4.191187516867754,2.2814666187287855,5.104024101717874,2.494993082314525,1.5720822698678567,0.666808973753605,1.5309998665687343,1.3050672495937097,2.3576201457192183,2.2960096921767876,3.0023685699403577,1.6781780948915965,0.9307060847177752,1.479650681668049,0.7158251602290899,1.8031235880449656,1.589815201559292,4.954709622157739,3.9577922477009593,1.3784537380286377,2.177800962305388,0.7858132028478213,2.871182498558929,1.5798868705016664,998,2.3900053248136315,0.17056014881542592,0.7565130260521042,0.4318637274549098,0.2655310621242485,0.13827655310621242,8,7,170.26276682756,1.1807803518149458,0.11807803518149458,0.017026276682756,0.5186062246278754,1.4116006625270505,2.443424856224628
subject_01_task_2,1,2,,2,148,1470.0,1480.0,0.9871576747809457,30.0,0.8222222222222222,eye,中,4.733333333333333,2,75.5,0.7071067811865476,75.0,76.0,14.999999999999893,4.326510160933036,1.854738581158048,0.8259308269623664,4.43438828970597,3.2615497550599937,2.2456342839017913,5.368958446574634,1.7529413335074615,1.4055688427858908,0.6546401448540579,1.445514954101067,1.1714456359907361,2.1470862333064544,2.2081061869850998,2.5233508284917425,1.5319685100137774,0.9383456838197384,1.4734992729211291,0.7212686131963403,1.6326270120171165,1.570316034196409,3.6019435596310854,2.8757195968898075,1.3364354745309088,1.8934986209889317,0.7361684895275876,2.1517833458433078,1.4168275663690781,998,2.478396907216495,0.15823007177771176,0.814629258517034,0.44188376753507014,0.30561122244488975,0.0841683366733467,8,7,170.26276682756,1.1807803518149458,0.11807803518149458,0.017026276682756,0.5186062246278754,1.4116006625270505,2.443424856224628
subject_01_task_2,1,2,,2,149,1480.0,1490.0,0.9938276590700061,30.0,0.8277777777777777,eye,中,4.733333333333333,2,74.0,1.4142135623730951,73.0,75.0,59.99999999999979,4.397619671436738,1.5167410675899624,0.8679852202568397,4.32550045486008,3.359650926499757,1.747427297369365,4.983380308687918,1.4604946496273292,1.0625433326507767,0.5569547521401838,1.0650902237759212,0.7521964699126586,1.9077731693064681,1.9123460562696508,2.2540320553254056,1.5064123843912094,0.9607662525926939,1.283536008561383,0.5828493414845161,1.5679280785790006,1.3359503470252756,2.9918402706015192,1.712872357394729,1.1920174861911514,2.0306078197555464,0.980310052741312,1.4369523746399586,1.7035050603527127,999,2.429726726726727,0.12042981806244459,0.8958958958958959,0.6346346346346347,0.23023023023023023,0.024024024024024024,8,7,170.26276682756,1.1807803518149458,0.11807803518149458,0.017026276682756,0.5186062246278754,1.4116006625270505,2.443424856224628
subject_01_task_2,1,2,,2,150,1489.25390625,1499.25390625,1.0,30.0,0.8329188368055556,eye,中,4.733333333333333,2,77.0,0.0,77.0,77.0,-4.263256414560601e-13,3.840494727645563,1.5380216202973283,0.8986477740848144,5.895072585850055,6.150904336506397,1.7114843709078944,6.559936780407222,2.639234635006048,1.1954924185709725,0.6705634269819188,2.06399271125758,1.4195128355405924,1.7828178073350367,3.077997737734113,5.781246496809523,1.54053150416783,0.9720085114191772,2.085849157791208,1.5042461528881508,1.584895076606462,2.145916556580119,4.342838017440633,2.38982836593328,1.2722220052891362,2.029732082208755,1.2086041187127659,1.8784680315210764,1.5954228694130004,998,2.51331799591002,0.2013687810481831,0.8697394789579158,0.5901803607214429,0.24348697394789579,0.06212424849699399,8,7,170.26276682756,1.1807803518149458,0.11807803518149458,0.017026276682756,0.5186062246278754,1.4116006625270505,2.443424856224628
