sample_id,subject,task,repeat_id,label_task,window_id,window_start_sec,window_end_sec,progress_end_ratio,task_required_time_min,elapsed_required_ratio,anchor_source,task_difficulty,nasa_tlx_weighted_task_label,hr_n,hr_mean,hr_std,hr_min,hr_max,hr_slope_bpm_per_min,eeg_frontal_delta_power,eeg_frontal_theta_power,eeg_frontal_alpha_power,eeg_frontal_beta_power,eeg_frontal_gamma_power,eeg_frontal_theta_alpha,eeg_frontal_beta_alpha,eeg_central_delta_power,eeg_central_theta_power,eeg_central_alpha_power,eeg_central_beta_power,eeg_central_gamma_power,eeg_central_theta_alpha,eeg_central_beta_alpha,eeg_parietal_delta_power,eeg_parietal_theta_power,eeg_parietal_alpha_power,eeg_parietal_beta_power,eeg_parietal_gamma_power,eeg_parietal_theta_alpha,eeg_parietal_beta_alpha,eeg_occipital_delta_power,eeg_occipital_theta_power,eeg_occipital_alpha_power,eeg_occipital_beta_power,eeg_occipital_gamma_power,eeg_occipital_theta_alpha,eeg_occipital_beta_alpha,eye_n,eye_pupil_filtered_mean,eye_pupil_filtered_std,eye_valid_ratio,eye_fixation_ratio,eye_saccade_ratio,eye_eyes_not_found_ratio,eye_aoi_interval_n,eye_aoi_unique_hit_n,eye_aoi_total_fix_ms,eye_aoi_fixation_n,eye_aoi_fixation_density_per_sec,eye_aoi_coverage_ratio,eye_aoi_max_share,eye_aoi_entropy,eye_aoi_pupil_weighted_mean
subject_05_task_1,5,1,,1,1,0.0,10.0,0.007078040930983571,30.0,0.005555555555555556,eye,中,4.066666666666666,1,81.0,,81.0,81.0,,8.360199257080943,2.3247257914782558,1.4655451191752449,3.1645755275741774,1.6030129558875044,1.5862533067467253,2.1593163432287126,7.738561064035459,3.606708075281825,2.4502607409920727,4.036858649191657,1.7803507922452544,1.471969090857459,1.647522070470425,11.08099711300363,4.54193846989209,3.1657689102236164,6.164546405711803,2.9749279286121073,1.4347031001613022,1.9472509145578685,20.937275471544673,11.086356157491949,6.9988439819257176,8.410315316837321,3.7661816468106224,1.5840267601509757,1.201672067352363,951,3.226206098843323,0.22043691926102413,0.9989484752891693,0.8990536277602523,0.08412197686645637,0.0,0,0,0.0,0.0,,,,,
subject_05_task_1,5,1,,1,2,10.0,20.0,0.014156081861967143,30.0,0.011111111111111112,eye,中,4.066666666666666,2,77.0,0.0,77.0,77.0,-8.526512829121202e-13,6.75384765802198,2.1763327249706617,1.4375821738752828,3.2644025785615907,2.2217971803251837,1.5138840509575413,2.2707589436517273,7.318352612055154,4.041908898416258,2.070986545159404,4.104764008180576,1.8788111495191455,1.951682838241304,1.9820331608502226,13.68883493484342,4.989870301217305,3.4184492796709764,6.405042023473172,3.5388826761483663,1.4596882659313808,1.8736688771610654,12.81727607819753,10.486316340479,6.3233287113431205,8.628394660952347,5.579455112808611,1.6583538226738226,1.364533626960477,998,3.160856697819314,0.1805047388079316,0.9438877755511023,0.8106212424849699,0.13326653306613226,0.03507014028056112,3,3,332.29487896117297,1.0587135056112138,0.10587135056112137,0.033229487896117293,0.7149532710280374,0.6929983105775273,3.399284766355141
subject_05_task_1,5,1,,1,3,20.0,30.0,0.021234122792950713,30.0,0.016666666666666666,eye,中,4.066666666666666,2,73.5,0.7071067811865476,73.0,74.0,-20.000000000000284,6.131639639562625,2.45689219186964,1.3870793909490544,2.683035708294327,1.5160943918826737,1.7712700569998436,1.9343057980686784,8.07561836224989,3.7840965162562448,2.2461348932938723,3.998654951251049,1.5402405035762783,1.68471471929587,1.78023811623672,12.844078531851919,4.761879812292532,3.3125385171325674,5.698451522768563,2.8049498064153053,1.4375319072258088,1.7202672492096223,14.689519917163556,10.043706058085089,7.232394005443001,7.068644093395633,3.7044446777455122,1.3887111308546427,0.9773588231055814,998,3.1801723446893786,0.2035438051096347,0.9919839679358717,0.9288577154308617,0.06412825651302605,0.003006012024048096,3,3,337.38945980421664,1.0749451777959322,0.10749451777959322,0.03373894598042167,0.7149532710280374,0.6929983105775273,3.3992847663551404
subject_05_task_1,5,1,,1,4,30.0,40.0,0.028312163723934285,30.0,0.022222222222222223,eye,中,4.066666666666666,2,77.0,1.4142135623730951,76.0,78.0,19.99999999999993,5.806097749105792,2.1854676544243166,1.237481539683631,2.7224361176955916,1.4577948343921316,1.7660608133055815,2.199981195995536,5.937614203353056,4.26193008119955,2.155431356624144,3.8512995521283293,1.4926908020813157,1.9772979863643734,1.786788310512597,9.688645366340145,4.724436832894397,2.9543363904905333,5.301469187132268,2.472425798156366,1.5991533151409203,1.7944703941625348,9.753335110739886,7.0795729149575095,4.8294020373833915,8.728449440497505,3.626962390037898,1.465931570856188,1.8073561432517737,998,3.1613306613226455,0.1548117337299241,1.0,0.9438877755511023,0.041082164328657314,0.0,3,3,337.38945980421664,1.0749451777959322,0.10749451777959322,0.03373894598042167,0.7149532710280374,0.6929983105775273,3.3992847663551404
subject_05_task_1,5,1,,1,5,40.0,50.0,0.03539020465491786,30.0,0.027777777777777776,eye,中,4.066666666666666,3,77.33333333333333,0.5773502691896257,77.0,78.0,7.164179104477301,8.971949981600206,2.2722511860645134,1.285381804209807,3.2136509845371872,2.32204573175399,1.767763615933079,2.5001528526481596,7.084020639891496,3.6828197808001506,2.278360801298786,4.455767201330166,1.9796970989054004,1.6164339637079204,1.9556898972235401,9.220340254443526,4.379592991009779,2.4981697002636585,6.424945460712248,3.575217161535831,1.753120690939272,2.571861094958503,10.220392091155778,10.841650216753166,7.025834472124283,8.394801282046265,4.805797517198031,1.5431121043014209,1.1948475750963814,999,3.079733733733734,0.15751002504333328,1.0,0.953953953953954,0.04604604604604605,0.0,3,3,337.38945980421664,1.0749451777959322,0.10749451777959322,0.03373894598042167,0.7149532710280374,0.6929983105775273,3.3992847663551404
subject_05_task_1,5,1,,1,6,50.0,60.0,0.042468245585901426,30.0,0.03333333333333333,eye,中,4.066666666666666,1,78.0,,78.0,78.0,,5.6261891033932105,1.9027899611264942,1.121567608566074,2.7196903135423733,1.5607903050594716,1.6965450380287055,2.4249009090227758,9.042061346048511,4.406512736256868,2.1747075873140846,4.230192530188348,1.7211845563308141,2.0262552823017543,1.945177620598147,11.263779789714231,4.119565588474207,2.606979702140681,6.256245170231288,2.7929193484541006,1.5802062383115179,2.3998058615853695,9.181988642227019,11.15960810531036,5.35133803481591,7.292390860865827,3.692151841017076,2.0853865019749698,1.3627228953621298,998,3.1393967935871743,0.14364388454242943,1.0,0.8907815631262525,0.0781563126252505,0.0,3,3,337.38945980421664,1.0749451777959322,0.10749451777959322,0.03373894598042167,0.7149532710280374,0.6929983105775273,3.3992847663551404
subject_05_task_1,5,1,,1,7,60.0,70.0,0.049546286516884995,30.0,0.03888888888888889,eye,中,4.066666666666666,2,79.5,0.7071067811865476,79.0,80.0,29.999999999999574,4.335749610426129,2.133732533961816,1.1739477391560174,2.5919725586861726,1.4525991152027506,1.8175702910725937,2.207911367970785,5.990878408887952,4.351432561059688,1.9399319063952178,3.8899301631938994,1.5868056241253603,2.2430852066068243,2.005189022547791,8.356766728034996,4.229128773351883,2.571135638122551,5.370602824864969,2.8120744501473887,1.644848568331464,2.0888057188560443,7.861940457652197,6.70829603359288,4.617087462497168,7.956375395763558,4.296789172281353,1.4529280824939526,1.7232455439473793,998,3.1258587174348698,0.1600215854269855,1.0,0.9649298597194389,0.03006012024048096,0.0,3,3,337.38945980421664,1.0749451777959322,0.10749451777959322,0.03373894598042167,0.7149532710280374,0.6929983105775273,3.3992847663551404
subject_05_task_1,5,1,,1,8,70.0,80.0,0.05662432744786857,30.0,0.044444444444444446,eye,中,4.066666666666666,2,78.5,0.7071067811865476,78.0,79.0,-15.00000000000032,5.478498085781082,2.057004381704622,1.2532532519317159,3.011183546680031,2.0735115130789628,1.641331772755455,2.4026935833110423,9.361975153928572,3.8803043632380683,1.9469309236325965,4.771464119055195,3.0039685990177767,1.993036484313563,2.4507618945989957,12.053160010532931,5.079595235555339,2.9224179886164725,8.415461783100618,6.217858346649697,1.7381480867355716,2.8796229067439647,9.980356541480006,7.737550984685466,6.342952046185963,9.677470802529955,8.000621798027218,1.2198659123299032,1.5257045508248874,998,3.3491557128412532,0.24016912483184086,0.9829659318637275,0.9108216432865731,0.06513026052104208,0.009018036072144289,3,3,337.38945980421664,1.0749451777959322,0.10749451777959322,0.03373894598042167,0.7149532710280374,0.6929983105775273,3.3992847663551404
subject_05_task_1,5,1,,1,9,80.0,90.0,0.06370236837885214,30.0,0.05,eye,中,4.066666666666666,2,75.5,0.7071067811865476,75.0,76.0,-20.000000000000426,5.308741149050266,2.0759654983280957,1.2526277609319578,3.077489899632944,1.892519026353788,1.657288432425905,2.456827156172305,6.220065521462675,3.619060279312155,2.0846830210809864,4.578672316748583,2.251579792364009,1.7360242505527466,2.1963398130303617,10.528469008955065,4.664803118869046,3.023099783433629,7.811230964514939,4.719777550537689,1.5430529764289735,2.5838482101450726,10.898953955885302,7.561774329161087,4.94766280150526,9.4865047912529,5.914100402402574,1.5283528066748038,1.9173709227651405,998,3.3836813627254507,0.1710313651261588,0.9839679358717435,0.9408817635270541,0.04909819639278557,0.0,3,3,337.38945980421664,1.0749451777959322,0.10749451777959322,0.03373894598042167,0.7149532710280374,0.6929983105775273,3.3992847663551404
subject_05_task_1,5,1,,1,10,90.0,100.0,0.07078040930983572,30.0,0.05555555555555555,eye,中,4.066666666666666,3,72.66666666666667,0.5773502691896257,72.0,73.0,2.2388059701491163,6.0479331008195585,2.2433499822287652,1.0754860732875013,2.861357251356469,1.7418806369295465,2.0858940324270177,2.6605246896503183,9.19889426937658,3.636546339300494,1.7639287667460601,3.885766533101766,1.9438384032399745,2.061617457494541,2.202904451901357,10.207545607241597,4.591328854224434,2.5789980902115603,6.659392421200403,4.170795089332243,1.780276174554204,2.5821626027858438,10.600451670501963,6.126998003392882,3.170185020561392,8.418456069653322,5.17012300413782,1.9326941372992428,2.6555093835382957,999,3.2522662662662665,0.18750912649311124,1.0,0.9629629629629629,0.037037037037037035,0.0,3,3,337.38945980421664,1.0749451777959322,0.10749451777959322,0.03373894598042167,0.7149532710280374,0.6929983105775273,3.3992847663551404
subject_05_task_1,5,1,,1,11,100.0,110.0,0.07785845024081928,30.0,0.06111111111111111,eye,中,4.066666666666666,2,72.0,0.0,72.0,72.0,-1.2180732613030289e-13,6.3562605039097235,2.509108269971858,1.4112971029440111,3.1436058877596214,2.0463082117776596,1.7778738897272428,2.2274586132161387,8.692966674998166,4.72723516543996,2.1235317056578693,4.281870420251275,2.2150033927630086,2.2261194183467414,2.0163910945350136,15.851314599998723,5.5737363529125705,3.04262688992872,7.240373102884627,5.0274311124337,1.831882959873252,2.379645406688116,12.962448439919788,8.73195627443941,5.2019046392557575,10.294793397819703,6.730768452225218,1.678607525509868,1.9790430835911268,998,3.5141292585170336,0.1997786044551454,0.998997995991984,0.9278557114228457,0.052104208416833664,0.0,3,3,337.38945980421664,1.0749451777959322,0.10749451777959322,0.03373894598042167,0.7149532710280374,0.6929983105775273,3.3992847663551404
subject_05_task_1,5,1,,1,12,110.0,120.0,0.08493649117180285,30.0,0.06666666666666667,eye,中,4.066666666666666,2,70.0,1.4142135623730951,69.0,71.0,-24.000000000000085,6.1544136657669695,2.4803589320332504,1.2312746117734614,3.2737992257630735,2.1388022207137936,2.0144644487233236,2.6588700802071035,19.568510577945712,4.7746553799273155,1.8728318279130323,3.9700600432922193,1.89225498920181,2.5494309252784837,2.1198166242807868,11.723020409960593,4.549489280847785,2.5745973243467213,7.617327128516909,4.481244605461451,1.767068285912312,2.958647962725484,10.727399151403894,9.693296084988232,5.5091214029918225,8.856433788525273,5.301774752545804,1.7594994511691322,1.607594594614603,998,3.3968507014028053,0.20342873569392084,0.9839679358717435,0.8897795591182365,0.07615230460921844,0.013026052104208416,3,3,337.38945980421664,1.0749451777959322,0.10749451777959322,0.03373894598042167,0.7149532710280374,0.6929983105775273,3.3992847663551404
subject_05_task_1,5,1,,1,13,120.0,130.0,0.09201453210278643,30.0,0.07222222222222222,eye,中,4.066666666666666,2,66.5,0.7071067811865476,66.0,67.0,-30.000000000000213,4.8905769762342555,2.3530838780857337,1.4468628075908043,3.7428457715468,2.0441208659765513,1.6263351754848778,2.5868698482747483,6.362273444984793,3.693268380503213,2.1256193798275347,4.3791612362995584,1.872308404703868,1.7375022149087067,2.0601812713313086,12.76589372371469,5.426788566433551,3.3625011655387116,7.235129079677883,3.932579760853521,1.6139142558673631,2.151710504617396,8.732731046774886,8.543637793869197,7.570254797490942,8.448162637913649,4.176928854226131,1.1285799517211585,1.1159680702839325,998,3.365685222672065,0.21486232038594444,0.9789579158316634,0.8647294589178357,0.10521042084168336,0.017034068136272545,3,3,337.38945980421664,1.0749451777959322,0.10749451777959322,0.03373894598042167,0.7149532710280374,0.6929983105775273,3.3992847663551404
subject_05_task_1,5,1,,1,14,130.0,140.0,0.09909257303376999,30.0,0.07777777777777778,eye,中,4.066666666666666,1,65.0,,65.0,65.0,,5.281892745231718,1.9976371666636001,1.1661298350885732,3.2500473388167603,1.9190506850701001,1.7130486731023995,2.787037292952807,5.686991471843263,3.676251343236048,1.905338409611753,4.38944206893117,1.8435974346964938,1.9294479787373575,2.303759818616997,11.673024993058135,4.156573356264234,3.0390143239884146,7.271565283562394,3.649782213622738,1.3677373362324696,2.392738075027946,11.642215824032128,8.024385761716678,4.953989098419008,8.941763311009492,4.019803625804951,1.6197826846808245,1.804962250293026,998,3.3954112820512825,0.2593299850493291,0.9569138276553106,0.8166332665330661,0.12224448897795591,0.027054108216432865,3,3,337.38945980421664,1.0749451777959322,0.10749451777959322,0.03373894598042167,0.7149532710280374,0.6929983105775273,3.3992847663551404
subject_05_task_1,5,1,,1,15,140.0,150.0,0.10617061396475357,30.0,0.08333333333333333,eye,中,4.066666666666666,2,65.0,0.0,65.0,65.0,0.0,4.553360462860291,2.143623584728716,1.1867335438514255,2.845570654932707,2.056959529303116,1.8063225699105119,2.397817664863244,4.632730048880325,3.2419019120251202,1.6161552264269308,3.0991642433972753,1.5106240363431684,2.0059347388260864,1.9176154571792265,10.523189865846664,4.1970237635620045,2.331667760431923,5.673215146706131,2.704315021500225,1.800009347294204,2.433114718563168,19.09070432131031,8.883789685845862,5.827195721226276,7.535040789756973,4.450884282242136,1.5245394372949526,1.2930818098849266,999,3.3634275510204077,0.19060727599713087,0.97997997997998,0.9129129129129129,0.05305305305305305,0.01901901901901902,3,3,327.03160338822767,1.0419443608375984,0.10419443608375985,0.03270316033882276,0.7149532710280373,0.6929983105775274,3.3992847663551395
subject_05_task_1,5,1,,1,16,150.0,160.0,0.11324865489573714,30.0,0.08888888888888889,eye,中,4.066666666666666,3,64.0,0.0,64.0,64.0,4.1408406830666324e-14,10.683971578985203,2.7189336395854005,1.2694433229420905,2.779810002210628,1.6692181664506198,2.141831455132584,2.189786619041863,4.396136567824702,3.3766038015055195,1.682034864104857,3.3856607297777974,1.5392755498644923,2.0074517321628025,2.0128362390274077,8.667394105398852,4.143895944544183,2.7166266481021686,5.392536708076198,2.7040916141378917,1.5253829404342707,1.985012078065058,9.380068874492373,9.15213717928839,4.476899938386475,6.849775235568631,3.2663587425870215,2.044302375582449,1.5300264311999272,998,3.2312284569138274,0.1514818145264319,0.998997995991984,0.9779559118236473,0.01903807615230461,0.0,3,3,79.3096964640956,0.42411602387216896,0.0424116023872169,0.007930969646409559,0.536541889483066,0.9894200243830118,3.230793190730838
subject_05_task_1,5,1,,1,17,160.0,170.0,0.12032669582672072,30.0,0.09444444444444444,eye,中,4.066666666666666,1,64.0,,64.0,64.0,,5.239231347021501,2.1299339455993747,1.125601372206038,2.907257415875703,1.5308239942556716,1.8922631032556136,2.5828481447013893,3.9977558950452146,2.735509348751151,1.5983485771362373,3.5175052435356258,1.5357616918783563,1.7114598078801846,2.200712218756401,8.48771195969179,4.132496035122248,2.3885193349051073,5.719341553880889,2.9207185086023597,1.7301497102121748,2.3945134001220514,9.653757396271546,8.957421702050079,4.868565298058442,8.792178754705114,4.387234199390289,1.8398483236164564,1.8059075346512017,998,3.316668711656442,0.22550596054682465,0.9779559118236473,0.8687374749498998,0.09118236472945891,0.02004008016032064,3,3,180.0038503497401,0.9625874350253482,0.09625874350253481,0.01800038503497401,0.5365418894830659,0.9894200243830119,3.230793190730838
subject_05_task_1,5,1,,1,18,170.0,180.0,0.12740473675770428,30.0,0.1,eye,中,4.066666666666666,3,66.0,0.0,66.0,66.0,3.2369055803313384e-13,4.827669326675689,2.139645566189127,1.2796914955984302,3.0417375525471417,1.6723173914458533,1.6720010827207623,2.376930348454582,5.4453021992198805,3.3044127021799317,1.8305892739963878,4.033401897997071,1.6031099474960175,1.8051087423701642,2.2033352621976685,10.265622879460683,4.336832164877598,2.507090709351786,6.581671598970409,3.4633209078722462,1.729826586928279,2.6252227629498557,8.73283726449125,9.388875055049366,5.9359058167075505,9.630329977240434,4.917881400166176,1.5817088991915749,1.6223859128853324,998,3.5034959016393445,0.20748502814965503,0.9769539078156313,0.9008016032064128,0.07014028056112225,0.022044088176352707,3,3,180.0038503497401,0.9625874350253482,0.09625874350253481,0.01800038503497401,0.5365418894830659,0.9894200243830119,3.230793190730838
subject_05_task_1,5,1,,1,19,180.0,190.0,0.13448277768868785,30.0,0.10555555555555556,eye,中,4.066666666666666,2,68.5,0.7071067811865476,68.0,69.0,14.999999999999787,5.047809027657249,1.8685813150356496,1.1605116745305777,2.465223149179502,1.1573229121621937,1.6101357324056935,2.1242553636323174,3.0532588541142265,2.704895655397722,1.8542391009032964,3.6946282856821075,1.4278311553660996,1.4587631412151898,1.992530674108998,7.772210304508184,3.3822533220089745,2.4695793123269647,6.0578937339249155,3.2415249711473315,1.3695665918184428,2.453006349578162,7.206564697768246,8.94560002885895,6.007937019141164,8.69527059124529,3.832917799123793,1.488963682601607,1.4472972275745128,998,3.3777024048096194,0.1871647524184831,1.0,0.9038076152304609,0.07615230460921844,0.0,3,3,121.68260283642414,0.6507091060771344,0.06507091060771344,0.012168260283642414,0.536541889483066,0.9894200243830118,3.2307931907308385
subject_05_task_1,5,1,,1,20,190.0,200.0,0.14156081861967143,30.0,0.1111111111111111,eye,中,4.066666666666666,2,70.5,0.7071067811865476,70.0,71.0,-9.999999999999929,5.437238689935958,1.858658845157866,1.2727015743860908,3.207495841872506,2.279307399468655,1.4604042947416183,2.520226191611098,5.440920727726781,2.698095373858624,2.0770393585443006,4.113029779537637,2.0480027926519497,1.299010229517072,1.980236803225658,13.99533393217959,4.012135832638432,2.7148851943796544,6.326148725494049,3.064567597853432,1.4778289118612975,2.330171728289071,10.081310792331793,10.18621535020223,7.87144423497887,10.307645259367105,5.993191862952979,1.294071970291939,1.3094986068201213,998,3.250070140280561,0.17647260078170873,0.9939879759519038,0.8997995991983968,0.08016032064128256,0.0,3,2,301.7966951438838,0.9697392086330902,0.09697392086330901,0.030179669514388382,0.6851044296534313,0.622961842488895,3.4356035483130603
subject_05_task_1,5,1,,1,21,200.0,210.0,0.148638859550655,30.0,0.11666666666666667,eye,中,4.066666666666666,2,68.5,0.7071067811865476,68.0,69.0,-10.0,3.9054252927422692,1.6717539946989983,1.3665992823240123,4.749568112287916,2.8594918563208784,1.2232949455791062,3.4754651006481523,4.914674363193812,2.2091727415896143,1.4814032538411688,4.040556177217929,2.0242298231446774,1.4912703451011013,2.727519442623787,7.311709633162097,3.2206771742059837,2.2624546717437255,6.5351171044625875,3.033931432064138,1.4235322432885402,2.888507418990995,8.328791571780725,5.1970223168418554,7.246743015319308,10.811935544447122,6.675546836679203,0.7171528376065731,1.491971706681353,999,3.324403403403404,0.17315043914926578,0.993993993993994,0.9329329329329329,0.056056056056056056,0.001001001001001001,3,2,979.5413669064749,3.1474820143884896,0.31474820143884896,0.09795413669064748,0.6851044296534313,0.622961842488895,3.43560354831306
subject_05_task_1,5,1,,1,22,210.0,220.0,0.15571690048163855,30.0,0.12222222222222222,eye,中,4.066666666666666,2,68.0,0.0,68.0,68.0,-2.8421709430404007e-13,3.78809913522465,1.878330689795069,1.1577138855544662,2.510762724489185,1.3331561257810498,1.62244809640119,2.168724721900265,4.192755420589397,2.832751836722195,1.6844904417934174,3.328129181984673,1.517529067426049,1.6816669103246822,1.975748332796315,8.622848663441076,4.391680268015955,2.4513750867604083,5.904389595205873,2.601771894890867,1.7915170516886256,2.408603084487068,8.765339723764267,6.1547485899314465,5.2914992105215495,7.99794299849346,4.0841442016241905,1.163138903563176,1.5114701297867439,998,3.3019138276553104,0.1736409286588126,0.9929859719438878,0.9328657314629258,0.05911823647294589,0.0,3,2,979.5413669064749,3.1474820143884896,0.31474820143884896,0.09795413669064748,0.6851044296534313,0.622961842488895,3.43560354831306
subject_05_task_1,5,1,,1,23,220.0,230.0,0.16279494141262213,30.0,0.12777777777777777,eye,中,4.066666666666666,2,68.0,1.4142135623730951,67.0,69.0,-17.142857142857203,3.2568968236863474,1.7166643131351913,0.9385285151660366,2.4531364687139763,1.192618422126233,1.8291019243368363,2.6138113323919496,3.686229978935639,2.5855748929374793,1.2595230420241141,3.7555288177310007,1.696988559833427,2.0528206365977524,2.981707116445988,7.837958899700138,3.6912259707156414,2.4495317783511448,5.009697923892922,2.7173354329336306,1.5069108322408944,2.045165516189018,8.112266770306354,6.217474180768982,3.69574205462169,7.003522543832172,4.333814435532896,1.682334451072892,1.8950247177218322,998,3.512995991983968,0.4181808408223176,0.9609218436873748,0.9018036072144289,0.07715430861723446,0.001002004008016032,3,2,979.5413669064749,3.1474820143884896,0.31474820143884896,0.09795413669064748,0.6851044296534313,0.622961842488895,3.43560354831306
subject_05_task_1,5,1,,1,24,230.0,240.0,0.1698729823436057,30.0,0.13333333333333333,eye,中,4.066666666666666,2,66.5,0.7071067811865476,66.0,67.0,-12.000000000000085,4.641273523080296,1.9186588245321852,1.1646552899860867,2.579946905875314,1.226894208313026,1.6474048939880794,2.2152021529959605,5.279521633930617,3.0811433794584904,1.8176871305574653,3.249566224022542,1.46923138412136,1.6950900557421762,1.7877478304123409,10.669618185643191,3.7096265923470897,2.3391902760340275,5.458354215430189,2.6992572405754336,1.5858592737639812,2.333437459685639,11.078492748090355,10.438827453335643,7.037184751212993,8.276186150992503,4.928093192447911,1.4833811847182656,1.1760649241965608,998,3.236023046092184,0.18973490049893801,0.9939879759519038,0.9028056112224448,0.07915831663326653,0.00501002004008016,3,2,979.5413669064749,3.1474820143884896,0.31474820143884896,0.09795413669064748,0.6851044296534313,0.622961842488895,3.43560354831306
subject_05_task_1,5,1,,1,25,240.0,250.0,0.17695102327458928,30.0,0.1388888888888889,eye,中,4.066666666666666,1,69.0,,69.0,69.0,,4.720497401897312,2.07254489105297,1.1799814714145083,2.8261812292106763,1.2627612264133516,1.75642155513552,2.395106446733251,6.116711874228078,2.8238490296997933,1.873854092030906,3.484909941728883,1.4531811783956063,1.5069738042620338,1.8597552267006525,9.373872716809311,3.829825561318282,2.366437869965583,5.918929501026215,2.3474289860197266,1.6183926102289692,2.501197929659695,7.469131002262948,8.440435506885166,9.55718473604621,8.74401315378504,4.080574856716388,0.8831508168980898,0.9149151549625086,998,3.491083758937691,0.19980274815812973,0.9609218436873748,0.8947895791583166,0.07014028056112225,0.027054108216432865,6,3,291.1457718644698,1.3159459987803015,0.13159459987803016,0.02911457718644698,0.6709054340463049,0.8586050180269713,3.4707349182807046
subject_05_task_1,5,1,,1,26,250.0,260.0,0.18402906420557286,30.0,0.14444444444444443,eye,中,4.066666666666666,3,68.66666666666667,0.5773502691896257,68.0,69.0,-10.00000000000005,5.142232188403061,1.774842265650636,1.174706572133466,3.365597009898473,1.6852514671328747,1.5108813619959767,2.8650533586323426,5.195990710893789,2.7937122521741737,1.7543065061536618,3.775948698176032,1.543675646344205,1.5924881099024262,2.1523882428361083,7.368177323944467,3.610590497937407,2.4317057272571696,5.558209997444315,2.3496360277988537,1.4847974643749162,2.2857247631331075,10.214553425603304,6.330185078615419,5.592128130465575,9.680201679621582,4.5002486195680556,1.1319814086749826,1.7310407511738564,999,3.4705116988809763,0.25296493887667254,0.9669669669669669,0.8268268268268268,0.11311311311311312,0.024024024024024024,3,3,454.4616179128703,2.5821682835958537,0.25821682835958537,0.04544616179128703,0.6582792207792207,0.8194952443606507,3.5019748863636364
subject_05_task_1,5,1,,1,27,260.0,270.0,0.19110710513655643,30.0,0.15,eye,中,4.066666666666666,1,66.0,,66.0,66.0,,4.692526456124623,1.9505665585916034,0.9517600275293111,2.507844543797157,1.11407361042762,2.049431056329514,2.6349546852764036,4.3268069170863015,2.836760582285948,1.6258914636626376,2.7462341918891227,1.112020067730328,1.7447416667626703,1.689063663390356,7.867992706861952,3.5324387857224537,2.502763599564271,4.667009898156394,1.8460532024529188,1.411415279628267,1.8647425985294481,11.068963948294211,7.685143039535892,5.778613590711877,7.470372606148234,3.281338867520985,1.3299285233206166,1.2927620940350757,998,3.2644779559118238,0.16028661957967327,0.9909819639278558,0.9438877755511023,0.03406813627254509,0.006012024048096192,3,3,454.4616179128703,2.5821682835958537,0.25821682835958537,0.04544616179128703,0.6582792207792207,0.8194952443606507,3.5019748863636364
subject_05_task_1,5,1,,1,28,270.0,280.0,0.19818514606753998,30.0,0.15555555555555556,eye,中,4.066666666666666,2,63.5,0.7071067811865476,63.0,64.0,-12.00000000000017,3.499537698549256,1.8007793772956495,0.9464677255737839,2.2480847504596295,1.0328936485687839,1.9026315727817873,2.3752365661457255,3.288571541901426,2.263475498346748,1.5114494183955756,2.8058027131877012,1.0565623823250458,1.4975529255550335,1.85636560445807,7.493936385470622,3.5234712402526682,2.365251065960362,4.244131079737591,1.8401762766780254,1.4896817048138755,1.7943681078162197,9.011067547433028,7.255068748738221,5.183310046272516,6.0837838364794266,3.0047414882625696,1.3996980084098138,1.1737256274790024,998,3.2355247724974725,0.13475036389528885,0.9879759519038076,0.9709418837675351,0.012024048096192385,0.009018036072144289,3,3,168.96882954000597,0.9600501678409431,0.09600501678409432,0.016896882954000596,0.6582792207792207,0.8194952443606507,3.501974886363637
subject_05_task_1,5,1,,1,29,280.0,290.0,0.20526318699852356,30.0,0.16111111111111112,eye,中,4.066666666666666,2,63.0,0.0,63.0,63.0,-2.1316282072803006e-13,3.8465724579514298,1.960441206623948,1.081841657263296,1.9202100713116548,1.0004574683831982,1.812133220663013,1.7749455832280996,4.654570138361971,2.7781289383869674,1.5654786023289786,2.4107329700223517,1.1885664171858532,1.7746195535690596,1.5399335170955895,8.076124013031356,3.710060872112469,2.431744461918086,4.154302573385241,1.6939966581125432,1.525678758690823,1.7083631271471893,11.90888170095519,11.158298447733506,6.718169257697826,8.065067244268585,4.181993230797073,1.6609135643535746,1.2004858667452376,998,3.3050425531914898,0.16365722047671546,0.9739478957915831,0.8687374749498998,0.08617234468937876,0.014028056112224449,3,0,0.0,0.0,0.0,0.0,,,
subject_05_task_1,5,1,,1,30,290.0,300.0,0.21234122792950713,30.0,0.16666666666666666,eye,中,4.066666666666666,2,66.0,0.0,66.0,66.0,0.0,5.330001356009017,2.2714569149752113,1.37099270442646,3.267358448414577,1.966740922061638,1.6567972299498492,2.3832062985203417,4.894977754796178,2.7483786992177426,1.5263558916869104,3.300781252353915,1.2258274764416823,1.8006145972812848,2.1625240026465455,9.90638960565344,5.67761020912797,2.454931027213449,5.08360394789341,2.311579218360921,2.31273715888162,2.0707726170472998,12.412555688988078,10.802177173987218,7.62583211848816,7.617074941109645,3.5513839244135,1.4165243879154235,0.9988516430413825,998,3.303393724696356,0.2827003379823456,0.9709418837675351,0.8997995991983968,0.07715430861723446,0.01503006012024048,3,0,0.0,0.0,0.0,0.0,,,
subject_05_task_1,5,1,,1,31,300.0,310.0,0.2194192688604907,30.0,0.17222222222222222,eye,中,4.066666666666666,3,65.66666666666667,0.5773502691896257,65.0,66.0,-9.230769230769392,4.439913430205615,1.876498849065729,1.000091882450911,2.4854172775332515,1.140727086827398,1.876326447593015,2.4851889322831764,4.209271946043983,2.9970470817242547,1.3199059078794753,2.9621791116827936,1.2817920327894712,2.270652069842788,2.24423505796845,8.934779961242889,3.4774256211771855,2.187803558664478,4.771659500577094,2.0040983560769656,1.5894597151583134,2.1810273969432172,13.434819616231385,12.940908034449265,5.936313417847463,7.810178671518063,3.431966006263655,2.179957007583623,1.315661442004872,999,3.27360960960961,0.1352383176206117,0.992992992992993,0.9119119119119119,0.06906906906906907,0.005005005005005005,3,0,0.0,0.0,0.0,0.0,,,
subject_05_task_1,5,1,,1,32,310.0,320.0,0.22649730979147428,30.0,0.17777777777777778,eye,中,4.066666666666666,2,66.0,0.0,66.0,66.0,0.0,3.543096154141132,1.779932047595111,1.1484835136995755,2.421931889291604,1.1785171043313953,1.5498107080888512,2.108808581404802,3.5141258062825074,2.56398557762672,1.6609760040837986,2.9408839362728614,1.4403704355108742,1.5436620224029216,1.7705758114760155,9.839085574955085,3.528359905679809,2.2426315733071136,4.917984266056009,2.3226882922073084,1.5733123298878229,2.19295238887753,7.214162009441906,9.458704753662738,8.316122675286984,7.485311590289349,3.9254155479761024,1.1373936055285916,0.9000963408745093,998,3.2764595141700403,0.1194494945289798,0.9869739478957916,0.9048096192384769,0.06713426853707415,0.01002004008016032,9,0,0.0,0.0,0.0,0.0,,,
subject_05_task_1,5,1,,1,33,320.0,330.0,0.23357535072245786,30.0,0.18333333333333332,eye,中,4.066666666666666,2,66.0,0.0,66.0,66.0,0.0,4.390236937179304,2.182547941482205,1.086231884970636,2.188389226814892,0.9484352915340692,2.00928362689446,2.0146611944410475,3.514375309471212,3.131169249455025,1.6801951896137775,2.748491846231397,1.2401700820909416,1.8635747018028181,1.635816995085664,6.4717236378773055,3.566933470149262,2.199901606621256,4.625691633352554,2.1864985570725017,1.6214059117069228,2.102681146934101,9.08236002225322,13.840420759312318,8.247813960589703,7.200978080937598,3.7406018425257073,1.6780714047923013,0.8730771711566033,998,3.2631041456016177,0.1742715093776728,0.9899799599198397,0.8827655310621243,0.09919839679358718,0.009018036072144289,9,3,4383.328832727488,7.955224741792174,0.7955224741792174,0.4383328832727488,0.9285714285714287,0.3024473262364058,3.386325241120042
subject_05_task_1,5,1,,1,34,330.0,340.0,0.24065339165344143,30.0,0.18888888888888888,eye,中,4.066666666666666,1,70.0,,70.0,70.0,,4.146115285377533,1.8095764186794996,1.0929958520962642,2.1709602918830306,0.8418098349924343,1.6556114236013804,1.9862475120279104,3.6635529225059713,3.503100426694655,1.6062391930307174,2.728377690928332,1.1328352705226605,2.180933227064932,1.6986123254658716,8.190471554322063,3.5416138099631893,2.329942200988104,4.131972402017709,1.6516094954332514,1.520043633898398,1.7734227056213596,9.590345723756853,8.822001819400727,5.8350006534472785,6.667058653983084,2.770168812076584,1.5119110250979575,1.142597756187779,998,3.3467274549098196,0.19079813324738673,0.9949899799599199,0.9318637274549099,0.05110220440881764,0.004008016032064128,9,3,3330.6711672725196,6.04477525820784,0.604477525820784,0.333067116727252,0.9285714285714285,0.302447326236406,3.3863252411200406
subject_05_task_1,5,1,,1,35,340.0,350.0,0.24773143258442498,30.0,0.19444444444444445,eye,中,4.066666666666666,3,69.66666666666667,0.5773502691896257,69.0,70.0,-10.645161290322552,4.036274103974928,1.8987484052135717,1.1174057182872257,2.2776507828854906,0.8985773473298322,1.6992470811085507,2.0383382200484026,3.763119096519929,2.748081994111114,1.7653272485929092,2.853051555276426,1.1539366941404763,1.5566983381135309,1.6161601524875968,7.467485430768498,3.4732619735881864,2.2671891502495605,4.54514980513698,1.8417622516481338,1.5319683288030326,2.0047510392490513,14.267032861316371,10.906759386744646,7.003904002514812,7.962659420790331,3.0319433622515373,1.5572399882734658,1.1368887149126072,998,3.2048757515030064,0.14976033207889033,0.9859719438877755,0.8607214428857716,0.11422845691382766,0.004008016032064128,0,0,0.0,0.0,,,,,
subject_05_task_1,5,1,,1,36,350.0,360.0,0.25480947351540856,30.0,0.2,eye,中,4.066666666666666,1,67.0,,67.0,67.0,,3.2614406547450048,1.660655727122923,0.9850358160998388,2.602285891686961,1.1814380145197574,1.6858835993376777,2.641818550304576,3.8948341644883278,2.7786561845304636,1.289088790807834,2.5244750908719573,1.1666865203133812,2.1555196231201124,1.9583407356214333,7.4902332067388215,3.381012976123928,2.070737425276473,4.564974140333746,1.7324013299473038,1.6327579416171099,2.2045161712013086,7.995349595314931,9.428631275627593,5.17046487435406,6.0011985957643015,3.2173158695722006,1.8235558126300007,1.1606690581210115,999,3.2734242115971512,0.2878809405828733,0.9679679679679679,0.8968968968968969,0.07607607607607608,0.01901901901901902,9,1,834.3538146597821,0.8308228176846224,0.08308228176846225,0.0834353814659782,1.0,-1.000088900581841e-12,3.21568
subject_05_task_1,5,1,,1,37,360.0,370.0,0.26188751444639213,30.0,0.20555555555555555,eye,中,4.066666666666666,2,66.0,0.0,66.0,66.0,0.0,4.242241676696474,1.8690864795779976,1.1585649298995713,2.7848927145390174,1.6948044772378745,1.6132772806613582,2.4037433230267227,3.9746984479798435,2.449945763520889,1.8178432206000006,3.499672866398201,1.5682744602889225,1.3477211542545764,1.9251785999691946,7.321427709112454,3.245841494459345,2.4692192809721147,4.458429507624143,1.8310270640570336,1.3145213628744545,1.8056029053316358,9.402047332573412,6.245081568204178,5.848640638327125,7.451504054540202,3.1488772002958143,1.0677834311239964,1.274057428953532,998,3.325783567134269,0.18900509524504033,0.9949899799599199,0.9418837675350702,0.04809619238476954,0.002004008016032064,9,1,1227.3518897613737,1.2221577194536954,0.12221577194536955,0.12273518897613737,1.0,-1.000088900581841e-12,3.21568
subject_05_task_1,5,1,,1,38,370.0,380.0,0.2689655553773757,30.0,0.2111111111111111,eye,中,4.066666666666666,3,66.66666666666667,0.5773502691896257,66.0,67.0,-9.069767441860389,3.4129944665653458,2.0243554000824537,1.132431570686099,2.2264569369745897,1.107714127567632,1.7876183007296154,1.9660851874923098,4.058885920769622,2.387968797518616,1.651671247188684,2.534517093177762,1.0297846833013533,1.4457894097164836,1.534516688773128,5.039091071748318,3.6713535929852457,2.3591163500975494,3.9283458894802363,1.5046807999513852,1.556241002201284,1.6651768317055662,13.525036187095955,10.416928995448925,6.747809493014176,6.761597139231611,3.385086225915076,1.5437497170353267,1.002043277337884,998,3.105139278557114,0.15295748303082768,0.9789579158316634,0.9158316633266533,0.056112224448897796,0.0070140280561122245,9,1,1227.3518897613737,1.2221577194536954,0.12221577194536955,0.12273518897613737,1.0,-1.000088900581841e-12,3.21568
subject_05_task_1,5,1,,1,39,380.0,390.0,0.2760435963083593,30.0,0.21666666666666667,eye,中,4.066666666666666,1,65.0,,65.0,65.0,,3.0775129748368224,1.7745534340902323,1.1125951149313384,2.565086206048306,1.3353569576453457,1.594967846142076,2.305498353915211,3.160414921700815,2.1236467369582184,1.4036786707673194,2.9557433545667027,1.3315915212789706,1.5129151572826345,2.105712237510134,5.192350044332753,3.412359636464,2.0174556465365687,4.6879534714307045,1.7843991078057886,1.6914174258661439,2.323695928323711,11.75966851336012,6.461080713393801,5.355461371064005,6.520504050172171,2.8179279368244856,1.20644707630673,1.2175429152384492,998,3.3637604485219166,0.25253980632966183,0.969939879759519,0.8476953907815631,0.11823647294589178,0.02004008016032064,12,4,987.6984557276021,1.0849909470861259,0.10849909470861259,0.09876984557276021,0.7370087516044759,0.8329284222657338,3.2150012414126756
subject_05_task_1,5,1,,1,40,390.0,400.0,0.28312163723934286,30.0,0.2222222222222222,eye,中,4.066666666666666,2,64.0,0.0,64.0,64.0,-8.526512829121202e-14,3.209810134428564,1.3655531044813258,0.8763214282177515,2.142310768280192,0.9360863014659423,1.5582788010314501,2.444663224357288,2.9487443560502253,2.1889571065929125,1.4323223590338534,2.4701304643785087,1.035487170980614,1.52825730380236,1.7245632233547548,5.801557396811411,3.3232547987189918,1.9890722227670108,4.116732585591578,1.5647726019049877,1.6707562252797394,2.06967476518513,8.58839809975627,7.09425780181292,6.027715766534233,6.107799258308343,2.596128032115742,1.176939669451587,1.0132858772503395,998,3.143232558139535,0.16656116586807349,0.9889779559118237,0.9258517034068137,0.05711422845691383,0.009018036072144289,3,3,1315.2205058740783,1.82343900596525,0.182343900596525,0.13152205058740782,0.5694196870667458,0.976328870282758,3.21309908298673
subject_05_task_1,5,1,,1,41,400.0,410.0,0.29019967817032644,30.0,0.22777777777777777,eye,中,4.066666666666666,2,64.0,0.0,64.0,64.0,-1.0658141036401503e-13,3.3414355419525386,1.5299592167996319,1.3924871166286634,2.8886713444896053,1.441969091385286,1.0987241451136731,2.07446899148578,3.2931851806251324,2.409504832793194,2.7679031973578954,4.036769304974068,1.6874146479206653,0.8705162937393147,1.458421417637499,6.108744150061698,2.7207440183959735,3.5178357807581566,5.226142780356126,1.8763911632810102,0.7734141636962952,1.4856130604339348,8.806330487838899,8.441331446434718,6.021070446948147,7.274389834435946,2.9804136315943732,1.40196523538656,1.2081555760775162,998,3.2950684371807966,0.2176201696910205,0.9769539078156313,0.9258517034068137,0.04809619238476954,0.01903807615230461,3,3,1315.2205058740783,1.82343900596525,0.182343900596525,0.13152205058740782,0.5694196870667458,0.976328870282758,3.21309908298673
subject_05_task_1,5,1,,1,42,410.0,420.0,0.29727771910131,30.0,0.23333333333333334,eye,中,4.066666666666666,2,68.5,0.7071067811865476,68.0,69.0,-12.0,3.231190464593686,1.4796292822075656,1.330482395374053,2.3762186882217815,1.064135593301952,1.1120998574292156,1.7859828108088038,3.2067424036211087,1.9947155193133528,2.4676725954313965,3.6404749306045443,1.2991419231949013,0.8083388059689653,1.4752665881788583,5.68513602199147,2.7764308483136815,2.9949555284760727,4.75530228766997,1.6678514913433193,0.9270357512541819,1.5877705837220284,6.09127552836825,5.586619694860544,4.76619953874122,6.20816672379128,2.577114338722158,1.1721329855056806,1.3025402468632044,999,3.233835866261398,0.17036050967262686,0.983983983983984,0.9429429429429429,0.03203203203203203,0.012012012012012012,3,3,1315.2205058740783,1.82343900596525,0.182343900596525,0.13152205058740782,0.5694196870667458,0.976328870282758,3.21309908298673
subject_05_task_1,5,1,,1,43,420.0,430.0,0.3043557600322936,30.0,0.2388888888888889,eye,中,4.066666666666666,3,67.66666666666667,1.1547005383792517,67.0,69.0,21.29032258064496,3.747540967703473,2.181180713546044,1.232876215853117,1.9849103664611703,0.9196211433047488,1.7691806245420396,1.6099835011316737,4.189127871167181,3.5028398364386235,2.1790504107860986,2.735160469087582,1.0372616575444096,1.6075074808273775,1.2552075232168975,7.152929081856343,3.788160060684424,2.855481625358495,3.8325805382576705,1.549459630378464,1.3266273636794406,1.3421835756959228,17.71159099209468,9.826487623086523,5.6712835701538244,5.224873696043118,2.708479360274067,1.732674358728988,0.9212859190360325,998,3.304130260521042,0.15843721190579477,0.9889779559118237,0.9589178356713427,0.031062124248496994,0.0,3,3,843.5824324676322,1.1695537784261092,0.11695537784261092,0.08435824324676322,0.569419687066746,0.9763288702827579,3.2130990829867305
subject_05_task_1,5,1,,1,44,430.0,440.0,0.3114338009632771,30.0,0.24444444444444444,eye,中,4.066666666666666,2,66.5,0.7071067811865476,66.0,67.0,-20.000000000000142,3.873589190386793,1.5016114588580363,1.426873866808503,2.031483564277022,1.097430850230055,1.0523785555178042,1.4237303040813643,2.9611358708451134,2.275950258518271,2.5599343780609525,3.0207893426108154,1.308084240273623,0.889065859665595,1.1800260852385374,5.927854026892301,3.183073403146361,3.059431792368785,4.405000577876038,1.7195922024572572,1.0404132594444429,1.4398100290594933,7.194415514461497,8.338144802148443,5.74192378031361,5.5898000248798425,2.54567968836441,1.452151773720172,0.9735064829743423,998,3.3306262525050103,0.16749830637980997,1.0,0.9619238476953907,0.02905811623246493,0.0,3,2,37.82231128924539,0.19906479625918627,0.019906479625918627,0.003782231128924539,0.5526315789473684,0.6875967375889238,3.4140160526315784
subject_05_task_1,5,1,,1,45,440.0,450.0,0.3185118418942607,30.0,0.25,eye,中,4.066666666666666,2,66.5,0.7071067811865476,66.0,67.0,12.0,3.303435677663308,1.8099442088298092,1.3530400356349208,2.164144337313127,0.9540553041186364,1.3376871054524886,1.5994680721310597,3.0893584208699956,2.568785017529573,2.3045461511604644,2.932195392373961,1.3081838015307978,1.1146598284595213,1.2723526456163359,5.541604658143837,3.4770005331553966,3.3707980625334,4.516884888401217,1.7009159398941889,1.0315066250341256,1.3400045937508487,9.904994913421133,8.323925317776629,5.90078065134043,5.638255833782613,2.495741541769222,1.4106481514248042,0.9555101548304152,998,3.2153837675350703,0.17934593642391058,1.0,0.9168336673346693,0.07014028056112225,0.0,3,2,342.17768871075407,1.800935203740811,0.1800935203740811,0.03421776887107541,0.5526315789473685,0.6875967375889238,3.414016052631579
subject_05_task_1,5,1,,1,46,450.0,460.0,0.32558988282524426,30.0,0.25555555555555554,eye,中,4.066666666666666,2,65.0,0.0,65.0,65.0,0.0,4.252849644446129,1.7320864002910028,1.331980546933573,2.00651608784345,0.8738186879283815,1.3003841567195076,1.506415459642232,3.498966218503117,2.4060439683099295,2.236422049385479,2.7705069943034206,0.9950952369307747,1.0758452184689644,1.2388122336142664,7.345488888765299,3.35640248257158,2.8761626380428646,4.0682596773045026,1.4901195220426413,1.1669724229696214,1.4144748365387367,10.62073959856325,7.625648826185405,6.104691849344309,5.699960419277851,2.1045948564796806,1.2491455775944627,0.9337015790387634,998,3.240085170340681,0.18914587557560653,0.9919839679358717,0.9268537074148296,0.04809619238476954,0.006012024048096192,3,2,180.60870513799534,0.860041453038073,0.0860041453038073,0.018060870513799534,0.5238095238095237,0.6920129648298738,3.6531752380952383
subject_05_task_1,5,1,,1,47,460.0,470.0,0.33266792375622783,30.0,0.2611111111111111,eye,中,4.066666666666666,2,63.5,0.7071067811865476,63.0,64.0,-15.000000000000213,5.051438044213416,1.694108751369677,1.2018936933809559,2.8044906015728843,1.7051491249879538,1.409532940142242,2.3333932252225944,2.7198518983937032,2.1054428118877957,1.2525046603699994,3.0089997906950328,1.5066099206832486,1.6809860102762666,2.402386103542442,5.614716420116422,2.8121987297804525,2.0494627983143974,5.035897738730203,2.871622315593225,1.3721638334169206,2.4571793851891486,7.911255940696383,7.605333926634579,6.599728164190903,7.417173654752115,4.897887583935959,1.1523707851938412,1.1238604788294984,999,3.3516589068825913,0.2039081185787105,0.985985985985986,0.9129129129129129,0.06606606606606606,0.011011011011011011,3,2,239.39129486200605,1.1399585469619335,0.11399585469619336,0.023939129486200604,0.5238095238095238,0.6920129648298738,3.6531752380952383
subject_05_task_1,5,1,,1,48,470.0,480.0,0.3397459646872114,30.0,0.26666666666666666,eye,中,4.066666666666666,1,65.0,,65.0,65.0,,3.5672172086143408,1.8014950811393635,0.9157120198295831,3.2864906982914928,2.7761557272308353,1.9673161890728785,3.589000282974465,3.3303032832515775,2.2432424060439473,1.039915633817199,3.1984705094976387,1.5712012606098973,2.1571388419363586,3.075701918007591,7.285452387263314,3.089031561184929,1.8818323341645515,5.301503328131993,2.7725233867848535,1.6415020111535703,2.8172028038223824,7.347849500049645,8.883960097523017,4.495672870575328,8.463638274714553,4.607625695403688,1.976113554807226,1.8826188022064492,998,3.3202164328657315,0.4121235429996504,0.9559118236472945,0.9218436873747495,0.04208416833667335,0.027054108216432865,3,0,0.0,0.0,0.0,0.0,,,
subject_05_task_1,5,1,,1,49,480.0,490.0,0.346824005618195,30.0,0.2722222222222222,eye,中,4.066666666666666,3,63.666666666666664,0.5773502691896258,63.0,64.0,-10.645161290322342,4.333963640328776,1.9558020184126157,1.2151547180209972,3.2562649949177276,1.9376577480668824,1.6095086406756811,2.6797122593745804,3.3312156163052897,2.614936336822256,1.5221548033507901,3.066672902700446,1.2935878574898274,1.7179174753224016,2.014691867049026,7.981112592251091,3.403194680382333,2.2343040559454783,4.704637061378826,1.974615719514293,1.523156470725835,2.1056386881900866,12.827031314659115,10.946701502815015,5.925654979263503,8.197522813346467,2.918361829873941,1.8473403431557158,1.3833952266936294,998,3.4454578680203043,0.22843286026289883,0.9008016032064128,0.8136272545090181,0.12725450901803606,0.027054108216432865,3,0,0.0,0.0,0.0,0.0,,,
subject_05_task_1,5,1,,1,50,490.0,500.0,0.35390204654917856,30.0,0.2777777777777778,eye,中,4.066666666666666,2,63.5,0.7071067811865476,63.0,64.0,-15.000000000000213,3.9036440415348017,1.7733223595928753,1.290448746043415,2.207787164073028,1.1089565634182896,1.3741904628370376,1.7108677666139176,3.2699092412993465,2.3288687720904164,1.681987932430993,2.7685908386025684,1.093657941571519,1.3845930325578975,1.6460230095712387,6.3961059788626375,2.668894245284869,2.8359493100169306,3.7525249036577284,1.4520330086549493,0.9410937762032622,1.3231988633941154,10.331046701192324,6.5483524844629875,4.3216236568473905,5.661867721716992,2.1185576639963544,1.5152528319043839,1.3101251222433619,998,3.3020240480961927,0.14215036264338063,0.9949899799599199,0.9408817635270541,0.05410821643286573,0.002004008016032064,9,1,4764.70767977184,2.1618455897331397,0.21618455897331396,0.476470767977184,1.0,-1.000088900581841e-12,3.31851
subject_05_task_1,5,1,,1,51,500.0,510.0,0.36098008748016214,30.0,0.2833333333333333,eye,中,4.066666666666666,1,64.0,,64.0,64.0,,3.2257585859246927,1.4227744965274274,0.8688161156792077,2.038396849159401,0.9293749950701505,1.6376014105299554,2.3461775309794515,2.827820255287181,2.020978289016106,1.3339733060047234,2.4164817980010174,1.0202227047498702,1.5150065446729037,1.8114918695325535,5.684487882553519,2.917045610213531,1.734468677427601,4.049100390200357,1.521876297001815,1.6818093334148967,2.3344903502123757,7.205234661511008,6.99916495750067,5.746099585649783,6.134266030034982,3.0808849030721492,1.2180723381439946,1.0675530311647574,998,3.3425274611398965,0.22785113461629591,0.9519038076152304,0.8807615230460922,0.07715430861723446,0.03707414829659319,9,1,1847.2923202281493,0.8381544102668553,0.08381544102668553,0.18472923202281494,1.0,-1.000088900581841e-12,3.31851
subject_05_task_1,5,1,,1,52,510.0,520.0,0.3680581284111457,30.0,0.28888888888888886,eye,中,4.066666666666666,2,66.5,0.7071067811865476,66.0,67.0,60.0,3.6378330657511118,1.6745926943720857,1.3939420299600163,4.8903078559504545,4.349235600538998,1.2013359654706155,3.508257697122977,2.9021291723299796,2.269452844315093,1.5590540127047505,3.354429935155508,1.8244643633578264,1.455660179712373,2.151580322310976,5.086849701097892,2.8147169214611116,1.9809126142819757,4.93356695563435,2.436215242112861,1.420919277896247,2.490552546368951,9.272002984593174,6.9859629694134915,6.233917461380081,8.52680592883951,5.263249777181175,1.1206377069783855,1.3678086021613485,999,3.1366046046046043,0.1888628209815713,0.982982982982983,0.9519519519519519,0.03403403403403404,0.009009009009009009,9,0,0.0,0.0,0.0,0.0,,,
subject_05_task_1,5,1,,1,53,520.0,530.0,0.3751361693421293,30.0,0.29444444444444445,eye,中,4.066666666666666,3,67.0,0.0,67.0,67.0,4.624150829044769e-13,3.058767797992949,1.763532217162368,0.9612003910046705,2.345782659024154,0.9893259517385258,1.8347185807103974,2.4404720191304583,2.9802703088110394,2.1384141458865997,1.3422894763137483,2.969327255038817,1.1953934003654139,1.593109521918627,2.212136284636089,6.338378553197206,2.9211161157293115,1.8233051170876489,4.471280870677596,1.8834295342795162,1.602099444768294,2.452294368492498,9.45729115337563,7.4282905568144955,5.85584075110701,6.4107430580681966,2.7328106609182234,1.2685267363888308,1.0947604845395233,998,3.37919028340081,0.2569703546085423,0.9719438877755511,0.8697394789579158,0.09218436873747494,0.018036072144288578,12,2,1638.1984875765268,1.4568239106949994,0.14568239106949993,0.16381984875765268,0.8708314806580703,0.3848030338734145,3.3731433281458423
subject_05_task_1,5,1,,1,54,530.0,540.0,0.38221421027311286,30.0,0.3,eye,中,4.066666666666666,2,66.0,0.0,66.0,66.0,0.0,3.1687955823354086,1.4972271288007994,0.8772101978793069,2.1197429906904177,0.9965449385040928,1.7068054297822917,2.4164595849603514,2.8835999389478473,2.1933690283414196,1.3758666213508641,2.781833566901406,1.1766601499990836,1.5941727158028653,2.0218773562295773,6.407693498230663,2.831033933876409,1.6968417023066396,4.069450772620166,1.539824026991503,1.6684136947058643,2.3982500943301117,7.129483025477602,7.4482698338255515,6.202183770040559,6.394616559244459,3.1034916920292623,1.200910858172918,1.0310266184200216,998,3.2458382804503585,0.19780991571308343,0.9719438877755511,0.9338677354709419,0.033066132264529056,0.023046092184368736,3,2,2859.8015124234703,2.543176089304998,0.2543176089304998,0.28598015124234705,0.8708314806580703,0.3848030338734145,3.3731433281458427
subject_05_task_1,5,1,,1,55,540.0,550.0,0.38929225120409644,30.0,0.3055555555555556,eye,中,4.066666666666666,1,66.0,,66.0,66.0,,4.7750915900805095,2.1136282646115387,1.3746753643089722,3.809681333668152,2.24260430011675,1.5375472053171089,2.7713316413313476,3.3557425319694487,2.324001327647783,1.541546882221948,2.813185254220212,1.3118827174746344,1.5075774564170403,1.8249106054856763,5.978414097461487,3.072020356917725,1.8163160170631145,4.230194390022482,1.9095916340107446,1.6913468405597265,2.3289969092837044,12.141813510813817,8.757715925979378,4.898746613905867,7.3063390077372405,3.0109117901552196,1.7877462576078575,1.4914711014031716,998,3.2830050100200405,0.17302403568789826,0.9859719438877755,0.9078156312625251,0.06713426853707415,0.0070140280561122245,3,0,0.0,0.0,0.0,0.0,,,
subject_05_task_1,5,1,,1,56,550.0,560.0,0.39637029213507996,30.0,0.3111111111111111,eye,中,4.066666666666666,2,67.0,0.0,67.0,67.0,0.0,4.025345816056134,2.1016137443477105,1.2955574736257263,3.6086555965872265,2.086168796079664,1.6221694422140673,2.7854075716827142,3.339733897376543,3.0019890672821448,1.6099242774467202,2.860481983708127,0.9922144189337426,1.864677183477963,1.7767804509692497,5.920217959415289,3.617430718873429,2.07967966145814,4.296059646213152,1.60170474137669,1.7394172698391037,2.0657314325039016,8.277473564732182,12.44241503628877,7.500896931870443,7.576670673835237,3.3936456805122366,1.65879029525421,1.0101019574929553,998,3.255484135107472,0.1993878850199265,0.9579158316633266,0.9078156312625251,0.06012024048096192,0.02905811623246493,9,1,209.7593639575977,0.8544169611307443,0.08544169611307442,0.020975936395759773,1.0,-1.000088900581841e-12,3.29312
subject_05_task_1,5,1,,1,57,560.0,570.0,0.40344833306606354,30.0,0.31666666666666665,eye,中,4.066666666666666,3,66.0,0.0,66.0,66.0,4.04448015580036e-13,3.2799031425955354,1.5766194569813377,0.8669806984235865,2.2672982621074524,1.0713029422846045,1.8185173670510462,2.6151657888463204,2.9865895987692537,2.45462592169462,1.332394671705987,2.4604239963066115,0.9472171217792021,1.8422663898465892,1.8466180093292517,7.350246068003476,3.299396341254224,1.7971480847316905,4.145928922352489,1.4555320917713175,1.8359067732288825,2.306948969634556,9.184040311657713,8.987823939014149,6.325305080517649,6.419352600908245,3.2013075831523246,1.420931294950062,1.0148684560180772,999,3.3488002114164908,0.16179019414225998,0.9079079079079079,0.8368368368368369,0.07807807807807808,0.06406406406406406,18,1,281.2406360423995,1.1455830388692445,0.11455830388692445,0.02812406360423995,1.0,-1.000088900581841e-12,3.29312
subject_05_task_1,5,1,,1,58,570.0,580.0,0.4105263739970471,30.0,0.32222222222222224,eye,中,4.066666666666666,1,66.0,,66.0,66.0,,3.909589066419531,1.8516856770685364,1.1307620219560919,2.5487215550326443,1.2861960603891007,1.637555596238833,2.2539858127032257,3.5027482452193195,2.4729286063404743,1.2313513897202035,2.5690615332061317,0.8690163745649965,2.008304556266746,2.0863756314027406,5.7079214621447605,3.049496840720446,1.809390607496155,4.106912348765162,1.5511688301612687,1.6853723171141897,2.2697765378854986,9.30612032692933,8.75582956842137,6.042494206939014,8.191538233511428,2.9466297028292487,1.449042277668458,1.3556551240222157,998,3.48299517490953,0.15566327611946865,0.7955911823647295,0.7655310621242485,0.045090180360721446,0.17635270541082165,9,0,0.0,0.0,0.0,0.0,,,
subject_05_task_1,5,1,,1,59,580.0,590.0,0.4176044149280307,30.0,0.3277777777777778,eye,中,4.066666666666666,2,69.0,0.0,69.0,69.0,-1.4210854715202004e-13,2.8271823520682062,1.175452025339285,1.0647625415576067,3.3912411247497,1.713099617738135,1.1039569664234752,3.184974106798275,2.9060442305199246,1.5416264171026401,1.3741729901293598,2.6458533171343905,0.9379815381953405,1.1218576032101437,1.925415021354276,5.861076937687381,2.0921898852006136,1.9305240556297383,4.443520313970993,1.3658835858300944,1.0837419399667307,2.3017171430798427,5.846212834714724,7.562444878497584,5.747583525486591,6.6112771440116695,2.6770361346216416,1.315760761885987,1.1502707380754347,998,3.4288532388663966,0.12916978184811884,0.9639278557114228,0.8537074148296593,0.09819639278557114,0.012024048096192385,9,0,0.0,0.0,0.0,0.0,,,
subject_05_task_1,5,1,,1,60,590.0,600.0,0.42468245585901426,30.0,0.3333333333333333,eye,中,4.066666666666666,3,68.33333333333333,0.5773502691896257,68.0,69.0,-7.142857142857177,6.6890376140166,3.0717184149081853,1.6237952957100634,2.369088633587544,1.0520493442693528,1.8916906724778784,1.4589823236010633,2.7423700989257074,2.3827007173846892,1.2276783354086775,2.154803004133563,0.9670524313014609,1.9408184120081589,1.7551853298903888,4.957381274265142,2.798300273364714,2.040006513308102,3.5755879576459364,1.3444974697915115,1.3717114406791542,1.7527335987999937,6.645083523010892,9.096212359850801,4.175002245657558,5.938600559907827,3.1531919145713423,2.178732327464451,1.4224185306929107,998,3.284442885771543,0.15279806277716462,0.9839679358717435,0.9258517034068137,0.05911823647294589,0.009018036072144289,3,1,151.87593283581867,0.4207089552238744,0.04207089552238744,0.015187593283581867,1.0,-1.000088900581841e-12,3.2946
subject_05_task_1,5,1,,1,61,600.0,610.0,0.43176049678999784,30.0,0.3388888888888889,eye,中,4.066666666666666,1,67.0,,67.0,67.0,,3.498715414122557,1.6143089711550433,1.1264846345742319,2.3437296633124087,1.0130898767287801,1.433050146986861,2.0805695802484236,2.669245199346943,1.9501608320916286,1.296750042028857,2.4034707863503986,0.943737034953751,1.5038833768152144,1.853457265048551,5.295393934088205,2.9589796954106853,1.5497076171528545,3.7407957639466147,1.2727782382134807,1.9093793323717192,2.413871960453585,8.131392160569485,7.836032067870076,6.226445159571104,6.705935226507535,2.755941634026749,1.2585081642973701,1.0770086389019862,998,3.2883617234468936,0.27207065947853126,0.9849699398797596,0.9008016032064128,0.0841683366733467,0.008016032064128256,12,2,886.5741010012837,1.5032702913359732,0.15032702913359733,0.08865741010012837,0.764121163783156,0.5462828058991456,3.255889621842745
subject_05_task_1,5,1,,1,62,610.0,620.0,0.4388385377209814,30.0,0.34444444444444444,eye,中,4.066666666666666,3,68.0,0.0,68.0,68.0,2.494882107757176e-13,3.318569306514793,1.5286556854952442,1.0153543382321466,2.317822023331185,0.9693917049782252,1.5055391284946067,2.282771576439798,2.7904783230760497,1.9070113890501597,1.464888698244427,2.338821611860325,0.8489188242972349,1.301813162553297,1.5965865629677185,5.059238995610116,2.850903319097306,2.1879870557474836,3.72922444508573,1.1631518117276185,1.3029799749538966,1.7044088242156954,6.929100119218501,6.149560795288591,5.475908654323409,6.378664152835493,2.1333307876663583,1.1230210698334624,1.1648594882603327,998,3.2906865037194475,0.30014672744927223,0.9078156312625251,0.7705410821643287,0.12725450901803606,0.07715430861723446,9,1,4410.4819911271525,6.015489886457629,0.6015489886457629,0.44104819911271526,1.0,-1.000088900581841e-12,3.24394
subject_05_task_1,5,1,,1,63,620.0,630.0,0.445916578651965,30.0,0.35,eye,中,4.066666666666666,1,66.0,,66.0,66.0,,3.4724368671314596,1.3311223542449047,0.9794396636451074,2.022343645217524,0.8925966650208836,1.3590651917147873,2.06479655693248,2.9698800006843697,1.8768070375647146,1.4918955733928163,2.2328700351271467,0.7690503424424264,1.2580016128719695,1.4966664389580782,5.552733754760774,2.9054040460179293,2.163449086518532,3.5756912205540834,1.0966206491344084,1.3429500440398008,1.6527734545896624,9.131802582045909,6.740918280065774,4.386162841094159,5.554093990212526,2.6090051210254743,1.5368600127906342,1.2662762855441587,999,3.2261853360488795,0.12917558031329038,0.9819819819819819,0.9169169169169169,0.05005005005005005,0.01701701701701702,9,1,4410.4819911271525,6.015489886457629,0.6015489886457629,0.44104819911271526,1.0,-1.000088900581841e-12,3.24394
subject_05_task_1,5,1,,1,64,630.0,640.0,0.45299461958294857,30.0,0.35555555555555557,eye,中,4.066666666666666,3,66.0,0.0,66.0,66.0,-5.597929921622831e-14,3.5602608214254854,1.7226500925055312,0.9909748858620416,2.193233526924102,0.9202151426559466,1.738338798573095,2.2132079815688006,2.9059744769976454,2.527989098224222,1.4071098846115542,2.3548563060217265,0.8519457948779441,1.7965825738777301,1.6735411582101185,5.879976104648651,2.85174038347001,2.089607329638214,3.425578141207204,1.2490062665162087,1.3647254883833837,1.639340603672315,9.379409787907731,8.806327297037337,4.869518203414653,7.156161934938859,2.9370688522325374,1.8084596728403384,1.4695831571018139,998,3.213110998990918,0.18575803689972448,0.9789579158316634,0.8867735470941884,0.08016032064128256,0.014028056112224449,12,1,2232.58598390857,3.045040980524859,0.3045040980524859,0.22325859839085702,1.0,-1.000088900581841e-12,3.24394
subject_05_task_1,5,1,,1,65,640.0,650.0,0.46007266051393214,30.0,0.3611111111111111,eye,中,4.066666666666666,2,66.5,0.7071067811865476,66.0,67.0,-15.000000000000107,3.9473329927185463,1.6167680333534156,0.9878689778470038,2.4182152488767725,0.9122567198641476,1.6366219302453007,2.4479109103588974,2.949857629425546,2.268317235766712,1.4358406433809527,2.674601333584473,0.7905010757701962,1.5797834155366566,1.8627424609507004,5.883936997875373,2.831917370884769,2.1523193647102996,3.9543165649195524,1.2153500920365001,1.3157514713277425,1.8372350450193529,7.334070963604688,9.634441388244587,6.966602867123211,7.116712328439415,2.562521029941889,1.3829468353523406,1.021547009952957,998,3.2255944272445816,0.17253966968074447,0.9529058116232465,0.8366733466933868,0.11823647294589178,0.03507014028056112,12,1,1070.8114529216057,1.7950207226665138,0.17950207226665138,0.10708114529216056,1.0,-1.000088900581841e-12,3.24736
subject_05_task_1,5,1,,1,66,650.0,660.0,0.4671507014449157,30.0,0.36666666666666664,eye,中,4.066666666666666,2,66.0,0.0,66.0,66.0,0.0,2.788435006887391,1.4603992531727035,0.9987019956841731,1.9425949771720896,0.9024490564950385,1.4622973214069117,1.9451197510036926,2.455129454552309,1.8354910047313275,1.5883441909589517,2.3222951407721335,0.8697786000059713,1.1556002881360132,1.462085581948119,6.062949283260929,3.0513390783180725,2.0191372170580544,3.0545089971742607,1.2396281444173094,1.5112093683082957,1.512779305620831,5.187065889475336,6.288959924836906,3.7504435676360917,5.819060104103553,2.373579176086221,1.676857633349445,1.5515658345904169,998,3.2525319587628867,0.42454012697390564,0.9519038076152304,0.8717434869739479,0.0871743486973948,0.03707414829659319,9,1,1915.2413752845716,3.210553966493491,0.3210553966493491,0.19152413752845715,1.0,-1.000088900581841e-12,3.24736
subject_05_task_1,5,1,,1,67,660.0,670.0,0.4742287423758993,30.0,0.37222222222222223,eye,中,4.066666666666666,1,63.0,,63.0,63.0,,2.638913392801479,1.6504581860913123,0.8027456102375703,2.382119307441636,0.9523777565990967,2.0560164578201356,2.967464757280522,2.180396343289957,2.4067347236324834,1.1260107060604023,2.2825641094065814,0.8941514873475326,2.1373995031121664,2.0271246952816613,4.393115954486975,2.816687759549671,1.788511871231234,3.507819762655364,1.233617036272399,1.5748778662624296,1.961306390569573,6.412826396609141,6.190926980454651,3.9674074286538925,4.962584648916944,2.7278223512224127,1.5604464859701035,1.2508381703062714,998,3.235194388777555,0.16625403906399516,0.9909819639278558,0.905811623246493,0.07414829659318638,0.006012024048096192,9,1,1915.2413752845716,3.210553966493491,0.3210553966493491,0.19152413752845715,1.0,-1.000088900581841e-12,3.24736
subject_05_task_1,5,1,,1,68,670.0,680.0,0.48130678330688287,30.0,0.37777777777777777,eye,中,4.066666666666666,3,63.0,0.0,63.0,63.0,2.3424132214476405e-13,3.362212275922843,1.775885284888491,1.0058593808237284,2.051659388452391,0.8739264062238332,1.7655403118417659,2.039707962729567,3.729869979784121,2.695449914358795,1.4154127313798206,2.247811207148219,0.8464567448075552,1.9043561320316267,1.5880959364813199,5.664636973838098,3.559148570266444,1.8743560601573805,3.36018220285249,1.1797056551253835,1.8988647066169484,1.7927128544457833,10.691042013451993,8.963896228736184,6.05218422995172,6.6030207039665045,2.7107205948889153,1.4811010187652023,1.0910144921380192,999,3.190131131131131,0.12625359306310655,0.998998998998999,0.9679679679679679,0.03003003003003003,0.0,10,1,1660.7057965092617,2.7838713443465224,0.27838713443465224,0.16607057965092617,1.0,-1.000088900581841e-12,3.24736
subject_05_task_1,5,1,,1,69,680.0,690.0,0.4883848242378664,30.0,0.38333333333333336,eye,中,4.066666666666666,1,64.0,,64.0,64.0,,3.2120251592028577,1.6219529146257394,1.0005933417007211,2.2339222331450412,0.8341270192158018,1.620991113001897,2.232597539923677,3.07512397559416,2.6975988467170517,1.492751263451036,2.562012876447541,0.8853993652308167,1.807132181205175,1.7163026012280966,5.117814491218798,3.34103197026415,1.9647193482526233,3.804269988408814,1.1573474412917935,1.7005135991741456,1.9362918127681927,7.952637922489672,9.680282516199165,7.686288909954858,6.131201044105527,2.606238286311725,1.2594221515225372,0.7976802740480823,998,3.1189353535353534,0.13154895002010303,0.9909819639278558,0.8797595190380761,0.09018036072144289,0.008016032064128256,1,0,0.0,0.0,0.0,0.0,,,
subject_05_task_1,5,1,,1,70,690.0,700.0,0.49546286516884996,30.0,0.3888888888888889,eye,中,4.066666666666666,2,66.0,0.0,66.0,66.0,0.0,2.8373594506614364,1.7081826072247073,0.9019456706052337,1.8591315408374887,0.8242002751728633,1.8938863646614805,2.0612455954136943,3.0716006067258745,2.5194353732108725,1.283100423335499,2.4818347883857865,0.9083936639226767,1.9635527565811601,1.934248281154879,4.9787253966823535,3.1205186642569647,1.7557215669317265,3.470381338387705,1.4367456409235806,1.7773425599084811,1.9766125812605315,6.75961591374102,9.556073333790229,7.189322995526666,6.556843423995754,2.8532821439028204,1.3292035063296224,0.9120251556475549,998,3.169018218623482,0.1351059686618227,0.9789579158316634,0.935871743486974,0.04609218436873747,0.013026052104208416,3,1,740.9999999999606,0.9999999999999467,0.09999999999999468,0.07409999999999606,1.0,-1.000088900581841e-12,3.1099500000000004
subject_05_task_1,5,1,,1,71,700.0,710.0,0.5025409060998336,30.0,0.39444444444444443,eye,中,4.066666666666666,2,66.0,0.0,66.0,66.0,0.0,3.4849966270161428,1.7807785024707172,1.1057322417176794,2.575468733829149,1.2557062479753287,1.6104970401373118,2.3291974645040057,3.5171755817581727,2.7855874646917873,1.488447330703802,2.6792079685821535,1.053790388096927,1.871471974338952,1.8000018632270371,6.279026786041149,3.0667801022253576,1.908116459431098,4.124654028094566,1.5854741071765575,1.6072289964626758,2.161636417791986,9.480289262135317,8.969975775453605,7.757750222890787,6.501989539964441,4.547398840161844,1.1562599359007337,0.838128239908914,998,3.159485829959514,0.15090606054777947,0.9809619238476954,0.9208416833667334,0.05511022044088176,0.017034068136272545,3,2,247.0134488260776,0.4403091779430973,0.04403091779430973,0.024701344882607758,0.571301247771836,0.682944700334634,3.2009766934046344
subject_05_task_1,5,1,,1,72,710.0,720.0,0.5096189470308171,30.0,0.4,eye,中,4.066666666666666,2,66.0,0.0,66.0,66.0,0.0,3.8732798862988087,1.7079883963417122,1.0924889749413513,2.681805573730955,1.1526878142691224,1.5633918835962652,2.454766716410043,3.6625648012533407,2.4067550672239535,1.5118011016220005,2.8777040145905626,1.101735608976182,1.5919786436468153,1.9034937939277161,6.405801209343144,3.25992890654564,2.1003729687011914,3.8958311689846505,1.4149229556050917,1.552071444035715,1.8548282743296385,12.169159411549805,8.412687839911774,6.217361869941424,9.071096358013,3.5552110753436827,1.3530960584076528,1.458994433293049,998,3.2658443051201673,0.35543949429115024,0.938877755511022,0.8416833667334669,0.09619238476953908,0.04909819639278557,3,2,465.01025757921127,0.8288952898025157,0.08288952898025156,0.04650102575792113,0.571301247771836,0.682944700334634,3.2009766934046344
subject_05_task_1,5,1,,1,73,720.0,730.0,0.5166969879618007,30.0,0.40555555555555556,eye,中,4.066666666666666,3,66.33333333333333,0.5773502691896257,66.0,67.0,6.7346938775511065,2.9299567119573005,1.5576556747330683,0.8079013596880203,2.095745221193026,0.7866203845479005,1.928027049409316,2.5940607675203324,2.345247524402717,1.8317551957114127,1.0311958753208474,2.0586997923223267,0.7363443445037868,1.7763406929274987,1.9964197312967147,6.281212787724038,2.835885416268003,1.584163137923558,3.3996038392110934,1.1552912524241996,1.7901473329225046,2.1459935266939265,7.602343968234116,6.642895340338513,3.993514052951028,4.626664389538297,1.837058485206743,1.6634210502977225,1.1585446622178277,999,3.175147147147147,0.125407541528865,0.98998998998999,0.9319319319319319,0.062062062062062065,0.005005005005005005,3,2,465.01025757921127,0.8288952898025157,0.08288952898025156,0.04650102575792113,0.571301247771836,0.682944700334634,3.2009766934046344
subject_05_task_1,5,1,,1,74,730.0,740.0,0.5237750288927843,30.0,0.4111111111111111,eye,中,4.066666666666666,1,67.0,,67.0,67.0,,3.843000311756082,1.7640201361952803,1.0617439609881054,3.370871769109818,2.103914458306475,1.6614364677465232,3.1748443061288874,2.6615124724181296,1.864651726416762,1.0443146398639687,2.895581341450258,1.0164185059839348,1.785526751458401,2.7727097092380446,4.728481286087255,2.975231077177731,1.7522929775243106,3.811278481630705,1.4289179891809507,1.6979073221997512,2.1750235437314758,9.23924732856618,5.499968214342656,4.3737590235848005,7.046426962794084,3.4938087501834665,1.257492281738649,1.6110688597148006,998,3.27222695035461,0.2748893289443318,0.9609218436873748,0.8326653306613226,0.1062124248496994,0.023046092184368736,3,2,465.01025757921127,0.8288952898025157,0.08288952898025156,0.04650102575792113,0.571301247771836,0.682944700334634,3.2009766934046344
subject_05_task_1,5,1,,1,75,740.0,750.0,0.5308530698237678,30.0,0.4166666666666667,eye,中,4.066666666666666,3,69.33333333333333,0.5773502691896257,69.0,70.0,-6.73469387755092,2.799858095370247,1.2894940532502481,0.8447651969686444,2.4409538639535153,0.9226159593858009,1.5264526259811233,2.8895057143838723,2.6994523049070227,1.6905506766906484,1.2279364042406686,2.774588941517573,0.9262100747389567,1.3767412309402547,2.2595542667645914,4.956917208417305,2.4072752584281925,1.9247620821515001,3.9768204655248782,1.1870244859643027,1.2506871788212592,2.0661361226939725,6.2978989415527336,5.031022642614061,3.476246318600852,6.298527146961475,1.9417437152499233,1.447257237122077,1.8118759632362753,998,3.248185714285714,0.197864271325602,0.9759519038076152,0.9098196392785571,0.056112224448897796,0.01903807615230461,3,2,465.01025757921127,0.8288952898025157,0.08288952898025156,0.04650102575792113,0.571301247771836,0.682944700334634,3.2009766934046344
subject_05_task_1,5,1,,1,76,750.0,760.0,0.5379311107547514,30.0,0.4222222222222222,eye,中,4.066666666666666,1,69.0,,69.0,69.0,,2.606493090932592,1.4673551145666515,0.860587319487908,1.7580776094470505,0.7326581575903625,1.7050624397298815,2.0428811459750458,2.5364518444939748,2.6625414085100716,1.2793041122290383,1.993491233632038,0.8963005457332541,2.081241968237641,1.5582621947166355,4.91465955399523,2.6551197731146807,1.7662399088612712,3.1844998742391857,1.2910055144282122,1.5032611140728256,1.8029826289523114,7.822142028756464,11.339297543861486,6.3835097034789685,4.797500353723982,2.37213951151819,1.7763421801774104,0.7515458699952124,998,3.342362554112554,0.25848143820055597,0.8777555110220441,0.8386773547094188,0.07114228456913828,0.07715430861723446,6,2,239.3934235926434,0.6139576871629582,0.06139576871629582,0.02393934235926434,0.6775150546247325,0.6287283698901581,3.172199032168783
subject_05_task_1,5,1,,1,77,760.0,770.0,0.5450091516857349,30.0,0.42777777777777776,eye,中,4.066666666666666,3,65.33333333333333,0.5773502691896257,65.0,66.0,-8.918918918918859,4.875564367158635,1.738989044486823,0.8929712780892598,2.027462762000871,0.8058968846548886,1.9474187884383407,2.270468056194535,2.497678152099312,2.0032851048280467,1.0897790216384229,2.0905917292341782,0.7836917775105304,1.8382489156528428,1.9183629779283955,5.90324045293375,2.679957095879605,1.578729126100263,3.1647797946847946,1.1668903290068966,1.6975407950441554,2.004637617918885,8.893390036377097,9.088973580957079,5.429724028903024,5.794516207259574,2.145519063973765,1.6739291965071268,1.0671842945267054,998,3.168879187817259,0.1671536420912818,0.9779559118236473,0.9218436873747495,0.05911823647294589,0.013026052104208416,3,2,728.552097264439,2.630151975683895,0.26301519756838954,0.0728552097264439,0.8194945848375451,0.47215900712510134,3.1337309747292417
subject_05_task_1,5,1,,1,78,770.0,780.0,0.5520871926167186,30.0,0.43333333333333335,eye,中,4.066666666666666,1,65.0,,65.0,65.0,,3.4842546373580756,2.146150102103465,1.25937274528073,3.0668681410719816,1.9603741144507363,1.704142089898143,2.4352346456317333,3.0170624293473054,1.9812502464525066,1.2888010227599866,2.224741201912495,0.8748644170727663,1.5372817149148668,1.7262099910102324,5.081216251621754,2.5073559574264683,2.066987018368058,3.184917625627602,1.1917343807827439,1.213048720260514,1.5408503281951818,8.331790716745585,8.66850829763237,6.266737403468695,7.297617891446301,3.5329909971577034,1.383256986775012,1.1645003486833523,999,3.2879563409563413,0.20292402623348904,0.93993993993994,0.8668668668668669,0.08108108108108109,0.037037037037037035,3,1,255.08941106484588,0.3487209994051208,0.03487209994051208,0.02550894110648459,1.0,-1.000088900581841e-12,3.25593
subject_05_task_1,5,1,,1,79,780.0,790.0,0.5591652335477021,30.0,0.4388888888888889,eye,中,4.066666666666666,2,65.0,0.0,65.0,65.0,0.0,3.2436762454021055,1.3434517006937625,1.1234160208878985,3.585182420703391,1.9180858156863698,1.1958630424657444,3.1913221407238086,2.528205744574889,1.677075336159678,1.1961248068983046,2.671145138325637,0.9540230074015515,1.4020905899515084,2.233165906200238,4.970310098023799,2.5229172144218612,2.1851586473469222,3.919636083378302,1.2181973870145066,1.154569357005279,1.793753551092169,4.801560932154359,3.998736654007525,3.5553064157340946,6.015776013862141,2.2816668732438945,1.1247234939613135,1.6920555672048907,998,3.4420624999999996,0.15138044173877166,0.9619238476953907,0.9078156312625251,0.045090180360721446,0.033066132264529056,3,1,870.315288518739,1.1897679952409281,0.11897679952409282,0.0870315288518739,1.0,-1.000088900581841e-12,3.25593
subject_05_task_1,5,1,,1,80,790.0,800.0,0.5662432744786857,30.0,0.4444444444444444,eye,中,4.066666666666666,2,65.0,0.0,65.0,65.0,0.0,3.137958777505787,1.6207058914775816,1.167291887051375,2.1000009022406676,0.8925060071378509,1.3884324130544143,1.7990366638676398,2.7473648412436145,2.49325363168494,1.6482650017380456,2.1642578722971058,0.8096869101311702,1.5126533834400897,1.3130521305827407,4.941622247578408,2.8166144033710454,2.1049061029070812,3.15983092970319,1.0360655970670942,1.3381187880452365,1.5011742924490334,8.152163934653894,9.658010985815542,5.6105576329459526,6.711059156614144,2.48206856821331,1.7213994789220943,1.196148332423483,998,3.2206442885771542,0.3006984526076695,0.9909819639278558,0.9428857715430862,0.045090180360721446,0.008016032064128256,12,1,337.59530041642046,0.4615110053539583,0.046151100535395825,0.03375953004164205,1.0,-1.000088900581841e-12,3.25593
subject_05_task_1,5,1,,1,81,800.0,810.0,0.5733213154096692,30.0,0.45,eye,中,4.066666666666666,3,65.66666666666667,0.5773502691896257,65.0,66.0,-8.918918918918946,3.2933769689491315,1.4174566776642565,0.9082987506998532,2.288846238135879,1.1239556570005422,1.5605621790981128,2.5199266611038493,2.3807185706783174,2.073118422607544,1.2433007195989647,2.2935054789188487,0.9748365982077113,1.6674312094633412,1.8446908642171742,5.249038732552734,2.6466929795543788,1.5821153801734646,3.493239926221444,1.3926296656313133,1.6728824033454455,2.207955228801607,10.120999669038458,7.813314708582755,6.41560448172666,6.351691528461674,2.5492850845915207,1.217861034114111,0.990037890670002,998,3.243284569138276,0.2283442367429621,0.9739478957915831,0.8917835671342685,0.09318637274549098,0.004008016032064128,12,0,0.0,0.0,0.0,0.0,,,
subject_05_task_1,5,1,,1,82,810.0,820.0,0.5803993563406529,30.0,0.45555555555555555,eye,中,4.066666666666666,1,64.0,,64.0,64.0,,2.9035670327849115,1.5374001269349267,0.9308822968048784,2.0999595470154455,1.120247119176796,1.6515515787676216,2.255880850052965,2.724125654060644,2.404179794067908,1.1014608732731441,2.1177460601325158,0.88447426724982,2.1827191981169096,1.922670256855642,4.895862066972186,2.393220246900711,1.7258080239310134,3.1465273972098426,1.3006991087212663,1.3867244871474629,1.8232198214276123,8.311194308774917,8.811660452342572,4.557924388402764,6.025571204066437,2.3977827521671427,1.9332616562843965,1.3219989386831363,998,3.266296827021495,0.13622340287913481,0.9769539078156313,0.8937875751503006,0.07715430861723446,0.021042084168336674,6,3,29.815715694020298,0.09351949604625699,0.009351949604625698,0.00298157156940203,0.7513544339891645,0.721072915927501,3.1759585172512117
subject_05_task_1,5,1,,1,83,820.0,830.0,0.5874773972716364,30.0,0.46111111111111114,eye,中,4.066666666666666,3,65.66666666666667,1.1547005383792517,65.0,67.0,15.918367346938968,2.9173400075249605,1.2797903500286871,0.8904078399986916,2.5724415066883477,1.2825313428837204,1.4373080430542569,2.8890598118409736,2.0751870245154476,1.7535440447522743,1.1112337745596412,2.8786118367948883,0.887940843983328,1.5780154319438024,2.5904646733182872,5.406188150494739,2.3468976626172537,1.7134177222293538,3.7311084435453488,1.167068779419786,1.369717163636938,2.177582497915772,7.179114557032829,5.8192219944752,4.539925376257336,5.95458020497023,2.3292530542535648,1.2817880278183122,1.311603101696601,998,3.2994038076152306,0.19993676599545473,0.9719438877755511,0.906813627254509,0.06713426853707415,0.017034068136272545,3,3,245.1950303784547,0.7690748030119765,0.07690748030119765,0.02451950303784547,0.7513544339891646,0.721072915927501,3.175958517251212
subject_05_task_1,5,1,,1,84,830.0,840.0,0.59455543820262,30.0,0.4666666666666667,eye,中,4.066666666666666,2,64.0,0.0,64.0,64.0,-4.263256414560601e-13,2.985138336031479,1.526168955100941,0.86011101859763,2.720728035539244,1.6140602802494177,1.7743860061103354,3.163228905002591,2.5419222209565695,1.9098598864834953,1.1933700643275251,2.986217784819114,1.0494457211679518,1.600391985330819,2.502340115680608,12.193503805813592,2.838331594006697,1.8902124232993578,4.148186992393608,1.3502877417068047,1.5015939790790291,2.1945612785429507,5.295777135950012,6.598673642651938,4.553889438842304,6.445906102849343,2.2984997165628815,1.44901929027277,1.4154726831681779,999,3.470031600407747,0.3230426237441389,0.92992992992993,0.8108108108108109,0.10510510510510511,0.044044044044044044,3,3,245.1950303784547,0.7690748030119765,0.07690748030119765,0.02451950303784547,0.7513544339891646,0.721072915927501,3.175958517251212
subject_05_task_1,5,1,,1,85,840.0,850.0,0.6016334791336035,30.0,0.4722222222222222,eye,中,4.066666666666666,2,64.0,0.0,64.0,64.0,-2.1316282072803006e-13,2.997224247360168,1.218826086696133,0.9577834944640203,2.6938663705121533,1.5668235646617068,1.272548643551425,2.812604712946794,2.7703379211167056,1.4667087544261639,1.5581763142325284,3.071181239494336,1.0703630331187215,0.9412983248616403,1.9710100913753335,4.259629563198927,2.336712409451501,1.794408263374673,4.194866457031393,1.3672564890732313,1.302218930410484,2.337743613118607,6.192078737203947,3.8643530835808733,4.7488036693608455,5.619617421910522,1.8200627475988955,0.8137529686715785,1.1833753958219295,998,3.484391794871795,0.14085348648648835,0.9589178356713427,0.8517034068136272,0.09218436873747494,0.02905811623246493,3,3,245.1950303784547,0.7690748030119765,0.07690748030119765,0.02451950303784547,0.7513544339891646,0.721072915927501,3.175958517251212
subject_05_task_1,5,1,,1,86,850.0,860.0,0.6087115200645872,30.0,0.4777777777777778,eye,中,4.066666666666666,2,65.5,0.7071067811865476,65.0,66.0,19.999999999999716,2.5673785969532377,1.3321104639256425,0.8312411671753153,2.8741628260115095,1.4950752171618409,1.6025559326571346,3.4576762310489926,2.3571230977025954,1.5586490555039314,1.4593319882366125,2.5038752889646845,1.067315846415587,1.0680565272795322,1.7157681111275087,3.7289333445156854,2.222209443248673,1.7640108943879032,3.9950823388671823,1.4237498130220407,1.2597481400588295,2.2647719192536178,6.981025799739257,3.2580957272508067,3.00327939104648,4.311577883790865,1.871159946590111,1.084846030963352,1.4356233045266273,998,3.428617234468938,0.1364606033710253,0.9789579158316634,0.9218436873747495,0.05511022044088176,0.009018036072144289,3,3,245.1950303784547,0.7690748030119765,0.07690748030119765,0.02451950303784547,0.7513544339891646,0.721072915927501,3.175958517251212
subject_05_task_1,5,1,,1,87,860.0,870.0,0.6157895609955707,30.0,0.48333333333333334,eye,中,4.066666666666666,2,67.0,1.4142135623730951,66.0,68.0,17.142857142857203,5.901267975678372,2.05520837784165,1.0414366967690374,3.0256486445553965,1.6212410334635672,1.9734357203061377,2.905264097128703,2.4269803607273204,1.7019098877192091,1.7294728658280392,2.9317226780032617,1.2211306467099887,0.9840627866135192,1.6951539026312552,5.002454176471883,2.5203898697545535,2.098535981367921,4.2024962781879305,1.288160913348376,1.201022947489158,2.002584809362455,6.056033168536298,5.3881043010849465,3.2192286616347516,4.101671158288784,2.018291798156872,1.6737252514236816,1.2741161282423228,998,3.2619802494802497,0.1615647685215099,0.9418837675350702,0.8607214428857716,0.06813627254509018,0.041082164328657314,3,3,245.1950303784547,0.7690748030119765,0.07690748030119765,0.02451950303784547,0.7513544339891646,0.721072915927501,3.175958517251212
subject_05_task_1,5,1,,1,88,870.0,880.0,0.6228676019265542,30.0,0.4888888888888889,eye,中,4.066666666666666,2,71.0,2.8284271247461903,69.0,73.0,39.99999999999986,3.176133340380149,1.315440899635866,0.8230762730615704,2.5092080814624063,1.6284223080802136,1.598200486016761,3.0485729738375102,2.8305079275105727,1.5700292156098314,1.1423805540500676,2.5136539248634864,1.015748881179434,1.3743486879600904,2.2003647698237336,4.748054351300864,2.327364938834956,1.8742859076876597,3.5259036787529157,1.1518751986206386,1.2417342142353662,1.8811984149754861,6.326946946816929,5.400420895673704,4.350518317357532,5.558047044906963,1.8835205843290488,1.2413281594809773,1.2775597387400206,998,3.30654468980021,0.2982887295199304,0.8947895791583166,0.8577154308617234,0.05511022044088176,0.05811623246492986,3,3,245.1950303784547,0.7690748030119765,0.07690748030119765,0.02451950303784547,0.7513544339891646,0.721072915927501,3.175958517251212
subject_05_task_1,5,1,,1,89,880.0,890.0,0.6299456428575378,30.0,0.49444444444444446,eye,中,4.066666666666666,1,70.0,,70.0,70.0,,3.0522137078626113,1.365732493228534,0.8051307184485504,2.9078258240737167,1.5027464535126083,1.6962866549921696,3.611619526425426,3.257923087195555,1.911918410119066,1.1210905769946693,2.6254615772522545,1.073097000776437,1.7054094016599313,2.3418817632830202,4.437831973432464,2.4248544595141226,1.7408748244245156,3.790503038598845,1.2656061348865286,1.392894207839275,2.177355307468404,8.849122057688286,5.478244321373187,3.1739627199161595,4.7900375887206,1.8426977579463095,1.725995169066729,1.5091663045264532,999,3.269495495495496,0.18782381451863445,0.980980980980981,0.9309309309309309,0.055055055055055056,0.006006006006006006,3,3,245.1950303784547,0.7690748030119765,0.07690748030119765,0.02451950303784547,0.7513544339891646,0.721072915927501,3.175958517251212
subject_05_task_1,5,1,,1,90,890.0,900.0,0.6370236837885214,30.0,0.5,eye,中,4.066666666666666,2,64.5,0.7071067811865476,64.0,65.0,-12.000000000000085,2.633023253332079,1.3799060907600802,0.8999896982207736,2.6648214292244687,1.601547860521229,1.5332465399193713,2.960946591380616,2.4868767117513553,2.055903236674999,1.312318951446717,2.584075544836148,0.903276921002607,1.5666185681526166,1.9690910826117618,3.9584746982209076,2.4143781278695147,1.7456293442012636,3.613419675809384,1.117739494186543,1.3830989584872304,2.069981057440778,8.145506205149038,7.47718648701053,4.857943597712107,6.035028480609125,1.9295616633527242,1.5391670027894064,1.2423010599487767,998,3.327223014256619,0.31178874967505243,0.938877755511022,0.8246492985971944,0.11623246492985972,0.03206412825651302,3,3,245.1950303784547,0.7690748030119765,0.07690748030119765,0.02451950303784547,0.7513544339891646,0.721072915927501,3.175958517251212
subject_05_task_1,5,1,,1,91,900.0,910.0,0.644101724719505,30.0,0.5055555555555555,eye,中,4.066666666666666,3,63.333333333333336,0.5773502691896258,63.0,64.0,8.076923076923118,2.566043223581127,1.3015087411622526,0.6680777728055455,2.5826049577493917,1.5962442395832406,1.9481395641957349,3.865725014176006,1.860193857243539,1.5054907231384933,0.7558061503127194,2.364269240565332,1.0384982473356308,1.9919005984743408,3.1281423677051334,4.120597901604333,2.385197570876211,1.3927386568398359,3.3716015329392146,1.177865314625318,1.7125952232045407,2.4208429315730173,5.522656883254317,4.162153774528927,2.814584742137366,5.059770102240297,1.7547071517451265,1.4787807637187116,1.7976968419142219,998,3.3529450661241103,0.19486965468036604,0.9549098196392786,0.8687374749498998,0.0811623246492986,0.025050100200400802,3,3,245.1950303784547,0.7690748030119765,0.07690748030119765,0.02451950303784547,0.7513544339891646,0.721072915927501,3.175958517251212
subject_05_task_1,5,1,,1,92,910.0,920.0,0.6511797656504885,30.0,0.5111111111111111,eye,中,4.066666666666666,2,67.0,0.0,67.0,67.0,0.0,2.8805653945064496,1.4496669424429534,0.9968941563429559,2.5442875375082865,1.706794570831966,1.454183408759227,2.5522143161535293,2.4771271772583385,1.6865882762536837,1.5144247829710415,2.980888423630567,1.0410040832162213,1.1136824325767352,1.9683304559917298,4.776985759985038,2.363292755906644,1.9758006268988768,3.5716211908015003,1.1553061816309493,1.1961190434563007,1.807682992998817,6.877285569866651,6.810558376583103,4.866700523181106,5.527665183676272,2.2956421429306832,1.3994200678967192,1.1358137114348528,998,3.3478743400211193,0.19507345623141636,0.9138276553106213,0.8006012024048096,0.09819639278557114,0.06513026052104208,3,3,245.1950303784547,0.7690748030119765,0.07690748030119765,0.02451950303784547,0.7513544339891646,0.721072915927501,3.175958517251212
subject_05_task_1,5,1,,1,93,920.0,930.0,0.6582578065814721,30.0,0.5166666666666667,eye,中,4.066666666666666,2,69.0,0.0,69.0,69.0,-2.1316282072803006e-13,2.8825502982913838,1.38644683826634,0.8090099349321507,2.068857260446859,1.38415504115892,1.713757493451075,2.557270524274054,2.4507825453946164,2.1540086972990156,1.1899978047356432,1.9680306489091466,0.8627976925738903,1.8100946814582792,1.6538103188739433,4.264306443096869,2.3835600452080534,1.776218065984238,3.1281950284899493,1.042927756305664,1.3419298513255888,1.7611548313785188,7.605928002061606,7.8679458081094795,4.891687635991037,5.224300293214253,1.9145769777709696,1.6084317711172627,1.0679954817180044,998,3.3047780061664955,0.2520536270616842,0.9438877755511023,0.8707414829659319,0.07014028056112225,0.031062124248496994,3,3,245.1950303784547,0.7690748030119765,0.07690748030119765,0.02451950303784547,0.7513544339891646,0.721072915927501,3.175958517251212
subject_05_task_1,5,1,,1,94,930.0,940.0,0.6653358475124557,30.0,0.5222222222222223,eye,中,4.066666666666666,2,67.0,0.0,67.0,67.0,0.0,3.517522917966536,1.5402181311904868,0.8223027278739222,2.613357337511541,1.8509821806787368,1.8730548725926608,3.1780963979876624,2.572821779236384,1.9861929834710779,1.1048587197685875,2.7383622606085276,1.1994244636009508,1.7976895578894339,2.47847277811418,5.288824735395977,2.3691238233091028,1.5463191006131627,3.630636022837248,1.1751887127935283,1.5321053865076575,2.3479216038899025,8.666068378840583,5.617199542150626,4.13730335204739,5.983922514490403,2.873860834392549,1.3576958381286917,1.446334001960285,999,3.487940314136126,0.24774569279745626,0.9099099099099099,0.8238238238238238,0.09509509509509509,0.05205205205205205,3,3,245.1950303784547,0.7690748030119765,0.07690748030119765,0.02451950303784547,0.7513544339891646,0.721072915927501,3.175958517251212
subject_05_task_1,5,1,,1,95,940.0,950.0,0.6724138884434393,30.0,0.5277777777777778,eye,中,4.066666666666666,2,67.0,1.4142135623730951,66.0,68.0,20.00000000000007,2.9001134176044028,1.334617166273287,0.8675662507046731,2.62589568378534,1.7358282082452405,1.5383461092328752,3.0267379369039302,2.981071724200183,1.6999705829539424,1.136427013445133,2.5030384602793565,1.0681370902860687,1.4958906844359499,2.202551004741849,4.611562245764879,1.999047369812342,1.5916059201736914,3.4600027682329753,1.173559850238729,1.2559939269352471,2.173906696612052,6.680493633262646,4.1688210370284535,2.7268298506694144,4.376627454476703,1.7524159606843075,1.5288159750800154,1.6050240367591242,998,3.301402805611222,0.14821266834287897,0.9839679358717435,0.9428857715430862,0.03206412825651302,0.01002004008016032,3,3,245.1950303784547,0.7690748030119765,0.07690748030119765,0.02451950303784547,0.7513544339891646,0.721072915927501,3.175958517251212
subject_05_task_1,5,1,,1,96,950.0,960.0,0.6794919293744228,30.0,0.5333333333333333,eye,中,4.066666666666666,2,69.0,0.0,69.0,69.0,-1.0658141036401503e-13,4.198345124204028,1.310296449521684,1.0538819441145,2.408550826935954,1.5300745906031445,1.2433047713163266,2.285408570083894,6.597360438463931,2.20318314762249,1.263083801636638,2.1007040370776995,0.8599626996828665,1.7442889733584743,1.6631549184271994,4.524561561159956,1.9386006644347609,1.7051323596116368,3.061616786226414,0.9839082651895974,1.1369209278723085,1.795530281839078,6.185415963766245,5.006538273300074,3.970042448523389,4.214620770133796,2.124922438620819,1.2610792801880992,1.061605971417604,998,3.3901680161943317,0.16675549844218288,0.9168336673346693,0.8837675350701403,0.05811623246492986,0.023046092184368736,3,3,245.1950303784547,0.7690748030119765,0.07690748030119765,0.02451950303784547,0.7513544339891646,0.721072915927501,3.175958517251212
subject_05_task_1,5,1,,1,97,960.0,970.0,0.6865699703054065,30.0,0.5388888888888889,eye,中,4.066666666666666,2,68.0,0.0,68.0,68.0,-2.1316282072803006e-13,3.013119925763741,1.433944736818522,0.8598529542263491,1.9938562093045116,1.3755403042395669,1.6676627436940201,2.318833934923768,2.6175764004832125,1.7522762940730823,1.1625550385272068,2.2120561822140306,0.9596893828158688,1.5072630851894713,1.9027539418833828,4.062744907093803,2.603520349175657,1.5380099324919816,3.1697046707669436,1.1643106490311383,1.6927851336806827,2.060913004398604,9.487911793391527,6.9100493349270975,5.876189463203818,4.629464049417199,2.2126977135755648,1.1759405271387555,0.7878343743690526,998,3.324082164328657,0.16375362901496798,0.9869739478957916,0.8977955911823647,0.06613226452905811,0.008016032064128256,6,3,44.45385900761355,0.13943326178607046,0.013943326178607046,0.004445385900761355,0.7513544339891646,0.721072915927501,3.175958517251212
subject_05_task_1,5,1,,1,98,970.0,980.0,0.69364801123639,30.0,0.5444444444444444,eye,中,4.066666666666666,2,68.5,0.7071067811865476,68.0,69.0,11.99999999999983,2.9214526052199314,1.4725346654896339,0.8354173987924183,2.33327536166161,1.2403587812168104,1.7626334663584429,2.7929456162085207,2.07420869911971,1.7082702844982265,1.0710153048597557,2.3497678076122335,0.8332101041740193,1.5950008153449462,2.1939628658433823,4.337991299172889,2.4439884984703846,1.5383354401968394,3.5203703651858094,0.9022079194592783,1.5887227418732948,2.2884283058156396,6.5816318110930085,5.2177683658075145,2.8245269840314027,4.574636851556282,1.655123826937951,1.8473069633628623,1.6196116650395656,998,3.381125126135217,0.2855754892934814,0.9649298597194389,0.8967935871743486,0.06613226452905811,0.022044088176352707,6,0,0.0,0.0,0.0,0.0,,,
subject_05_task_1,5,1,,1,99,980.0,990.0,0.7007260521673736,30.0,0.55,eye,中,4.066666666666666,2,70.5,0.7071067811865476,70.0,71.0,-14.999999999999893,2.9811739417565954,1.6787282147177245,0.8575724587776432,2.060300939670734,1.3054362157570034,1.9575351301632644,2.4024803019064094,2.8608167861506613,2.483832391058294,0.9980157593617167,2.191218208094426,0.8709776170039333,2.4887707110425135,2.1955747567511605,4.6360205824894365,2.724324350383501,1.7110780713763774,2.6388506788836494,1.0716823136211522,1.5921683504435753,1.5422152402204414,10.63350147481811,8.159481308929168,4.382717052032522,4.639326579667677,1.8486543465415763,1.8617403797822494,1.0585503295304337,999,3.312139139139139,0.16379425134358674,0.998998998998999,0.958958958958959,0.03403403403403404,0.0,3,0,0.0,0.0,0.0,0.0,,,
subject_05_task_1,5,1,,1,100,990.0,1000.0,0.7078040930983571,30.0,0.5555555555555556,eye,中,4.066666666666666,1,68.0,,68.0,68.0,,3.185776366292648,1.4317627347330248,0.9060685411493472,1.9813748981403667,1.196400997252389,1.5801925237541468,2.186782575661433,2.607980980441601,2.255126581389145,0.9817198186311481,1.9116623261381573,0.8720663818068863,2.297118320921299,1.947258565894764,4.60276220199091,2.9961685925154233,1.6970211508623632,2.883641082667028,0.972236152999334,1.765545815968694,1.6992369725042427,7.21474442772995,8.010839594047313,4.128928705870616,5.306683650706464,2.0429742733976473,1.9401738718949777,1.2852446793671408,998,3.2076787878787876,0.19239780120242608,0.9809619238476954,0.8837675350701403,0.0781563126252505,0.014028056112224449,3,3,170.0983256905206,0.46283459528634235,0.04628345952863423,0.017009832569052058,0.4400217678613076,1.009266293045628,3.250324920314079
subject_05_task_1,5,1,,1,101,1000.0,1010.0,0.7148821340293406,30.0,0.5611111111111111,eye,中,4.066666666666666,2,69.0,0.0,69.0,69.0,-1.4210854715202004e-13,3.0301557005833404,1.3915995769971081,0.7615794391642594,2.1622911045495647,1.0891315210945407,1.8272546571428177,2.8392193819234612,2.9828529297435082,2.1748042350643426,0.9721016325437214,2.296547978628931,0.8466449301150639,2.2372189926000647,2.3624566627045978,4.446425021190413,2.5120709571260886,1.592168252738401,3.279012170621194,1.036935340540023,1.577767269762809,2.0594633544423195,6.898609659331773,6.069129473198916,3.230092349238641,5.049069755430629,2.218770579113295,1.8789337322288815,1.5631347991089901,998,3.29051226993865,0.1846350749547393,0.9569138276553106,0.8537074148296593,0.09418837675350701,0.028056112224448898,3,3,1371.7606910525756,3.7325370587607978,0.37325370587607976,0.13717606910525756,0.44002176786130764,1.009266293045628,3.250324920314079
subject_05_task_1,5,1,,1,102,1010.0,1020.0,0.7219601749603243,30.0,0.5666666666666667,eye,中,4.066666666666666,3,66.0,1.0,65.0,67.0,-13.278688524590526,2.9741879242369595,1.2796470897980285,0.9461217944447198,2.060219741181703,1.132763239154474,1.3525183515607049,2.177541785083652,2.8365792871692386,2.260924331197972,1.4231328845555649,2.077212517916412,0.9464363051739252,1.5886951638420215,1.4596054524909048,4.66905774323812,2.763487703315506,1.6556905350194495,3.191583237603056,1.0802766975258964,1.6690846778821762,1.9276447923678952,9.180735594830267,7.473415452620077,5.933331070179519,5.244928348968768,2.328038985076794,1.259564882563339,0.8839770252041704,998,3.2911673346693386,0.26135784438883974,0.969939879759519,0.8947895791583166,0.07314629258517034,0.014028056112224449,3,3,1371.7606910525756,3.7325370587607978,0.37325370587607976,0.13717606910525756,0.44002176786130764,1.009266293045628,3.250324920314079
subject_05_task_1,5,1,,1,103,1020.0,1030.0,0.7290382158913078,30.0,0.5722222222222222,eye,中,4.066666666666666,2,63.0,0.0,63.0,63.0,-1.4210854715202004e-13,3.428645325836722,1.3851558396760573,0.8503693652749086,2.0866220039694525,1.2595860027148849,1.628887276799138,2.453783131398303,2.9462971750460043,1.945908349170339,1.1068214566744812,1.8663383756731493,0.7370651817325503,1.758105010917434,1.6862144878187375,4.929305367007361,2.4824384434181312,1.6123766555979246,2.867119950130718,1.050458691133053,1.5396144782917103,1.7781949026466717,7.428349730223505,6.582418155289375,4.764476227321039,4.364813925992558,1.8514744328135642,1.3815617585714193,0.9161162146141714,998,3.290224924012158,0.24535307188878433,0.9879759519038076,0.9348697394789579,0.05410821643286573,0.011022044088176353,3,3,1371.7606910525756,3.7325370587607978,0.37325370587607976,0.13717606910525756,0.44002176786130764,1.009266293045628,3.250324920314079
subject_05_task_1,5,1,,1,104,1030.0,1040.0,0.7361162568222914,30.0,0.5777777777777777,eye,中,4.066666666666666,2,64.0,0.0,64.0,64.0,-1.4210854715202004e-13,3.318480668109265,1.5339891034847397,0.89180088047468,2.184798226063092,1.1441060777107122,1.7201027012534922,2.449872246033427,3.2297765522919843,2.232780396910512,1.1324280004433793,1.878782705119697,0.7349263977306554,1.9716753701218195,1.659074752994537,5.233386337866688,2.627861067899129,1.6851778119537064,3.0411595432961183,0.9770427652189392,1.5593969071148197,1.8046520205309124,8.08303421136027,7.454130832668466,3.54480506520326,4.663690574230407,2.1390908101863118,2.1028323689333943,1.3156409135188905,999,3.164034034034034,0.20702473602324392,0.983983983983984,0.8928928928928929,0.07207207207207207,0.013013013013013013,3,3,1371.7606910525756,3.7325370587607978,0.37325370587607976,0.13717606910525756,0.44002176786130764,1.009266293045628,3.250324920314079
subject_05_task_1,5,1,,1,105,1040.0,1050.0,0.743194297753275,30.0,0.5833333333333334,eye,中,4.066666666666666,1,66.0,,66.0,66.0,,2.429613555377472,1.5808968115374544,0.7404235631680746,1.9835388808591372,1.038218870898796,2.135124934129891,2.678924577132722,2.1427151282478754,1.9609671289049284,0.9476706938281607,1.8122598351169958,0.6920651708601332,2.0692495206151293,1.9123307778953111,4.790387818578543,2.7114110299355194,1.4370816974117915,2.9022565695035416,1.0297238964932787,1.8867480080073504,2.0195487665945193,4.88410231653689,6.256666375425355,3.36035161076741,4.636219472676366,1.8838800867863048,1.8619082465589092,1.3796828456345922,998,3.3211314459049546,0.23604144911527214,0.9909819639278558,0.9098196392785571,0.06212424849699399,0.009018036072144289,3,3,1371.7606910525756,3.7325370587607978,0.37325370587607976,0.13717606910525756,0.44002176786130764,1.009266293045628,3.250324920314079
subject_05_task_1,5,1,,1,106,1050.0,1060.0,0.7502723386842586,30.0,0.5888888888888889,eye,中,4.066666666666666,3,66.33333333333333,0.5773502691896257,66.0,67.0,-9.53293114846953e-14,2.1735664384564206,1.37152284106173,0.8020255705966571,1.9736986596910535,1.03989929757855,1.7100737075519952,2.460892435415425,1.8270017870888087,1.8877262012686014,0.8939313624769764,1.7817558301207648,0.7532869747442535,2.11171268903458,1.9931684969455972,4.998831669646904,2.3977355089748373,1.4090165353850594,2.983164693950558,1.1890539694072693,1.7017085667625458,2.117196369973977,5.905959454718264,6.260766204817998,2.712572470280495,4.4732166035794,1.9093651681246324,2.30805490854613,1.6490680535133662,998,3.1310921985815603,0.15771986042069916,0.9869739478957916,0.9298597194388778,0.050100200400801605,0.011022044088176353,3,3,1371.7606910525756,3.7325370587607978,0.37325370587607976,0.13717606910525756,0.44002176786130764,1.009266293045628,3.250324920314079
subject_05_task_1,5,1,,1,107,1060.0,1070.0,0.7573503796152421,30.0,0.5944444444444444,eye,中,4.066666666666666,1,67.0,,67.0,67.0,,3.0659444574231,1.8478097675999006,1.0622127254376261,2.426079132060417,1.1196459643396177,1.7395854176371428,2.2839861300483713,3.22008766614203,2.678104022395459,1.2704673110490365,1.8961376551454145,0.7155407334090406,2.1079676738664954,1.4924726033129938,4.7955457949432265,2.6899531617191204,1.678651571657298,3.271759422960059,1.2353196782185627,1.60244877920877,1.949040216684108,9.308110913798224,10.924176822813608,6.905250197687734,5.037460193137565,2.108873140514032,1.5820102834900374,0.7295116105748622,998,3.2651793587174347,0.21883225897360756,0.9929859719438878,0.9048096192384769,0.07915831663326653,0.006012024048096192,3,3,1371.7606910525756,3.7325370587607978,0.37325370587607976,0.13717606910525756,0.44002176786130764,1.009266293045628,3.250324920314079
subject_05_task_1,5,1,,1,108,1070.0,1080.0,0.7644284205462257,30.0,0.6,eye,中,4.066666666666666,2,68.0,0.0,68.0,68.0,-2.1316282072803006e-13,3.3232993609030137,1.4494619899065437,1.0010536736733604,1.9725890176184575,1.0850658211865658,1.4479363375070107,1.9705127402210654,2.4831890971855075,1.9339430703525042,1.1752874721448898,1.9271683849530188,0.7664941347988248,1.645506411144734,1.6397421317151901,4.865527670025296,2.7347859133127597,1.7451453148497513,3.1760393956848674,1.407338532276992,1.5670820590365633,1.8199283284087486,6.867359294575212,8.05760072704751,5.183102995524217,4.653975369231346,2.099327322180971,1.55459012371653,0.8979129631902375,998,3.2728276553106213,0.23627666483117765,0.9839679358717435,0.8887775551102205,0.08817635270541083,0.013026052104208416,3,3,1371.7606910525756,3.7325370587607978,0.37325370587607976,0.13717606910525756,0.44002176786130764,1.009266293045628,3.250324920314079
subject_05_task_1,5,1,,1,109,1080.0,1090.0,0.7715064614772092,30.0,0.6055555555555555,eye,中,4.066666666666666,3,67.0,0.0,67.0,67.0,-5.856033053619101e-14,2.5227627185378783,1.7051429172891406,0.9673883332702563,1.7553044092620564,0.9434797218187162,1.7626250582585639,1.814477546290278,2.547610281413275,2.072521753634707,1.2450875910183514,1.6692918996565227,0.6243879002337928,1.6645589985678044,1.3407023824654911,4.426175295440949,2.593801770247161,1.7124086009766653,3.1953836097062434,1.15276206833065,1.5147096135629061,1.8660170288117972,6.807318829849232,6.8174358132742325,4.215538417543784,4.977678627022314,1.6535568045481248,1.617215913607179,1.180793088329295,998,3.253907707910751,0.19242875826268183,0.9809619238476954,0.8967935871743486,0.07615230460921844,0.01603206412825651,3,3,1371.7606910525756,3.7325370587607978,0.37325370587607976,0.13717606910525756,0.44002176786130764,1.009266293045628,3.250324920314079
subject_05_task_1,5,1,,1,110,1090.0,1100.0,0.7785845024081929,30.0,0.6111111111111112,eye,中,4.066666666666666,2,68.0,1.4142135623730951,67.0,69.0,23.999999999999915,4.069109566384329,1.824339449816596,0.8779486477378711,1.6303426850699667,0.5528624869748175,2.0779568993211646,1.8569909404960296,3.1414431673924263,2.177778335142413,1.200503135245937,1.6844249865159098,0.5957876083970374,1.81405468357754,1.4030991982131191,5.182150830570462,2.5350466127203486,1.617314374487871,3.3891095024745286,1.329995255043459,1.5674420834372915,2.0955168370080823,9.482183885909334,7.538407864001672,5.110893257401451,4.3808105596574825,1.8123673229374244,1.474968754842368,0.8571516443457935,999,3.1911171171171175,0.16981097972441955,0.990990990990991,0.9009009009009009,0.07507507507507508,0.007007007007007007,6,3,659.6597389400301,1.6658651340401178,0.1665865134040118,0.06596597389400301,0.3496728755277131,1.0980153729935036,3.252090010027093
subject_05_task_1,5,1,,1,111,1100.0,1110.0,0.7856625433391764,30.0,0.6166666666666667,eye,中,4.066666666666666,1,70.0,,70.0,70.0,,2.294324224894344,1.4346788888252238,1.0332841277365166,2.1426531613011335,1.1485137738668165,1.3884650410415105,2.073634060357406,2.304102778957325,1.7791177446369384,1.1840018456504955,1.944197442978875,0.8501123590291136,1.5026308879269388,1.6420560914841522,3.705604147090127,2.2309723393407745,1.4811406537213365,3.4679793758485027,1.4680031074337268,1.5062528556862582,2.3414247439196765,6.247763205958137,6.689237154947015,5.807462537286271,6.403598225500789,3.305620580342407,1.151834749169606,1.1026499412414776,998,3.3242208713272543,0.19578611464472692,0.9889779559118237,0.8917835671342685,0.0811623246492986,0.011022044088176353,3,3,1628.1473130402105,3.757985719654265,0.37579857196542654,0.16281473130402105,0.5230813618003461,1.0152272872021793,3.2540496249278705
subject_05_task_1,5,1,,1,112,1110.0,1120.0,0.7927405842701599,30.0,0.6222222222222222,eye,中,4.066666666666666,2,70.0,0.0,70.0,70.0,-4.263256414560601e-13,3.55722969207865,1.4872824156456703,0.8548466607803351,2.597372742921076,1.664708018504504,1.7398236243772947,3.0384077777763085,2.958098495381759,2.3304144901290726,1.07320945193205,2.308757743014575,0.9487008061779693,2.1714442469116664,2.1512648242691337,3.8619304802993355,2.7420824071621905,1.5635212244492989,3.5959508145489654,1.4743636313183897,1.7537864944097594,2.2999053407896817,10.56163139241909,8.453717476761694,4.821185723383154,7.0569621169298635,2.3315344919093333,1.7534519435251077,1.4637399432058813,998,3.149821643286573,0.1789859328130002,0.9899799599198397,0.874749498997996,0.09619238476953908,0.0070140280561122245,3,3,1525.2484028560589,3.5204810221720924,0.3520481022172092,0.1525248402856059,0.5230813618003463,1.0152272872021793,3.254049624927871
subject_05_task_1,5,1,,1,113,1120.0,1130.0,0.7998186252011436,30.0,0.6277777777777778,eye,中,4.066666666666666,3,71.0,0.0,71.0,71.0,2.9560364621440405e-13,2.764240499261358,1.6442619782966073,0.8949372211585815,2.1610249367330074,1.1077928956881165,1.8372930965682188,2.414722380118859,2.943050036608607,2.140817936585276,1.1443885978834978,2.0505712193770664,0.8461344333709468,1.870708901281117,1.791848698221494,4.0741686808061015,2.94415856525209,1.3633138168796184,3.2911999473229665,1.5001991503323415,2.159560424606231,2.414117649636923,8.725213423600716,9.7821085325534,5.975600500433296,5.520155368004569,2.576243487802729,1.637008453266595,0.9237825332540718,998,3.2449208416833666,0.18659886966692996,0.9759519038076152,0.9018036072144289,0.0811623246492986,0.0070140280561122245,9,6,682.7721857524778,2.0128049274657167,0.20128049274657167,0.06827721857524778,0.4367235207412087,1.5244776393765596,3.2424400105285325
subject_05_task_1,5,1,,1,114,1130.0,1140.0,0.8068966661321271,30.0,0.6333333333333333,eye,中,4.066666666666666,1,69.0,,69.0,69.0,,3.005089673565923,1.4670142429686734,0.7636339877808738,2.2035316248385475,1.1113004254773682,1.921096057067638,2.885586105513752,2.7402534126151536,1.7235349211383788,1.0814326258502787,1.9105166339740862,0.7612328311398726,1.5937515476595188,1.7666534079938068,5.0519268267787245,2.2453436827522313,1.587447426885555,3.548318892192084,1.2277228429098552,1.414436563204752,2.235235531014468,8.501658934821714,7.918491410411543,5.4870998984913575,5.629534427212028,2.6256068187861588,1.443110487671034,1.025958070994813,998,3.1867815040650402,0.13441925130137106,0.9809619238476954,0.8817635270541082,0.08617234468937876,0.014028056112224449,9,6,1282.924061917497,3.78204608693303,0.37820460869330297,0.1282924061917497,0.4367235207412087,1.5244776393765598,3.2424400105285325
subject_05_task_1,5,1,,1,115,1140.0,1150.0,0.8139747070631107,30.0,0.6388888888888888,eye,中,4.066666666666666,3,68.0,0.0,68.0,68.0,0.0,4.447112343266235,1.796419212354663,0.950134926895069,1.8894734922420646,1.0237150389410976,1.8906990591590536,1.9886370227612256,3.020073029026793,2.34327398774746,1.2829157461745673,1.906462927465011,0.8053552313667791,1.8265221194257673,1.4860390739997957,6.205696644833196,2.4835656524887257,1.6704495539854136,3.2871362288876993,1.4549096925223952,1.4867648331931682,1.9678153231536633,8.965670181090717,10.188229636999274,5.212337160658613,5.312258600312412,2.6032539534249426,1.9546374923513052,1.0191701796284363,999,3.204962962962963,0.2035062830580861,0.993993993993994,0.8998998998998999,0.0890890890890891,0.002002002002002002,9,6,1282.924061917497,3.78204608693303,0.37820460869330297,0.1282924061917497,0.4367235207412087,1.5244776393765598,3.2424400105285325
subject_05_task_1,5,1,,1,116,1150.0,1160.0,0.8210527479940942,30.0,0.6444444444444445,eye,中,4.066666666666666,1,73.0,,73.0,73.0,,3.7160219243700428,1.8684483953676034,0.8891202564189798,1.7956512909855842,0.7707784614445321,2.1014574596387727,2.019582028439829,2.7987409153636595,2.877297700196704,1.2531079585387417,1.854956139812615,0.7957578655608577,2.296129140821946,1.4802843818625915,4.614658216770521,2.667586383880483,1.696308445688064,3.4913149087440964,1.549121598515309,1.5725833297955698,2.0581840039875146,9.830443220659392,10.767151813180112,5.371540216440832,4.925092221055334,2.3593316360234,2.004481280848419,0.9168864092241102,998,3.2945061224489796,0.21389349674597385,0.9639278557114228,0.8216432865731463,0.125250501002004,0.022044088176352707,9,6,1282.924061917497,3.78204608693303,0.37820460869330297,0.1282924061917497,0.4367235207412087,1.5244776393765598,3.2424400105285325
subject_05_task_1,5,1,,1,117,1160.0,1170.0,0.8281307889250779,30.0,0.65,eye,中,4.066666666666666,3,70.66666666666667,0.5773502691896257,70.0,71.0,8.918918918918859,2.956343815874087,1.4910792445910057,0.8001565796153615,1.5534673697601293,0.7151056105455671,1.8634843261649783,1.9414542220060071,2.0537552408661117,2.0266290723023883,1.1595269507089927,1.7451988218356693,0.7131773903364071,1.7478067853991717,1.5050955225909735,4.298075828746537,2.5997218020213806,1.7650948419056793,3.370268866989513,1.4569775376203056,1.4728510561022312,1.9093981733869962,11.770774263700083,9.079246847270225,5.041748936601681,6.170034838669468,2.260291443250276,1.800812964199277,1.2237885932551598,998,3.29239263803681,0.1760009631353156,0.9799599198396793,0.8316633266533067,0.11322645290581163,0.02004008016032064,15,8,387.8253614326936,1.3211755060971444,0.13211755060971445,0.03878253614326936,0.2990011714560062,1.8157097300067282,3.2097665695930995
subject_05_task_1,5,1,,1,118,1170.0,1180.0,0.8352088298560614,30.0,0.6555555555555556,eye,中,4.066666666666666,2,66.5,0.7071067811865476,66.0,67.0,-60.000000000000426,5.4648595103678135,1.814070664038615,1.0357663040017389,1.9481134454177347,0.7176199307405806,1.7514285384935342,1.8808426552312945,2.882027071908196,2.1553250721995973,1.0062719347495648,1.9849518728387894,0.7276206706995264,2.141891269914034,1.9725799799164556,5.294024349969225,2.6828838635658014,1.6291573411820623,3.7436326972698124,1.6469358055067869,1.646792360533569,2.297895115860054,10.70356623242382,8.521282503727372,4.209073407972093,6.027885688839618,2.6729457978243247,2.024503181053541,1.4321170254295514,998,3.208175350701403,0.16367810445891975,0.9869739478957916,0.8557114228456913,0.12024048096192384,0.002004008016032064,5,2,330.6302670623113,1.3198813056379692,0.13198813056379693,0.03306302670623113,0.6806387225548902,0.6263870687653169,3.168063013972055
subject_05_task_1,5,1,,1,119,1180.0,1190.0,0.842286870787045,30.0,0.6611111111111111,eye,中,4.066666666666666,1,66.0,,66.0,66.0,,3.193825645015035,1.3781027966751134,0.9877949172169365,1.910959244483902,0.8701585127077252,1.3951304796726938,1.9345708417572502,2.9207140313904802,1.8042524860270046,1.4698549846983193,1.8416447912325007,0.6627576314121245,1.2275037366338004,1.252943188548964,4.519823493123894,2.3448075203162944,1.6839179359121526,3.3507724526142493,1.4393732181425385,1.3924713730459484,1.9898668344542498,9.609248440364807,7.02583660234288,6.6782845328098945,5.649787052280229,2.5412576707617824,1.0520421176764017,0.8459937615001671,998,3.2153878787878787,0.1549710532823968,0.9829659318637275,0.9048096192384769,0.0781563126252505,0.014028056112224449,0,0,0.0,0.0,,,,,
subject_05_task_1,5,1,,1,120,1190.0,1200.0,0.8493649117180285,30.0,0.6666666666666666,eye,中,4.066666666666666,3,66.33333333333333,0.5773502691896257,66.0,67.0,-8.918918918918964,3.559956432697925,1.595296287978287,0.8528973131496563,2.028398481374167,0.8542525181129726,1.8704435614728725,2.3782446609938463,2.73883740451331,1.8864370045586611,0.9058460887808374,1.8735106255910194,0.6208532962365353,2.0825138264907497,2.068243875858144,4.845176454580478,2.444288501737408,1.5220217184814384,3.946560682475505,1.4917962778196108,1.6059485039255152,2.5929726458917375,8.652211504162667,5.93635048771361,4.060379996693957,5.796085812778798,2.4314139680434232,1.462018454565116,1.4274737382949594,999,3.141718556701031,0.22049167818910878,0.9619619619619619,0.8878878878878879,0.07407407407407407,0.031031031031031032,5,1,308.11184645929836,0.9598499889697769,0.09598499889697769,0.030811184645929836,1.0,-1.000088900581841e-12,3.12998
subject_05_task_1,5,1,,1,121,1200.0,1210.0,0.8564429526490122,30.0,0.6722222222222223,eye,中,4.066666666666666,1,69.0,,69.0,69.0,,3.5849231611991175,1.8592578272432192,1.1501261567628474,1.8141259395661598,0.7415588757593506,1.6165685966801229,1.5773277817384925,2.6204154123404315,2.3476883207291404,1.3773454895944248,1.8444513709649657,0.6572542234140327,1.7045021299778926,1.3391348684113276,4.7744645887652455,2.8278195001452193,1.8416369709516536,3.318728700802365,1.4740407084583123,1.535492360735983,1.8020536909005656,9.306250461546878,11.087296808720318,6.708139883765785,5.897649236519871,2.372792495182118,1.6528124041587786,0.8791780342554627,998,3.240351020408163,0.16845313557656535,0.969939879759519,0.8366733466933868,0.12625250501002003,0.018036072144288578,5,1,12.88815354070268,0.04015001103022642,0.0040150011030226414,0.001288815354070268,1.0,-1.000088900581841e-12,3.1299799999999998
subject_05_task_1,5,1,,1,122,1210.0,1220.0,0.8635209935799957,30.0,0.6777777777777778,eye,中,4.066666666666666,2,69.0,0.0,69.0,69.0,-1.0658141036401503e-13,3.999037096615846,1.7225133292092396,0.8237557355082115,2.203013638310942,0.9973788042112682,2.0910486628011697,2.674353019165087,3.0420982033797768,2.2732570548653777,1.2010443883493482,2.0177393635833236,0.6795145456639604,1.8927335882977827,1.6799873369846037,4.378251663841406,2.9570641257957617,1.612452239185055,4.001065162708427,1.5160277358627716,1.833892535812585,2.4813542165630866,8.625308498306781,7.79537629563525,4.864400509367496,6.152896268637022,2.4017831155707072,1.6025358686283133,1.2648827449113695,998,3.2216783505154636,0.22631043376458126,0.966933867735471,0.8697394789579158,0.09018036072144289,0.03006012024048096,6,3,1098.9052708146767,2.0241159355416185,0.20241159355416186,0.10989052708146767,0.5742078200536814,0.7482790724741732,3.32211137339976
subject_05_task_1,5,1,,1,123,1220.0,1230.0,0.8705990345109793,30.0,0.6833333333333333,eye,中,4.066666666666666,2,69.0,0.0,69.0,69.0,-4.263256414560601e-13,2.7903206058927696,1.395746962323962,0.8260969195635123,1.5482431344656706,0.6816701143335138,1.6895680509999211,1.8741664540811038,2.0363145609941,2.0247885522851843,1.2101214433168106,1.8147643243140947,0.7990329238514667,1.6732110347003357,1.4996547117948957,4.181164171215047,2.028371155993368,1.4677198695678169,3.3698081438044447,1.4456851382803648,1.3819879379234947,2.2959477579306156,7.457682511744153,8.736226011675411,5.738983307852879,4.983609367603602,1.997388331730571,1.5222602232909939,0.8683784392236045,998,3.1914711830131446,0.15325279593620153,0.9889779559118237,0.9248496993987976,0.06513026052104208,0.009018036072144289,4,1,392.2336615935542,0.5595344673231871,0.05595344673231871,0.03922336615935542,1.0,-1.000088900581841e-12,3.04364
subject_05_task_1,5,1,,1,124,1230.0,1240.0,0.8776770754419628,30.0,0.6888888888888889,eye,中,4.066666666666666,3,67.0,1.0,66.0,68.0,-14.693877551020197,3.372603207173648,1.528123150328292,0.9542652264189512,2.5653826921798024,1.2378732392077931,1.6013610346704594,2.688332992921532,3.182545938502398,2.2741051076843846,1.1697262551246856,2.2092170432197284,0.7850902407393225,1.9441344483132756,1.8886615851708308,4.830686019217894,2.5947779311701686,1.5867851130583395,3.7825013292944143,1.6333642959047914,1.6352421697283528,2.383751459581123,9.54722125847684,9.950278575442484,4.918009972790913,6.440011553657474,2.7794827365320067,2.023232695845026,1.3094750903896282,998,3.2328838643371016,0.2139940960030117,0.9539078156312625,0.8376753507014028,0.11222444889779559,0.028056112224448898,4,1,291.8610675917649,0.41634959713518527,0.04163495971351853,0.02918610675917649,1.0,-1.000088900581841e-12,3.04364
subject_05_task_1,5,1,,1,125,1240.0,1250.0,0.8847551163729463,30.0,0.6944444444444444,eye,中,4.066666666666666,1,66.0,,66.0,66.0,,4.142480294664994,1.8786224536423444,1.1280076896384121,4.850685688347539,4.502663035566355,1.665434084269891,4.3002239549470165,3.620822357548884,2.0767398421501246,1.0890771533325592,3.0906045672715954,2.5903462019521153,1.9068803672864985,2.8378196694461852,6.040178428711371,2.563568673491062,1.5227481779558387,4.085094426433349,2.2230176282056533,1.6835145236768152,2.6827117481219016,14.278282244709388,9.469267272021787,4.511534466034444,8.776511815309876,5.399946344808718,2.0989016804176384,1.9453496102899706,999,3.4008436853002073,0.25549275644798414,0.8948948948948949,0.8278278278278278,0.11511511511511512,0.04104104104104104,1,1,1526.713770433096,2.9818628328771406,0.29818628328771407,0.1526713770433096,1.0,-1.000088900581841e-12,3.401
subject_05_task_1,5,1,,1,126,1250.0,1260.0,0.89183315730393,30.0,0.7,eye,中,4.066666666666666,2,67.0,0.0,67.0,67.0,0.0,3.04457235617772,1.344662849792838,1.0098657257891839,2.632182510321563,1.5918899205409593,1.3315263756892222,2.606467813594308,2.876580071678818,1.715059482527203,1.3051866086799908,2.0855790825833345,0.9136921465476943,1.314033925203799,1.5979163965623266,3.405387472242438,2.013114076048955,1.5568514281734886,3.340978944315422,1.5962061530006861,1.2930675590610194,2.1459844426099717,9.083126126600236,5.316077088581095,5.827943752115396,6.993286861712587,2.979398417845528,0.9121702807532235,1.1999578512016698,998,3.412448521916412,0.28228061130862714,0.9008016032064128,0.8046092184368737,0.12424849699398798,0.047094188376753505,1,1,3667.3403085109107,7.1627740400603725,0.7162774040060372,0.3667340308510911,1.0,-1.000088900581841e-12,3.401
subject_05_task_1,5,1,,1,127,1260.0,1270.0,0.8989111982349135,30.0,0.7055555555555556,eye,中,4.066666666666666,3,67.33333333333333,0.5773502691896257,67.0,68.0,-7.142857142857217,2.8341195594468016,1.277032527351799,0.9817020185539569,2.8033360206826767,1.8189902750048625,1.3008351854393279,2.855587507920152,2.1791676827442488,1.5001775894666964,1.0387336933254412,2.1209788315873275,0.9860034129888854,1.4442369580445316,2.041888931894705,4.5700400476908225,1.919187892889009,1.641709506219904,3.6887141418324036,1.421066613351279,1.1690179569636585,2.2468738396513293,7.408210754090054,6.225678968273063,4.539538211992535,5.724521178734193,2.550601231693357,1.3714344229609274,1.2610360154279954,998,3.4469989680082556,0.35563847688151423,0.8777555110220441,0.8086172344689379,0.11923847695390781,0.0531062124248497,1,1,3667.3403085109107,7.1627740400603725,0.7162774040060372,0.3667340308510911,1.0,-1.000088900581841e-12,3.401
subject_05_task_1,5,1,,1,128,1270.0,1280.0,0.9059892391658971,30.0,0.7111111111111111,eye,中,4.066666666666666,2,65.5,0.7071067811865476,65.0,66.0,-20.000000000000142,2.5026530381307053,1.9961192170466064,0.764401606290993,2.136351014324147,1.0486108806140375,2.6113487996605835,2.794801838120261,2.450094998127323,2.068838441378874,0.9039334083010844,1.9759961941938862,0.6854412174096404,2.288706692749849,2.185997525976733,4.068600536584308,2.3112275697585036,1.3572592211160839,3.094274409443324,1.1436601886569973,1.7028637815095962,2.27979619611564,5.893522827620596,8.472646205283619,3.7123547844643583,4.827539118946735,2.0422621920658552,2.2822835362450697,1.3003981028831764,998,3.420429614181439,0.27979221898163886,0.9438877755511023,0.844689378757515,0.08617234468937876,0.04609218436873747,1,1,3667.3403085109107,7.1627740400603725,0.7162774040060372,0.3667340308510911,1.0,-1.000088900581841e-12,3.401
subject_05_task_1,5,1,,1,129,1280.0,1290.0,0.9130672800968807,30.0,0.7166666666666667,eye,中,4.066666666666666,2,67.0,0.0,67.0,67.0,0.0,2.944638209323471,1.770369679083342,1.0474493070823634,1.9608748612773574,0.8680524836787843,1.6901721802792065,1.8720475043697453,2.630992282801547,2.521332681194179,1.6122405359154242,1.7276436405606332,0.5798615521214153,1.5638688055703647,1.0715793345188929,4.499197808814033,2.8140056319019724,1.7988787345354367,3.201942503445905,1.1517440037607605,1.5643109109456974,1.7799657319718172,9.68546905455886,7.618560915348617,7.571668994653514,5.461671813538358,1.936254841663038,1.0061930758896374,0.7213299759134927,998,3.2688663967611338,0.12557324025063638,0.9799599198396793,0.8937875751503006,0.08016032064128256,0.01002004008016032,1,1,1807.2653040342175,3.529815046941831,0.3529815046941831,0.18072653040342174,1.0,-1.000088900581841e-12,3.401
subject_05_task_1,5,1,,1,130,1290.0,1300.0,0.9201453210278643,30.0,0.7222222222222222,eye,中,4.066666666666666,1,72.0,,72.0,72.0,,3.0605992544255445,1.5831098587710875,1.0144822673429517,2.107212127335126,1.0160745118884027,1.5605101338216965,2.0771305671553653,2.2818994888917197,1.8035123499862509,1.4338734130821422,1.9352234616140584,0.7288699863924061,1.2577904949848828,1.3496473565642404,3.691749324170158,2.166243415949941,1.7010458218975768,3.3762854071301325,1.4107537532032646,1.2734774031739013,1.984829193703769,7.809061763124198,7.778497711756259,6.130457084654054,6.005280289574659,2.6760861743317945,1.2688283441747974,0.979581164446491,998,3.2690072916666666,0.2207251886723643,0.9498997995991983,0.8236472945891784,0.11422845691382766,0.03907815631262525,4,2,312.31578947368956,0.5029239766081958,0.050292397660819575,0.031231578947368957,0.5322061191626409,0.6910712754761865,3.085635442834138
subject_05_task_1,5,1,,1,131,1300.0,1310.0,0.9272233619588478,30.0,0.7277777777777777,eye,中,4.066666666666666,3,73.33333333333333,0.5773502691896257,73.0,74.0,-8.108108108108224,3.4083496409210623,1.52858882030676,0.9443742651537809,2.5039311003846185,1.2219135319117234,1.6186260857689152,2.6514181853281245,2.91169697486101,1.8330600693508698,0.9659695040400468,1.9215496422316425,0.7820439759529609,1.8976376186663504,1.9892446233499104,4.8357659423520065,2.469313503574377,1.3800811481895907,3.063164450922664,1.1389909827168427,1.7892523978127346,2.219553868220695,7.843282128339467,7.245404424961403,4.745674186590281,5.410083818554234,2.581324694006138,1.5267386971980796,1.1400032125764885,999,3.2631888888888887,0.14981637455468472,0.9679679679679679,0.9019019019019019,0.07007007007007007,0.012012012012012012,4,2,719.1245440333505,1.1580105378958947,0.11580105378958946,0.07191245440333505,0.5322061191626409,0.6910712754761865,3.0856354428341386
subject_05_task_1,5,1,,1,132,1310.0,1320.0,0.9343014028898314,30.0,0.7333333333333333,eye,中,4.066666666666666,1,70.0,,70.0,70.0,,3.8032673082123782,1.7398493163911533,1.0958238494347137,2.1896710561370862,1.0569313163155618,1.5877089345049968,1.998196203948873,2.8284010837434934,2.0968137678795573,1.1926941342422241,2.0113327020177247,0.6646564656826538,1.758048193313002,1.6863776254719496,4.5919907789524865,2.346463653702506,1.5412910255591463,3.173593573537657,1.160810752818848,1.522401425033446,2.059048888827694,8.723093719264666,9.77870138450318,5.83281555406677,6.572851074140471,2.858720641886338,1.676497618321781,1.1268744936667388,998,3.333362422997946,0.1520835055707296,0.968937875751503,0.8687374749498998,0.09018036072144289,0.02404809619238477,4,2,210.55966649297307,0.33906548549593085,0.03390654854959309,0.021055966649297306,0.5322061191626409,0.6910712754761865,3.0856354428341386
subject_05_task_1,5,1,,1,133,1320.0,1330.0,0.941379443820815,30.0,0.7388888888888889,eye,中,4.066666666666666,3,66.33333333333333,0.5773502691896257,66.0,67.0,-7.499999999999942,3.4321945653930808,1.7863376818099062,1.0554497177925095,2.3153592104299197,1.1230532483474773,1.6924896105387766,2.1937181576707716,2.1771591303948283,2.2786558729533257,1.362867253879448,2.057878953518871,0.9249869555909941,1.671957313866816,1.509962872510913,7.541496657851884,2.893195431683395,2.014830686833243,3.510034489749111,1.3808386362444227,1.4359496560133789,1.7420989826524407,5.847397580636888,7.4960414351255595,6.858807442131597,5.678914611809263,2.764728024524137,1.092907403855607,0.8279740552162748,998,3.379387525562372,0.24901774307102734,0.9569138276553106,0.8507014028056112,0.11422845691382766,0.025050100200400802,5,1,851.9999999999756,0.9999999999999712,0.09999999999999712,0.08519999999999756,1.0,-1.000088900581841e-12,3.07394
subject_05_task_1,5,1,,1,134,1330.0,1340.0,0.9484574847517986,30.0,0.7444444444444445,eye,中,4.066666666666666,1,65.0,,65.0,65.0,,2.5570321839870993,1.6667319299988992,0.9494831221141562,2.07511596619843,0.8533490865038702,1.7554097499781658,2.1855216989828063,2.735345610061948,2.3194400407933218,1.4876278774084577,1.9199274584989565,0.7048316052012781,1.559153385074992,1.290596585110782,4.286165827023243,2.516469623375481,1.6383809032065855,3.239959153212806,1.0685514412788195,1.535949069261201,1.9775371812938394,7.496023552847877,10.411136679105775,6.459500363355628,6.260576010089223,2.49126924037833,1.611755723115607,0.9692043746301353,998,3.344448275862069,0.15937883185263219,0.9779559118236473,0.8717434869739479,0.09619238476953908,0.01903807615230461,3,3,583.3871436787243,0.9754006749351687,0.09754006749351687,0.058338714367872434,0.6432034776793178,0.8808700952711306,3.413806620966394
subject_05_task_1,5,1,,1,135,1340.0,1350.0,0.9555355256827821,30.0,0.75,eye,中,4.066666666666666,3,64.33333333333333,0.5773502691896257,64.0,65.0,-8.076923076923507,2.7955649304904195,1.345569672282695,0.8798038431098232,3.2683324842246986,1.8463583316453756,1.5293973569455435,3.714842245598969,1.9142652616519389,1.650242283141461,1.3166170633557142,2.5106868267127758,0.9663117226406377,1.2533957891563572,1.906922594724459,4.033671713111357,2.0365305681978256,1.809269799261823,4.106287838320822,1.339031082329857,1.125609109834655,2.2695829223458963,4.4533322070659915,3.6009632448597784,3.1495537870217856,5.282731238572083,2.3002133783182153,1.143324892465115,1.6772951331519972,998,3.3123541017653166,0.24777863471347994,0.9338677354709419,0.844689378757515,0.08817635270541083,0.041082164328657314,3,3,649.0011610621004,1.085104766865241,0.1085104766865241,0.06490011610621005,0.6432034776793178,0.8808700952711308,3.4138066209663944
subject_05_task_1,5,1,,1,136,1350.0,1360.0,0.9626135666137657,30.0,0.7555555555555555,eye,中,4.066666666666666,2,62.0,0.0,62.0,62.0,-1.4210854715202004e-13,2.677573571297197,1.4518871809558855,1.0277826408929551,2.7263791845316936,1.0747162469436171,1.412640302714649,2.6526807089901507,2.4167428572281713,1.697477953223112,1.7066904492082244,2.4083339909016814,0.7803749552619005,0.9946021283535122,1.4111135338098169,3.7341764192001903,2.0738080958133622,1.807979144660366,3.790638503996631,1.1178998002424265,1.1470309831493841,2.0966162774564046,7.903004968879298,5.132438969148217,4.188051372822794,4.9063942918202565,1.9595865758126696,1.2254957048649802,1.1715219931777703,999,3.220975975975976,0.17001879367831982,0.990990990990991,0.9319319319319319,0.055055055055055056,0.004004004004004004,3,3,649.0011610621004,1.085104766865241,0.1085104766865241,0.06490011610621005,0.6432034776793178,0.8808700952711308,3.4138066209663944
subject_05_task_1,5,1,,1,137,1360.0,1370.0,0.9696916075447493,30.0,0.7611111111111111,eye,中,4.066666666666666,2,62.5,0.7071067811865476,62.0,63.0,11.99999999999983,2.724788861384479,1.4960301584914073,0.90923128475981,2.5125917088139533,1.2695698074856232,1.6453791060286833,2.76342417042733,2.333763521088063,1.8177553139191929,1.295122630763187,2.176520100131761,0.8299451850243301,1.4035391481407673,1.680551361263131,4.150804465744661,2.01695848717258,1.6387900243509312,3.4372106509191065,1.2121831805165615,1.2307607791128874,2.097407599414982,6.360725518610038,6.652455216544891,4.202858771315342,5.489288964529355,2.169776180344107,1.5828405327221866,1.3060845636769771,998,3.2801322645290583,0.1688234955776575,0.9769539078156313,0.8797595190380761,0.0841683366733467,0.009018036072144289,3,3,649.0011610621004,1.085104766865241,0.1085104766865241,0.06490011610621005,0.6432034776793178,0.8808700952711308,3.4138066209663944
subject_05_task_1,5,1,,1,138,1370.0,1380.0,0.9767696484757328,30.0,0.7666666666666667,eye,中,4.066666666666666,1,65.0,,65.0,65.0,,2.870111775007009,1.7999772778790277,1.1456441891588953,2.8715214273717526,1.5214290061104152,1.5711486122061407,2.5064688099015764,2.1502092793447862,2.0621874355860084,1.8878833150460173,2.3607695539070574,0.8694428995157603,1.0923278039224276,1.2504848870119463,3.2610638053614087,2.101339531642536,2.11179470997742,3.7108885264543243,1.1187710916783289,0.9950491502391368,1.7572202965192587,5.56648026472989,6.080423710881191,3.809120183652255,5.4190695699897224,2.2447658885503157,1.5962803528690892,1.4226564951263414,998,3.2179727272727274,0.1565825511098511,0.9899799599198397,0.8857715430861723,0.0871743486973948,0.008016032064128256,3,3,649.0011610621004,1.085104766865241,0.1085104766865241,0.06490011610621005,0.6432034776793178,0.8808700952711308,3.4138066209663944
subject_05_task_1,5,1,,1,139,1380.0,1390.0,0.9838476894067164,30.0,0.7722222222222223,eye,中,4.066666666666666,3,66.33333333333333,0.5773502691896257,66.0,67.0,-10.714285714285706,2.7454225195452215,1.6268034210857176,0.8908551878551223,2.5354180833440783,1.2643311936768649,1.8261143261706871,2.846049636247286,2.4768305301026357,2.1039554889563434,1.4375696336079564,2.2607643669150748,0.8125438034207583,1.4635503142035058,1.5726294671661198,4.566480331525327,2.2342578352427775,1.622680294161571,3.2951290429200446,1.2326706493004922,1.3768934295200799,2.030670523809262,5.424470802419214,6.843198762176641,4.075227026924544,4.757131482454215,2.1617987101180356,1.6792190268086744,1.1673291944287785,998,3.3486734074823055,0.14966301387883496,0.9839679358717435,0.8947895791583166,0.06813627254509018,0.009018036072144289,3,3,649.0011610621004,1.085104766865241,0.1085104766865241,0.06490011610621005,0.6432034776793178,0.8808700952711308,3.4138066209663944
subject_05_task_1,5,1,,1,140,1390.0,1400.0,0.9909257303376999,30.0,0.7777777777777778,eye,中,4.066666666666666,1,66.0,,66.0,66.0,,2.445716040057038,1.2638558237103545,0.7767951047189391,2.1900053846774106,1.093809622442538,1.6270131158558785,2.8192831949807418,2.4734335778771332,1.9377527446923606,0.9748993096117239,2.111720522844988,0.7992873459980522,1.9876439808579978,2.1660908998756283,3.445132853828784,2.0372308303758464,1.3446223961976618,3.5181296120913914,1.031078223684595,1.5150951197427251,2.6164443058809654,7.959063875008149,7.413562921914558,4.1191190491240235,5.448051851773667,2.2629634169152015,1.799793313449179,1.3226254902567713,998,3.2133927855711426,0.1768032981785026,0.9949899799599199,0.9118236472945892,0.06813627254509018,0.0,3,3,649.0011610621004,1.085104766865241,0.1085104766865241,0.06490011610621005,0.6432034776793178,0.8808700952711308,3.4138066209663944
subject_05_task_1,5,1,,1,141,1400.0,1410.0,0.9980037712686836,30.0,0.7833333333333333,eye,中,4.066666666666666,2,65.0,0.0,65.0,65.0,0.0,3.161370488102695,1.176123822023605,0.8893772805979334,2.193980667497948,1.0662360856623847,1.322412712446275,2.4668728506567223,2.454354330956781,1.702886251494425,1.043335270047687,1.9648179391256446,0.7342204537531964,1.6321563167481075,1.883208586474643,3.8440929886396624,2.026889731430355,1.5145453870221606,3.21569312117179,1.1661919051468133,1.338282595423268,2.12320683732982,6.0353160138321345,3.8900504716609987,2.7376906412852047,4.417217807440455,2.2749201804642585,1.4209240492690658,1.61348318207597,999,3.3673233233233235,0.16848012842443585,0.988988988988989,0.8818818818818819,0.07707707707707707,0.003003003003003003,3,3,649.0011610621004,1.085104766865241,0.1085104766865241,0.06490011610621005,0.6432034776793178,0.8808700952711308,3.4138066209663944
subject_05_task_1,5,1,,1,142,1402.8203125,1412.8203125,1.0,30.0,0.7849001736111111,eye,中,4.066666666666666,2,64.0,0.0,64.0,64.0,-2.1316282072803006e-13,3.433206244157022,1.6313583765063788,0.9450800421468158,2.0629721845232236,1.0069636695314401,1.7261589534793618,2.1828544594350308,2.853803508570279,2.4052151808788937,1.1818690806948944,1.9417346357758867,0.7255302226185361,2.0350944281110377,1.6429354718664948,3.968059124505425,2.4477045625543674,1.6432404752737728,3.129391560517266,1.218329814843557,1.4895595619664654,1.9044026772745433,7.78451604922923,6.556969426771353,4.1861568048203575,4.6692045080195355,2.393518315158486,1.56634587104358,1.1153916887783442,998,3.4128977955911823,0.17816398286275162,0.996993987975952,0.9318637274549099,0.04609218436873747,0.0,3,3,649.0011610621004,1.085104766865241,0.1085104766865241,0.06490011610621005,0.6432034776793178,0.8808700952711308,3.4138066209663944
